id,first_name,last_name,email
1,Selena,Carlino,scarlino0@salon.com
2,Read,Hoult,rhoult1@acquirethisname.com
3,Florenza,Cosby,fcosby2@unesco.org
4,Ernestus,Janek,ejanek3@apache.org
5,Jackie,Lerven,jlerven4@cbc.ca
6,Albina,Padden,apadden5@addthis.com
7,Charlean,Elland,celland6@ehow.com
8,Mirabelle,Burthom,mburthom7@oakley.com
9,Beverly,Melmore,bmelmore8@admin.ch
10,Harman,Tomankowski,htomankowski9@bing.com
11,Layton,Fernyhough,lfernyhougha@baidu.com
12,Caitlin,Gonzalo,cgonzalob@wikia.com
13,Drucy,Chalcraft,dchalcraftc@theatlantic.com
14,Leona,Fonteyne,lfonteyned@icio.us
15,Loni,Tendahl,ltendahle@ftc.gov
16,Fran,Ingraham,fingrahamf@mayoclinic.com
17,Ellene,Burnyate,eburnyateg@g.co
18,Phillie,Shilburne,pshilburneh@uol.com.br
19,Graeme,Hackly,ghacklyi@ask.com
20,Flory,Gibby,fgibbyj@facebook.com
21,Gasper,Bellward,gbellwardk@hhs.gov
22,Pebrook,Niessen,pniessenl@w3.org
23,Geordie,Badini,gbadinim@telegraph.co.uk
24,Arturo,Padgham,apadghamn@foxnews.com
25,Reynard,Treharne,rtreharneo@nba.com
26,Matt,Gouny,mgounyp@unblog.fr
27,Shaylyn,Ewbach,sewbachq@cnet.com
28,Crissie,Rolles,crollesr@blogs.com
29,Floria,Dolman,fdolmans@youku.com
30,Anabel,Ponder,apondert@nhs.uk
31,Perren,Handke,phandkeu@apple.com
32,Marni,Gockelen,mgockelenv@apple.com
33,Staci,Westmorland,swestmorlandw@soundcloud.com
34,Clywd,Jennens,cjennensx@go.com
35,Aubrie,Stubley,astubleyy@icq.com
36,Laina,Olfert,lolfertz@liveinternet.ru
37,Lennard,Moxon,lmoxon10@miitbeian.gov.cn
38,Orsola,Vevers,ovevers11@va.gov
39,Anderea,Looney,alooney12@nbcnews.com
40,Trudey,Throssell,tthrossell13@usgs.gov
41,Lev,Deeley,ldeeley14@nature.com
42,Silvester,Goulter,sgoulter15@squidoo.com
43,Teri,Stuehmeier,tstuehmeier16@exblog.jp
44,Avigdor,Corrett,acorrett17@dyndns.org
45,Esta,Zannolli,ezannolli18@acquirethisname.com
46,Stevana,Degue,sdegue19@statcounter.com
47,Yul,Chowne,ychowne1a@elegantthemes.com
48,Slade,Nudde,snudde1b@w3.org
49,Britte,Casswell,bcasswell1c@is.gd
50,Swen,Oag,soag1d@people.com.cn
51,Andrus,Prahl,aprahl1e@unblog.fr
52,Hector,Lantuffe,hlantuffe1f@163.com
53,Jase,Giffon,jgiffon1g@dell.com
54,Philippa,McElroy,pmcelroy1h@google.co.uk
55,Shelby,Laite,slaite1i@va.gov
56,Emmalyn,Ingerson,eingerson1j@archive.org
57,Carlota,Waring,cwaring1k@wordpress.org
58,Moll,Somerset,msomerset1l@illinois.edu
59,Denys,Camies,dcamies1m@scientificamerican.com
60,Cyrille,Bleythin,cbleythin1n@about.me
61,Binnie,Wassung,bwassung1o@nymag.com
62,Ario,Burroughes,aburroughes1p@biglobe.ne.jp
63,Phylis,Nutting,pnutting1q@reuters.com
64,Fancy,Boyn,fboyn1r@cnn.com
65,Calida,Pavese,cpavese1s@slideshare.net
66,Bertina,Cawkill,bcawkill1t@forbes.com
67,Hilario,Houldcroft,hhouldcroft1u@rediff.com
68,Shanie,Palfreyman,spalfreyman1v@chronoengine.com
69,Sarina,Thomasset,sthomasset1w@smugmug.com
70,Bentlee,Kleiner,bkleiner1x@tripadvisor.com
71,Cortney,Stoute,cstoute1y@kickstarter.com
72,Pier,Youngman,pyoungman1z@soup.io
73,Jaymie,Steinhammer,jsteinhammer20@prnewswire.com
74,Salvatore,Buttress,sbuttress21@examiner.com
75,Burnard,Dolphin,bdolphin22@accuweather.com
76,Beatrix,Maciejewski,bmaciejewski23@unicef.org
77,Reinhard,Bucktrout,rbucktrout24@hubpages.com
78,Dasi,Clausson,dclausson25@de.vu
79,Niall,Pitrasso,npitrasso26@paypal.com
80,Kelley,Doone,kdoone27@eventbrite.com
81,Boyd,Collyns,bcollyns28@usda.gov
82,Cullen,McDiarmid,cmcdiarmid29@moonfruit.com
83,Olympe,Sobey,osobey2a@fotki.com
84,Alvy,McGowan,amcgowan2b@imdb.com
85,Mayer,Paulon,mpaulon2c@zimbio.com
86,Allegra,MacAllan,amacallan2d@walmart.com
87,Franky,Gammons,fgammons2e@jimdo.com
88,Deanne,Saffell,dsaffell2f@state.tx.us
89,Jenica,Hollyland,jhollyland2g@deliciousdays.com
90,Chrystel,Vial,cvial2h@msu.edu
91,Angelica,Dilnot,adilnot2i@yandex.ru
92,Winonah,McGuigan,wmcguigan2j@cpanel.net
93,Philbert,Wasmer,pwasmer2k@house.gov
94,Avis,Hassey,ahassey2l@myspace.com
95,Leona,Rugg,lrugg2m@paginegialle.it
96,Corabelle,Dagger,cdagger2n@seesaa.net
97,Clemmie,Huikerby,chuikerby2o@nationalgeographic.com
98,Jolene,Shaudfurth,jshaudfurth2p@army.mil
99,Will,Cheesworth,wcheesworth2q@sphinn.com
100,Shelly,Tunnick,stunnick2r@cdbaby.com
101,Terrijo,Biner,tbiner2s@so-net.ne.jp
102,Ronni,McLucky,rmclucky2t@yellowpages.com
103,Sissy,Bogie,sbogie2u@upenn.edu
104,Lydia,Fazackerley,lfazackerley2v@go.com
105,Kellina,Stivers,kstivers2w@yelp.com
106,Wilona,Bartholomieu,wbartholomieu2x@cam.ac.uk
107,Leela,Friedman,lfriedman2y@senate.gov
108,Alisun,Dickins,adickins2z@aboutads.info
109,Dale,Sowersby,dsowersby30@spotify.com
110,Niven,Eisenberg,neisenberg31@usgs.gov
111,Yoshiko,Elsy,yelsy32@techcrunch.com
112,Nerita,Fuzzens,nfuzzens33@home.pl
113,Beckie,Darrell,bdarrell34@ucla.edu
114,Devora,Penlington,dpenlington35@washingtonpost.com
115,De,Hurrell,dhurrell36@fotki.com
116,Jonah,Valentinuzzi,jvalentinuzzi37@nih.gov
117,Berkie,Pedersen,bpedersen38@histats.com
118,Zarla,Hankard,zhankard39@google.ru
119,Sandy,O'Malley,somalley3a@360.cn
120,Yard,Haugen,yhaugen3b@bbc.co.uk
121,Delphinia,Furness,dfurness3c@spotify.com
122,Willyt,McGenis,wmcgenis3d@reuters.com
123,Ciel,Forestall,cforestall3e@newsvine.com
124,Bruno,Matei,bmatei3f@tinypic.com
125,Zechariah,Okroy,zokroy3g@dailymail.co.uk
126,Rafaela,Lafond,rlafond3h@privacy.gov.au
127,Langston,Naylor,lnaylor3i@twitter.com
128,Nicolais,Dovington,ndovington3j@slideshare.net
129,Minnnie,McClory,mmcclory3k@people.com.cn
130,Madeline,Veck,mveck3l@yelp.com
131,Codie,Goodbarne,cgoodbarne3m@alexa.com
132,Jabez,Calken,jcalken3n@parallels.com
133,Abraham,Bagguley,abagguley3o@nhs.uk
134,Haily,Dorcey,hdorcey3p@domainmarket.com
135,Virgie,Hanstock,vhanstock3q@surveymonkey.com
136,Ly,McCluin,lmccluin3r@nymag.com
137,Nial,Ben,nben3s@tinypic.com
138,Samuel,Bluschke,sbluschke3t@army.mil
139,Corey,Thorneywork,cthorneywork3u@wp.com
140,Cornie,Bellino,cbellino3v@guardian.co.uk
141,Lilith,Sambrok,lsambrok3w@about.me
142,Filia,Kendle,fkendle3x@deviantart.com
143,Israel,Yannikov,iyannikov3y@1und1.de
144,Manny,Erangey,merangey3z@cafepress.com
145,Philippine,Cumine,pcumine40@sohu.com
146,Alexandra,Vanyatin,avanyatin41@engadget.com
147,Andres,Thorrington,athorrington42@ow.ly
148,Gregory,Ovendon,govendon43@rambler.ru
149,Kendra,Caunt,kcaunt44@psu.edu
150,Janet,Brownhill,jbrownhill45@wikia.com
151,Torre,Branscombe,tbranscombe46@reverbnation.com
152,Codi,Skewis,cskewis47@mysql.com
153,Rosemonde,Totterdill,rtotterdill48@bloglovin.com
154,Carolina,Myner,cmyner49@sina.com.cn
155,Doreen,Pidduck,dpidduck4a@omniture.com
156,Grier,Rykert,grykert4b@rakuten.co.jp
157,Aeriela,Barlee,abarlee4c@youtu.be
158,Ethel,Brokenbrow,ebrokenbrow4d@cam.ac.uk
159,Josephina,Pahlsson,jpahlsson4e@slideshare.net
160,Alric,Kerwood,akerwood4f@dot.gov
161,Crosby,Schlagh,cschlagh4g@unesco.org
162,Theodosia,Surfleet,tsurfleet4h@reverbnation.com
163,Katalin,Phittiplace,kphittiplace4i@merriam-webster.com
164,Darlene,Caras,dcaras4j@yandex.ru
165,Charleen,St Leger,cstleger4k@pcworld.com
166,Mimi,Sachno,msachno4l@clickbank.net
167,Artemis,Long,along4m@pinterest.com
168,Jayme,Tasseler,jtasseler4n@deliciousdays.com
169,Christen,Ortell,cortell4o@mlb.com
170,Christye,Vaughten,cvaughten4p@flickr.com
171,Margo,Ratledge,mratledge4q@ox.ac.uk
172,Briny,Gatrill,bgatrill4r@msn.com
173,Rebecca,Driver,rdriver4s@alexa.com
174,Jemimah,Annies,jannies4t@geocities.com
175,Torie,Burley,tburley4u@irs.gov
176,Amandie,Cust,acust4v@bravesites.com
177,Kennedy,Sidwick,ksidwick4w@hc360.com
178,Leonelle,Evill,levill4x@washingtonpost.com
179,Leeanne,Noton,lnoton4y@latimes.com
180,Kiersten,Lowdyane,klowdyane4z@simplemachines.org
181,Charlot,Simka,csimka50@marketwatch.com
182,Tildie,Overall,toverall51@hubpages.com
183,Pietro,Valencia,pvalencia52@uiuc.edu
184,Hesther,felip,hfelip53@cbsnews.com
185,Halli,Patek,hpatek54@squarespace.com
186,Steffie,McKeighan,smckeighan55@altervista.org
187,Hadrian,McAlinion,hmcalinion56@free.fr
188,Brendin,De Hooch,bdehooch57@cafepress.com
189,Carlen,Bollis,cbollis58@mail.ru
190,Jamey,Wildish,jwildish59@boston.com
191,Viola,Gaffer,vgaffer5a@disqus.com
192,Sibley,Wollen,swollen5b@51.la
193,Jone,Abramson,jabramson5c@reddit.com
194,Dyana,Titchen,dtitchen5d@php.net
195,Marybelle,Diplock,mdiplock5e@nhs.uk
196,Wenonah,Brimner,wbrimner5f@mayoclinic.com
197,Jilli,Meyrick,jmeyrick5g@nbcnews.com
198,Tilly,Grigorian,tgrigorian5h@europa.eu
199,Marlene,Pledger,mpledger5i@youtu.be
200,Cornelius,Bachanski,cbachanski5j@sfgate.com
201,Garwood,Letixier,gletixier5k@so-net.ne.jp
202,Austin,Scampion,ascampion5l@wikia.com
203,Yale,Smartman,ysmartman5m@themeforest.net
204,Margarete,Sherman,msherman5n@angelfire.com
205,Dyana,Bowerbank,dbowerbank5o@alexa.com
206,Gillie,Pring,gpring5p@netscape.com
207,Antonio,Gath,agath5q@apache.org
208,Demott,Beernt,dbeernt5r@list-manage.com
209,Tildy,Giraldo,tgiraldo5s@desdev.cn
210,Dayle,Birtle,dbirtle5t@deviantart.com
211,Miguela,Blasl,mblasl5u@twitpic.com
212,Mead,Ive,mive5v@oaic.gov.au
213,Deloria,Dickens,ddickens5w@mail.ru
214,Suzann,Albro,salbro5x@youku.com
215,Magdaia,Belchem,mbelchem5y@elpais.com
216,Arlen,McGlew,amcglew5z@va.gov
217,Henrie,Bambridge,hbambridge60@msn.com
218,Derril,Hriinchenko,dhriinchenko61@pbs.org
219,Maggy,Ephson,mephson62@google.cn
220,Frayda,Beggio,fbeggio63@ibm.com
221,Aylmar,Evans,aevans64@youtu.be
222,Dewie,Wellstood,dwellstood65@dot.gov
223,Phylis,Housegoe,phousegoe66@webs.com
224,Martita,Purser,mpurser67@sogou.com
225,Jodee,Rydeard,jrydeard68@geocities.jp
226,Koral,Ghelarducci,kghelarducci69@skype.com
227,Julissa,Hestrop,jhestrop6a@uol.com.br
228,Jabez,Sergean,jsergean6b@usnews.com
229,Winslow,Asals,wasals6c@admin.ch
230,Rosita,Hayle,rhayle6d@ycombinator.com
231,Armstrong,Tomaselli,atomaselli6e@ow.ly
232,Adamo,McQuilkin,amcquilkin6f@hhs.gov
233,Petronille,Pavlenkov,ppavlenkov6g@newsvine.com
234,Jaquelyn,Stoute,jstoute6h@joomla.org
235,Maia,Haigh,mhaigh6i@elpais.com
236,Perl,Rangeley,prangeley6j@baidu.com
237,Saree,Hooks,shooks6k@plala.or.jp
238,Dickie,Wimbush,dwimbush6l@seesaa.net
239,Norine,Spino,nspino6m@photobucket.com
240,Linus,Fasset,lfasset6n@last.fm
241,Gerianne,Bradick,gbradick6o@sfgate.com
242,Nicole,Martyns,nmartyns6p@answers.com
243,Thane,Andress,tandress6q@accuweather.com
244,Alyda,Beiderbeck,abeiderbeck6r@techcrunch.com
245,Aeriela,Sjostrom,asjostrom6s@live.com
246,Helga,Porcher,hporcher6t@mac.com
247,Etta,McNirlan,emcnirlan6u@shutterfly.com
248,Joellyn,Cahey,jcahey6v@unc.edu
249,Hewet,Nenci,hnenci6w@buzzfeed.com
250,Bonni,Sustin,bsustin6x@psu.edu
251,Dorelia,Gatesman,dgatesman6y@reddit.com
252,Cindi,Dello,cdello6z@amazon.co.jp
253,Letty,Roostan,lroostan70@npr.org
254,Kermit,Rentilll,krentilll71@uol.com.br
255,Alanah,Sherwen,asherwen72@fc2.com
256,Conroy,Garforth,cgarforth73@ed.gov
257,Aeriell,Sturm,asturm74@vimeo.com
258,Helene,Whitehurst,hwhitehurst75@ted.com
259,Anton,Kienl,akienl76@furl.net
260,Alicea,Furphy,afurphy77@163.com
261,Pattie,Casale,pcasale78@cmu.edu
262,Zack,Philo,zphilo79@cam.ac.uk
263,Winslow,Cumberbatch,wcumberbatch7a@google.de
264,Zorine,Daverin,zdaverin7b@w3.org
265,Dolli,Ambrozik,dambrozik7c@zimbio.com
266,Toiboid,Bonifacio,tbonifacio7d@prnewswire.com
267,Sascha,de Chastelain,sdechastelain7e@mlb.com
268,Bibbie,Rivalland,brivalland7f@twitpic.com
269,Tedmund,Tace,ttace7g@wikispaces.com
270,Angela,Woodward,awoodward7h@skype.com
271,Julee,Mannie,jmannie7i@google.co.jp
272,Lotte,Guislin,lguislin7j@economist.com
273,Crichton,Sheard,csheard7k@skyrock.com
274,Shaw,Ferrieri,sferrieri7l@e-recht24.de
275,Andrus,Witton,awitton7m@ycombinator.com
276,Jeremiah,Gallienne,jgallienne7n@walmart.com
277,Fawne,Balaisot,fbalaisot7o@gmpg.org
278,Arlette,Cashin,acashin7p@liveinternet.ru
279,Cozmo,Fessions,cfessions7q@tinyurl.com
280,Tyson,McKiernan,tmckiernan7r@amazon.co.uk
281,Irma,Overthrow,ioverthrow7s@github.com
282,Kipp,Poller,kpoller7t@wunderground.com
283,Garret,Baudet,gbaudet7u@liveinternet.ru
284,Bernetta,Martinet,bmartinet7v@topsy.com
285,Alexa,Booeln,abooeln7w@addthis.com
286,Bertha,Onge,bonge7x@nymag.com
287,Edd,Disley,edisley7y@epa.gov
288,Libbi,Bugbird,lbugbird7z@desdev.cn
289,Clemence,Arbuckle,carbuckle80@google.com.br
290,Elliot,Semken,esemken81@wordpress.com
291,Feliks,German,fgerman82@ebay.co.uk
292,Andromache,Branchet,abranchet83@businessweek.com
293,Ericka,Camell,ecamell84@springer.com
294,Camille,Leguay,cleguay85@deviantart.com
295,Marthena,Gurden,mgurden86@weibo.com
296,Broderic,Metterick,bmetterick87@xinhuanet.com
297,Florida,Wauchope,fwauchope88@sina.com.cn
298,Lorinda,Leinthall,lleinthall89@time.com
299,Eugenius,Crippin,ecrippin8a@bbc.co.uk
300,Faina,Wickling,fwickling8b@bbc.co.uk
301,Abeu,Gosden,agosden8c@umich.edu
302,Morey,Urlin,murlin8d@ucla.edu
303,Josias,Giotto,jgiotto8e@scientificamerican.com
304,Clayton,Kingaby,ckingaby8f@youku.com
305,Hamlen,Boole,hboole8g@wikipedia.org
306,Mylo,Guiden,mguiden8h@utexas.edu
307,Francyne,Mellody,fmellody8i@twitter.com
308,Caressa,Berkely,cberkely8j@canalblog.com
309,Frans,Barnett,fbarnett8k@parallels.com
310,Michaella,Marcos,mmarcos8l@4shared.com
311,Theresa,Whiscard,twhiscard8m@behance.net
312,Ruby,Hares,rhares8n@hugedomains.com
313,Eben,MacCafferty,emaccafferty8o@loc.gov
314,Dur,Lapthorn,dlapthorn8p@loc.gov
315,Guntar,Dufore,gdufore8q@geocities.jp
316,Ellette,Baytrop,ebaytrop8r@flickr.com
317,Randal,Combe,rcombe8s@myspace.com
318,Elena,Bourhill,ebourhill8t@unicef.org
319,Kearney,Tal,ktal8u@liveinternet.ru
320,Kevin,Eglise,keglise8v@naver.com
321,Chane,Antoniutti,cantoniutti8w@businessweek.com
322,Raynard,Portman,rportman8x@skyrock.com
323,Rob,Liversidge,rliversidge8y@time.com
324,Aarika,Klesse,aklesse8z@shinystat.com
325,Juana,Drinnan,jdrinnan90@nih.gov
326,Tracey,Millican,tmillican91@prnewswire.com
327,Gabriel,Macconaghy,gmacconaghy92@mtv.com
328,Griffith,Stanwix,gstanwix93@theatlantic.com
329,Arlina,Ronayne,aronayne94@comsenz.com
330,Shandy,Androletti,sandroletti95@tripadvisor.com
331,Sammy,Foulgham,sfoulgham96@delicious.com
332,Terence,Crust,tcrust97@github.io
333,Elsi,Culley,eculley98@salon.com
334,Fernanda,Reford,freford99@hibu.com
335,Casi,Caberas,ccaberas9a@chronoengine.com
336,Kevyn,Wingeatt,kwingeatt9b@cpanel.net
337,Bunny,Vedishchev,bvedishchev9c@meetup.com
338,Jess,Linfoot,jlinfoot9d@flavors.me
339,Tiphanie,Sibson,tsibson9e@msu.edu
340,Ainsley,Gillian,agillian9f@zimbio.com
341,Oneida,Gumb,ogumb9g@go.com
342,Chadd,Colleck,ccolleck9h@drupal.org
343,Guss,Dunniom,gdunniom9i@ftc.gov
344,Leta,Reimer,lreimer9j@opera.com
345,Zabrina,Scotland,zscotland9k@netscape.com
346,Elli,Woolmer,ewoolmer9l@live.com
347,Miguel,Bulcroft,mbulcroft9m@issuu.com
348,Roger,Castro,rcastro9n@cbc.ca
349,Lulu,Reicherz,lreicherz9o@wordpress.org
350,Winfred,Vasyagin,wvasyagin9p@simplemachines.org
351,Ameline,Wogdon,awogdon9q@163.com
352,Sigfried,Pughe,spughe9r@stanford.edu
353,Parrnell,Gibbie,pgibbie9s@imdb.com
354,Rodolphe,Crunden,rcrunden9t@reuters.com
355,Malvina,Bloxholm,mbloxholm9u@e-recht24.de
356,Damon,Elderton,delderton9v@netscape.com
357,Matty,Gerholz,mgerholz9w@boston.com
358,Tiebout,Wardall,twardall9x@hao123.com
359,Melantha,Kingshott,mkingshott9y@bluehost.com
360,Stafford,Brosenius,sbrosenius9z@nymag.com
361,Karna,McCambridge,kmccambridgea0@youku.com
362,Mara,Chittleburgh,mchittleburgha1@ca.gov
363,Essa,Sansum,esansuma2@trellian.com
364,Reinhold,Stait,rstaita3@thetimes.co.uk
365,Jake,Puddifer,jpuddifera4@alibaba.com
366,Eddie,Gallaher,egallahera5@php.net
367,Wallace,Lomax,wlomaxa6@e-recht24.de
368,Heidie,Hopewell,hhopewella7@netlog.com
369,Mattias,Buttner,mbuttnera8@senate.gov
370,Salomo,O'Dempsey,sodempseya9@fema.gov
371,Tye,Pitson,tpitsonaa@yolasite.com
372,Gwenneth,Dunmore,gdunmoreab@vistaprint.com
373,Junette,Sparrow,jsparrowac@vinaora.com
374,Constantine,Kabisch,ckabischad@usa.gov
375,Jasmina,Jochanany,jjochananyae@webeden.co.uk
376,Hill,Rodenhurst,hrodenhurstaf@abc.net.au
377,Anastasie,Kach,akachag@theatlantic.com
378,Templeton,Iseton,tisetonah@prnewswire.com
379,Bruce,Baiss,bbaissai@wix.com
380,Larine,McTrustram,lmctrustramaj@eventbrite.com
381,Merv,Gerrey,mgerreyak@wired.com
382,Boot,Highway,bhighwayal@elegantthemes.com
383,Alina,Candie,acandieam@netscape.com
384,Jennie,Jackways,jjackwaysan@tinyurl.com
385,Mikel,Annis,mannisao@ed.gov
386,Gaspar,Domanek,gdomanekap@hao123.com
387,Christyna,Goulder,cgoulderaq@ft.com
388,Halsy,Perrelle,hperrellear@scribd.com
389,Cybill,Apfler,capfleras@oracle.com
390,Virginie,Skeldinge,vskeldingeat@businesswire.com
391,Florri,Damant,fdamantau@shareasale.com
392,Reilly,Charon,rcharonav@cbc.ca
393,Welbie,Londing,wlondingaw@jigsy.com
394,Gerrie,Hallgarth,ghallgarthax@utexas.edu
395,Hannah,Snibson,hsnibsonay@baidu.com
396,Christa,Strelitzki,cstrelitzkiaz@wikispaces.com
397,Kelila,Oliveti,kolivetib0@drupal.org
398,Killy,Kilsby,kkilsbyb1@g.co
399,Edeline,Cosyns,ecosynsb2@technorati.com
400,Reinald,Kinloch,rkinlochb3@japanpost.jp
401,Bessy,Carpmile,bcarpmileb4@networkadvertising.org
402,Arlene,Amort,aamortb5@economist.com
403,Piggy,Crayk,pcraykb6@google.com.hk
404,Mayne,Hafner,mhafnerb7@php.net
405,Gus,Garbert,ggarbertb8@about.com
406,Simon,Carnier,scarnierb9@alexa.com
407,Gene,Antoinet,gantoinetba@devhub.com
408,Enrique,Robathon,erobathonbb@mayoclinic.com
409,Tymon,Yegorkov,tyegorkovbc@csmonitor.com
410,Desirae,Sirmond,dsirmondbd@tinyurl.com
411,Billi,Stokey,bstokeybe@eventbrite.com
412,Jud,Aleavy,jaleavybf@toplist.cz
413,Gerrie,Parkyn,gparkynbg@xinhuanet.com
414,Kahlil,Faunch,kfaunchbh@cbsnews.com
415,Miller,Capstick,mcapstickbi@hhs.gov
416,Hunter,Nelson,hnelsonbj@bing.com
417,Stephanus,Claris,sclarisbk@businessinsider.com
418,Ulises,Glanester,uglanesterbl@cbsnews.com
419,Daile,Fishly,dfishlybm@blinklist.com
420,Dill,Darnborough,ddarnboroughbn@tiny.cc
421,Stanleigh,Minogue,sminoguebo@economist.com
422,Karry,Delve,kdelvebp@businessinsider.com
423,Cherrita,Shelley,cshelleybq@wikia.com
424,Teodorico,Bavester,tbavesterbr@symantec.com
425,Leonidas,Lygoe,llygoebs@usgs.gov
426,Bevan,Orchart,borchartbt@usatoday.com
427,Vic,Blackmore,vblackmorebu@aboutads.info
428,Jessamine,Gerald,jgeraldbv@omniture.com
429,Gino,Coull,gcoullbw@fda.gov
430,Henri,Youens,hyouensbx@yale.edu
431,Demetra,Fold,dfoldby@blog.com
432,Jewelle,Kubal,jkubalbz@opensource.org
433,Merry,Dallas,mdallasc0@ask.com
434,Keith,Immings,kimmingsc1@dailymail.co.uk
435,Lauri,Jeannin,ljeanninc2@umn.edu
436,Mellie,Stonestreet,mstonestreetc3@storify.com
437,Jermaine,Helsdon,jhelsdonc4@shop-pro.jp
438,Fran,Birch,fbirchc5@t-online.de
439,Romeo,Pitbladdo,rpitbladdoc6@cam.ac.uk
440,Brynna,Kensit,bkensitc7@list-manage.com
441,Juan,Fendley,jfendleyc8@unc.edu
442,Cassandre,McErlaine,cmcerlainec9@netscape.com
443,Trenna,McQuade,tmcquadeca@zdnet.com
444,King,Cullnean,kcullneancb@hud.gov
445,Aleen,Salvin,asalvincc@bluehost.com
446,Worthington,Feechum,wfeechumcd@360.cn
447,Micheline,de'-Ancy Willis,mdeancywillisce@indiatimes.com
448,Maurie,Gerdts,mgerdtscf@princeton.edu
449,Codi,Chaize,cchaizecg@ca.gov
450,Shannan,Jovis,sjovisch@quantcast.com
451,Carmelle,Swinfon,cswinfonci@google.pl
452,Christi,Tonry,ctonrycj@telegraph.co.uk
453,Demetris,Lemonnier,dlemonnierck@youtu.be
454,Jay,Harwell,jharwellcl@mit.edu
455,Sig,Bertomier,sbertomiercm@unc.edu
456,Kris,Oaks,koakscn@ft.com
457,Alix,Groll,agrollco@fc2.com
458,Shayla,Hachard,shachardcp@furl.net
459,Perle,Harbar,pharbarcq@skyrock.com
460,Lenee,Dudgeon,ldudgeoncr@answers.com
461,Allianora,Purseglove,apurseglovecs@washingtonpost.com
462,Gaby,Moggie,gmoggiect@nature.com
463,Annelise,Pasticznyk,apasticznykcu@java.com
464,Natty,Duxbarry,nduxbarrycv@cnbc.com
465,Correy,McIlenna,cmcilennacw@storify.com
466,Wolf,MacLleese,wmaclleesecx@craigslist.org
467,Trudey,Keming,tkemingcy@cdbaby.com
468,Anton,Hackelton,ahackeltoncz@state.gov
469,Ezechiel,McEwen,emcewend0@flickr.com
470,Aharon,Patrono,apatronod1@nhs.uk
471,Maximilianus,Goby,mgobyd2@addtoany.com
472,Delmor,Takkos,dtakkosd3@jugem.jp
473,Carolynn,Adamsky,cadamskyd4@microsoft.com
474,Jakob,Cuerda,jcuerdad5@irs.gov
475,Lilias,Rollo,lrollod6@domainmarket.com
476,Duff,Parr,dparrd7@jalbum.net
477,Annelise,Hincham,ahinchamd8@state.gov
478,Nanny,Labbet,nlabbetd9@weibo.com
479,Mamie,Ram,mramda@homestead.com
480,Whitney,Matuskiewicz,wmatuskiewiczdb@fastcompany.com
481,Morlee,Rawstron,mrawstrondc@cafepress.com
482,Hermy,Myrie,hmyriedd@google.nl
483,Henrieta,Fawssett,hfawssettde@hatena.ne.jp
484,Kerrin,Couvet,kcouvetdf@nydailynews.com
485,Nicoli,Zellmer,nzellmerdg@chronoengine.com
486,Kaine,Sheaber,ksheaberdh@tamu.edu
487,Reube,Elen,relendi@homestead.com
488,Caralie,Saffell,csaffelldj@oracle.com
489,Lexi,Snashall,lsnashalldk@scientificamerican.com
490,Silvie,Procter,sprocterdl@moonfruit.com
491,Guntar,Dockerty,gdockertydm@oracle.com
492,Mandel,Creak,mcreakdn@biblegateway.com
493,Kimberlee,Tournay,ktournaydo@forbes.com
494,Orazio,Osbourn,oosbourndp@dot.gov
495,Lilia,Bamford,lbamforddq@webnode.com
496,Michaelina,Cowup,mcowupdr@java.com
497,Aksel,Mixworthy,amixworthyds@aboutads.info
498,Gustavo,Kerrod,gkerroddt@dot.gov
499,Almire,Hlavac,ahlavacdu@netscape.com
500,Caro,Trebble,ctrebbledv@biblegateway.com
501,Port,Beaton,pbeatondw@theatlantic.com
502,Oswell,Walcot,owalcotdx@example.com
503,Locke,Bonner,lbonnerdy@artisteer.com
504,Floris,Bossingham,fbossinghamdz@dell.com
505,Alexia,Walters,awalterse0@sina.com.cn
506,Tandie,Schottli,tschottlie1@about.me
507,Keir,Boord,kboorde2@macromedia.com
508,Lorie,Deppe,ldeppee3@twitter.com
509,Izabel,Diggar,idiggare4@github.io
510,Loreen,Dearth,ldearthe5@macromedia.com
511,Celisse,Jollye,cjollyee6@sakura.ne.jp
512,Oralla,Badrick,obadricke7@youtube.com
513,Petr,Lasty,plastye8@engadget.com
514,Ximenez,Caston,xcastone9@umn.edu
515,Willy,Oak,woakea@pcworld.com
516,Yuma,Middleditch,ymiddleditcheb@newyorker.com
517,Lorette,Blaisdale,lblaisdaleec@stanford.edu
518,Tomkin,Gimbrett,tgimbretted@mozilla.org
519,Cherie,Schusterl,cschusterlee@blog.com
520,Eamon,Kos,ekosef@usnews.com
521,Ainslee,Haslum,ahaslumeg@trellian.com
522,Viviyan,Brimfield,vbrimfieldeh@topsy.com
523,Sterne,Aberdalgy,saberdalgyei@ocn.ne.jp
524,Barrie,Siley,bsileyej@seesaa.net
525,Brant,Scobie,bscobieek@sina.com.cn
526,Liz,Lysaght,llysaghtel@reverbnation.com
527,Janela,Wragg,jwraggem@yahoo.com
528,Christiano,Bowmen,cbowmenen@qq.com
529,Lilyan,Coils,lcoilseo@w3.org
530,Elysha,Ellsworthe,eellswortheep@paginegialle.it
531,Ivie,McInally,imcinallyeq@weather.com
532,Fielding,Beeke,fbeekeer@theguardian.com
533,Ketti,Danit,kdanites@about.com
534,Selie,Kellet,skelletet@amazon.de
535,Alf,Selvey,aselveyeu@wordpress.org
536,Jerrie,Havik,jhavikev@businesswire.com
537,Frederigo,Siggens,fsiggensew@vimeo.com
538,Wanda,Mingauld,wmingauldex@t-online.de
539,Matias,Wasylkiewicz,mwasylkiewiczey@toplist.cz
540,Ellette,Garlant,egarlantez@baidu.com
541,Bekki,Conybear,bconybearf0@dmoz.org
542,Harriot,Liggens,hliggensf1@pinterest.com
543,Ric,Pibsworth,rpibsworthf2@tuttocitta.it
544,Hank,Dilger,hdilgerf3@51.la
545,Jenine,Jonuzi,jjonuzif4@msu.edu
546,Alyda,Haste,ahastef5@cbsnews.com
547,Dom,Grossier,dgrossierf6@instagram.com
548,Perkin,Redmore,predmoref7@dagondesign.com
549,Thaine,Gunner,tgunnerf8@technorati.com
550,Tabor,Brunstan,tbrunstanf9@woothemes.com
551,Rozelle,Aucoate,raucoatefa@amazon.co.jp
552,Wright,Kinsley,wkinsleyfb@netvibes.com
553,Pepe,Thonason,pthonasonfc@1und1.de
554,Karin,Tomaszewski,ktomaszewskifd@businesswire.com
555,Meredithe,Cantle,mcantlefe@technorati.com
556,Deina,Bartos,dbartosff@bloglines.com
557,Katusha,Januszewicz,kjanuszewiczfg@godaddy.com
558,Riccardo,Pettitt,rpettittfh@cnn.com
559,Roslyn,Conti,rcontifi@unesco.org
560,Rozanne,McFater,rmcfaterfj@nature.com
561,Lorene,Pelzer,lpelzerfk@opensource.org
562,Kary,O'Heagertie,koheagertiefl@live.com
563,Alexandro,Corgenvin,acorgenvinfm@arstechnica.com
564,Codee,Murra,cmurrafn@unc.edu
565,Ludovico,Hanscomb,lhanscombfo@reddit.com
566,Virgil,Milliere,vmillierefp@webs.com
567,Trescha,Nisius,tnisiusfq@vinaora.com
568,Layne,Grangier,lgrangierfr@phoca.cz
569,Melva,Accombe,maccombefs@hexun.com
570,Hayward,Pedlow,hpedlowft@aol.com
571,Kristina,Kinkaid,kkinkaidfu@ucsd.edu
572,Kassia,Le febre,klefebrefv@bluehost.com
573,Donella,Lillicrop,dlillicropfw@spiegel.de
574,Odelle,Sobey,osobeyfx@smh.com.au
575,Maisie,Killingbeck,mkillingbeckfy@berkeley.edu
576,Jamie,Sellens,jsellensfz@yelp.com
577,Zak,Salters,zsaltersg0@google.nl
578,Mikey,Simonou,msimonoug1@un.org
579,Nikos,Bigrigg,nbigriggg2@printfriendly.com
580,Colette,Stanwix,cstanwixg3@arstechnica.com
581,Shandra,Sampey,ssampeyg4@tamu.edu
582,Daron,McBrearty,dmcbreartyg5@alexa.com
583,Archer,Boecke,aboeckeg6@furl.net
584,Dulcea,Abbison,dabbisong7@xinhuanet.com
585,Charmaine,Parmer,cparmerg8@ycombinator.com
586,Thomasa,Hainey,thaineyg9@networkadvertising.org
587,Erinna,Northcott,enorthcottga@purevolume.com
588,Welch,Bewshire,wbewshiregb@sohu.com
589,Bili,Eschalette,beschalettegc@canalblog.com
590,Roi,Gadson,rgadsongd@reverbnation.com
591,Pall,Hawsby,phawsbyge@sitemeter.com
592,Mollie,Lehrle,mlehrlegf@xrea.com
593,Tedd,Smalls,tsmallsgg@odnoklassniki.ru
594,Grady,Varnes,gvarnesgh@cnbc.com
595,Leonerd,Amis,lamisgi@bigcartel.com
596,Lorelle,Eassom,leassomgj@thetimes.co.uk
597,Tory,Spaice,tspaicegk@statcounter.com
598,Gerhardine,Aves,gavesgl@parallels.com
599,Freida,Dulin,fdulingm@netscape.com
600,Isaiah,Scandred,iscandredgn@shutterfly.com
601,Kattie,Montfort,kmontfortgo@washingtonpost.com
602,Delores,Desvignes,ddesvignesgp@github.io
603,Roana,Antill,rantillgq@bandcamp.com
604,Jolene,Piotr,jpiotrgr@ucoz.ru
605,Westbrooke,Barti,wbartigs@dell.com
606,Krysta,Munt,kmuntgt@nytimes.com
607,Fedora,Bach,fbachgu@typepad.com
608,Justis,McQuode,jmcquodegv@mapquest.com
609,Jennine,Croutear,jcrouteargw@yahoo.com
610,Siward,Haversum,shaversumgx@4shared.com
611,Gabriellia,Hakonsen,ghakonsengy@posterous.com
612,Constantino,Rase,crasegz@shinystat.com
613,Giuditta,Sime,gsimeh0@vk.com
614,Marco,Boater,mboaterh1@bloglines.com
615,Konrad,Dawtrey,kdawtreyh2@cbc.ca
616,Brianne,Whatford,bwhatfordh3@economist.com
617,Tremaine,Bader,tbaderh4@histats.com
618,Viole,Antognetti,vantognettih5@go.com
619,Piotr,Trevaskus,ptrevaskush6@free.fr
620,Gerri,MacMenemy,gmacmenemyh7@nsw.gov.au
621,Noby,Eakin,neakinh8@goodreads.com
622,Ivette,Dawdary,idawdaryh9@ft.com
623,Carri,Agate,cagateha@typepad.com
624,Cymbre,Sibbe,csibbehb@cnbc.com
625,Andres,Howsam,ahowsamhc@un.org
626,Cristobal,Ciottoi,cciottoihd@t.co
627,Bastien,Ratie,bratiehe@intel.com
628,Victoir,Morigan,vmoriganhf@ftc.gov
629,Ilse,MacKibbon,imackibbonhg@mtv.com
630,Andie,Aizikov,aaizikovhh@altervista.org
631,Asher,Massinger,amassingerhi@sphinn.com
632,Garald,Miettinen,gmiettinenhj@aol.com
633,Giralda,Franceschelli,gfranceschellihk@slideshare.net
634,Malissia,Redihalgh,mredihalghhl@google.co.uk
635,Rubie,Jakucewicz,rjakucewiczhm@psu.edu
636,Marti,Jon,mjonhn@shareasale.com
637,Pattie,Wynne,pwynneho@baidu.com
638,Cherlyn,Lamkin,clamkinhp@cmu.edu
639,Valida,Cunrado,vcunradohq@multiply.com
640,Leta,Branson,lbransonhr@vinaora.com
641,Fae,Gonsalvez,fgonsalvezhs@youku.com
642,Lon,Doherty,ldohertyht@statcounter.com
643,Helen-elizabeth,Edgar,hedgarhu@fotki.com
644,Rebecca,Houlworth,rhoulworthhv@sphinn.com
645,Ailina,Truce,atrucehw@npr.org
646,Sophie,Glen,sglenhx@ucsd.edu
647,Gerardo,Gayter,ggayterhy@cbsnews.com
648,Selia,Disbury,sdisburyhz@ucoz.com
649,Gerhardt,Symones,gsymonesi0@oracle.com
650,Marji,Rafter,mrafteri1@ebay.co.uk
651,Pattin,Ragdale,pragdalei2@bbb.org
652,Lavena,Abrashkin,labrashkini3@auda.org.au
653,Tabitha,Tattersill,ttattersilli4@merriam-webster.com
654,Nicol,Doncom,ndoncomi5@google.com
655,Gardner,Gillani,ggillanii6@yandex.ru
656,Aron,Auld,aauldi7@xrea.com
657,Filippa,Coventry,fcoventryi8@usda.gov
658,Celeste,Haestier,chaestieri9@google.co.jp
659,Frederigo,Donisthorpe,fdonisthorpeia@upenn.edu
660,Yankee,Tradewell,ytradewellib@state.tx.us
661,Quintina,Baake,qbaakeic@soundcloud.com
662,Hoebart,Lawn,hlawnid@cnbc.com
663,Lynea,Howship,lhowshipie@home.pl
664,Kerry,Kilalea,kkilaleaif@sfgate.com
665,Dario,Leggat,dleggatig@cam.ac.uk
666,Martino,Schurcke,mschurckeih@reverbnation.com
667,Linc,Cofax,lcofaxii@msn.com
668,Blaire,Vasiliu,bvasiliuij@nifty.com
669,Cinderella,Brislawn,cbrislawnik@timesonline.co.uk
670,Abeu,Stanbury,astanburyil@g.co
671,Stanton,Noyce,snoyceim@reddit.com
672,Meggy,Steljes,msteljesin@etsy.com
673,Shari,Llop,sllopio@usgs.gov
674,Rosy,Amorts,ramortsip@youku.com
675,Mano,Mounsie,mmounsieiq@home.pl
676,Falkner,Rowlstone,frowlstoneir@e-recht24.de
677,Alvinia,Walsham,awalshamis@chicagotribune.com
678,Rubetta,Morse,rmorseit@yelp.com
679,Riki,Boatswain,rboatswainiu@wunderground.com
680,Eveleen,Lere,elereiv@yale.edu
681,Gale,Bagger,gbaggeriw@reddit.com
682,Jefferson,Connechie,jconnechieix@mashable.com
683,Lamar,Heap,lheapiy@dmoz.org
684,Conn,Hawket,chawketiz@blogs.com
685,Hayes,Kundert,hkundertj0@redcross.org
686,Lilli,Matzeitis,lmatzeitisj1@epa.gov
687,Jess,Rumgay,jrumgayj2@nydailynews.com
688,Esme,Harnes,eharnesj3@discovery.com
689,Nye,Alfonzo,nalfonzoj4@mlb.com
690,Maxie,Stimson,mstimsonj5@merriam-webster.com
691,Maxy,Beaford,mbeafordj6@sciencedirect.com
692,Miles,Hankey,mhankeyj7@engadget.com
693,Ceil,Glazier,cglazierj8@ning.com
694,Briny,MacAllaster,bmacallasterj9@godaddy.com
695,Cullan,Merriday,cmerridayja@ocn.ne.jp
696,Garvy,MacInnes,gmacinnesjb@vk.com
697,Emmeline,Jacobsson,ejacobssonjc@yale.edu
698,Windy,Cuddihy,wcuddihyjd@google.de
699,Roxine,Comar,rcomarje@state.tx.us
700,Nickie,Puddicombe,npuddicombejf@google.nl
701,Domini,Heino,dheinojg@senate.gov
702,Ferdie,Reen,freenjh@friendfeed.com
703,Ian,Hannant,ihannantji@princeton.edu
704,Lethia,Stiger,lstigerjj@guardian.co.uk
705,Leif,Gotcher,lgotcherjk@prweb.com
706,Nicoline,Toffolo,ntoffolojl@bloglines.com
707,Clay,Schimonek,cschimonekjm@indiegogo.com
708,Bastian,Cumbers,bcumbersjn@51.la
709,Olly,Haps,ohapsjo@time.com
710,Sky,Jedrys,sjedrysjp@deliciousdays.com
711,Malina,Feron,mferonjq@amazon.co.jp
712,Allen,Hamblin,ahamblinjr@nydailynews.com
713,Fritz,Kennedy,fkennedyjs@4shared.com
714,Rriocard,Ricciardo,rricciardojt@yellowbook.com
715,Renata,Bazely,rbazelyju@alexa.com
716,Nathalia,Brasted,nbrastedjv@geocities.com
717,Cary,Verne,cvernejw@utexas.edu
718,Micky,Pountain,mpountainjx@themeforest.net
719,Gwenni,Mara,gmarajy@si.edu
720,Carolynn,Blankley,cblankleyjz@shareasale.com
721,Andreana,Headech,aheadechk0@yellowbook.com
722,Maje,Verzey,mverzeyk1@nifty.com
723,Ulick,Tomovic,utomovick2@spotify.com
724,Marnie,Foucher,mfoucherk3@csmonitor.com
725,Derrik,Gotfrey,dgotfreyk4@themeforest.net
726,Feliza,Antrobus,fantrobusk5@google.cn
727,Goldina,Matyasik,gmatyasikk6@state.gov
728,Hertha,Colthard,hcolthardk7@dyndns.org
729,Waylan,Folbigg,wfolbiggk8@answers.com
730,Harold,Baccus,hbaccusk9@hugedomains.com
731,Juliana,Karpe,jkarpeka@census.gov
732,Wat,Grendon,wgrendonkb@amazonaws.com
733,Muffin,Duchan,mduchankc@answers.com
734,Clemmie,Frane,cfranekd@clickbank.net
735,Ulrikaumeko,Gilliam,ugilliamke@techcrunch.com
736,Elvina,Lamerton,elamertonkf@europa.eu
737,Dewitt,Labitt,dlabittkg@ning.com
738,Fabio,Collopy,fcollopykh@netlog.com
739,Tamarra,Ratledge,tratledgeki@pagesperso-orange.fr
740,Lisette,Assinder,lassinderkj@blogger.com
741,Burtie,Glader,bgladerkk@facebook.com
742,Roslyn,Temblett,rtemblettkl@shinystat.com
743,Janenna,Finnick,jfinnickkm@yahoo.co.jp
744,Hoyt,Wardhaugh,hwardhaughkn@cdc.gov
745,Greg,Firby,gfirbyko@ustream.tv
746,Jens,Gundry,jgundrykp@cornell.edu
747,Gordie,Jaqueminet,gjaqueminetkq@imgur.com
748,Bevin,Jasik,bjasikkr@live.com
749,Vincent,Fishbourn,vfishbournks@reverbnation.com
750,Melba,Sinderson,msindersonkt@rediff.com
751,Audry,Kitchingman,akitchingmanku@earthlink.net
752,Sinclare,Thow,sthowkv@booking.com
753,Anton,Klamman,aklammankw@tiny.cc
754,Lezley,Latus,llatuskx@stanford.edu
755,Sally,Bedow,sbedowky@hud.gov
756,Vikki,Meatyard,vmeatyardkz@facebook.com
757,Rutherford,Sherr,rsherrl0@last.fm
758,Aubry,Gebbie,agebbiel1@dropbox.com
759,Meier,Jinks,mjinksl2@princeton.edu
760,Eran,Ducker,educkerl3@hp.com
761,Teriann,Kaines,tkainesl4@hc360.com
762,Esme,Elland,eellandl5@mysql.com
763,Kale,Gniewosz,kgniewoszl6@arstechnica.com
764,Renell,Scheffel,rscheffell7@skyrock.com
765,Debby,Mouatt,dmouattl8@cdbaby.com
766,Constance,Hurrell,churrelll9@craigslist.org
767,Laurene,Brandenburg,lbrandenburgla@ocn.ne.jp
768,Grant,Shevill,gshevilllb@gizmodo.com
769,Emogene,Sinott,esinottlc@utexas.edu
770,Durand,Hawick,dhawickld@stumbleupon.com
771,Ami,Gatecliffe,agatecliffele@instagram.com
772,Pernell,MacCaughey,pmaccaugheylf@nyu.edu
773,Wash,McKeefry,wmckeefrylg@yolasite.com
774,Fair,Keeling,fkeelinglh@gov.uk
775,Vergil,Hrihorovich,vhrihorovichli@icio.us
776,Eldredge,Lines,elineslj@technorati.com
777,Elinore,Gyrgorcewicx,egyrgorcewicxlk@tumblr.com
778,Malynda,Glede,mgledell@studiopress.com
779,Bernadina,Ranns,brannslm@google.es
780,Franni,Kausche,fkauscheln@etsy.com
781,Freeland,Ruckhard,fruckhardlo@163.com
782,Wilie,Eakin,weakinlp@abc.net.au
783,Catlaina,Dimitriades,cdimitriadeslq@deviantart.com
784,Erroll,Sally,esallylr@meetup.com
785,Melitta,Jandac,mjandacls@ustream.tv
786,Lianna,Beefon,lbeefonlt@jimdo.com
787,Lishe,Linay,llinaylu@msn.com
788,Shawn,Codling,scodlinglv@yale.edu
789,Rubina,Sprigings,rsprigingslw@paginegialle.it
790,Ashton,Stobart,astobartlx@digg.com
791,Rikki,Belcher,rbelcherly@so-net.ne.jp
792,Raul,Hacun,rhacunlz@irs.gov
793,Terri,Stathor,tstathorm0@blogtalkradio.com
794,Free,Saltrese,fsaltresem1@ifeng.com
795,Blane,Haig,bhaigm2@acquirethisname.com
796,Rivalee,Clemow,rclemowm3@apache.org
797,Burty,Kobelt,bkobeltm4@nydailynews.com
798,Elmer,M'Quhan,emquhanm5@163.com
799,Karyn,Eccleston,kecclestonm6@goodreads.com
800,Tam,Sirrell,tsirrellm7@prweb.com
801,Erl,Remer,eremerm8@washington.edu
802,Sandie,Heintze,sheintzem9@wix.com
803,Witty,Sissot,wsissotma@hubpages.com
804,Linet,Climo,lclimomb@moonfruit.com
805,Rosanna,Giamitti,rgiamittimc@geocities.com
806,Hyacinth,MacGeffen,hmacgeffenmd@netlog.com
807,Scott,O'Sheils,sosheilsme@google.com
808,Carleen,Ashborne,cashbornemf@telegraph.co.uk
809,Moyna,Gavaghan,mgavaghanmg@sfgate.com
810,Dyan,Wein,dweinmh@booking.com
811,Blane,Dartnall,bdartnallmi@imageshack.us
812,Gray,Shovelin,gshovelinmj@technorati.com
813,Cassandra,Bertlin,cbertlinmk@samsung.com
814,Leah,Brunke,lbrunkeml@foxnews.com
815,Laverna,Arnaud,larnaudmm@qq.com
816,Evangeline,Pietrowski,epietrowskimn@timesonline.co.uk
817,Nannette,Pedwell,npedwellmo@google.com.br
818,Ceil,Kamienski,ckamienskimp@noaa.gov
819,Filippo,Dyett,fdyettmq@who.int
820,Pyotr,Kincaid,pkincaidmr@mediafire.com
821,Brandy,Shevell,bshevellms@army.mil
822,Bartholomeus,Mabone,bmabonemt@ftc.gov
823,Matthias,Davidesco,mdavidescomu@reuters.com
824,Melody,Gregoretti,mgregorettimv@statcounter.com
825,Constantin,Veltman,cveltmanmw@discuz.net
826,Shanon,Cragell,scragellmx@va.gov
827,Crysta,Adnet,cadnetmy@pagesperso-orange.fr
828,Florina,Orritt,forrittmz@google.ru
829,Hillard,Hofer,hhofern0@dailymotion.com
830,Padget,Killik,pkillikn1@slideshare.net
831,Catlin,Parram,cparramn2@craigslist.org
832,Nathanael,Lawrinson,nlawrinsonn3@google.it
833,Eldon,Goare,egoaren4@cpanel.net
834,Fulton,Lillistone,flillistonen5@uol.com.br
835,Cati,Lampke,clampken6@ibm.com
836,Roxi,Donnelly,rdonnellyn7@naver.com
837,Laurence,Marsie,lmarsien8@nasa.gov
838,Winn,Sealove,wsealoven9@digg.com
839,Jaymee,Hunnywell,jhunnywellna@delicious.com
840,Lucine,Rosie,lrosienb@amazon.co.uk
841,Dianna,Gunthorpe,dgunthorpenc@github.io
842,Maurise,Hazart,mhazartnd@i2i.jp
843,Jordain,Jefford,jjeffordne@blogger.com
844,Hervey,Bubbear,hbubbearnf@time.com
845,Thain,Gilbard,tgilbardng@people.com.cn
846,Zerk,Chamney,zchamneynh@csmonitor.com
847,Rafe,Saura,rsaurani@yahoo.co.jp
848,Karl,Baythorp,kbaythorpnj@jimdo.com
849,Blanche,Nevitt,bnevittnk@epa.gov
850,Morena,Barnhart,mbarnhartnl@reverbnation.com
851,Lee,Bengtsson,lbengtssonnm@smh.com.au
852,Selina,Sollom,ssollomnn@adobe.com
853,Armand,Merck,amerckno@pinterest.com
854,Richmond,Cureton,rcuretonnp@indiegogo.com
855,Ramonda,Ellingham,rellinghamnq@nyu.edu
856,Penny,Feasey,pfeaseynr@sakura.ne.jp
857,Luca,Ringrose,lringrosens@1688.com
858,Murdoch,Andreone,mandreonent@nyu.edu
859,Smitty,Orrow,sorrownu@blogger.com
860,Alaster,Dikles,adiklesnv@people.com.cn
861,Rourke,Covelle,rcovellenw@goodreads.com
862,Kim,Dossetter,kdossetternx@google.co.jp
863,Jania,Ridulfo,jridulfony@si.edu
864,Lars,Aberkirdo,laberkirdonz@disqus.com
865,Randall,Chanders,rchanderso0@virginia.edu
866,Grantham,Smuth,gsmutho1@sciencedaily.com
867,Yves,Pes,ypeso2@blog.com
868,Marianne,Jouhandeau,mjouhandeauo3@digg.com
869,Yankee,Peniman,ypenimano4@linkedin.com
870,Lorrie,Brockton,lbrocktono5@cmu.edu
871,Carlin,Mordacai,cmordacaio6@google.com.br
872,Colette,Dibner,cdibnero7@omniture.com
873,Kathi,Wasling,kwaslingo8@pinterest.com
874,Meagan,Magnus,mmagnuso9@answers.com
875,Barret,Capron,bcapronoa@cnn.com
876,Minny,Karolewski,mkarolewskiob@ucla.edu
877,Albina,Swaine,aswaineoc@plala.or.jp
878,Eryn,Knoller,eknollerod@cnbc.com
879,Ellwood,Enevoldsen,eenevoldsenoe@topsy.com
880,Rebecca,Brecknall,rbrecknallof@deliciousdays.com
881,Burgess,Crankshaw,bcrankshawog@illinois.edu
882,Caterina,Label,clabeloh@hugedomains.com
883,Mirabelle,Simonsson,msimonssonoi@tinypic.com
884,Margalit,Batman,mbatmanoj@wordpress.com
885,Austin,Sasser,asasserok@discuz.net
886,Angus,McClaren,amcclarenol@pagesperso-orange.fr
887,Felita,Costellow,fcostellowom@cpanel.net
888,Alberto,Sleith,asleithon@deviantart.com
889,Oralle,Jost,ojostoo@acquirethisname.com
890,Wadsworth,McCuffie,wmccuffieop@domainmarket.com
891,Dasi,Olohan,dolohanoq@ezinearticles.com
892,Porty,Gresswood,pgresswoodor@hostgator.com
893,Auberon,Berling,aberlingos@ocn.ne.jp
894,Aleksandr,Billanie,abillanieot@sakura.ne.jp
895,Graham,Kezar,gkezarou@state.gov
896,Samuel,Furneaux,sfurneauxov@statcounter.com
897,Tadd,Jennaroy,tjennaroyow@ebay.com
898,Lonnie,Heigl,lheiglox@baidu.com
899,Fanni,Pehrsson,fpehrssonoy@pbs.org
900,Wilmar,Slaght,wslaghtoz@cornell.edu
901,Arda,Opy,aopyp0@uiuc.edu
902,Patricio,Kirrens,pkirrensp1@theatlantic.com
903,Angelina,Chadwick,achadwickp2@reuters.com
904,Wilone,Munford,wmunfordp3@addtoany.com
905,Jemima,Itzak,jitzakp4@reuters.com
906,Nadine,Mendoza,nmendozap5@boston.com
907,Stesha,Skamell,sskamellp6@amazon.de
908,Julina,Moffett,jmoffettp7@marketwatch.com
909,Franny,Tithecote,ftithecotep8@youtu.be
910,Clay,Caroline,ccarolinep9@goodreads.com
911,Pippa,Surcombe,psurcombepa@zimbio.com
912,Louie,Ewbanke,lewbankepb@devhub.com
913,Georgianne,Guidoni,gguidonipc@google.ru
914,Francene,Rodgman,frodgmanpd@sohu.com
915,Rubina,Hadenton,rhadentonpe@ucoz.ru
916,Ave,Gryglewski,agryglewskipf@unicef.org
917,Franny,Stolle,fstollepg@surveymonkey.com
918,Konstantin,Anan,kananph@arizona.edu
919,Clio,Hardson,chardsonpi@nba.com
920,Oralia,Vedishchev,ovedishchevpj@pbs.org
921,Maighdiln,Huller,mhullerpk@lulu.com
922,Chantal,Jahan,cjahanpl@cnn.com
923,Karissa,Westrey,kwestreypm@amazon.com
924,Dion,Dictus,ddictuspn@unesco.org
925,Kimberlyn,Hulett,khulettpo@github.io
926,Trula,Pulfer,tpulferpp@nhs.uk
927,Georgi,Cinnamond,gcinnamondpq@nifty.com
928,Red,Loreit,rloreitpr@wikimedia.org
929,Darby,Casacchia,dcasacchiaps@ihg.com
930,Scarlet,Lippatt,slippattpt@bizjournals.com
931,Paola,Weaben,pweabenpu@cdbaby.com
932,Darcy,Hollington,dhollingtonpv@github.com
933,Orlan,Wilber,owilberpw@sakura.ne.jp
934,Efren,MacGaffey,emacgaffeypx@typepad.com
935,Zola,Guppie,zguppiepy@google.com.br
936,Mace,Phinnessy,mphinnessypz@yahoo.com
937,Welch,Brookz,wbrookzq0@flavors.me
938,Von,Ferrolli,vferrolliq1@4shared.com
939,Moses,Craighead,mcraigheadq2@paypal.com
940,Rolando,Skokoe,rskokoeq3@tinypic.com
941,Griselda,Fayne,gfayneq4@tinypic.com
942,Jillayne,Shipcott,jshipcottq5@csmonitor.com
943,Forster,Skypp,fskyppq6@redcross.org
944,Violet,Dicke,vdickeq7@boston.com
945,Georges,Obbard,gobbardq8@wordpress.com
946,Larisa,Deek,ldeekq9@unicef.org
947,Alwyn,Trice,atriceqa@nbcnews.com
948,Adolphe,Guilleton,aguilletonqb@live.com
949,Othello,Braden,obradenqc@amazon.com
950,Franz,Sidworth,fsidworthqd@google.co.jp
951,Culley,Winterburn,cwinterburnqe@lulu.com
952,Violante,Benini,vbeniniqf@godaddy.com
953,Laurene,Robelet,lrobeletqg@linkedin.com
954,Enrique,Redwin,eredwinqh@answers.com
955,Dru,Cleeton,dcleetonqi@uol.com.br
956,Berky,deKnevet,bdeknevetqj@nydailynews.com
957,Ranice,Softley,rsoftleyqk@pcworld.com
958,Rabbi,Gooding,rgoodingql@meetup.com
959,Hyacinthie,Taphouse,htaphouseqm@hugedomains.com
960,Wilbur,Doylend,wdoylendqn@msn.com
961,Harvey,Friett,hfriettqo@sfgate.com
962,Antonie,Patten,apattenqp@amazon.co.uk
963,Filippo,Grichukhanov,fgrichukhanovqq@hao123.com
964,Timmy,Bearcock,tbearcockqr@ustream.tv
965,Torrey,Bonnefin,tbonnefinqs@cdbaby.com
966,Scottie,Brisland,sbrislandqt@wikipedia.org
967,Silvan,McCard,smccardqu@paypal.com
968,Cynthea,Charlotte,ccharlotteqv@over-blog.com
969,Vidovic,Mirralls,vmirrallsqw@youtu.be
970,Saloma,Turton,sturtonqx@creativecommons.org
971,Wang,Jannequin,wjannequinqy@tamu.edu
972,Adriena,Bowden,abowdenqz@discuz.net
973,Ebeneser,Kervin,ekervinr0@newyorker.com
974,Velvet,Isles,vislesr1@independent.co.uk
975,Belle,Stilwell,bstilwellr2@usatoday.com
976,Stevie,Sine,ssiner3@illinois.edu
977,Jud,Swyne,jswyner4@arstechnica.com
978,Katya,Crocken,kcrockenr5@mozilla.org
979,Mozelle,Folkes,mfolkesr6@tinyurl.com
980,Jere,Carnaman,jcarnamanr7@jugem.jp
981,Perrine,Ridgedell,pridgedellr8@is.gd
982,Rickard,Kettoe,rkettoer9@bizjournals.com
983,Leese,MacColgan,lmaccolganra@lulu.com
984,Rowney,Bratch,rbratchrb@com.com
985,Janet,Sofe,jsoferc@usgs.gov
986,Coleman,Barkaway,cbarkawayrd@gmpg.org
987,Justis,Slocket,jslocketre@symantec.com
988,Marita,Bullus,mbullusrf@narod.ru
989,Noellyn,Meth,nmethrg@wsj.com
990,Winn,Barbrook,wbarbrookrh@dot.gov
991,Raviv,Bondesen,rbondesenri@indiatimes.com
992,Marcellina,Cudde,mcudderj@yellowpages.com
993,Thaddus,Vallentin,tvallentinrk@dot.gov
994,Lovell,Finney,lfinneyrl@wikimedia.org
995,Rubia,Pimerick,rpimerickrm@reddit.com
996,Sabine,Toffel,stoffelrn@devhub.com
997,Alfi,Barkess,abarkessro@gov.uk
998,Anna-diane,Shewon,ashewonrp@sbwire.com
999,Alyosha,Aliman,aalimanrq@acquirethisname.com
1000,Cesaro,Van Dalen,cvandalenrr@bandcamp.com
