id,first_name,last_name,email,gender,ip_address
1,Hank,Diboll,hdiboll0@ning.com,Male,214.151.247.54
2,Jerry,Elsdon,jelsdon1@wiley.com,Agender,112.40.16.243
3,Judon,Pogue,jpogue2@nhs.uk,Male,171.61.10.155
4,Si,Duffet,sduffet3@creativecommons.org,Male,74.220.244.113
5,Vinita,Roberds,vroberds4@deviantart.com,Female,173.5.54.188
6,Tisha,McGillicuddy,tmcgillicuddy5@ebay.co.uk,Female,58.80.83.252
7,Annette,Cant,acant6@fema.gov,Female,149.33.170.176
8,Walsh,Jeakins,wjeakins7@home.pl,Male,186.104.55.122
9,Arlen,Vian,avian8@nydailynews.com,Female,8.203.78.19
10,Puff,Dedman,pdedman9@apple.com,Male,69.17.38.68
11,Michell,Penn,mpenna@opensource.org,Genderqueer,206.4.61.43
12,Tabina,Wickendon,twickendonb@oakley.com,Genderfluid,188.14.58.92
13,Teodora,Carbry,tcarbryc@wunderground.com,Female,243.90.80.43
14,Betteanne,Simnor,bsimnord@zimbio.com,Female,111.29.89.235
15,Alika,Milham,amilhame@quantcast.com,Female,229.54.118.194
16,Ammamaria,Anscombe,aanscombef@github.io,Female,167.88.199.136
17,Lorry,Chamberlayne,lchamberlayneg@latimes.com,Male,217.44.7.149
18,Rick,Danshin,rdanshinh@zdnet.com,Male,252.172.27.252
19,Gery,Crowche,gcrowchei@cnbc.com,Male,48.97.242.233
20,Erny,Cavolini,ecavolinij@prlog.org,Male,200.176.75.203
21,Joanna,Nattrass,jnattrassk@drupal.org,Female,9.76.180.90
22,Bess,Klemensiewicz,bklemensiewiczl@linkedin.com,Female,247.72.56.159
23,Brittaney,Burmaster,bburmasterm@engadget.com,Polygender,89.45.137.147
24,Martino,Ceaser,mceasern@scribd.com,Male,208.230.7.130
25,Caitlin,Jirasek,cjiraseko@reuters.com,Female,223.13.233.62
26,Jefferey,Chalcroft,jchalcroftp@msn.com,Male,199.61.209.44
27,Clement,Schapero,cschaperoq@sitemeter.com,Male,62.195.149.36
28,Cordey,Tennewell,ctennewellr@1688.com,Female,228.70.11.186
29,Aloise,Sindle,asindles@cbc.ca,Female,2.164.113.3
30,Rob,Bootman,rbootmant@jugem.jp,Male,92.181.64.10
31,Henrieta,Juanes,hjuanesu@skyrock.com,Female,201.132.84.140
32,Ave,Pentony,apentonyv@posterous.com,Male,84.13.67.187
33,Lonni,Ludgate,lludgatew@gizmodo.com,Female,235.179.62.139
34,Wally,Gosney,wgosneyx@mapy.cz,Male,159.185.33.148
35,Mattheus,Newey,mneweyy@discuz.net,Male,211.216.47.157
36,Guillermo,Crittal,gcrittalz@youku.com,Male,124.246.161.63
37,Nevin,Mibourne,nmibourne10@cnet.com,Male,171.141.112.222
38,Katerina,Chastenet,kchastenet11@sfgate.com,Bigender,189.81.133.6
39,Corbet,Gye,cgye12@vk.com,Male,184.38.98.156
40,North,Hauger,nhauger13@cloudflare.com,Male,46.184.244.87
41,Julissa,Arundell,jarundell14@eventbrite.com,Female,225.238.130.181
42,Gail,Charette,gcharette15@mozilla.com,Male,219.131.122.151
43,Everard,Benzies,ebenzies16@exblog.jp,Male,243.164.122.37
44,Godard,Kiff,gkiff17@nih.gov,Male,117.202.51.233
45,Gideon,Storrah,gstorrah18@slate.com,Male,43.237.54.167
46,Ester,Kolin,ekolin19@w3.org,Non-binary,166.39.64.218
47,Jeanna,Lyons,jlyons1a@yahoo.com,Female,239.18.86.120
48,Nevile,Jacqueminet,njacqueminet1b@ehow.com,Male,52.181.234.101
49,Chickie,Comer,ccomer1c@example.com,Female,135.160.143.158
50,Lorene,Rawll,lrawll1d@vkontakte.ru,Female,76.202.80.103
51,Tann,Nye,tnye1e@google.nl,Male,163.12.182.81
52,Orelee,Bussey,obussey1f@blogtalkradio.com,Female,142.49.145.96
53,Carlie,Catherine,ccatherine1g@yelp.com,Male,146.233.202.61
54,Othello,Kirkham,okirkham1h@boston.com,Male,168.67.171.70
55,Lurleen,Dosdill,ldosdill1i@artisteer.com,Female,60.154.74.236
56,Herrick,Attwool,hattwool1j@51.la,Male,249.172.57.34
57,Nollie,Girardet,ngirardet1k@guardian.co.uk,Male,150.54.70.146
58,Yul,Merrell,ymerrell1l@squidoo.com,Male,61.25.77.101
59,Chery,Rawsthorne,crawsthorne1m@time.com,Female,248.94.223.164
60,Casie,Aughton,caughton1n@ucoz.ru,Polygender,206.209.39.219
61,Kristine,Buckley,kbuckley1o@dell.com,Female,181.226.88.48
62,Ingaberg,Groombridge,igroombridge1p@netscape.com,Female,127.189.160.239
63,Torie,Chaffer,tchaffer1q@cdc.gov,Female,222.138.95.234
64,Chloette,MacCart,cmaccart1r@google.co.uk,Female,72.80.88.175
65,Valentia,Saffin,vsaffin1s@alexa.com,Female,192.142.158.7
66,Martainn,Benitti,mbenitti1t@gnu.org,Male,111.40.49.89
67,Sande,Ablewhite,sablewhite1u@amazon.de,Female,143.245.60.114
68,Correna,Anan,canan1v@ovh.net,Female,168.25.163.178
69,Donna,Underhill,dunderhill1w@microsoft.com,Female,3.53.50.128
70,Brook,Danelet,bdanelet1x@symantec.com,Male,89.26.141.171
71,Michale,Attreed,mattreed1y@amazon.co.uk,Male,104.28.70.19
72,Micheil,Grinishin,mgrinishin1z@bbc.co.uk,Male,218.99.125.82
73,Ludovika,Vasovic,lvasovic20@vk.com,Female,86.52.44.252
74,Annora,Bilney,abilney21@yahoo.com,Female,65.92.191.236
75,Harli,Faudrie,hfaudrie22@wordpress.com,Female,33.7.60.168
76,Itch,Scotchmor,iscotchmor23@dagondesign.com,Male,251.198.164.36
77,Cindelyn,Shireff,cshireff24@google.fr,Female,162.193.56.150
78,Sophia,Byk,sbyk25@google.com.hk,Female,38.193.86.222
79,Sansone,Lambrecht,slambrecht26@blogger.com,Male,105.13.41.17
80,Elisabeth,Earpe,eearpe27@icq.com,Genderqueer,253.202.82.83
81,Bennett,Tripe,btripe28@berkeley.edu,Male,197.87.4.193
82,Lindy,McSkeagan,lmcskeagan29@globo.com,Female,44.138.210.232
83,Sunshine,Wheway,swheway2a@ocn.ne.jp,Agender,238.221.207.73
84,Raquela,Marder,rmarder2b@so-net.ne.jp,Female,76.118.166.236
85,Anson,Jeaneau,ajeaneau2c@sun.com,Male,187.202.52.3
86,Gustav,Van Cassel,gvancassel2d@de.vu,Male,182.206.85.21
87,Augusto,Sicha,asicha2e@yolasite.com,Male,186.158.249.39
88,Humphrey,Pavitt,hpavitt2f@google.nl,Male,76.156.198.177
89,Dael,Watterson,dwatterson2g@theglobeandmail.com,Male,253.66.6.63
90,Carmel,Witard,cwitard2h@house.gov,Female,38.226.36.41
91,Calida,Langelay,clangelay2i@businessinsider.com,Female,203.69.110.221
92,Rhetta,Wicklin,rwicklin2j@jiathis.com,Female,150.233.24.80
93,Nicki,Lohmeyer,nlohmeyer2k@sogou.com,Female,24.42.49.106
94,Ibbie,Liggett,iliggett2l@t-online.de,Female,111.233.244.30
95,Aubrey,Lindemann,alindemann2m@skype.com,Male,121.94.199.129
96,Ronny,Van der Brug,rvanderbrug2n@microsoft.com,Female,65.157.158.116
97,Archambault,Antrag,aantrag2o@ibm.com,Male,239.84.159.131
98,Sybila,Gabby,sgabby2p@godaddy.com,Female,45.23.166.110
99,Alwyn,Alliker,aalliker2q@epa.gov,Genderqueer,176.211.135.174
100,Lenci,O' Lone,lolone2r@gizmodo.com,Male,68.170.168.93
101,Pierce,Stapforth,pstapforth2s@goo.gl,Male,130.10.51.196
102,Geralda,Denk,gdenk2t@tripadvisor.com,Female,37.153.144.67
103,Virgil,Aplin,vaplin2u@msu.edu,Male,177.227.159.65
104,Zaccaria,Aldus,zaldus2v@google.pl,Male,109.240.216.1
105,Yorgo,Loveland,yloveland2w@odnoklassniki.ru,Male,117.54.164.70
106,Ethan,Ironmonger,eironmonger2x@ucoz.com,Male,228.75.181.110
107,Carlen,Zaple,czaple2y@cdc.gov,Female,93.211.244.123
108,Gayelord,Rembrant,grembrant2z@devhub.com,Male,113.101.237.101
109,Carrie,Cometson,ccometson30@hibu.com,Female,210.183.5.161
110,Vincent,Eeles,veeles31@cnbc.com,Male,24.139.12.84
111,Alta,Stratley,astratley32@paginegialle.it,Female,250.151.57.117
112,Lazaro,Bushaway,lbushaway33@drupal.org,Male,82.161.111.123
113,Christye,Shippam,cshippam34@nature.com,Female,148.13.65.30
114,Fayina,Goldstraw,fgoldstraw35@boston.com,Female,236.216.64.193
115,De,Lermouth,dlermouth36@list-manage.com,Non-binary,150.241.166.12
116,Casey,Windibank,cwindibank37@mozilla.com,Male,35.185.254.176
117,Wilmette,Bloodworth,wbloodworth38@i2i.jp,Female,187.250.251.59
118,Merle,Borrie,mborrie39@microsoft.com,Male,43.101.181.84
119,Averil,Jeff,ajeff3a@ehow.com,Male,63.149.165.230
120,Vassily,Cornthwaite,vcornthwaite3b@utexas.edu,Male,38.206.181.219
121,Damien,Irnys,dirnys3c@networksolutions.com,Male,237.44.67.226
122,Wright,Annett,wannett3d@angelfire.com,Male,120.207.88.192
123,Kelley,Masey,kmasey3e@seesaa.net,Male,38.54.177.100
124,Ansley,Yepiskopov,ayepiskopov3f@studiopress.com,Female,34.11.8.184
125,Beverlee,Flack,bflack3g@webs.com,Female,36.147.36.16
126,Hattie,Daile,hdaile3h@so-net.ne.jp,Genderfluid,163.68.135.138
127,Kaye,MacKaile,kmackaile3i@yolasite.com,Female,69.61.148.159
128,Karina,Hove,khove3j@phpbb.com,Female,89.239.119.146
129,Antonina,Bohlsen,abohlsen3k@opera.com,Female,243.108.192.251
130,Taite,Djurkovic,tdjurkovic3l@github.io,Male,246.245.35.64
131,Waylen,Renvoys,wrenvoys3m@ucoz.com,Male,186.148.123.178
132,Sela,Gianelli,sgianelli3n@tinyurl.com,Female,118.200.10.190
133,Mandel,Pechard,mpechard3o@4shared.com,Male,72.25.40.244
134,Giuseppe,Possek,gpossek3p@comsenz.com,Male,28.41.20.9
135,Vivien,Iveson,viveson3q@blogtalkradio.com,Female,216.24.154.223
136,Salomi,Mattock,smattock3r@java.com,Female,54.227.16.126
137,Camel,Waldocke,cwaldocke3s@ning.com,Female,255.105.196.87
138,Cecilio,Tookill,ctookill3t@opera.com,Non-binary,39.142.221.13
139,Janeczka,Dady,jdady3u@goo.gl,Female,42.185.151.198
140,Polly,Faustian,pfaustian3v@bloomberg.com,Female,37.234.11.152
141,Clarissa,Corriea,ccorriea3w@trellian.com,Non-binary,226.219.166.157
142,Kaye,Bridden,kbridden3x@japanpost.jp,Female,206.215.126.255
143,Wallie,Schroder,wschroder3y@nydailynews.com,Male,191.56.38.233
144,Lorenzo,Readett,lreadett3z@t.co,Male,170.24.135.248
145,Murdoch,Chessil,mchessil40@is.gd,Male,166.180.254.214
146,Giacinta,Bullene,gbullene41@instagram.com,Female,106.211.7.121
147,Tim,Border,tborder42@webmd.com,Female,108.152.108.148
148,Somerset,Fetters,sfetters43@infoseek.co.jp,Male,127.157.23.104
149,Yelena,Fanstone,yfanstone44@home.pl,Female,235.3.200.116
150,Fayre,Coombes,fcoombes45@amazonaws.com,Female,55.59.200.162
151,Tootsie,Quarlis,tquarlis46@paypal.com,Female,170.166.140.154
152,Bea,Daniells,bdaniells47@yandex.ru,Bigender,149.38.177.121
153,Dallas,Newnham,dnewnham48@timesonline.co.uk,Female,124.13.242.69
154,Isa,Taberner,itaberner49@usnews.com,Male,254.148.95.108
155,Brunhilde,Pickle,bpickle4a@cpanel.net,Agender,180.170.110.141
156,Francine,Bickerstasse,fbickerstasse4b@infoseek.co.jp,Female,54.23.135.46
157,Jory,Skamal,jskamal4c@ucoz.com,Male,254.30.118.37
158,Pansy,Jonuzi,pjonuzi4d@cdc.gov,Female,149.217.86.26
159,Karole,Baudrey,kbaudrey4e@technorati.com,Female,15.113.115.107
160,Brennan,Wille,bwille4f@free.fr,Male,48.240.65.31
161,Oralie,Dudgeon,odudgeon4g@histats.com,Female,27.207.201.105
162,Tyson,Willox,twillox4h@upenn.edu,Genderfluid,34.193.10.67
163,Lorinda,Mizzi,lmizzi4i@usda.gov,Female,180.119.182.203
164,Porty,McKean,pmckean4j@miitbeian.gov.cn,Male,180.180.178.43
165,Lucine,Kearford,lkearford4k@msn.com,Non-binary,57.73.252.17
166,Nelia,Normanville,nnormanville4l@oracle.com,Female,3.70.115.194
167,Tanhya,Benedtti,tbenedtti4m@goo.ne.jp,Female,5.131.126.11
168,Etheline,Swatland,eswatland4n@cornell.edu,Female,147.136.135.17
169,Dana,Hussy,dhussy4o@shop-pro.jp,Female,1.84.111.16
170,Morten,Loftin,mloftin4p@ftc.gov,Male,49.50.134.205
171,Wyatan,Shotbolt,wshotbolt4q@zimbio.com,Male,63.203.11.103
172,Tad,Supple,tsupple4r@slate.com,Male,98.102.114.100
173,Florance,Yeend,fyeend4s@gov.uk,Female,114.0.3.66
174,Halsey,Oman,homan4t@vistaprint.com,Male,227.117.66.123
175,Matias,Viner,mviner4u@sun.com,Male,223.193.12.162
176,Lindy,Yoxall,lyoxall4v@ted.com,Male,175.84.253.97
177,Lissa,Linder,llinder4w@devhub.com,Female,118.57.162.32
178,Catriona,O'Dyvoy,codyvoy4x@yandex.ru,Female,61.198.31.93
179,Reese,Reddan,rreddan4y@slate.com,Male,33.110.237.237
180,Berton,Patzelt,bpatzelt4z@tripadvisor.com,Male,94.114.13.67
181,Cointon,Hapgood,chapgood50@google.it,Male,50.122.49.163
182,Rooney,McKeran,rmckeran51@businessweek.com,Bigender,164.20.242.63
183,Valentia,McArley,vmcarley52@google.com.hk,Female,246.133.13.250
184,Budd,Ruos,bruos53@unc.edu,Male,159.150.64.237
185,Witty,Brickdale,wbrickdale54@ft.com,Male,19.88.60.60
186,Gasparo,Shoebrook,gshoebrook55@nydailynews.com,Male,1.85.230.32
187,Lilias,Tellesson,ltellesson56@patch.com,Agender,14.41.121.2
188,Ev,Guillard,eguillard57@wufoo.com,Male,53.151.215.198
189,Reider,Folger,rfolger58@hibu.com,Agender,78.141.62.158
190,Carlye,Saberton,csaberton59@patch.com,Female,200.42.157.85
191,Hannis,Bines,hbines5a@cmu.edu,Female,118.121.118.69
192,Fionna,Crose,fcrose5b@youtu.be,Female,255.39.103.106
193,Hartley,Stockoe,hstockoe5c@ibm.com,Bigender,109.137.161.222
194,Ingram,Zorzutti,izorzutti5d@addtoany.com,Non-binary,60.6.48.37
195,Burke,Borthwick,bborthwick5e@mlb.com,Male,225.218.44.183
196,Jeromy,Di Carli,jdicarli5f@aol.com,Male,250.151.112.32
197,Robbi,Klazenga,rklazenga5g@simplemachines.org,Female,24.58.150.142
198,Lita,McCrohon,lmccrohon5h@bloglovin.com,Bigender,58.141.42.134
199,Robbie,Aberkirdo,raberkirdo5i@latimes.com,Male,185.74.160.100
200,Ferris,Lemmer,flemmer5j@chron.com,Male,228.171.184.28
201,Gregory,Gabb,ggabb5k@google.es,Male,31.230.87.5
202,Brent,Orpyne,borpyne5l@psu.edu,Male,168.183.106.175
203,Elka,Langhorn,elanghorn5m@census.gov,Agender,11.34.111.46
204,Roberto,Julyan,rjulyan5n@google.com.au,Male,207.104.7.152
205,Lanie,Egalton,legalton5o@canalblog.com,Male,132.48.158.4
206,Arv,Bromby,abromby5p@gizmodo.com,Male,116.3.174.107
207,Pauline,Buxam,pbuxam5q@bbb.org,Female,77.21.4.24
208,Daphne,Fantham,dfantham5r@telegraph.co.uk,Female,98.127.70.5
209,Tiebold,Goschalk,tgoschalk5s@cnet.com,Male,135.84.239.7
210,Alexa,Byrom,abyrom5t@wikipedia.org,Female,219.172.162.70
211,Arlie,Arrington,aarrington5u@indiegogo.com,Female,228.227.214.114
212,Grantham,Noel,gnoel5v@github.com,Male,110.102.97.236
213,Ailene,Condict,acondict5w@wordpress.com,Female,237.66.77.33
214,Cynthie,Anderer,canderer5x@examiner.com,Female,1.80.145.77
215,Marj,Outhwaite,mouthwaite5y@nytimes.com,Female,177.84.140.131
216,Fred,Allsup,fallsup5z@wikispaces.com,Female,231.77.174.98
217,Peterus,Torrese,ptorrese60@themeforest.net,Male,24.59.16.178
218,Sandra,Moggle,smoggle61@ca.gov,Female,4.190.61.179
219,Tomasina,Iskov,tiskov62@g.co,Polygender,212.123.152.0
220,Orlan,Longford,olongford63@huffingtonpost.com,Male,221.176.143.138
221,Lottie,Iwanowski,liwanowski64@businessinsider.com,Female,25.95.62.58
222,Patrice,O'Mahoney,pomahoney65@blogspot.com,Female,110.5.169.67
223,Homerus,Rubinowitz,hrubinowitz66@usda.gov,Male,164.183.203.41
224,Hillyer,McGaugan,hmcgaugan67@so-net.ne.jp,Male,107.241.162.126
225,Amelia,Swales,aswales68@weather.com,Female,7.52.210.162
226,Nike,Roger,nroger69@archive.org,Female,27.26.222.38
227,Eloisa,McEnteggart,emcenteggart6a@icq.com,Female,212.116.192.192
228,Winonah,Cantillion,wcantillion6b@wunderground.com,Genderfluid,215.248.144.187
229,Maribelle,Hugk,mhugk6c@webeden.co.uk,Female,145.72.160.227
230,Johnath,Salvin,jsalvin6d@bloglines.com,Female,35.253.45.71
231,Debera,Choat,dchoat6e@slideshare.net,Female,45.117.4.47
232,Lynnelle,Briand,lbriand6f@mac.com,Female,99.23.81.165
233,Bonnie,Simmen,bsimmen6g@businessweek.com,Female,39.52.125.242
234,Rosetta,Neward,rneward6h@newyorker.com,Female,245.88.174.100
235,Bobbie,Cathcart,bcathcart6i@spiegel.de,Male,209.46.222.124
236,Maxim,O' Kelleher,mokelleher6j@people.com.cn,Male,67.33.193.133
237,Georg,Juorio,gjuorio6k@prweb.com,Male,141.199.145.69
238,Ansell,Lutsch,alutsch6l@wired.com,Male,225.7.20.33
239,Lesley,Mattiazzo,lmattiazzo6m@arizona.edu,Female,137.25.208.150
240,Thibaut,Godball,tgodball6n@newsvine.com,Male,225.251.241.103
241,Eadie,Clitsome,eclitsome6o@elegantthemes.com,Female,6.218.103.26
242,Shurwood,Goulthorp,sgoulthorp6p@blinklist.com,Male,35.135.141.132
243,Drusie,Cansfield,dcansfield6q@oakley.com,Female,241.148.129.74
244,Cheryl,Enders,cenders6r@hhs.gov,Female,220.195.201.130
245,Edmon,Corps,ecorps6s@hhs.gov,Male,74.32.130.72
246,Hurlee,Skoughman,hskoughman6t@pinterest.com,Male,99.196.69.102
247,Kassia,Bowld,kbowld6u@a8.net,Female,148.227.151.139
248,Alida,Giovanazzi,agiovanazzi6v@weibo.com,Female,37.235.69.129
249,Pamelina,Dillistone,pdillistone6w@deliciousdays.com,Female,211.57.8.247
250,Romonda,Slott,rslott6x@bing.com,Female,79.30.50.199
251,Fidel,Weatherley,fweatherley6y@icio.us,Male,197.187.201.204
252,Kelly,Joney,kjoney6z@quantcast.com,Male,81.151.15.239
253,Tamra,Campey,tcampey70@google.nl,Female,135.55.202.60
254,Mano,Clarkin,mclarkin71@bloglovin.com,Male,66.198.83.32
255,Marybeth,Cail,mcail72@blinklist.com,Female,199.183.43.120
256,Abbe,Yurevich,ayurevich73@fastcompany.com,Male,207.209.191.138
257,Sheena,Busch,sbusch74@mayoclinic.com,Female,114.7.239.202
258,Dev,Cabbell,dcabbell75@friendfeed.com,Male,45.33.213.67
259,Bliss,Gare,bgare76@mlb.com,Female,33.8.34.132
260,Curcio,Bugdell,cbugdell77@freewebs.com,Male,160.180.221.134
261,Mathe,Abarough,mabarough78@woothemes.com,Genderfluid,233.212.149.24
262,Truman,Greensted,tgreensted79@biglobe.ne.jp,Male,222.59.199.197
263,Jayne,Pratten,jpratten7a@archive.org,Polygender,204.96.46.205
264,Alfi,Oylett,aoylett7b@tinyurl.com,Female,237.120.203.29
265,Tedi,Denisovich,tdenisovich7c@hibu.com,Polygender,60.177.71.172
266,Marisa,Habbon,mhabbon7d@symantec.com,Female,125.59.153.253
267,Chaim,Leaney,cleaney7e@goo.ne.jp,Male,13.211.63.95
268,Aloysius,Dodgshon,adodgshon7f@sitemeter.com,Polygender,4.122.166.241
269,Maryellen,Bonnefin,mbonnefin7g@cnn.com,Female,15.140.125.37
270,Abagail,Bickford,abickford7h@php.net,Female,229.240.146.52
271,Alla,Du Fray,adufray7i@technorati.com,Female,203.15.69.58
272,Roman,Golagley,rgolagley7j@shop-pro.jp,Male,3.178.116.77
273,Portie,Beddon,pbeddon7k@dailymotion.com,Male,251.40.19.72
274,Thedrick,Futcher,tfutcher7l@merriam-webster.com,Male,229.199.219.7
275,Caspar,Garrold,cgarrold7m@jimdo.com,Male,152.70.26.204
276,Fran,Pinnigar,fpinnigar7n@homestead.com,Female,22.107.239.123
277,Palm,Stockdale,pstockdale7o@myspace.com,Male,132.49.85.244
278,Delly,Colman,dcolman7p@t.co,Female,231.122.171.113
279,Israel,Mulleary,imulleary7q@mashable.com,Male,43.112.51.64
280,Meridel,Caulliere,mcaulliere7r@dailymotion.com,Female,156.73.237.64
281,Samantha,Stacy,sstacy7s@4shared.com,Female,4.151.36.15
282,Brandie,Haker,bhaker7t@icq.com,Female,229.21.255.110
283,Brietta,Kidson,bkidson7u@twitpic.com,Genderfluid,51.94.191.7
284,Carlie,Matteo,cmatteo7v@home.pl,Female,52.112.117.75
285,Joachim,Frondt,jfrondt7w@github.io,Male,2.149.248.18
286,Shayna,Gammet,sgammet7x@weebly.com,Female,39.78.27.211
287,Fifine,Houston,fhouston7y@hp.com,Female,217.10.235.170
288,Karalee,Thomasset,kthomasset7z@ezinearticles.com,Female,129.190.90.78
289,Milt,Carbine,mcarbine80@craigslist.org,Male,243.232.167.133
290,Sinclair,Mingaud,smingaud81@slashdot.org,Male,89.110.20.74
291,Josefina,Frascone,jfrascone82@opensource.org,Female,33.0.20.232
292,Nicolais,Giercke,ngiercke83@nifty.com,Male,67.29.148.67
293,Essy,Tinwell,etinwell84@ucoz.com,Female,138.69.117.45
294,Marylynne,Eddison,meddison85@spotify.com,Female,193.237.243.196
295,Ali,Verecker,averecker86@sina.com.cn,Female,69.229.217.63
296,Oberon,Padkin,opadkin87@weather.com,Male,36.237.137.147
297,Tanitansy,Hoyland,thoyland88@bbc.co.uk,Female,176.63.240.240
298,Sanders,Montrose,smontrose89@artisteer.com,Male,121.41.31.136
299,Andie,Lyndon,alyndon8a@nasa.gov,Female,149.215.24.195
300,Courtnay,Ramard,cramard8b@spotify.com,Male,134.116.170.125
301,Edin,Jumel,ejumel8c@examiner.com,Female,210.169.27.192
302,Raimondo,Realph,rrealph8d@fastcompany.com,Male,90.224.160.75
303,Minny,Betty,mbetty8e@vistaprint.com,Female,223.98.114.133
304,Jyoti,Chandlar,jchandlar8f@marriott.com,Female,160.100.234.41
305,Boone,Minguet,bminguet8g@marketwatch.com,Male,169.186.87.212
306,Fedora,Temprell,ftemprell8h@jiathis.com,Female,53.90.124.232
307,Lilyan,Bondar,lbondar8i@1688.com,Polygender,31.1.129.203
308,Lorraine,Staff,lstaff8j@yolasite.com,Female,86.79.141.176
309,Beale,Worley,bworley8k@admin.ch,Male,148.194.240.105
310,Dunstan,Rutland,drutland8l@prlog.org,Male,186.201.215.230
311,Vicki,Meecher,vmeecher8m@gov.uk,Female,192.114.13.83
312,Lotti,Breitler,lbreitler8n@google.pl,Female,190.132.13.105
313,Stanly,Sacco,ssacco8o@soundcloud.com,Male,170.31.37.122
314,Adelaida,Haydney,ahaydney8p@squidoo.com,Genderfluid,213.234.243.63
315,Leigh,Silcock,lsilcock8q@amazonaws.com,Female,51.176.22.40
316,Armand,MacFadden,amacfadden8r@squidoo.com,Male,131.198.147.229
317,Bud,Hannum,bhannum8s@last.fm,Male,89.44.165.253
318,Sander,Sear,ssear8t@ifeng.com,Male,215.51.255.105
319,Fraze,Spavon,fspavon8u@ibm.com,Male,116.16.122.205
320,Shari,Issatt,sissatt8v@mail.ru,Female,248.100.74.11
321,Leeann,Krienke,lkrienke8w@cisco.com,Female,102.41.46.21
322,Celestina,Backwell,cbackwell8x@usa.gov,Female,144.184.46.223
323,Noami,Hanvey,nhanvey8y@apache.org,Female,210.209.150.152
324,Urbanus,Lennie,ulennie8z@scientificamerican.com,Male,236.238.113.163
325,Ewart,Rigge,erigge90@cloudflare.com,Male,177.0.164.90
326,Tova,Stainfield,tstainfield91@umn.edu,Female,75.179.14.113
327,Caldwell,Phipson,cphipson92@hud.gov,Male,217.188.18.59
328,Gayelord,Wallbrook,gwallbrook93@shinystat.com,Male,31.101.189.138
329,Selby,Hughlock,shughlock94@cafepress.com,Male,107.177.60.148
330,Ingram,Glasscott,iglasscott95@dailymotion.com,Male,46.101.13.216
331,Northrop,Clemenceau,nclemenceau96@alexa.com,Male,116.252.131.17
332,Zarla,Queenborough,zqueenborough97@amazonaws.com,Female,81.198.7.200
333,Karita,Quartermaine,kquartermaine98@telegraph.co.uk,Female,193.145.116.125
334,Swen,Penni,spenni99@aol.com,Male,0.229.12.227
335,Rycca,Vickress,rvickress9a@tmall.com,Female,33.57.232.106
336,Niccolo,Eplett,neplett9b@xinhuanet.com,Male,99.34.143.244
337,Oliy,Camblin,ocamblin9c@yandex.ru,Female,234.31.5.5
338,Stacie,Kasman,skasman9d@dot.gov,Female,24.231.186.44
339,Tammie,Pagen,tpagen9e@amazon.co.uk,Female,62.39.197.98
340,Xenos,Richel,xrichel9f@meetup.com,Male,68.123.177.32
341,Inga,Clewett,iclewett9g@diigo.com,Female,219.103.177.184
342,Allyn,Leaburn,aleaburn9h@nsw.gov.au,Male,149.137.107.233
343,Brion,Elesander,belesander9i@uiuc.edu,Male,138.58.123.0
344,Arielle,Renowden,arenowden9j@answers.com,Female,132.117.179.245
345,Keslie,Shrimptone,kshrimptone9k@npr.org,Female,218.195.167.155
346,Dunc,Bigglestone,dbigglestone9l@squidoo.com,Male,42.248.228.254
347,Fiann,Spiers,fspiers9m@cdc.gov,Female,193.65.188.220
348,Davis,Plum,dplum9n@amazonaws.com,Male,240.181.191.20
349,Barbara-anne,Kinnon,bkinnon9o@bbb.org,Female,209.54.72.107
350,Fianna,Ruvel,fruvel9p@addtoany.com,Female,46.132.180.136
351,Donovan,Radford,dradford9q@smugmug.com,Male,107.187.174.202
352,Dulcinea,Crosbie,dcrosbie9r@yellowbook.com,Female,82.43.56.206
353,Marty,Royl,mroyl9s@answers.com,Female,88.133.175.170
354,Ddene,Kropp,dkropp9t@liveinternet.ru,Female,48.70.5.69
355,Eulalie,Presman,epresman9u@ifeng.com,Female,26.39.191.94
356,Blake,Tigwell,btigwell9v@angelfire.com,Female,163.115.117.222
357,Susana,Woodyear,swoodyear9w@moonfruit.com,Female,31.193.216.80
358,Willem,Mixer,wmixer9x@buzzfeed.com,Male,191.151.128.219
359,Inez,Bonnefin,ibonnefin9y@chicagotribune.com,Female,218.33.104.148
360,Tessie,Dunhill,tdunhill9z@npr.org,Female,80.5.238.96
361,Samson,Cornu,scornua0@si.edu,Male,253.21.254.222
362,Maurise,Caghy,mcaghya1@boston.com,Male,110.70.209.218
363,Ines,MacIllrick,imacillricka2@unblog.fr,Female,167.39.31.193
364,Carline,Klug,ckluga3@huffingtonpost.com,Female,131.219.130.232
365,Hamlin,Newlands,hnewlandsa4@telegraph.co.uk,Male,30.16.156.226
366,Cyndy,Watling,cwatlinga5@webmd.com,Female,202.162.56.78
367,Linn,Ingleton,lingletona6@bluehost.com,Male,174.192.165.193
368,Bobine,Pomphrey,bpomphreya7@bloomberg.com,Female,127.177.240.224
369,Cindra,Mahaddie,cmahaddiea8@seattletimes.com,Female,69.210.120.156
370,Lilias,Godain,lgodaina9@ucoz.ru,Female,223.250.128.44
371,Karel,Wheldon,kwheldonaa@foxnews.com,Female,111.151.64.83
372,Angelico,Cejka,acejkaab@goo.ne.jp,Male,174.34.210.243
373,Madelene,Fountian,mfountianac@simplemachines.org,Female,158.10.118.102
374,Davidde,McGroarty,dmcgroartyad@homestead.com,Male,149.47.177.59
375,Filberto,Abdy,fabdyae@etsy.com,Male,216.124.71.245
376,Edwina,Bernardotti,ebernardottiaf@ask.com,Polygender,47.200.114.221
377,Ester,Cardozo,ecardozoag@arizona.edu,Female,76.142.184.202
378,Kathrine,Kennon,kkennonah@quantcast.com,Female,234.176.238.224
379,Chas,Southerden,csoutherdenai@nifty.com,Male,180.195.45.100
380,Lilia,Burrell,lburrellaj@squarespace.com,Female,68.146.32.124
381,Jeno,McKennan,jmckennanak@yale.edu,Genderfluid,213.203.202.238
382,Bren,Chetwin,bchetwinal@java.com,Male,217.51.140.33
383,Zack,Readwing,zreadwingam@sitemeter.com,Male,244.25.99.0
384,Ferdinand,Rubrow,frubrowan@wp.com,Male,1.4.217.207
385,Thalia,Berryman,tberrymanao@xinhuanet.com,Female,5.194.22.56
386,Tremain,Hachard,thachardap@php.net,Male,133.225.196.138
387,Hector,Elwill,helwillaq@zimbio.com,Male,169.118.121.171
388,Wald,Stoll,wstollar@netscape.com,Male,242.0.185.68
389,Port,Whitwam,pwhitwamas@hugedomains.com,Male,182.137.112.110
390,Fifi,Breese,fbreeseat@multiply.com,Female,61.124.171.153
391,Carlynn,Sylett,csylettau@disqus.com,Female,178.135.244.231
392,Henryetta,Blenkiron,hblenkironav@google.de,Female,148.254.218.71
393,Jakie,Attard,jattardaw@upenn.edu,Male,67.59.41.144
394,Noella,Joicey,njoiceyax@home.pl,Female,144.39.247.126
395,Carri,Gladebeck,cgladebeckay@gov.uk,Female,14.251.84.47
396,Darleen,Gemeau,dgemeauaz@microsoft.com,Female,41.137.187.18
397,Land,Swatton,lswattonb0@google.de,Male,247.199.174.98
398,Yancy,Ronaghan,yronaghanb1@hugedomains.com,Male,239.129.60.123
399,Nadeen,Charlesworth,ncharlesworthb2@domainmarket.com,Female,195.157.150.193
400,Merrick,Willatt,mwillattb3@creativecommons.org,Male,201.43.136.32
401,Lewes,Prettejohns,lprettejohnsb4@usda.gov,Male,91.21.69.62
402,Bron,Huey,bhueyb5@tumblr.com,Male,67.220.15.72
403,Belia,Shewring,bshewringb6@economist.com,Female,31.144.242.121
404,Ross,Neesham,rneeshamb7@usa.gov,Male,200.129.144.157
405,Clare,Bortoli,cbortolib8@earthlink.net,Male,118.88.37.27
406,Sarine,Kinson,skinsonb9@guardian.co.uk,Female,38.68.234.111
407,Hamlen,Budgey,hbudgeyba@plala.or.jp,Male,95.239.94.12
408,Cathee,Mogey,cmogeybb@adobe.com,Female,220.156.184.239
409,Whit,Straniero,wstranierobc@ebay.co.uk,Male,252.174.169.79
410,Mario,Dwire,mdwirebd@google.co.uk,Male,58.197.116.35
411,Victoria,Dominichetti,vdominichettibe@lycos.com,Female,114.100.23.232
412,Madalena,Curry,mcurrybf@accuweather.com,Female,181.132.183.12
413,Roxie,Gaskamp,rgaskampbg@zimbio.com,Female,5.162.12.240
414,Annabela,Milton-White,amiltonwhitebh@youtu.be,Female,39.98.85.51
415,Lind,Frugier,lfrugierbi@google.cn,Male,33.103.198.98
416,Forrest,Forri,fforribj@telegraph.co.uk,Male,30.172.40.159
417,Gerianna,Dmitriev,gdmitrievbk@gravatar.com,Female,94.68.158.222
418,Damara,Pocke,dpockebl@ycombinator.com,Female,139.70.87.84
419,Gena,Christian,gchristianbm@zimbio.com,Female,15.204.141.115
420,Trey,Bohan,tbohanbn@narod.ru,Male,17.8.210.178
421,Rafaela,Tesoe,rtesoebo@epa.gov,Female,83.49.81.213
422,Clark,Shermore,cshermorebp@blogspot.com,Male,240.125.156.97
423,Bertie,McKenzie,bmckenziebq@squarespace.com,Female,130.102.249.194
424,Brewster,Hamshar,bhamsharbr@multiply.com,Genderqueer,34.33.14.2
425,Orv,Soaper,osoaperbs@gov.uk,Male,249.46.225.65
426,Bobette,Truluck,btruluckbt@arstechnica.com,Female,202.124.157.109
427,Graig,Solon,gsolonbu@samsung.com,Male,9.194.169.17
428,Vanya,O'Luney,voluneybv@yellowpages.com,Female,74.105.250.139
429,Dalila,Panons,dpanonsbw@free.fr,Female,27.100.134.151
430,Jake,Kernan,jkernanbx@wisc.edu,Male,131.252.120.79
431,Kaitlyn,Wikey,kwikeyby@icq.com,Female,215.12.227.183
432,Evangelina,Dymock,edymockbz@mit.edu,Female,253.32.157.241
433,Mommy,Tax,mtaxc0@mac.com,Female,226.111.208.235
434,Ferguson,Bentjens,fbentjensc1@nymag.com,Male,17.129.110.134
435,Esther,Caudrelier,ecaudrelierc2@chron.com,Female,208.35.205.51
436,Rhys,Turbefield,rturbefieldc3@blinklist.com,Male,12.99.107.204
437,Luca,Allcroft,lallcroftc4@netlog.com,Male,197.31.30.94
438,Katherina,Mager,kmagerc5@vkontakte.ru,Female,50.180.149.245
439,Carri,Thresh,cthreshc6@cam.ac.uk,Female,205.62.198.231
440,Mandel,MacKim,mmackimc7@sohu.com,Male,105.75.9.99
441,Cole,Leaney,cleaneyc8@abc.net.au,Male,33.170.157.255
442,Richardo,Alfuso,ralfusoc9@wikipedia.org,Male,179.65.44.68
443,Marlo,Stennett,mstennettca@etsy.com,Female,145.76.128.157
444,Marcela,Somner,msomnercb@state.tx.us,Female,128.5.214.173
445,Deirdre,Cheson,dchesoncc@php.net,Female,56.59.32.252
446,Orville,Seares,osearescd@sphinn.com,Male,214.134.229.96
447,Ravi,Spencer,rspencerce@usda.gov,Male,221.68.69.201
448,Margarethe,Methley,mmethleycf@ameblo.jp,Female,112.248.100.217
449,Roxane,Dorran,rdorrancg@army.mil,Female,102.180.24.63
450,Kit,Glasscoo,kglasscooch@angelfire.com,Male,176.108.174.5
451,Darcey,Normant,dnormantci@discuz.net,Female,209.51.233.180
452,Melosa,Sowthcote,msowthcotecj@ameblo.jp,Female,139.67.36.98
453,Curcio,D'Elia,cdeliack@google.co.jp,Male,132.180.119.35
454,Annemarie,Kensington,akensingtoncl@sohu.com,Female,198.210.219.56
455,Roth,Duncklee,rdunckleecm@sphinn.com,Male,215.84.24.9
456,Jessika,Poyner,jpoynercn@e-recht24.de,Female,49.39.234.217
457,Avrom,Tchir,atchirco@ehow.com,Male,22.218.60.122
458,Reggy,Buckwell,rbuckwellcp@bbc.co.uk,Male,62.71.96.221
459,Kalindi,Oakey,koakeycq@nyu.edu,Female,138.28.71.19
460,Shandee,Jahnisch,sjahnischcr@princeton.edu,Agender,202.1.149.92
461,Elysia,Sofe,esofecs@etsy.com,Female,185.190.49.149
462,Allison,Crossfeld,acrossfeldct@opensource.org,Female,191.117.59.76
463,Rora,Frier,rfriercu@washingtonpost.com,Female,197.101.168.41
464,Konstance,Hyde,khydecv@blogger.com,Non-binary,230.82.53.137
465,Geralda,McShirie,gmcshiriecw@topsy.com,Female,136.154.133.209
466,Stacee,Jewett,sjewettcx@xing.com,Male,5.52.243.251
467,Arnoldo,Allabarton,aallabartoncy@redcross.org,Bigender,130.93.95.203
468,Lief,Coates,lcoatescz@cornell.edu,Male,58.253.178.96
469,Pepillo,Miettinen,pmiettinend0@sbwire.com,Male,113.48.23.32
470,Bobbye,Blacker,bblackerd1@over-blog.com,Female,204.29.182.8
471,Dmitri,Weich,dweichd2@163.com,Male,248.164.207.32
472,Nadine,Lye,nlyed3@creativecommons.org,Female,0.56.128.29
473,Genvieve,Codling,gcodlingd4@businessinsider.com,Female,42.46.219.210
474,Noemi,Berthomier,nberthomierd5@unc.edu,Female,242.106.156.51
475,Royce,Gandy,rgandyd6@cisco.com,Male,197.3.162.186
476,Katinka,Oade,koaded7@yellowbook.com,Female,171.72.72.231
477,Clari,Grigoryev,cgrigoryevd8@guardian.co.uk,Female,88.247.5.216
478,Anselm,Gandey,agandeyd9@360.cn,Male,197.154.102.154
479,Rudyard,Raddon,rraddonda@home.pl,Male,13.202.156.160
480,Brandyn,Thickin,bthickindb@dot.gov,Male,101.14.91.231
481,Stefania,Kolyagin,skolyagindc@dailymotion.com,Female,57.59.139.36
482,Batsheva,Booth-Jarvis,bboothjarvisdd@desdev.cn,Female,93.194.96.154
483,Reuben,Scholtis,rscholtisde@spiegel.de,Male,43.142.169.241
484,Horatius,Dexter,hdexterdf@is.gd,Male,218.242.147.138
485,Benedicta,Shortell,bshortelldg@cdbaby.com,Female,24.139.57.51
486,Robbin,Cromer,rcromerdh@msu.edu,Female,234.101.137.243
487,Axe,Burwell,aburwelldi@cyberchimps.com,Male,102.145.183.166
488,Rancell,Brankley,rbrankleydj@usda.gov,Agender,13.202.75.95
489,Fonz,Parnaby,fparnabydk@nytimes.com,Male,131.253.98.87
490,Cherrita,Duddy,cduddydl@dedecms.com,Bigender,176.134.121.60
491,Davis,Windress,dwindressdm@wordpress.com,Male,28.178.192.31
492,Dugald,Langton,dlangtondn@virginia.edu,Male,80.210.142.191
493,Irma,Puckey,ipuckeydo@prweb.com,Female,1.197.35.248
494,Kirby,Karpets,kkarpetsdp@blogtalkradio.com,Female,57.185.222.22
495,Daniel,Cowill,dcowilldq@rediff.com,Male,142.205.152.77
496,Willis,Davley,wdavleydr@census.gov,Male,85.114.145.240
497,Kelsi,Stummeyer,kstummeyerds@wsj.com,Genderfluid,222.164.13.209
498,Thia,D'Ambrosio,tdambrosiodt@unc.edu,Genderfluid,243.65.158.253
499,Rollie,Esom,resomdu@examiner.com,Male,65.48.138.143
500,Lynn,Pischel,lpischeldv@comsenz.com,Female,179.209.249.184
501,Merrilee,Ide,midedw@lycos.com,Female,157.62.143.109
502,Laurianne,Treswell,ltreswelldx@i2i.jp,Genderfluid,34.227.111.118
503,Kassey,Baalham,kbaalhamdy@blogs.com,Female,126.158.12.159
504,Sylvan,Dickey,sdickeydz@sbwire.com,Male,175.34.100.55
505,Miquela,Pirkis,mpirkise0@tuttocitta.it,Female,37.85.202.126
506,Lorne,MacGinney,lmacginneye1@cpanel.net,Male,72.1.224.159
507,Tanny,Dilliston,tdillistone2@1688.com,Male,22.189.86.56
508,Mead,MacAllister,mmacallistere3@yellowbook.com,Male,2.156.187.131
509,Calida,Karpf,ckarpfe4@dell.com,Female,28.75.38.46
510,Nina,Scripture,nscripturee5@smh.com.au,Female,10.224.85.154
511,Lorri,Kitchinham,lkitchinhame6@independent.co.uk,Female,218.205.132.48
512,Connor,Curless,ccurlesse7@com.com,Male,224.105.227.2
513,Artemis,MacKibbon,amackibbone8@elpais.com,Male,215.193.11.145
514,Klemens,Spores,ksporese9@yellowpages.com,Male,60.97.157.161
515,Ainslee,Stegers,astegersea@jalbum.net,Female,41.168.52.167
516,Margarethe,Brasseur,mbrasseureb@github.com,Female,177.169.191.254
517,Lorianna,Dowers,ldowersec@pen.io,Agender,73.238.89.116
518,Monika,Pryke,mprykeed@ftc.gov,Female,39.53.30.170
519,Johnny,Sive,jsiveee@devhub.com,Non-binary,112.175.6.95
520,Wilfred,Rilston,wrilstonef@squarespace.com,Male,202.235.177.128
521,Nance,Mongain,nmongaineg@tumblr.com,Female,233.192.25.85
522,Marco,Ganderton,mgandertoneh@123-reg.co.uk,Male,113.42.240.164
523,Renell,Covely,rcovelyei@si.edu,Female,173.105.204.13
524,Opal,Bennike,obennikeej@state.gov,Female,95.173.66.109
525,Harri,Dawltrey,hdawltreyek@aol.com,Female,134.156.8.67
526,Suzann,Castledine,scastledineel@wordpress.org,Female,179.223.91.13
527,Erica,Dunguy,edunguyem@bravesites.com,Female,87.208.193.51
528,Daisie,McCrorie,dmccrorieen@java.com,Polygender,192.172.76.174
529,Lizbeth,Skoggings,lskoggingseo@businesswire.com,Female,242.216.66.75
530,Delores,Ridpath,dridpathep@ibm.com,Female,63.43.19.173
531,Neill,De Benedictis,ndebenedictiseq@addthis.com,Male,222.80.215.11
532,Rainer,Mazzia,rmazziaer@usatoday.com,Male,110.80.230.181
533,Agnesse,Madigan,amadiganes@amazon.com,Female,48.24.91.229
534,Reade,Di Giacomettino,rdigiacomettinoet@nature.com,Male,171.4.60.49
535,Jo,Arnke,jarnkeeu@howstuffworks.com,Male,187.71.119.73
536,Karim,de Cullip,kdecullipev@shinystat.com,Male,89.79.210.34
537,Paula,Sherreard,psherreardew@hao123.com,Female,194.152.121.193
538,Thea,Saiger,tsaigerex@typepad.com,Female,10.56.112.144
539,Tammy,Harmar,tharmarey@smugmug.com,Male,2.100.234.246
540,Marcus,Kindon,mkindonez@themeforest.net,Male,113.35.227.3
541,Miltie,Brandreth,mbrandrethf0@google.co.uk,Genderfluid,179.85.76.204
542,Terrel,Blackham,tblackhamf1@lulu.com,Male,190.255.96.82
543,Jermaine,Battisson,jbattissonf2@taobao.com,Male,95.249.87.10
544,Iris,Stapforth,istapforthf3@wordpress.com,Female,160.49.43.52
545,Zonnya,Luetchford,zluetchfordf4@nih.gov,Female,131.125.115.27
546,Swen,Biggen,sbiggenf5@youku.com,Male,58.164.188.1
547,Lynette,Viollet,lviolletf6@bandcamp.com,Female,194.71.172.219
548,Codi,Kempster,ckempsterf7@jalbum.net,Male,130.144.28.33
549,Quintus,Winscom,qwinscomf8@seesaa.net,Male,11.13.176.89
550,Emelda,Iamittii,eiamittiif9@theglobeandmail.com,Female,113.6.86.98
551,Geoffrey,Gorghetto,ggorghettofa@gmpg.org,Male,241.224.82.109
552,Pooh,Longea,plongeafb@google.cn,Female,198.75.13.84
553,Tabitha,Reasce,treascefc@tumblr.com,Female,27.176.179.237
554,Stillman,Powley,spowleyfd@noaa.gov,Male,39.31.177.85
555,Hazlett,Hudleston,hhudlestonfe@hugedomains.com,Male,20.227.48.77
556,Desiri,Curzey,dcurzeyff@constantcontact.com,Female,104.165.241.82
557,Malia,Ivanyushin,mivanyushinfg@so-net.ne.jp,Female,188.55.244.114
558,Michelina,Fall,mfallfh@squarespace.com,Female,8.110.199.165
559,Ira,Glasspoole,iglasspoolefi@sun.com,Polygender,172.27.208.243
560,Willem,Sapey,wsapeyfj@fc2.com,Male,88.101.135.125
561,Orson,Bartocci,obartoccifk@dmoz.org,Male,90.195.194.227
562,Dag,Ferrieri,dferrierifl@bloomberg.com,Male,167.108.85.247
563,Dagny,Speers,dspeersfm@flavors.me,Male,45.137.120.226
564,Jackie,Lorinez,jlorinezfn@theguardian.com,Male,211.178.163.205
565,Ingar,Cartman,icartmanfo@google.de,Male,4.229.41.45
566,Hermie,Pohls,hpohlsfp@weebly.com,Male,150.30.112.90
567,Ashley,Silmon,asilmonfq@java.com,Male,13.223.227.140
568,Ben,Milton,bmiltonfr@arstechnica.com,Male,123.123.172.102
569,Lynn,Sparsholt,lsparsholtfs@networksolutions.com,Female,231.90.87.13
570,Teodor,McCawley,tmccawleyft@joomla.org,Male,35.197.41.55
571,Katerina,Murkitt,kmurkittfu@dion.ne.jp,Female,146.233.181.102
572,Alec,Goley,agoleyfv@unesco.org,Male,237.123.189.12
573,Ruben,Haydock,rhaydockfw@gnu.org,Non-binary,129.220.123.202
574,Luther,Sandiland,lsandilandfx@jugem.jp,Male,237.81.91.35
575,Gracia,Elgar,gelgarfy@auda.org.au,Female,79.52.150.5
576,Hadrian,Mitchelhill,hmitchelhillfz@is.gd,Male,96.14.160.18
577,Dilan,Brise,dbriseg0@apache.org,Male,137.104.51.71
578,Louis,Haddick,lhaddickg1@deviantart.com,Male,55.214.134.85
579,Nan,Jope,njopeg2@shutterfly.com,Female,182.202.60.71
580,Manda,Ference,mferenceg3@freewebs.com,Female,102.135.140.160
581,Bartlett,Creswell,bcreswellg4@ovh.net,Male,41.20.113.138
582,Davine,Hayller,dhayllerg5@auda.org.au,Female,219.46.122.55
583,Francesca,Adamowitz,fadamowitzg6@posterous.com,Female,247.37.101.166
584,Malcolm,Ballston,mballstong7@goodreads.com,Male,251.249.235.161
585,Diarmid,Speeding,dspeedingg8@sogou.com,Male,0.176.218.135
586,Adan,O'Mullally,aomullallyg9@dyndns.org,Polygender,52.24.162.96
587,Roslyn,Karlolczak,rkarlolczakga@guardian.co.uk,Genderfluid,253.11.116.190
588,Tiphany,Berriball,tberriballgb@irs.gov,Female,154.172.190.96
589,Cyb,Closs,cclossgc@goo.ne.jp,Female,147.131.98.54
590,Normy,Killingworth,nkillingworthgd@yandex.ru,Male,160.190.141.161
591,Con,O'Leagham,coleaghamge@tamu.edu,Female,211.107.39.244
592,Wolfie,Pedrick,wpedrickgf@pagesperso-orange.fr,Male,171.179.116.22
593,Giavani,Letrange,gletrangegg@zimbio.com,Genderfluid,238.104.124.202
594,Cesya,Dearth,cdearthgh@blogger.com,Female,222.172.49.117
595,Timoteo,Mauchlen,tmauchlengi@samsung.com,Male,111.163.62.248
596,Edyth,Celle,ecellegj@fc2.com,Female,194.178.92.127
597,Addie,Limer,alimergk@baidu.com,Female,96.68.224.177
598,Aylmar,Innocent,ainnocentgl@icio.us,Male,172.7.206.229
599,Federica,Aldrich,faldrichgm@google.com.hk,Female,86.152.2.44
600,Almire,Crighten,acrightengn@uiuc.edu,Female,55.85.99.183
601,Angelika,Tennick,atennickgo@creativecommons.org,Female,65.22.177.187
602,Welch,Banbury,wbanburygp@nydailynews.com,Male,91.195.130.218
603,Anastasia,Laban,alabangq@over-blog.com,Female,237.9.148.183
604,Ewan,Graveston,egravestongr@unicef.org,Male,152.149.108.132
605,Jenifer,Beament,jbeamentgs@diigo.com,Agender,164.108.245.125
606,Burk,Comley,bcomleygt@yale.edu,Male,228.49.91.8
607,Sonny,O'Howbane,sohowbanegu@microsoft.com,Female,54.74.162.97
608,Rodney,Lownie,rlowniegv@google.es,Male,96.19.29.241
609,Palmer,Ralling,prallinggw@arstechnica.com,Male,71.101.154.117
610,Buckie,Viall,bviallgx@angelfire.com,Male,140.30.12.77
611,Flore,Phillpot,fphillpotgy@networkadvertising.org,Female,67.5.165.234
612,Lu,Gunston,lgunstongz@java.com,Female,103.192.84.47
613,Loni,Undrill,lundrillh0@twitter.com,Female,40.106.244.63
614,Denis,Linch,dlinchh1@google.co.jp,Male,134.181.145.115
615,Tucky,Felce,tfelceh2@hubpages.com,Male,216.176.68.36
616,Oran,Zanitti,ozanittih3@seesaa.net,Male,148.81.26.88
617,Kenyon,Comizzoli,kcomizzolih4@buzzfeed.com,Male,171.247.73.80
618,Reinaldos,Sowray,rsowrayh5@google.co.uk,Male,134.112.132.212
619,Alia,Senten,asentenh6@angelfire.com,Female,138.20.130.159
620,Rubetta,Pietruszka,rpietruszkah7@ifeng.com,Female,201.202.72.43
621,Joyann,Glew,jglewh8@sohu.com,Female,151.159.151.80
622,Chadd,Parkman,cparkmanh9@ft.com,Male,125.174.90.177
623,Mickie,Wainer,mwainerha@zimbio.com,Male,76.218.228.75
624,Nealon,Sheekey,nsheekeyhb@cargocollective.com,Male,129.61.8.81
625,Jacobo,Ambrozik,jambrozikhc@fastcompany.com,Male,229.243.214.240
626,Aurea,Chamley,achamleyhd@marriott.com,Female,86.151.234.218
627,Halie,Wescott,hwescotthe@w3.org,Female,94.139.56.98
628,Waiter,Turbitt,wturbitthf@slideshare.net,Male,39.23.222.2
629,Karisa,De La Salle,kdelasallehg@irs.gov,Female,66.80.113.15
630,Karlan,Diess,kdiesshh@nifty.com,Male,142.14.82.49
631,Krystle,Ringe,kringehi@mapquest.com,Female,46.42.57.127
632,Grantley,Huddlestone,ghuddlestonehj@flavors.me,Male,219.55.43.172
633,Lillian,Sancto,lsanctohk@gnu.org,Female,198.215.229.126
634,Adolpho,Gettone,agettonehl@nymag.com,Male,131.27.132.186
635,Abie,Fearnyough,afearnyoughhm@admin.ch,Male,27.114.233.103
636,Keith,Eberle,keberlehn@prweb.com,Male,135.84.1.2
637,Julienne,Isselee,jisseleeho@thetimes.co.uk,Female,142.99.123.240
638,Ramona,McSweeney,rmcsweeneyhp@freewebs.com,Female,24.228.116.223
639,Odessa,Bulcroft,obulcrofthq@livejournal.com,Female,26.77.41.71
640,Genny,Jean,gjeanhr@independent.co.uk,Female,60.21.82.21
641,Rhianna,Argyle,rargylehs@squarespace.com,Female,139.158.165.87
642,Lou,Such,lsuchht@people.com.cn,Male,240.254.247.120
643,Abbye,Dreigher,adreigherhu@nhs.uk,Female,90.1.41.122
644,Barnebas,Eagell,beagellhv@wp.com,Male,78.201.97.100
645,Faun,Crate,fcratehw@fema.gov,Female,253.43.52.140
646,Elisabet,Rumbellow,erumbellowhx@npr.org,Female,54.142.216.10
647,Arvy,Bruntje,abruntjehy@skyrock.com,Male,129.111.53.29
648,Brooks,Creelman,bcreelmanhz@npr.org,Female,112.19.52.30
649,Creigh,Wallhead,cwallheadi0@seesaa.net,Male,255.13.0.100
650,Salem,Docwra,sdocwrai1@hhs.gov,Male,154.121.30.72
651,Elysha,Lyenyng,elyenyngi2@admin.ch,Genderfluid,117.170.219.67
652,Temple,Erni,ternii3@amazonaws.com,Male,152.30.20.221
653,Perren,Mancktelow,pmancktelowi4@flavors.me,Bigender,244.83.236.110
654,Noreen,Frensche,nfrenschei5@ucla.edu,Female,24.15.136.193
655,Caressa,Borge,cborgei6@unesco.org,Female,132.195.16.57
656,Sheena,Tiebe,stiebei7@diigo.com,Agender,89.97.9.129
657,Edgar,Hast,ehasti8@spotify.com,Male,189.233.32.116
658,Kelly,M'Chirrie,kmchirriei9@amazon.co.jp,Male,184.3.23.164
659,Luz,Moorcraft,lmoorcraftia@elegantthemes.com,Female,193.151.196.216
660,Donnell,Yanov,dyanovib@spiegel.de,Male,0.87.17.126
661,Mendie,Bravington,mbravingtonic@sourceforge.net,Male,131.218.217.46
662,Amity,Pulbrook,apulbrookid@nydailynews.com,Female,227.156.179.205
663,Oswald,Madders,omaddersie@symantec.com,Male,165.7.187.168
664,Robb,Woodhall,rwoodhallif@tinypic.com,Male,19.48.251.12
665,Theodore,Kauble,tkaubleig@unblog.fr,Male,237.48.206.179
666,Osmond,Firpi,ofirpiih@altervista.org,Male,26.112.189.175
667,Maddy,Allsworth,mallsworthii@oracle.com,Male,241.109.25.195
668,Bradan,Whitticks,bwhitticksij@ovh.net,Male,113.67.170.68
669,Gregg,Bollis,gbollisik@reuters.com,Male,46.204.195.55
670,Christean,Negro,cnegroil@purevolume.com,Female,127.158.174.33
671,Jimmie,Kalewe,jkaleweim@washington.edu,Male,221.86.182.5
672,Conrado,Burgyn,cburgynin@opensource.org,Male,23.151.51.98
673,Antonie,Scrivner,ascrivnerio@nbcnews.com,Female,148.36.70.164
674,Linn,Goricke,lgorickeip@webmd.com,Male,165.82.179.5
675,Isabel,Roome,iroomeiq@psu.edu,Female,105.52.225.156
676,Clem,Hearthfield,chearthfieldir@sitemeter.com,Female,142.238.240.114
677,Pia,Maryott,pmaryottis@wsj.com,Genderfluid,230.125.21.9
678,Abbey,Triswell,atriswellit@amazon.co.jp,Genderqueer,126.169.60.15
679,Tirrell,Goulbourne,tgoulbourneiu@fastcompany.com,Male,71.175.54.243
680,Abeu,Hopkyns,ahopkynsiv@woothemes.com,Male,8.112.43.51
681,Marga,Stoven,mstoveniw@imageshack.us,Female,52.129.130.179
682,Mercie,Clarkson,mclarksonix@fema.gov,Female,38.22.130.55
683,Temp,Gillan,tgillaniy@squidoo.com,Male,62.1.209.138
684,Nicola,Ayres,nayresiz@fema.gov,Genderfluid,8.150.196.48
685,Walt,Hutchison,whutchisonj0@who.int,Male,148.60.141.132
686,Griffie,McKall,gmckallj1@feedburner.com,Male,162.209.44.69
687,Carlotta,Elph,celphj2@yahoo.co.jp,Female,158.248.80.103
688,Byron,Fryett,bfryettj3@wired.com,Male,10.179.33.246
689,Gallagher,Corteney,gcorteneyj4@a8.net,Male,116.16.123.47
690,Temple,Sikora,tsikoraj5@rediff.com,Male,135.70.105.60
691,Harriet,Birckmann,hbirckmannj6@jimdo.com,Female,80.191.230.250
692,Cory,Pett,cpettj7@netscape.com,Female,245.31.149.97
693,Ethel,MacTrustram,emactrustramj8@hostgator.com,Female,174.84.116.73
694,Cristie,O'Daly,codalyj9@google.com,Agender,229.237.170.230
695,Mae,Boodle,mboodleja@jiathis.com,Female,128.189.247.2
696,Kayla,Paradine,kparadinejb@google.it,Female,87.47.56.86
697,Stormy,Aseef,saseefjc@zdnet.com,Female,122.147.91.252
698,Rube,Creavan,rcreavanjd@joomla.org,Male,243.237.249.198
699,Betti,Drayson,bdraysonje@github.com,Female,54.109.24.229
700,Elfreda,Castagnet,ecastagnetjf@ifeng.com,Female,139.24.95.27
701,Burnaby,Rowbottam,browbottamjg@trellian.com,Male,154.35.9.130
702,Chantalle,MacAlinden,cmacalindenjh@globo.com,Female,230.86.248.229
703,Heinrick,Station,hstationji@omniture.com,Male,73.90.201.224
704,Westleigh,Larderot,wlarderotjj@free.fr,Male,136.114.74.93
705,Emmet,Varcoe,evarcoejk@oakley.com,Male,173.22.32.142
706,Yoshiko,Edgerley,yedgerleyjl@mashable.com,Female,177.183.153.31
707,Danika,Kiloh,dkilohjm@barnesandnoble.com,Female,231.126.200.6
708,Isiahi,Glass,iglassjn@artisteer.com,Male,140.149.197.151
709,Bancroft,Davie,bdaviejo@trellian.com,Male,144.16.236.36
710,Beverly,Enric,benricjp@altervista.org,Female,235.91.186.200
711,Perrine,Northin,pnorthinjq@4shared.com,Female,206.145.165.0
712,Ardeen,Cave,acavejr@ed.gov,Female,140.143.135.105
713,Heath,Anstead,hansteadjs@apache.org,Female,184.83.204.147
714,Chelsea,Whelpdale,cwhelpdalejt@unblog.fr,Female,56.43.109.47
715,Elita,Emanson,eemansonju@comcast.net,Agender,185.170.12.221
716,Chloette,Craker,ccrakerjv@vinaora.com,Female,185.135.140.52
717,Genvieve,Fenty,gfentyjw@bing.com,Female,191.255.126.224
718,Cherilynn,Wyeth,cwyethjx@istockphoto.com,Female,162.131.59.161
719,Connie,Skase,cskasejy@dagondesign.com,Male,1.191.96.212
720,Harbert,Monget,hmongetjz@posterous.com,Male,154.253.191.205
721,Emelia,Mottley,emottleyk0@wiley.com,Female,212.178.118.21
722,Alasteir,Castri,acastrik1@irs.gov,Male,170.83.223.99
723,Brear,Stuther,bstutherk2@engadget.com,Female,41.121.70.70
724,Lyn,Danilchev,ldanilchevk3@ftc.gov,Female,24.179.223.41
725,Lefty,Hutfield,lhutfieldk4@t.co,Male,219.134.229.19
726,Clarence,Bourchier,cbourchierk5@icio.us,Male,95.243.70.84
727,Dennet,Laffan,dlaffank6@java.com,Male,239.153.173.198
728,Anjela,Streather,astreatherk7@51.la,Female,32.53.124.3
729,Philbert,Steele,psteelek8@comcast.net,Male,13.46.198.237
730,Cassi,Livesey,cliveseyk9@networksolutions.com,Female,143.167.86.169
731,Englebert,Beagrie,ebeagrieka@pen.io,Male,175.26.19.118
732,Keefer,Kalisz,kkaliszkb@topsy.com,Male,223.205.48.167
733,Morty,Weiner,mweinerkc@homestead.com,Male,151.171.25.170
734,Arman,Doerffer,adoerfferkd@devhub.com,Male,22.186.102.19
735,Efrem,Waslin,ewaslinke@sciencedirect.com,Male,127.108.211.221
736,Eveline,O' Hanvey,eohanveykf@wikimedia.org,Female,205.61.67.148
737,Douglass,MacNalley,dmacnalleykg@devhub.com,Male,199.26.56.187
738,Niven,Slipper,nslipperkh@google.com.hk,Polygender,110.86.199.201
739,Ulberto,Spittles,uspittleski@cocolog-nifty.com,Male,76.232.159.50
740,Farrah,Johnstone,fjohnstonekj@amazon.co.jp,Female,145.162.8.16
741,Ferd,Zmitrichenko,fzmitrichenkokk@earthlink.net,Male,186.52.139.56
742,Moishe,Khomishin,mkhomishinkl@goo.ne.jp,Male,245.221.104.18
743,Dicky,Fitzgerald,dfitzgeraldkm@over-blog.com,Male,192.211.140.162
744,Adrien,McCarlie,amccarliekn@mashable.com,Male,52.51.32.8
745,Roze,Smeeth,rsmeethko@google.co.uk,Female,202.123.90.41
746,Callean,Edscer,cedscerkp@imageshack.us,Male,169.23.151.72
747,Harriet,Puddifer,hpuddiferkq@wisc.edu,Female,155.156.33.237
748,Alberta,Tuckett,atuckettkr@ovh.net,Female,17.233.104.130
749,Osmund,Rabbatts,orabbattsks@feedburner.com,Male,247.1.100.128
750,Gene,Puttnam,gputtnamkt@issuu.com,Male,71.22.107.230
751,Jobyna,Olwen,jolwenku@cbc.ca,Genderfluid,167.155.52.60
752,Tuck,Stalley,tstalleykv@cdc.gov,Male,53.254.131.55
753,Delmer,Rudgley,drudgleykw@cyberchimps.com,Male,90.159.75.59
754,Red,Vian,rviankx@theatlantic.com,Male,253.229.90.20
755,Abbye,Baudains,abaudainsky@miibeian.gov.cn,Female,118.33.220.100
756,Adiana,Garred,agarredkz@salon.com,Female,182.60.174.57
757,Heath,Akhurst,hakhurstl0@digg.com,Male,67.58.239.248
758,Heidi,Maggiori,hmaggioril1@simplemachines.org,Female,70.136.66.90
759,Phebe,Maisey,pmaiseyl2@deliciousdays.com,Female,234.227.155.226
760,Peterus,Freiburger,pfreiburgerl3@merriam-webster.com,Male,77.64.86.163
761,Pearline,Fishby,pfishbyl4@usnews.com,Female,117.46.56.121
762,Ashien,Bruneton,abrunetonl5@sourceforge.net,Polygender,221.192.75.96
763,Corey,Ornillos,cornillosl6@wikipedia.org,Male,249.92.1.120
764,Isadora,Secretan,isecretanl7@google.co.jp,Female,52.19.221.96
765,Ernestus,Cesaric,ecesaricl8@parallels.com,Male,41.84.214.136
766,Benetta,Daton,bdatonl9@a8.net,Female,166.88.192.51
767,Myra,Thoms,mthomsla@independent.co.uk,Female,245.212.71.185
768,Casper,Hacquoil,chacquoillb@amazon.co.uk,Male,199.44.49.229
769,Sigfrid,Cicccitti,scicccittilc@macromedia.com,Male,193.134.114.234
770,Helaine,Bonanno,hbonannold@skype.com,Female,190.47.9.24
771,Thibaut,Ruilton,truiltonle@uol.com.br,Male,97.7.142.89
772,Nevile,Jordin,njordinlf@oakley.com,Bigender,208.181.26.251
773,Merill,Westmoreland,mwestmorelandlg@hexun.com,Male,175.236.228.61
774,Michell,Woodcock,mwoodcocklh@livejournal.com,Non-binary,144.205.49.144
775,Gerrard,McSperrin,gmcsperrinli@ca.gov,Male,146.131.94.80
776,Marlena,Tomczykowski,mtomczykowskilj@arizona.edu,Female,212.50.169.23
777,Terrie,McIlvoray,tmcilvoraylk@tmall.com,Female,197.49.241.113
778,Fair,Tinker,ftinkerll@fema.gov,Male,36.6.170.126
779,Griff,Davidson,gdavidsonlm@miibeian.gov.cn,Male,246.120.19.25
780,Huberto,Skuse,hskuseln@aol.com,Male,236.248.132.121
781,Kizzee,Cooch,kcoochlo@google.com.br,Female,123.249.226.224
782,Kara,Godby,kgodbylp@salon.com,Female,38.22.210.17
783,Dyana,Signori,dsignorilq@google.nl,Female,177.168.29.25
784,Pattin,Harrhy,pharrhylr@economist.com,Male,3.235.153.205
785,Adan,Depka,adepkals@spiegel.de,Female,105.86.0.131
786,Terri,McDell,tmcdelllt@qq.com,Female,103.42.164.130
787,Theadora,Gillebert,tgillebertlu@google.fr,Female,209.115.11.81
788,Ruben,Cribbin,rcribbinlv@rakuten.co.jp,Male,127.59.238.81
789,Che,Widger,cwidgerlw@unicef.org,Male,154.201.76.21
790,Hynda,Pennick,hpennicklx@utexas.edu,Female,195.226.214.160
791,Ashely,Kupisz,akupiszly@comsenz.com,Female,16.190.28.154
792,Feodor,Purcell,fpurcelllz@tinypic.com,Male,60.45.55.125
793,Shaughn,Taye,stayem0@nbcnews.com,Male,230.211.104.157
794,Addi,McSkin,amcskinm1@delicious.com,Female,70.38.229.90
795,Fredia,Bedborough,fbedboroughm2@baidu.com,Genderfluid,124.163.24.245
796,Kelly,Joanaud,kjoanaudm3@wikispaces.com,Male,146.70.125.115
797,Rinaldo,Crosfeld,rcrosfeldm4@cisco.com,Male,37.14.228.22
798,Timothy,Quiddihy,tquiddihym5@house.gov,Male,185.188.50.47
799,Debbi,Lawful,dlawfulm6@reddit.com,Female,23.50.109.124
800,Bunny,Stennard,bstennardm7@is.gd,Female,149.16.124.220
801,Tallie,Chasteney,tchasteneym8@myspace.com,Female,221.47.253.195
802,Luciano,Quodling,lquodlingm9@godaddy.com,Male,67.192.3.166
803,Luise,Pitkins,lpitkinsma@typepad.com,Female,89.181.229.78
804,Jeanne,Birden,jbirdenmb@soundcloud.com,Female,109.45.232.41
805,Jana,Klainman,jklainmanmc@cafepress.com,Female,253.78.218.204
806,Bridget,Twigley,btwigleymd@columbia.edu,Female,38.99.62.145
807,Riannon,Echalie,rechalieme@sbwire.com,Female,92.106.27.247
808,Tibold,Furst,tfurstmf@gnu.org,Male,230.241.229.104
809,Iorgos,McCarthy,imccarthymg@narod.ru,Male,85.69.172.153
810,Ly,Marsay,lmarsaymh@trellian.com,Male,34.249.254.50
811,Ingar,McKomb,imckombmi@fotki.com,Male,222.8.7.175
812,Jaye,Rodger,jrodgermj@altervista.org,Male,137.18.9.41
813,Roseanne,Malpas,rmalpasmk@state.gov,Female,60.23.126.127
814,Werner,Dowthwaite,wdowthwaiteml@ucsd.edu,Male,69.197.139.224
815,Emelita,Wallsam,ewallsammm@is.gd,Female,202.6.217.13
816,Kelila,Isaaksohn,kisaaksohnmn@infoseek.co.jp,Female,30.161.180.80
817,Laurie,Priden,lpridenmo@hud.gov,Genderfluid,180.130.116.130
818,Willi,Lakin,wlakinmp@seattletimes.com,Female,90.98.226.207
819,Ulrich,Lippitt,ulippittmq@patch.com,Male,194.186.47.8
820,Rici,Espadate,respadatemr@usda.gov,Female,161.196.148.90
821,Odelinda,Brightey,obrighteyms@nature.com,Female,147.244.91.153
822,Solomon,Leal,slealmt@google.pl,Genderfluid,32.1.137.44
823,Claiborn,Bourchier,cbourchiermu@360.cn,Male,244.227.35.84
824,Oren,Kilmary,okilmarymv@dyndns.org,Male,58.251.112.175
825,Margret,Darrel,mdarrelmw@drupal.org,Female,141.193.118.113
826,Channa,Crocombe,ccrocombemx@bandcamp.com,Female,34.87.63.93
827,Kathleen,Richt,krichtmy@europa.eu,Female,254.82.131.248
828,Laryssa,Kienle,lkienlemz@ebay.com,Female,177.255.73.158
829,Orlando,O' Reagan,ooreagann0@last.fm,Male,168.57.34.76
830,Carney,Brydone,cbrydonen1@ucla.edu,Bigender,216.85.132.43
831,Karlotta,Balmann,kbalmannn2@aol.com,Female,13.208.230.206
832,Ali,Eskriett,aeskriettn3@ibm.com,Bigender,148.56.145.158
833,Ardys,Bagnal,abagnaln4@cnet.com,Female,29.216.65.8
834,Hodge,Fenby,hfenbyn5@tuttocitta.it,Male,178.204.38.99
835,Elston,Mayhew,emayhewn6@squarespace.com,Male,95.215.4.21
836,Dyann,Simone,dsimonen7@ca.gov,Agender,145.232.190.82
837,Benny,Gringley,bgringleyn8@cnet.com,Female,59.167.151.12
838,Stanislaw,Springthorp,sspringthorpn9@blogger.com,Male,65.67.97.250
839,Tarrah,Wittey,twitteyna@ucoz.ru,Female,63.157.184.200
840,Ashli,Crunkhurn,acrunkhurnnb@photobucket.com,Female,179.190.142.65
841,Caroljean,Stair,cstairnc@ftc.gov,Female,62.242.1.143
842,Myca,Volette,mvolettend@boston.com,Male,241.243.60.116
843,Cully,McConway,cmcconwayne@youku.com,Bigender,75.229.66.156
844,Valerie,McCaffrey,vmccaffreynf@illinois.edu,Female,55.243.89.14
845,Hilary,Dalyell,hdalyellng@hibu.com,Female,73.149.190.142
846,Nicol,Chaffyn,nchaffynnh@surveymonkey.com,Bigender,152.165.155.163
847,Constantine,Samples,csamplesni@spotify.com,Non-binary,107.60.178.212
848,Terry,Thireau,tthireaunj@rambler.ru,Male,197.212.249.153
849,Sara-ann,McGarahan,smcgarahannk@flavors.me,Bigender,181.201.191.158
850,Gertrud,Grishanov,ggrishanovnl@tinypic.com,Female,152.226.38.18
851,Rianon,Gioan,rgioannm@walmart.com,Female,23.111.227.176
852,Farica,Sporton,fsportonnn@sciencedaily.com,Female,20.46.75.43
853,Elli,Shaves,eshavesno@infoseek.co.jp,Female,42.201.64.59
854,Andeee,Healings,ahealingsnp@wufoo.com,Female,89.126.3.16
855,Marlee,Paulat,mpaulatnq@oaic.gov.au,Female,157.80.129.177
856,Bunny,Herreros,bherrerosnr@illinois.edu,Female,254.214.163.2
857,Alex,Quennell,aquennellns@sourceforge.net,Female,247.18.235.8
858,Hank,Jaze,hjazent@symantec.com,Male,92.210.49.243
859,Janean,Spondley,jspondleynu@exblog.jp,Female,60.130.237.254
860,Stephine,Flipsen,sflipsennv@opera.com,Non-binary,60.239.48.197
861,Townsend,Halliwell,thalliwellnw@blogger.com,Male,45.195.9.167
862,Nollie,Limprecht,nlimprechtnx@reddit.com,Female,230.92.188.255
863,Fanechka,Tunbridge,ftunbridgeny@seattletimes.com,Female,134.209.64.134
864,Tabatha,Dytham,tdythamnz@fda.gov,Female,233.7.245.63
865,Pepi,Dymond,pdymondo0@fema.gov,Female,228.161.187.175
866,Lura,Sitwell,lsitwello1@twitter.com,Female,74.20.210.218
867,Townsend,Stallibrass,tstallibrasso2@mit.edu,Male,28.98.253.121
868,Alexandr,St. Louis,astlouiso3@mtv.com,Male,33.25.201.88
869,Debee,Portis,dportiso4@wordpress.com,Female,136.102.221.142
870,Rachelle,Tidcombe,rtidcombeo5@deviantart.com,Female,231.23.48.126
871,Guthrie,Calderon,gcalderono6@dmoz.org,Male,34.138.134.102
872,Flo,Quartley,fquartleyo7@illinois.edu,Female,183.238.254.171
873,Olive,Sinnett,osinnetto8@netscape.com,Female,136.200.15.17
874,Bendick,Labone,blaboneo9@yolasite.com,Male,226.144.100.221
875,Lou,Cauthra,lcauthraoa@chron.com,Female,3.200.242.207
876,Kerwinn,Amaya,kamayaob@time.com,Male,166.143.165.83
877,Tersina,Colthurst,tcolthurstoc@ftc.gov,Polygender,81.193.116.33
878,Magdalene,Bremner,mbremnerod@virginia.edu,Female,59.173.79.53
879,Eliot,Iddon,eiddonoe@uol.com.br,Male,212.182.125.104
880,Gilbertine,Deyenhardt,gdeyenhardtof@oakley.com,Female,213.167.186.68
881,Burl,Ramard,bramardog@bigcartel.com,Male,24.202.56.196
882,Cassius,Chastney,cchastneyoh@time.com,Male,53.153.222.57
883,Bernard,Grichukhanov,bgrichukhanovoi@independent.co.uk,Male,215.102.251.126
884,Ellis,Lambourn,elambournoj@list-manage.com,Male,9.192.227.53
885,Cherri,Filippi,cfilippiok@constantcontact.com,Female,166.35.76.122
886,Gustie,While,gwhileol@blogs.com,Female,85.75.10.69
887,Kim,Edmeads,kedmeadsom@ftc.gov,Male,44.211.127.92
888,Isidro,Gioan,igioanon@simplemachines.org,Male,213.38.226.249
889,Hubert,Niece,hnieceoo@apple.com,Male,253.146.99.143
890,Ruperto,Haggie,rhaggieop@linkedin.com,Polygender,98.168.236.92
891,Bord,Leinthall,bleinthalloq@posterous.com,Male,70.150.62.200
892,Sinclare,Glanert,sglanertor@seesaa.net,Male,110.156.221.64
893,Brianna,Matchell,bmatchellos@cocolog-nifty.com,Genderfluid,24.13.115.51
894,Edgar,Chase,echaseot@artisteer.com,Male,185.245.2.12
895,Druci,Bausmann,dbausmannou@furl.net,Female,70.163.246.100
896,Jakie,Vance,jvanceov@mediafire.com,Male,125.94.46.180
897,Sheffie,Hylands,shylandsow@comsenz.com,Agender,154.24.117.120
898,Stella,Shillabear,sshillabearox@cbsnews.com,Female,236.81.13.168
899,Calvin,Shepland,csheplandoy@dailymail.co.uk,Male,142.189.172.141
900,Kathye,Shepherdson,kshepherdsonoz@wikispaces.com,Female,42.134.212.21
901,Atlante,Lygoe,alygoep0@ftc.gov,Bigender,57.99.79.127
902,Darlleen,Casarili,dcasarilip1@army.mil,Female,243.23.222.232
903,Malchy,Bocke,mbockep2@constantcontact.com,Male,86.44.72.52
904,Cacilie,Tippett,ctippettp3@gmpg.org,Female,161.166.131.82
905,Eula,Syce,esycep4@4shared.com,Female,108.226.85.76
906,Levon,Kienzle,lkienzlep5@home.pl,Male,213.174.72.10
907,Lyman,Mairs,lmairsp6@freewebs.com,Male,253.216.224.176
908,Ennis,Eilert,eeilertp7@multiply.com,Male,126.160.29.14
909,Amalie,Coppin,acoppinp8@soup.io,Female,161.77.55.35
910,Ade,Yielding,ayieldingp9@ezinearticles.com,Male,68.245.234.247
911,Had,Petri,hpetripa@npr.org,Male,207.123.232.195
912,Aloin,Toulmin,atoulminpb@marriott.com,Male,114.118.237.232
913,Ragnar,Wynrahame,rwynrahamepc@paginegialle.it,Male,44.194.219.202
914,Florence,Crowe,fcrowepd@ocn.ne.jp,Female,220.252.145.160
915,Blinni,Borgars,bborgarspe@cdc.gov,Female,209.242.39.1
916,Lurlene,Duckhouse,lduckhousepf@mozilla.org,Female,221.12.228.44
917,Ardelle,Spera,asperapg@friendfeed.com,Female,208.172.95.215
918,Dennet,Balducci,dbalducciph@mapy.cz,Male,92.102.206.54
919,Catherine,Teale,ctealepi@forbes.com,Female,89.142.6.202
920,Lock,Keymer,lkeymerpj@pagesperso-orange.fr,Male,247.194.184.164
921,Natividad,Jorissen,njorissenpk@foxnews.com,Female,206.61.158.122
922,Keefe,Hoggan,khogganpl@yellowbook.com,Male,232.192.6.12
923,Kayley,Steffens,ksteffenspm@wsj.com,Female,244.152.228.200
924,Teddie,Polglase,tpolglasepn@delicious.com,Female,69.85.155.226
925,Meredith,Thickpenny,mthickpennypo@aol.com,Male,199.251.146.164
926,Florri,Worrall,fworrallpp@merriam-webster.com,Female,127.152.39.34
927,Dinny,Warlock,dwarlockpq@twitter.com,Female,225.70.21.17
928,Dario,Stoyle,dstoylepr@yale.edu,Non-binary,123.226.176.97
929,Rube,Spargo,rspargops@dion.ne.jp,Male,143.71.141.148
930,Eugenia,Van der Beek,evanderbeekpt@icq.com,Female,76.250.224.204
931,Taryn,Yukhov,tyukhovpu@ovh.net,Female,23.148.176.181
932,Jeanie,Calderon,jcalderonpv@liveinternet.ru,Bigender,102.177.234.221
933,Gavin,Hanton,ghantonpw@behance.net,Male,42.200.75.130
934,Waldemar,Dressel,wdresselpx@blogs.com,Male,33.60.38.194
935,Selina,Messager,smessagerpy@amazon.com,Female,146.136.105.182
936,Roselle,Tansill,rtansillpz@wsj.com,Female,156.174.57.71
937,Rhianon,Mollison,rmollisonq0@woothemes.com,Female,213.245.123.146
938,Rodrick,Derrington,rderringtonq1@nasa.gov,Male,82.115.19.0
939,Marylou,Magwood,mmagwoodq2@dmoz.org,Female,151.73.128.191
940,Robinett,Jurkowski,rjurkowskiq3@ucla.edu,Female,233.93.188.155
941,Alphard,Thurlby,athurlbyq4@blogs.com,Bigender,111.38.18.198
942,Theodore,McGebenay,tmcgebenayq5@amazon.de,Male,9.226.214.82
943,Selinda,Pallatina,spallatinaq6@ifeng.com,Female,79.203.139.205
944,Ingemar,Ewan,iewanq7@statcounter.com,Male,176.151.89.12
945,Jone,Limeburn,jlimeburnq8@feedburner.com,Male,108.87.31.216
946,Georgie,Keuneke,gkeunekeq9@sbwire.com,Male,229.227.229.154
947,Brandyn,Blatchford,bblatchfordqa@quantcast.com,Male,229.56.86.119
948,Caz,Crockley,ccrockleyqb@addtoany.com,Male,178.118.59.170
949,Davin,Pavett,dpavettqc@fda.gov,Male,116.240.140.47
950,Bord,Di Bartolommeo,bdibartolommeoqd@zimbio.com,Genderqueer,158.189.234.242
951,Waly,Aukland,wauklandqe@phoca.cz,Female,161.1.147.223
952,Olvan,Harston,oharstonqf@alibaba.com,Polygender,205.244.162.120
953,Ingrid,Couper,icouperqg@sciencedaily.com,Female,162.210.27.95
954,Aundrea,Haigh,ahaighqh@timesonline.co.uk,Female,220.65.76.212
955,Tyson,Philott,tphilottqi@home.pl,Male,161.238.176.122
956,Tamqrah,Heald,thealdqj@ft.com,Female,86.30.71.148
957,Moira,Macenzy,mmacenzyqk@merriam-webster.com,Female,23.157.194.100
958,Noellyn,Gouly,ngoulyql@cnbc.com,Female,220.240.127.157
959,Sigismund,Brinsden,sbrinsdenqm@mapquest.com,Male,25.155.224.47
960,Tripp,Sans,tsansqn@sun.com,Male,250.238.74.208
961,Eldin,Shadwick,eshadwickqo@auda.org.au,Male,111.136.198.146
962,Hillary,Mosten,hmostenqp@hc360.com,Female,255.248.124.155
963,Weylin,Dorkin,wdorkinqq@google.com,Male,101.178.195.94
964,Giselle,Winkett,gwinkettqr@noaa.gov,Polygender,71.226.216.121
965,Noelani,McGrah,nmcgrahqs@redcross.org,Female,85.83.215.21
966,Katlin,Greenshiels,kgreenshielsqt@fc2.com,Female,234.234.98.182
967,Torry,Alfonso,talfonsoqu@buzzfeed.com,Male,170.55.209.75
968,Dun,Razzell,drazzellqv@java.com,Male,104.206.27.233
969,Lin,Nossent,lnossentqw@wunderground.com,Female,5.60.243.145
970,Carie,Warmington,cwarmingtonqx@xinhuanet.com,Female,200.233.222.49
971,Reidar,Varnals,rvarnalsqy@nasa.gov,Male,1.243.215.220
972,Jasmina,Pearmine,jpearmineqz@spiegel.de,Female,178.253.114.184
973,Stanislaw,O'Shields,soshieldsr0@newyorker.com,Male,239.92.211.100
974,Papageno,Bould,pbouldr1@illinois.edu,Male,55.129.56.238
975,Reiko,Portman,rportmanr2@tmall.com,Female,102.15.86.0
976,Maximilien,Cranshaw,mcranshawr3@zimbio.com,Male,112.155.142.213
977,Dare,Offner,doffnerr4@mapquest.com,Male,79.94.202.53
978,Stafani,Siburn,ssiburnr5@examiner.com,Female,1.29.83.198
979,Salomo,Matura,smaturar6@adobe.com,Male,16.9.233.31
980,Imogene,Atheis,iatheisr7@merriam-webster.com,Female,75.170.207.70
981,Kimberley,Goodhay,kgoodhayr8@cam.ac.uk,Female,108.53.9.67
982,Rubi,Fills,rfillsr9@prnewswire.com,Female,242.228.118.66
983,Margy,Goble,mgoblera@nature.com,Female,29.243.224.204
984,Stephen,Rudram,srudramrb@hud.gov,Male,158.114.93.28
985,Zebulen,Ferry,zferryrc@biglobe.ne.jp,Male,206.151.106.158
986,Archie,Demcak,ademcakrd@phpbb.com,Male,54.67.176.190
987,Ruthe,Matus,rmatusre@surveymonkey.com,Female,52.242.142.87
988,Suellen,Francie,sfrancierf@123-reg.co.uk,Female,132.233.34.82
989,Sybila,Jocic,sjocicrg@issuu.com,Female,91.178.212.148
990,Fred,Gaitung,fgaitungrh@infoseek.co.jp,Female,254.209.139.171
991,Ozzie,Rowan,orowanri@1688.com,Male,90.231.224.232
992,Rozelle,Pointin,rpointinrj@bing.com,Female,108.241.215.116
993,Jorey,Foxton,jfoxtonrk@admin.ch,Female,238.47.19.146
994,Rinaldo,Sowman,rsowmanrl@nydailynews.com,Male,189.175.140.9
995,Laurena,Shawcroft,lshawcroftrm@wordpress.org,Female,65.187.213.5
996,Toni,Yurocjhin,tyurocjhinrn@prlog.org,Female,129.250.89.61
997,Lolly,Dalgarnowch,ldalgarnowchro@answers.com,Female,53.5.176.250
998,Peyter,Cowe,pcowerp@guardian.co.uk,Polygender,24.235.23.22
999,Sterling,Collidge,scollidgerq@ft.com,Genderqueer,77.209.206.173
1000,Bobbi,Jacobssen,bjacobssenrr@nymag.com,Female,215.180.15.27
