id,first_name,last_name,email
1,Pet,Baudi,pbaudi0@gov.uk
2,Waverly,Broggio,wbroggio1@miibeian.gov.cn
3,Sergio,Hollyard,shollyard2@etsy.com
4,Jen,Kamena,jkamena3@unesco.org
5,Aharon,Castagnet,acastagnet4@parallels.com
6,Cristobal,Heymes,cheymes5@hatena.ne.jp
7,Anderson,Merredy,amerredy6@gmpg.org
8,Sherlock,Mathivat,smathivat7@home.pl
9,Diena,Robic,drobic8@addtoany.com
10,Lenci,de Pinna,ldepinna9@goo.ne.jp
11,Mirelle,Hachard,mhacharda@jigsy.com
12,Berri,Arckoll,barckollb@youtube.com
13,Anselma,Fritz,afritzc@networksolutions.com
14,Gianni,Skinn,gskinnd@usda.gov
15,Corabella,Konert,ckonerte@scribd.com
16,Vincenty,Defew,vdefewf@upenn.edu
17,Waverly,McGovern,wmcgoverng@tripadvisor.com
18,Cash,Tacker,ctackerh@unc.edu
19,Clywd,Merriday,cmerridayi@webeden.co.uk
20,Tom,Danbrook,tdanbrookj@xrea.com
21,Shanan,Eim,seimk@foxnews.com
22,Clarissa,Kerans,ckeransl@amazon.co.jp
23,Pinchas,Tutin,ptutinm@state.tx.us
24,Vitoria,Munford,vmunfordn@behance.net
25,Neysa,Santen,nsanteno@sciencedirect.com
26,Farra,Conradie,fconradiep@uiuc.edu
27,Ketty,Waskett,kwaskettq@infoseek.co.jp
28,Briano,Kippen,bkippenr@dropbox.com
29,Gonzalo,Bride,gbrides@google.de
30,Irina,MacCosto,imaccostot@instagram.com
31,Sloan,Sibbit,ssibbitu@opensource.org
32,Nancey,Coomer,ncoomerv@youku.com
33,Nora,Wisson,nwissonw@ftc.gov
34,Crosby,Rimington,crimingtonx@prlog.org
35,Easter,Heustace,eheustacey@abc.net.au
36,Reinold,Thaxter,rthaxterz@state.gov
37,Latrena,McGurk,lmcgurk10@cdc.gov
38,Hayley,Giffaut,hgiffaut11@redcross.org
39,Dougie,Sanford,dsanford12@github.com
40,Lars,Helkin,lhelkin13@phoca.cz
41,Elenore,Roughan,eroughan14@phpbb.com
42,Agretha,Baxill,abaxill15@boston.com
43,Inglis,Mandeville,imandeville16@go.com
44,Teodor,Ausello,tausello17@netvibes.com
45,Flinn,Dymock,fdymock18@miitbeian.gov.cn
46,Betty,Blazhevich,bblazhevich19@php.net
47,Bentley,Symson,bsymson1a@barnesandnoble.com
48,Trixi,Horrell,thorrell1b@walmart.com
49,Whitaker,Kirman,wkirman1c@people.com.cn
50,Laughton,Camilletti,lcamilletti1d@example.com
51,Gustav,Greeno,ggreeno1e@craigslist.org
52,Correna,Bompass,cbompass1f@sina.com.cn
53,Sully,Silliman,ssilliman1g@usa.gov
54,Alec,Camilleri,acamilleri1h@wiley.com
55,Paco,Cakes,pcakes1i@salon.com
56,Vin,Basten,vbasten1j@hp.com
57,Lelia,Beachem,lbeachem1k@unicef.org
58,Ethel,Peasby,epeasby1l@hostgator.com
59,Fulvia,Brager,fbrager1m@devhub.com
60,Cobby,Lovitt,clovitt1n@acquirethisname.com
61,Prudi,Macquire,pmacquire1o@netscape.com
62,Aggie,Kemble,akemble1p@psu.edu
63,Oran,Russen,orussen1q@go.com
64,Kyla,Emmert,kemmert1r@pen.io
65,Georgia,Crichmer,gcrichmer1s@upenn.edu
66,Scot,Wandtke,swandtke1t@loc.gov
67,Armando,Jarvie,ajarvie1u@instagram.com
68,Randolf,Marsters,rmarsters1v@lulu.com
69,Reid,Trangmar,rtrangmar1w@stumbleupon.com
70,Sybil,Fairs,sfairs1x@unicef.org
71,Flint,Mackley,fmackley1y@clickbank.net
72,Pen,Mathers,pmathers1z@parallels.com
73,Jeffy,Michurin,jmichurin20@opera.com
74,Clarice,Rashleigh,crashleigh21@sakura.ne.jp
75,Davy,Belvin,dbelvin22@bbb.org
76,Willow,Barttrum,wbarttrum23@mediafire.com
77,Boniface,O'Hern,bohern24@telegraph.co.uk
78,Cornelle,Lyosik,clyosik25@tinyurl.com
79,Barde,Werndley,bwerndley26@shutterfly.com
80,Nowell,Aiers,naiers27@topsy.com
81,Wyatt,Niesegen,wniesegen28@state.gov
82,Hazlett,Brannigan,hbrannigan29@gnu.org
83,Stafford,Lippitt,slippitt2a@jigsy.com
84,Edeline,Lowerson,elowerson2b@youku.com
85,Hilliary,Yelyashev,hyelyashev2c@sina.com.cn
86,Glynn,Dalgleish,gdalgleish2d@blogtalkradio.com
87,Helaina,Juza,hjuza2e@cocolog-nifty.com
88,Aridatha,Wilkowski,awilkowski2f@dot.gov
89,Anthiathia,Warwick,awarwick2g@opera.com
90,Katerine,Tees,ktees2h@ucla.edu
91,Deena,Gammack,dgammack2i@state.gov
92,Amity,Tumini,atumini2j@ow.ly
93,Mattie,Baddeley,mbaddeley2k@patch.com
94,Merna,Benettelli,mbenettelli2l@xrea.com
95,Bettina,Girogetti,bgirogetti2m@intel.com
96,Amandy,Sandle,asandle2n@webs.com
97,Ronnie,Abrahmovici,rabrahmovici2o@sfgate.com
98,Cooper,Rucklesse,crucklesse2p@google.es
99,Kaela,Tod,ktod2q@army.mil
100,Elfrieda,Hiddy,ehiddy2r@huffingtonpost.com
101,Karrah,Rides,krides2s@google.pl
102,Johann,Abby,jabby2t@phoca.cz
103,Damaris,Clemitt,dclemitt2u@constantcontact.com
104,Bartlet,Malecky,bmalecky2v@latimes.com
105,Sheryl,Standbridge,sstandbridge2w@reuters.com
106,Judie,Kahn,jkahn2x@sina.com.cn
107,Giles,Ennever,gennever2y@vimeo.com
108,Brandy,Cave,bcave2z@gnu.org
109,Augustine,Waterworth,awaterworth30@digg.com
110,Rob,Hebborne,rhebborne31@disqus.com
111,Piggy,Linwood,plinwood32@joomla.org
112,Tad,Blindmann,tblindmann33@vkontakte.ru
113,Sander,Houlson,shoulson34@newsvine.com
114,Christalle,Loncaster,cloncaster35@bravesites.com
115,Yolane,Scoon,yscoon36@google.co.uk
116,Angil,Garret,agarret37@delicious.com
117,Mel,Treen,mtreen38@marketwatch.com
118,Orv,Kaysor,okaysor39@who.int
119,Cobb,Collett,ccollett3a@unblog.fr
120,Moria,Figures,mfigures3b@ted.com
121,Heindrick,Van Halle,hvanhalle3c@4shared.com
122,Sabrina,Allan,sallan3d@tumblr.com
123,Hildegarde,Bax,hbax3e@stumbleupon.com
124,Aylmer,Comley,acomley3f@jalbum.net
125,Kriste,Nelthropp,knelthropp3g@a8.net
126,Mersey,Cardus,mcardus3h@parallels.com
127,Gunther,Crichten,gcrichten3i@jugem.jp
128,Merrie,Ivshin,mivshin3j@reverbnation.com
129,Shirline,Turbern,sturbern3k@chronoengine.com
130,Ogdan,Cornewell,ocornewell3l@devhub.com
131,Augustus,Legh,alegh3m@scientificamerican.com
132,Armin,Reskelly,areskelly3n@netvibes.com
133,Artemis,Ratnage,aratnage3o@people.com.cn
134,Aksel,Eardley,aeardley3p@cbslocal.com
135,Rad,Strooband,rstrooband3q@si.edu
136,Rois,Daldan,rdaldan3r@posterous.com
137,Romonda,Demead,rdemead3s@jalbum.net
138,Othilia,Pardy,opardy3t@narod.ru
139,Gilberte,Lelievre,glelievre3u@squarespace.com
140,Robbyn,Mancell,rmancell3v@naver.com
141,Blair,Dacks,bdacks3w@technorati.com
142,Avram,Di Pietro,adipietro3x@joomla.org
143,Talyah,Tildesley,ttildesley3y@nba.com
144,Gertrude,Perotti,gperotti3z@unesco.org
145,Birdie,Jolly,bjolly40@theguardian.com
146,Lesya,Ragsdall,lragsdall41@tripod.com
147,Gene,Gauson,ggauson42@yandex.ru
148,Gradeigh,McLaughlan,gmclaughlan43@hatena.ne.jp
149,Annora,Popping,apopping44@microsoft.com
150,Robbie,Tombs,rtombs45@ucla.edu
151,Rouvin,Reap,rreap46@51.la
152,Dell,Selbie,dselbie47@ezinearticles.com
153,Laureen,Evert,levert48@artisteer.com
154,Kattie,Evamy,kevamy49@ed.gov
155,Jock,Ferrige,jferrige4a@techcrunch.com
156,Ernaline,Haley,ehaley4b@wikimedia.org
157,Sherye,Schumacher,sschumacher4c@nature.com
158,Taryn,Levee,tlevee4d@cam.ac.uk
159,Hertha,Gutch,hgutch4e@e-recht24.de
160,Dal,Alben,dalben4f@arizona.edu
161,Beatrice,Handlin,bhandlin4g@vk.com
162,Edwina,Rule,erule4h@fc2.com
163,Lora,Royan,lroyan4i@time.com
164,Dorine,Dowle,ddowle4j@reverbnation.com
165,Shandee,Medley,smedley4k@jalbum.net
166,Clarey,Dunlop,cdunlop4l@imdb.com
167,Saunderson,Henkens,shenkens4m@vimeo.com
168,Berton,Lippo,blippo4n@cdbaby.com
169,Cecilla,Apple,capple4o@pinterest.com
170,Georgine,Corsor,gcorsor4p@altervista.org
171,Dalt,Withnall,dwithnall4q@alibaba.com
172,Zarah,Nickols,znickols4r@nymag.com
173,Curry,Gheorghe,cgheorghe4s@hp.com
174,Biddie,Borth,bborth4t@earthlink.net
175,Moises,Rickertsen,mrickertsen4u@pinterest.com
176,Price,Puffett,ppuffett4v@dyndns.org
177,Gleda,Didball,gdidball4w@printfriendly.com
178,Yvonne,Pennuzzi,ypennuzzi4x@wp.com
179,Udall,Prowse,uprowse4y@gmpg.org
180,Elianora,Nutley,enutley4z@ebay.com
181,Caddric,Dael,cdael50@zimbio.com
182,Daryn,Roberts,droberts51@ca.gov
183,Agna,Tomaskov,atomaskov52@washingtonpost.com
184,Sylvan,Honniebal,shonniebal53@cargocollective.com
185,Adrienne,McClymond,amcclymond54@github.com
186,Halsey,Tynnan,htynnan55@geocities.jp
187,Jameson,Rehor,jrehor56@army.mil
188,Baldwin,Dietz,bdietz57@bizjournals.com
189,Jamie,Fischer,jfischer58@stanford.edu
190,Lelah,Terram,lterram59@ask.com
191,Ignacius,Affleck,iaffleck5a@domainmarket.com
192,Deeyn,Arkill,darkill5b@state.gov
193,Daisey,Phelp,dphelp5c@cargocollective.com
194,Garner,Goodchild,ggoodchild5d@drupal.org
195,Verile,Parkisson,vparkisson5e@surveymonkey.com
196,Enriqueta,Causon,ecauson5f@auda.org.au
197,Ally,Radborn,aradborn5g@xrea.com
198,Hadrian,Saill,hsaill5h@diigo.com
199,Olenka,Boultwood,oboultwood5i@newyorker.com
200,Sandra,Scarsbrick,sscarsbrick5j@mashable.com
201,Burk,Maxwale,bmaxwale5k@fc2.com
202,Matilde,Crady,mcrady5l@disqus.com
203,Darnall,Sare,dsare5m@engadget.com
204,Sybila,Meert,smeert5n@discovery.com
205,Bonnie,Halwell,bhalwell5o@skype.com
206,Karney,Bonellie,kbonellie5p@constantcontact.com
207,Kendrick,Bruno,kbruno5q@digg.com
208,Sela,Tappor,stappor5r@bluehost.com
209,Julietta,Tidmas,jtidmas5s@dedecms.com
210,Nonna,Avory,navory5t@elpais.com
211,Ashly,Brockton,abrockton5u@aboutads.info
212,Sherwin,Aldcorn,saldcorn5v@weibo.com
213,Winny,Cannavan,wcannavan5w@jalbum.net
214,Judd,Dinnage,jdinnage5x@ucoz.ru
215,Karney,Opie,kopie5y@addthis.com
216,Rea,Lutty,rlutty5z@alexa.com
217,Melamie,Asipenko,masipenko60@linkedin.com
218,Kalil,Pizer,kpizer61@paginegialle.it
219,Zachary,Haskur,zhaskur62@odnoklassniki.ru
220,Charles,Kernocke,ckernocke63@amazon.co.jp
221,Antonella,Scough,ascough64@cbsnews.com
222,Shay,Mews,smews65@youtube.com
223,Clo,Wimbridge,cwimbridge66@altervista.org
224,Tab,Stansall,tstansall67@shutterfly.com
225,Wrennie,Junkin,wjunkin68@ustream.tv
226,Vale,Mulcock,vmulcock69@google.ca
227,Corrina,Cram,ccram6a@oracle.com
228,Loise,Welland,lwelland6b@tinypic.com
229,Nathanil,Aubri,naubri6c@digg.com
230,Herta,Levis,hlevis6d@businesswire.com
231,Devondra,Gawne,dgawne6e@businessweek.com
232,Giorgia,McCabe,gmccabe6f@blinklist.com
233,Vinnie,Chittock,vchittock6g@boston.com
234,Shaylah,Vidgen,svidgen6h@yellowpages.com
235,Flory,Rockall,frockall6i@skyrock.com
236,Beulah,Yesenev,byesenev6j@soup.io
237,Mayer,Barrows,mbarrows6k@statcounter.com
238,Willow,Snedker,wsnedker6l@google.fr
239,Dalston,Delamere,ddelamere6m@who.int
240,Athene,Twohig,atwohig6n@techcrunch.com
241,Ariela,Jacquot,ajacquot6o@google.co.jp
242,Garrek,Aucoate,gaucoate6p@census.gov
243,Edin,Alsopp,ealsopp6q@aol.com
244,Sebastien,Pimblett,spimblett6r@seattletimes.com
245,Rubie,Lyptrade,rlyptrade6s@t.co
246,Charlena,Poinsett,cpoinsett6t@lycos.com
247,Paulette,De Francisci,pdefrancisci6u@liveinternet.ru
248,Melitta,Tixier,mtixier6v@independent.co.uk
249,Jessa,Wootton,jwootton6w@flavors.me
250,Allison,Deveril,adeveril6x@ehow.com
251,Marlyn,Beecheno,mbeecheno6y@hud.gov
252,Aili,Daffern,adaffern6z@tamu.edu
253,Cly,Piechnik,cpiechnik70@biglobe.ne.jp
254,Deanna,McKimmie,dmckimmie71@hc360.com
255,Kris,Tourmell,ktourmell72@reverbnation.com
256,Jessie,De Brett,jdebrett73@joomla.org
257,Elwood,Bishopp,ebishopp74@storify.com
258,Frannie,Gawen,fgawen75@163.com
259,Webster,Tailby,wtailby76@msu.edu
260,Joline,Spink,jspink77@ucla.edu
261,Cami,Howieson,chowieson78@so-net.ne.jp
262,Lindsay,Eliff,leliff79@berkeley.edu
263,Puff,Fozzard,pfozzard7a@sogou.com
264,Skye,Pigeram,spigeram7b@about.me
265,Nap,McKinstry,nmckinstry7c@webnode.com
266,Keelia,Headey,kheadey7d@bbb.org
267,Lisle,Nowaczyk,lnowaczyk7e@google.com
268,Ingemar,Eggerton,ieggerton7f@narod.ru
269,Ronni,Kingstne,rkingstne7g@slate.com
270,Sophia,Bales,sbales7h@fema.gov
271,Lavinia,Goodship,lgoodship7i@moonfruit.com
272,Shanan,Biggerstaff,sbiggerstaff7j@newsvine.com
273,Fonz,Conring,fconring7k@com.com
274,Mikel,Waitland,mwaitland7l@4shared.com
275,Marleah,Thebe,mthebe7m@mail.ru
276,Perice,Maidlow,pmaidlow7n@howstuffworks.com
277,Huntley,Donnellan,hdonnellan7o@state.gov
278,Dee,Eby,deby7p@spotify.com
279,Gualterio,Simonds,gsimonds7q@discovery.com
280,Jean,Plet,jplet7r@buzzfeed.com
281,Kassia,Iacovone,kiacovone7s@addthis.com
282,Christine,Romayn,cromayn7t@geocities.com
283,Tandie,Whitbread,twhitbread7u@taobao.com
284,Mickie,Top,mtop7v@google.es
285,Deanne,Nucciotti,dnucciotti7w@vinaora.com
286,Bettye,Gouldthorpe,bgouldthorpe7x@wikipedia.org
287,Mervin,Ackwood,mackwood7y@blog.com
288,Esma,Keynd,ekeynd7z@patch.com
289,Emmaline,Oxx,eoxx80@yandex.ru
290,Dell,Petriello,dpetriello81@samsung.com
291,Elbert,Dury,edury82@mit.edu
292,Thadeus,Gate,tgate83@ow.ly
293,Janina,Eccott,jeccott84@blinklist.com
294,Carry,Dunnan,cdunnan85@chronoengine.com
295,Catherina,Tasker,ctasker86@thetimes.co.uk
296,Milicent,Rany,mrany87@flickr.com
297,Bibi,Roelofs,broelofs88@taobao.com
298,Lucais,Sine,lsine89@indiatimes.com
299,Tam,Coady,tcoady8a@mapquest.com
300,Hillie,Axworthy,haxworthy8b@studiopress.com
301,Sholom,Amoss,samoss8c@bizjournals.com
302,Tomasine,Klyner,tklyner8d@g.co
303,Fransisco,Gulston,fgulston8e@123-reg.co.uk
304,Alic,Cribbins,acribbins8f@twitter.com
305,Marillin,MacCaig,mmaccaig8g@tuttocitta.it
306,Frederica,Dummer,fdummer8h@guardian.co.uk
307,Milli,Clampton,mclampton8i@ebay.co.uk
308,Redd,Farfolomeev,rfarfolomeev8j@timesonline.co.uk
309,Val,Shropshire,vshropshire8k@prnewswire.com
310,Allyn,Rengger,arengger8l@imageshack.us
311,Aloysia,Hazeman,ahazeman8m@cbslocal.com
312,Claude,Sutherns,csutherns8n@answers.com
313,Margalo,Asprey,masprey8o@vimeo.com
314,Flori,Tangye,ftangye8p@tinyurl.com
315,Willis,Medling,wmedling8q@newsvine.com
316,Chevalier,Hasslocher,chasslocher8r@sogou.com
317,Harlen,Crowdy,hcrowdy8s@narod.ru
318,Rosalyn,Dockray,rdockray8t@rakuten.co.jp
319,Brittany,Varfalameev,bvarfalameev8u@addtoany.com
320,Emelen,Jermey,ejermey8v@feedburner.com
321,Karney,Cortnay,kcortnay8w@psu.edu
322,Silvio,Frankes,sfrankes8x@mozilla.com
323,Page,Decaze,pdecaze8y@addthis.com
324,Andrea,Henker,ahenker8z@weibo.com
325,Stoddard,Mansion,smansion90@comcast.net
326,Bartolomeo,Feore,bfeore91@tamu.edu
327,Welch,Henderson,whenderson92@washingtonpost.com
328,Olivero,Fancourt,ofancourt93@t.co
329,Pammie,Coxen,pcoxen94@marriott.com
330,Bendite,Nattrass,bnattrass95@comsenz.com
331,Jorgan,Ipsley,jipsley96@unblog.fr
332,Renault,Greep,rgreep97@cmu.edu
333,Trudy,Hamshar,thamshar98@wordpress.org
334,Hallsy,Shire,hshire99@163.com
335,Klarrisa,Montrose,kmontrose9a@dropbox.com
336,Lulu,Fontell,lfontell9b@cbsnews.com
337,Nowell,Shilling,nshilling9c@prnewswire.com
338,Tera,Marcoolyn,tmarcoolyn9d@ocn.ne.jp
339,Cobby,Cohn,ccohn9e@cnn.com
340,Tiffie,Romanetti,tromanetti9f@washington.edu
341,Sergent,O'Leahy,soleahy9g@cbslocal.com
342,Melody,Prettejohns,mprettejohns9h@aol.com
343,Tiphanie,Lantuff,tlantuff9i@csmonitor.com
344,Aubrey,Jinks,ajinks9j@gnu.org
345,Darlene,Gooderidge,dgooderidge9k@hubpages.com
346,Franzen,Blann,fblann9l@cisco.com
347,Sapphire,Shimon,sshimon9m@geocities.jp
348,Spencer,Dougal,sdougal9n@timesonline.co.uk
349,Benji,Inglis,binglis9o@nymag.com
350,Adey,Batham,abatham9p@usda.gov
351,Petey,Raddon,praddon9q@storify.com
352,Kassandra,Berdale,kberdale9r@rakuten.co.jp
353,Chen,Northill,cnorthill9s@ycombinator.com
354,Chloris,Macey,cmacey9t@foxnews.com
355,Malinda,Wyeth,mwyeth9u@theglobeandmail.com
356,Guinna,Callaway,gcallaway9v@altervista.org
357,Lindy,Biasetti,lbiasetti9w@phoca.cz
358,Ronni,Gossan,rgossan9x@google.it
359,Rosmunda,Hubbucks,rhubbucks9y@wsj.com
360,Johny,Basili,jbasili9z@photobucket.com
361,Jule,Mc Carrick,jmccarricka0@sogou.com
362,Sonny,MacCourt,smaccourta1@walmart.com
363,Pietra,Cerman,pcermana2@topsy.com
364,Dylan,Quant,dquanta3@admin.ch
365,Dot,MacDiarmond,dmacdiarmonda4@google.nl
366,Boigie,Pollen,bpollena5@mapquest.com
367,Marcus,Rate,mratea6@theatlantic.com
368,Anica,Bruggen,abruggena7@newyorker.com
369,Rubetta,Marples,rmarplesa8@quantcast.com
370,Stillmann,Troth,strotha9@soup.io
371,Tim,Serck,tserckaa@odnoklassniki.ru
372,Ilse,Cullrford,icullrfordab@msu.edu
373,Melloney,Hofer,mhoferac@nifty.com
374,Jessamyn,O'Skehan,joskehanad@uol.com.br
375,Rinaldo,Goldingay,rgoldingayae@goodreads.com
376,Rozele,Yukhnev,ryukhnevaf@smh.com.au
377,Gaspar,Laval,glavalag@umich.edu
378,Birch,Kennally,bkennallyah@netvibes.com
379,Janie,Simkovich,jsimkovichai@microsoft.com
380,Murdoch,Konig,mkonigaj@usatoday.com
381,Tedda,Smittoune,tsmittouneak@hhs.gov
382,Herman,Yakob,hyakobal@ucoz.ru
383,Demetra,Doornbos,ddoornbosam@imgur.com
384,Ludwig,Gilyatt,lgilyattan@google.com
385,Susie,Escritt,sescrittao@bluehost.com
386,Allyn,Grieswood,agrieswoodap@slate.com
387,Joelynn,Wigg,jwiggaq@angelfire.com
388,Modestia,Petrushka,mpetrushkaar@naver.com
389,Brant,Liles,blilesas@google.co.uk
390,Constancia,Eddolls,ceddollsat@hibu.com
391,King,Seignior,kseigniorau@google.ca
392,Yard,Pagen,ypagenav@vistaprint.com
393,Inglebert,Tubridy,itubridyaw@miitbeian.gov.cn
394,Randene,Swait,rswaitax@sakura.ne.jp
395,Zaria,Tappin,ztappinay@hubpages.com
396,Berkeley,MacPharlain,bmacpharlainaz@reuters.com
397,Lucretia,Castagnone,lcastagnoneb0@mapy.cz
398,Rennie,Allaker,rallakerb1@indiegogo.com
399,James,Pirkis,jpirkisb2@people.com.cn
400,Dunn,Cadlock,dcadlockb3@eepurl.com
401,Ulises,Arnli,uarnlib4@reddit.com
402,Emile,Knapton,eknaptonb5@stumbleupon.com
403,Eleonore,Legister,elegisterb6@noaa.gov
404,Dewie,De Biaggi,ddebiaggib7@prweb.com
405,Derk,Kenyam,dkenyamb8@nps.gov
406,Trudie,Sames,tsamesb9@arizona.edu
407,Madison,Bengoechea,mbengoecheaba@jalbum.net
408,Obediah,Tuffin,otuffinbb@youtu.be
409,Shirl,Blofield,sblofieldbc@tripadvisor.com
410,Wendeline,Wroughton,wwroughtonbd@npr.org
411,Ches,Blackbourn,cblackbournbe@live.com
412,Pauline,Edmondson,pedmondsonbf@yahoo.co.jp
413,Fabian,Crone,fcronebg@last.fm
414,Lenci,Bonanno,lbonannobh@irs.gov
415,Buddy,Ayrs,bayrsbi@digg.com
416,Thalia,Wilcockes,twilcockesbj@pagesperso-orange.fr
417,Lionel,Hendrix,lhendrixbk@shutterfly.com
418,Fairfax,Celiz,fcelizbl@wp.com
419,Berky,Dominka,bdominkabm@disqus.com
420,Denys,Titterton,dtittertonbn@yahoo.co.jp
421,Sampson,Ballin,sballinbo@flickr.com
422,Goldie,Doneld,gdoneldbp@people.com.cn
423,Philippa,Lohering,ploheringbq@huffingtonpost.com
424,Lucian,Weitzel,lweitzelbr@networksolutions.com
425,Anett,Danzey,adanzeybs@hexun.com
426,Magdalena,Wetherby,mwetherbybt@addthis.com
427,Nadine,Limmer,nlimmerbu@amazon.co.uk
428,Alberto,Oels,aoelsbv@topsy.com
429,Gregorio,Sumption,gsumptionbw@paypal.com
430,Karl,Marriott,kmarriottbx@cbslocal.com
431,Stirling,Allmark,sallmarkby@nydailynews.com
432,Wainwright,Goodlud,wgoodludbz@latimes.com
433,Iona,Scriver,iscriverc0@msn.com
434,Cecelia,O'Dulchonta,codulchontac1@samsung.com
435,Vincents,Aitchison,vaitchisonc2@economist.com
436,Ronald,Franz,rfranzc3@berkeley.edu
437,Charlene,Aviss,cavissc4@about.me
438,Adelina,Dy,adyc5@mysql.com
439,Kara,Rubinlicht,krubinlichtc6@technorati.com
440,Gunilla,Dable,gdablec7@reuters.com
441,Mae,Smithson,msmithsonc8@zimbio.com
442,Derrik,Boggon,dboggonc9@independent.co.uk
443,Alon,Rhubottom,arhubottomca@nifty.com
444,Aurilia,Laydon,alaydoncb@wix.com
445,Sheryl,Aucutt,saucuttcc@wisc.edu
446,Clare,Fowell,cfowellcd@msn.com
447,Danny,Overlow,doverlowce@myspace.com
448,Eustace,Swadlinge,eswadlingecf@bloomberg.com
449,Luke,Trinbey,ltrinbeycg@amazon.de
450,Saloma,Rockliffe,srockliffech@linkedin.com
451,Callie,Kierans,ckieransci@howstuffworks.com
452,Bathsheba,Stearn,bstearncj@barnesandnoble.com
453,Gwendolin,Rodders,groddersck@prlog.org
454,Ric,Satterfitt,rsatterfittcl@house.gov
455,Catlee,Hurl,churlcm@si.edu
456,Avery,Jarnell,ajarnellcn@sakura.ne.jp
457,Hollis,Gornar,hgornarco@multiply.com
458,Demetris,Doddrell,ddoddrellcp@i2i.jp
459,Worthington,Jonson,wjonsoncq@amazonaws.com
460,Elliot,Shoreman,eshoremancr@vistaprint.com
461,Denyse,Pilbury,dpilburycs@indiatimes.com
462,Robbert,Cordery,rcorderyct@sina.com.cn
463,Delly,Ogdahl,dogdahlcu@elegantthemes.com
464,Ondrea,Allenson,oallensoncv@ocn.ne.jp
465,Hazel,Dametti,hdametticw@fotki.com
466,Kaylyn,Bingell,kbingellcx@unicef.org
467,Arney,Girodias,agirodiascy@ucla.edu
468,Tobiah,Eberts,tebertscz@ebay.co.uk
469,Kippy,Rowter,krowterd0@abc.net.au
470,Jeanelle,Van Brug,jvanbrugd1@joomla.org
471,Rosalia,Fieldgate,rfieldgated2@umich.edu
472,Hanni,Serle,hserled3@imgur.com
473,Spike,Brownrigg,sbrownriggd4@cafepress.com
474,Yves,Domengue,ydomengued5@people.com.cn
475,Oralie,Tottman,otottmand6@pen.io
476,Wesley,Dunridge,wdunridged7@qq.com
477,Dorette,de Grey,ddegreyd8@mozilla.com
478,Eolande,Denecamp,edenecampd9@angelfire.com
479,Lucie,Hedin,lhedinda@studiopress.com
480,Stacy,Bargery,sbargerydb@sbwire.com
481,Guenevere,Slocum,gslocumdc@webnode.com
482,Land,Elgood,lelgooddd@php.net
483,Kari,Cornelleau,kcornelleaude@so-net.ne.jp
484,Nana,Jurgen,njurgendf@va.gov
485,Horatia,Prin,hprindg@simplemachines.org
486,Cacilie,Hugues,chuguesdh@irs.gov
487,Norbie,Monteath,nmonteathdi@hubpages.com
488,Tadio,Jakubowicz,tjakubowiczdj@go.com
489,Laetitia,Prop,lpropdk@a8.net
490,Adrian,Cregin,acregindl@mozilla.com
491,Gretna,Sherburn,gsherburndm@studiopress.com
492,Mikel,Wraith,mwraithdn@amazonaws.com
493,Celestyna,Simmers,csimmersdo@army.mil
494,Payton,Graalmans,pgraalmansdp@buzzfeed.com
495,Jeniece,Cockerton,jcockertondq@wordpress.org
496,Caprice,Maides,cmaidesdr@desdev.cn
497,Wait,Polendine,wpolendineds@wix.com
498,Lionel,Croce,lcrocedt@msu.edu
499,Clemmie,Kighly,ckighlydu@nih.gov
500,Torre,Linsley,tlinsleydv@delicious.com
501,Gwyneth,Camili,gcamilidw@examiner.com
502,Gilbert,Rowena,growenadx@toplist.cz
503,Hallsy,Robbert,hrobbertdy@si.edu
504,Luise,Seedhouse,lseedhousedz@wsj.com
505,Phyllida,Greenaway,pgreenawaye0@yahoo.co.jp
506,Faustina,Kennet,fkennete1@cyberchimps.com
507,Randie,Parks,rparkse2@guardian.co.uk
508,Raleigh,Cammack,rcammacke3@woothemes.com
509,Claudetta,Maccrea,cmaccreae4@tripadvisor.com
510,Becki,Rimmer,brimmere5@ox.ac.uk
511,Kareem,Waple,kwaplee6@imdb.com
512,Wilburt,Haws,whawse7@people.com.cn
513,Susette,Dzenisenka,sdzenisenkae8@twitter.com
514,Annabela,Claxton,aclaxtone9@upenn.edu
515,Leupold,Jeaves,ljeavesea@senate.gov
516,Wallis,Chittleburgh,wchittleburgheb@ezinearticles.com
517,Miquela,Gorusso,mgorussoec@sakura.ne.jp
518,Igor,Sackler,isacklered@themeforest.net
519,Bernard,Easdon,beasdonee@shop-pro.jp
520,Basil,Wilkes,bwilkesef@exblog.jp
521,Noble,Brodway,nbrodwayeg@jugem.jp
522,Maritsa,Hammatt,mhammatteh@cam.ac.uk
523,Denys,Parminter,dparminterei@gnu.org
524,Daile,Buckett,dbuckettej@forbes.com
525,Lesya,Emmatt,lemmattek@usnews.com
526,Amber,Giacobini,agiacobiniel@so-net.ne.jp
527,Gilbert,Akaster,gakasterem@unicef.org
528,Homerus,Boch,hbochen@walmart.com
529,Ashley,Bagger,abaggereo@wsj.com
530,Germain,Peasee,gpeaseeep@cdbaby.com
531,Miran,Ord,mordeq@usnews.com
532,Lawrence,Mance,lmanceer@ucoz.ru
533,Anthia,Saul,asaules@businessweek.com
534,Lorenza,Schlag,lschlaget@alexa.com
535,Tomlin,Gandar,tgandareu@wsj.com
536,Fanechka,Whiteoak,fwhiteoakev@blogger.com
537,Ellwood,Cohr,ecohrew@ustream.tv
538,Salaidh,Fitzpayn,sfitzpaynex@icq.com
539,Shirleen,Elderidge,selderidgeey@wix.com
540,Simon,Henze,shenzeez@spotify.com
541,Ronny,Muller,rmullerf0@ucoz.ru
542,Fredra,Stormes,fstormesf1@census.gov
543,Ody,Lemmers,olemmersf2@wikimedia.org
544,Berkly,Parmley,bparmleyf3@ucla.edu
545,Ronica,Grund,rgrundf4@uol.com.br
546,Jerrylee,Telega,jtelegaf5@pcworld.com
547,Alphonse,Leffek,aleffekf6@nature.com
548,Peri,Blundell,pblundellf7@house.gov
549,Jessica,Carnall,jcarnallf8@un.org
550,Winni,Peasgood,wpeasgoodf9@diigo.com
551,Nike,Syratt,nsyrattfa@adobe.com
552,Laurianne,Jacquet,ljacquetfb@angelfire.com
553,Bald,Pearse,bpearsefc@simplemachines.org
554,Carly,Deem,cdeemfd@techcrunch.com
555,Mercy,Hymans,mhymansfe@wunderground.com
556,Eleonore,Praten,epratenff@apache.org
557,Marjorie,Pragnall,mpragnallfg@paginegialle.it
558,Jervis,Gifkins,jgifkinsfh@alibaba.com
559,Theodor,Siehard,tsiehardfi@ebay.co.uk
560,Trev,Maginn,tmaginnfj@ning.com
561,Victoir,Dunk,vdunkfk@diigo.com
562,Eddie,Cafferty,ecaffertyfl@narod.ru
563,Brand,Parram,bparramfm@last.fm
564,Revkah,Wardel,rwardelfn@jugem.jp
565,Doria,Grebbin,dgrebbinfo@fda.gov
566,Dilly,Byrch,dbyrchfp@goodreads.com
567,Herschel,Lillistone,hlillistonefq@bing.com
568,Junie,Loakes,jloakesfr@tripadvisor.com
569,Donal,Spyer,dspyerfs@cbslocal.com
570,Bonnibelle,Naire,bnaireft@wisc.edu
571,Urbano,Silversmid,usilversmidfu@cnet.com
572,Tarah,Limming,tlimmingfv@unblog.fr
573,Jarid,Frunks,jfrunksfw@arizona.edu
574,Gwendolyn,Royston,groystonfx@ted.com
575,Hadlee,Simpson,hsimpsonfy@apache.org
576,Faulkner,Ivanikov,fivanikovfz@angelfire.com
577,Hurlee,Bompas,hbompasg0@artisteer.com
578,Crawford,Nimmo,cnimmog1@diigo.com
579,Hyacinthie,Tow,htowg2@behance.net
580,Currey,Catteroll,ccatterollg3@miibeian.gov.cn
581,Isabelita,Castagnasso,icastagnassog4@odnoklassniki.ru
582,Quinta,Mozzini,qmozzinig5@delicious.com
583,Allene,Poulton,apoultong6@springer.com
584,Kirby,Tatton,ktattong7@acquirethisname.com
585,Violetta,Coye,vcoyeg8@google.pl
586,Bartolomeo,Gladdor,bgladdorg9@sogou.com
587,Bryana,Cainey,bcaineyga@ucsd.edu
588,Ruth,Domingues,rdominguesgb@cam.ac.uk
589,Jacques,Oxterby,joxterbygc@theatlantic.com
590,Tillie,Turmel,tturmelgd@cyberchimps.com
591,Mano,Abercromby,mabercrombyge@msu.edu
592,Torey,Dennick,tdennickgf@vinaora.com
593,Rudyard,Edyson,redysongg@cbc.ca
594,Tomkin,Emblem,temblemgh@pagesperso-orange.fr
595,Diann,Houliston,dhoulistongi@devhub.com
596,Dwayne,Dhillon,ddhillongj@alibaba.com
597,Cynthy,Pithie,cpithiegk@sitemeter.com
598,Niven,Pardon,npardongl@webmd.com
599,Athene,Farey,afareygm@jugem.jp
600,Iago,Pounder,ipoundergn@reverbnation.com
601,Ludovika,Coarser,lcoarsergo@guardian.co.uk
602,Christy,Barbrick,cbarbrickgp@devhub.com
603,Dom,Casella,dcasellagq@mac.com
604,Layne,Conre,lconregr@slashdot.org
605,Curry,Shemming,cshemminggs@cam.ac.uk
606,Guthrie,Bigglestone,gbigglestonegt@dropbox.com
607,Delores,Penticoot,dpenticootgu@istockphoto.com
608,Emmeline,Camel,ecamelgv@mit.edu
609,Ferne,Newgrosh,fnewgroshgw@studiopress.com
610,Arty,Benettini,abenettinigx@nih.gov
611,Daron,Kleimt,dkleimtgy@aboutads.info
612,Jarrid,Gladtbach,jgladtbachgz@businessinsider.com
613,Marleen,Montes,mmontesh0@barnesandnoble.com
614,Lucais,Drysdale,ldrysdaleh1@feedburner.com
615,Salem,Logsdale,slogsdaleh2@pagesperso-orange.fr
616,Erik,Chasson,echassonh3@studiopress.com
617,Derrick,Scanlan,dscanlanh4@unesco.org
618,Lee,Ballendine,lballendineh5@woothemes.com
619,Beryl,Heinert,bheinerth6@admin.ch
620,Luci,Carsberg,lcarsbergh7@nih.gov
621,Bailey,Dibdall,bdibdallh8@senate.gov
622,Merrile,Girsch,mgirschh9@fotki.com
623,Iggie,Bracchi,ibracchiha@msn.com
624,Say,Schneidau,sschneidauhb@tripadvisor.com
625,Allie,Wassell,awassellhc@foxnews.com
626,Moises,Cassy,mcassyhd@nhs.uk
627,Alley,Primak,aprimakhe@usda.gov
628,Dulcy,Varfolomeev,dvarfolomeevhf@arstechnica.com
629,Peggie,Pochet,ppochethg@umn.edu
630,Charmain,Siebart,csiebarthh@amazon.com
631,Gabie,Peplay,gpeplayhi@chron.com
632,Kimberly,Trotman,ktrotmanhj@accuweather.com
633,Mateo,Sollner,msollnerhk@cbsnews.com
634,Joye,Murley,jmurleyhl@craigslist.org
635,Catharine,Janssens,cjanssenshm@cyberchimps.com
636,Cross,Lawtey,clawteyhn@imdb.com
637,Ermanno,Mackerness,emackernessho@rediff.com
638,Reiko,Christy,rchristyhp@cnbc.com
639,Oralee,Elvin,oelvinhq@posterous.com
640,Wynn,Uridge,wuridgehr@hexun.com
641,Staffard,Gillibrand,sgillibrandhs@uol.com.br
642,Karena,Spaduzza,kspaduzzaht@themeforest.net
643,Amandie,Repper,arepperhu@theatlantic.com
644,Kaitlynn,Girardey,kgirardeyhv@oracle.com
645,Simone,Limbert,slimberthw@hhs.gov
646,Colver,Duny,cdunyhx@free.fr
647,Bartolomeo,Fautley,bfautleyhy@meetup.com
648,Caitlin,Caffin,ccaffinhz@ibm.com
649,Kiah,Louche,klouchei0@uiuc.edu
650,Jourdan,Castlake,jcastlakei1@illinois.edu
651,Cissiee,Rontsch,crontschi2@miitbeian.gov.cn
652,Hewe,Iddon,hiddoni3@paginegialle.it
653,Burt,Denacamp,bdenacampi4@wsj.com
654,Martha,Ivanenko,mivanenkoi5@columbia.edu
655,Fae,Shier,fshieri6@hugedomains.com
656,Pauli,Matelyunas,pmatelyunasi7@google.co.jp
657,Carolina,Fahrenbacher,cfahrenbacheri8@biglobe.ne.jp
658,Avigdor,Beaby,abeabyi9@freewebs.com
659,Zelma,Cove,zcoveia@symantec.com
660,Quentin,Comben,qcombenib@indiatimes.com
661,Lianna,Manjin,lmanjinic@usnews.com
662,Constantina,Rawlins,crawlinsid@hostgator.com
663,Karlene,Scaddon,kscaddonie@patch.com
664,Harp,Deackes,hdeackesif@sciencedaily.com
665,Tynan,Casford,tcasfordig@cbslocal.com
666,Thedric,Pearlman,tpearlmanih@weebly.com
667,Larisa,Jerzak,ljerzakii@statcounter.com
668,Ingmar,Bramhill,ibramhillij@guardian.co.uk
669,Hollie,McPike,hmcpikeik@marriott.com
670,Ruddy,Leney,rleneyil@g.co
671,Cecile,Lycett,clycettim@wunderground.com
672,Hiram,Wandtke,hwandtkein@nih.gov
673,Corrinne,Beszant,cbeszantio@bizjournals.com
674,Hughie,Thirsk,hthirskip@networksolutions.com
675,Heloise,Itzhak,hitzhakiq@bbb.org
676,Chiquia,Blunn,cblunnir@nba.com
677,Jesus,Morgans,jmorgansis@storify.com
678,Bren,Dannell,bdannellit@yahoo.co.jp
679,Roley,Boc,rbociu@census.gov
680,Amelia,Markussen,amarkusseniv@mediafire.com
681,Emmalynne,Deacock,edeacockiw@tiny.cc
682,Chelsy,Hadny,chadnyix@xinhuanet.com
683,Rolland,Shenfisch,rshenfischiy@whitehouse.gov
684,Perri,Dumbellow,pdumbellowiz@apache.org
685,Winona,Petrasek,wpetrasekj0@amazon.co.jp
686,Issy,Stonbridge,istonbridgej1@yellowpages.com
687,Elyse,Dollard,edollardj2@prlog.org
688,Maddalena,Balsillie,mbalsilliej3@geocities.com
689,Emilee,Helks,ehelksj4@cyberchimps.com
690,Milly,Clabburn,mclabburnj5@friendfeed.com
691,Glyn,Senior,gseniorj6@4shared.com
692,Sisely,Rushmer,srushmerj7@shutterfly.com
693,Windham,Boffin,wboffinj8@webmd.com
694,Carlene,Roset,crosetj9@wisc.edu
695,Inna,Trench,itrenchja@sitemeter.com
696,Sharity,Faucherand,sfaucherandjb@google.nl
697,Car,Fiddian,cfiddianjc@about.me
698,Sammy,Ledgister,sledgisterjd@newsvine.com
699,Charlton,Pitkins,cpitkinsje@google.cn
700,Chico,York,cyorkjf@facebook.com
701,Currie,Diddams,cdiddamsjg@google.co.uk
702,Walliw,Uttridge,wuttridgejh@ftc.gov
703,Dulci,Bramhall,dbramhallji@nydailynews.com
704,Thebault,Strangward,tstrangwardjj@w3.org
705,Sheryl,Cordeau],scordeaujk@apple.com
706,Olly,Heggie,oheggiejl@google.com.au
707,Savina,Legate,slegatejm@bigcartel.com
708,Juliet,Bent,jbentjn@studiopress.com
709,Omar,Lawrenz,olawrenzjo@de.vu
710,Phillipe,Grimbleby,pgrimblebyjp@wufoo.com
711,Fayina,Di Maggio,fdimaggiojq@nydailynews.com
712,Lissi,Ivanyutin,livanyutinjr@reuters.com
713,Creighton,Jaan,cjaanjs@nbcnews.com
714,Joshia,Bremmer,jbremmerjt@utexas.edu
715,Claybourne,Derrington,cderringtonju@gravatar.com
716,Alexia,Craxford,acraxfordjv@globo.com
717,Constantia,Peile,cpeilejw@chronoengine.com
718,Northrup,Endecott,nendecottjx@addthis.com
719,Giraud,Braundt,gbraundtjy@sun.com
720,Claudell,Palfery,cpalferyjz@amazon.com
721,Dorie,Westnedge,dwestnedgek0@cbslocal.com
722,Donnajean,Cassam,dcassamk1@php.net
723,Myrtie,Coushe,mcoushek2@seattletimes.com
724,Giovanni,Caslane,gcaslanek3@xing.com
725,Fran,Jeaffreson,fjeaffresonk4@europa.eu
726,Ade,Giacobazzi,agiacobazzik5@about.com
727,Esteban,Guerrin,eguerrink6@about.me
728,Jaymee,Simenot,jsimenotk7@free.fr
729,Valli,Heyward,vheywardk8@rakuten.co.jp
730,Frasquito,Tomasutti,ftomasuttik9@is.gd
731,Clarice,Felgate,cfelgateka@newsvine.com
732,Dalli,Storkes,dstorkeskb@istockphoto.com
733,Genia,Sarsfield,gsarsfieldkc@imgur.com
734,Daniela,Anthes,dantheskd@prweb.com
735,Lyn,Loveless,llovelesske@usatoday.com
736,Rusty,Miebes,rmiebeskf@free.fr
737,Alistair,Yantsurev,ayantsurevkg@howstuffworks.com
738,Fitzgerald,McMurtyr,fmcmurtyrkh@cocolog-nifty.com
739,Osgood,Buckleigh,obuckleighki@angelfire.com
740,Casey,Van den Velde,cvandenveldekj@latimes.com
741,Hinze,Bierling,hbierlingkk@nsw.gov.au
742,Davey,Aitcheson,daitchesonkl@webnode.com
743,Evangeline,Brierley,ebrierleykm@wsj.com
744,Celinda,Delaprelle,cdelaprellekn@scribd.com
745,Kristo,Flemyng,kflemyngko@npr.org
746,Isa,Richly,irichlykp@uol.com.br
747,Emalia,Simionescu,esimionescukq@vinaora.com
748,Caritta,Goning,cgoningkr@icq.com
749,Karney,Vanyukov,kvanyukovks@liveinternet.ru
750,Zaneta,Arkow,zarkowkt@goo.ne.jp
751,Gertrude,Duran,gduranku@skype.com
752,Bing,Henrichsen,bhenrichsenkv@technorati.com
753,Lora,Helbeck,lhelbeckkw@acquirethisname.com
754,Silvan,Brettell,sbrettellkx@usa.gov
755,Che,Lancastle,clancastleky@php.net
756,Madelyn,Allebone,mallebonekz@umn.edu
757,Leeland,Maskell,lmaskelll0@google.de
758,Waneta,Kitchingman,wkitchingmanl1@umich.edu
759,Caldwell,Labroue,clabrouel2@wikispaces.com
760,Vallie,Downton,vdowntonl3@edublogs.org
761,Kathye,Korting,kkortingl4@naver.com
762,Wallis,Druery,wdrueryl5@bluehost.com
763,Glory,Ornillos,gornillosl6@gov.uk
764,Erica,Almond,ealmondl7@reuters.com
765,Ludvig,Scarman,lscarmanl8@forbes.com
766,Marlee,Farryann,mfarryannl9@unesco.org
767,Tabor,Hatherleigh,thatherleighla@woothemes.com
768,Bruce,Elverstone,belverstonelb@phpbb.com
769,Garth,Dobbing,gdobbinglc@accuweather.com
770,Reider,Bogays,rbogaysld@ebay.com
771,Judas,Bance,jbancele@ft.com
772,Saunders,O'dell,sodelllf@storify.com
773,Andrew,Anscombe,aanscombelg@wufoo.com
774,Des,Hadley,dhadleylh@adobe.com
775,Marya,Newby,mnewbyli@booking.com
776,Felizio,Duell,fduelllj@eventbrite.com
777,Burch,Althrope,balthropelk@state.gov
778,Skyler,Devoy,sdevoyll@google.it
779,Tiebout,Southward,tsouthwardlm@vk.com
780,Thorndike,Neller,tnellerln@de.vu
781,Caresse,Washington,cwashingtonlo@answers.com
782,Zorana,Anscombe,zanscombelp@boston.com
783,Andras,Arrighini,aarrighinilq@ning.com
784,Coleen,Maud,cmaudlr@google.de
785,Jamima,Kleinhausen,jkleinhausenls@hud.gov
786,Emmet,McGoldrick,emcgoldricklt@squidoo.com
787,Letizia,McCollum,lmccollumlu@statcounter.com
788,Sasha,Rosenbarg,srosenbarglv@mapy.cz
789,Mozes,Hamnett,mhamnettlw@state.tx.us
790,Larissa,Orgee,lorgeelx@census.gov
791,Rhonda,Bescoby,rbescobyly@youtu.be
792,Wendall,Bettington,wbettingtonlz@icq.com
793,Kennett,Thurley,kthurleym0@independent.co.uk
794,Radcliffe,Maycey,rmayceym1@mashable.com
795,Carol,Allaway,callawaym2@tripod.com
796,Eadmund,Garric,egarricm3@cpanel.net
797,Nikita,Snazel,nsnazelm4@arizona.edu
798,Ginevra,Weins,gweinsm5@walmart.com
799,Breanne,Bloggett,bbloggettm6@google.de
800,Rhonda,Goodlip,rgoodlipm7@dmoz.org
801,Melisande,Downes,mdownesm8@earthlink.net
802,Faina,Tenniswood,ftenniswoodm9@bloomberg.com
803,Cristal,Strowther,cstrowtherma@simplemachines.org
804,Vonny,Radolf,vradolfmb@reverbnation.com
805,Caryn,Minney,cminneymc@barnesandnoble.com
806,Ashla,Malkin,amalkinmd@tripod.com
807,Aube,Cholmondeley,acholmondeleyme@123-reg.co.uk
808,Dannye,Creebo,dcreebomf@usda.gov
809,Ahmed,Adlam,aadlammg@sitemeter.com
810,Sigmund,Giacaponi,sgiacaponimh@ow.ly
811,Lauryn,Ox,loxmi@ning.com
812,Sunny,Millan,smillanmj@illinois.edu
813,Stanton,Keyhoe,skeyhoemk@dropbox.com
814,Ellery,Bloan,ebloanml@chicagotribune.com
815,Bobbee,Sammon,bsammonmm@nymag.com
816,Bink,Kliment,bklimentmn@sohu.com
817,Shaun,Fould,sfouldmo@wordpress.com
818,Saundra,Stubbings,sstubbingsmp@loc.gov
819,Archer,Schult,aschultmq@gmpg.org
820,Suellen,Clapshaw,sclapshawmr@noaa.gov
821,Janella,Crysell,jcrysellms@freewebs.com
822,Roi,Priestley,rpriestleymt@odnoklassniki.ru
823,Lin,Wintle,lwintlemu@ucla.edu
824,Jamie,Bohey,jboheymv@squidoo.com
825,Valera,Bounds,vboundsmw@shutterfly.com
826,Manfred,Bearman,mbearmanmx@yahoo.co.jp
827,Gabbie,Crossan,gcrossanmy@mapy.cz
828,Cris,Trippick,ctrippickmz@bluehost.com
829,Bald,Dovington,bdovingtonn0@nydailynews.com
830,Jacklyn,Pash,jpashn1@comcast.net
831,Jacob,Avrahamof,javrahamofn2@mail.ru
832,Laurette,Bandey,lbandeyn3@delicious.com
833,Victoir,Binnie,vbinnien4@google.de
834,Gerrie,Showt,gshowtn5@goodreads.com
835,Lorilee,Maybery,lmayberyn6@abc.net.au
836,Ginelle,Honeywood,ghoneywoodn7@wikipedia.org
837,Catharine,Peer,cpeern8@howstuffworks.com
838,Hillary,Scafe,hscafen9@bbb.org
839,Jules,Fraczkiewicz,jfraczkiewiczna@merriam-webster.com
840,Audrie,Akrigg,aakriggnb@washingtonpost.com
841,Cacilia,Oades,coadesnc@bing.com
842,Mariette,Derisly,mderislynd@apple.com
843,Agnola,Minnock,aminnockne@woothemes.com
844,Nanette,Woakes,nwoakesnf@sphinn.com
845,Stan,Cassedy,scassedyng@freewebs.com
846,Dannye,Bilbie,dbilbienh@acquirethisname.com
847,Teodoro,Hudd,thuddni@over-blog.com
848,Mordecai,Mallia,mmallianj@addthis.com
849,Nero,Keech,nkeechnk@edublogs.org
850,Alejoa,Popworth,apopworthnl@ow.ly
851,Corine,Jowsey,cjowseynm@ox.ac.uk
852,Amil,Checketts,acheckettsnn@blogger.com
853,Tandie,Coorington,tcooringtonno@statcounter.com
854,Gerek,Mulliner,gmullinernp@washington.edu
855,Gallard,Mochar,gmocharnq@wikipedia.org
856,Ailee,Templar,atemplarnr@indiegogo.com
857,Almeta,Breache,abreachens@arizona.edu
858,Rhianna,Pedgrift,rpedgriftnt@examiner.com
859,Vernon,Mabbot,vmabbotnu@apache.org
860,Winnie,Stallan,wstallannv@bloglovin.com
861,Norry,Sefton,nseftonnw@histats.com
862,Lelah,Whartonby,lwhartonbynx@pcworld.com
863,Kelcy,Lehmann,klehmannny@elpais.com
864,Dorolisa,Jenkins,djenkinsnz@yahoo.co.jp
865,Gwenni,Raubenheimer,graubenheimero0@dedecms.com
866,Nydia,Sherlaw,nsherlawo1@psu.edu
867,Valentin,Warcup,vwarcupo2@indiatimes.com
868,Valene,O'Regan,voregano3@myspace.com
869,Remy,Felkin,rfelkino4@ehow.com
870,Cecil,Ruperto,crupertoo5@sciencedirect.com
871,Jermain,Twidle,jtwidleo6@nymag.com
872,Teador,Foskin,tfoskino7@mayoclinic.com
873,Jordanna,Bushaway,jbushawayo8@squarespace.com
874,Simonette,Picheford,spichefordo9@seattletimes.com
875,Farlee,Kelcher,fkelcheroa@ca.gov
876,Basile,Kingsnod,bkingsnodob@nbcnews.com
877,Marv,Bader,mbaderoc@google.de
878,Analise,Roydon,aroydonod@harvard.edu
879,Jocelin,Yegorovnin,jyegorovninoe@over-blog.com
880,Jessamyn,Lulham,jlulhamof@arstechnica.com
881,Wit,Caville,wcavilleog@de.vu
882,Regina,Gissing,rgissingoh@phpbb.com
883,Standford,Paterson,spatersonoi@skyrock.com
884,Cassey,Kennerley,ckennerleyoj@sina.com.cn
885,Collie,Byneth,cbynethok@cbc.ca
886,Hurlee,Mundie,hmundieol@netlog.com
887,Jonathon,Bonome,jbonomeom@ca.gov
888,Skyler,Connal,sconnalon@spiegel.de
889,Pandora,Kime,pkimeoo@springer.com
890,Toinette,Marmion,tmarmionop@addthis.com
891,Fleur,Fay,ffayoq@ezinearticles.com
892,Ferd,Lovatt,flovattor@uiuc.edu
893,Caroline,Bezzant,cbezzantos@discuz.net
894,Melina,Bouchier,mbouchierot@cisco.com
895,Ardyce,Nana,ananaou@ovh.net
896,Yule,Lillistone,ylillistoneov@squarespace.com
897,Ariela,Owbrick,aowbrickow@latimes.com
898,Bobbee,MacCaffery,bmaccafferyox@tripadvisor.com
899,Mahalia,Wingham,mwinghamoy@npr.org
900,Aubrey,Manilo,amanilooz@homestead.com
901,Thibaud,Blackshaw,tblackshawp0@dot.gov
902,Hilary,Zecchetti,hzecchettip1@washington.edu
903,Rubin,Behn,rbehnp2@usnews.com
904,Astra,Stovell,astovellp3@usgs.gov
905,Hewet,Juszkiewicz,hjuszkiewiczp4@oaic.gov.au
906,Hamnet,Petruskevich,hpetruskevichp5@fc2.com
907,Maxy,Wensley,mwensleyp6@vimeo.com
908,Nessa,Fronczak,nfronczakp7@about.me
909,Danyelle,Jakubowski,djakubowskip8@jigsy.com
910,Marika,Santoro,msantorop9@dagondesign.com
911,Wendye,Dormer,wdormerpa@ask.com
912,Berenice,Heggs,bheggspb@de.vu
913,Stan,Lenahan,slenahanpc@irs.gov
914,Catha,Fairlem,cfairlempd@huffingtonpost.com
915,Curry,Salmoni,csalmonipe@wufoo.com
916,Beryle,Hitschke,bhitschkepf@un.org
917,Ninon,Folling,nfollingpg@liveinternet.ru
918,Nicko,Bugg,nbuggph@bloglovin.com
919,Catie,Pateman,cpatemanpi@blinklist.com
920,Angelia,Leyre,aleyrepj@icio.us
921,Tallia,Honnicott,thonnicottpk@narod.ru
922,Merrili,Rustan,mrustanpl@de.vu
923,Trixie,Donner,tdonnerpm@plala.or.jp
924,Murray,St. Paul,mstpaulpn@china.com.cn
925,Janey,Torresi,jtorresipo@narod.ru
926,Blake,Tregea,btregeapp@time.com
927,Paul,Suggitt,psuggittpq@squidoo.com
928,Claudia,Heningam,cheningampr@blogtalkradio.com
929,Gerrie,Szapiro,gszapirops@squidoo.com
930,Deina,Draco,ddracopt@guardian.co.uk
931,Dedie,Weale,dwealepu@uiuc.edu
932,Sheridan,Fullicks,sfullickspv@businesswire.com
933,Durand,Swan,dswanpw@cbsnews.com
934,Malissa,Welburn,mwelburnpx@washingtonpost.com
935,Shirline,Scorton,sscortonpy@baidu.com
936,Meghan,Angelo,mangelopz@joomla.org
937,Jay,Schiefersten,jschieferstenq0@adobe.com
938,Mead,McClelland,mmcclellandq1@deliciousdays.com
939,Marv,Mancktelow,mmancktelowq2@nsw.gov.au
940,Fernande,Wigginton,fwiggintonq3@princeton.edu
941,Odo,Nequest,onequestq4@soup.io
942,Troy,Crossgrove,tcrossgroveq5@bbc.co.uk
943,Ebeneser,Gauche,egaucheq6@addthis.com
944,Vivianne,Jannequin,vjannequinq7@bluehost.com
945,Lilli,Sember,lsemberq8@wp.com
946,Dru,Fearns,dfearnsq9@discovery.com
947,Jenine,Terney,jterneyqa@indiatimes.com
948,Estrellita,Huitson,ehuitsonqb@about.me
949,Amii,Wetherald,awetheraldqc@cnbc.com
950,Genia,Finden,gfindenqd@ifeng.com
951,Keely,MacRinn,kmacrinnqe@sitemeter.com
952,Auroora,McLennan,amclennanqf@4shared.com
953,Moore,Gane,mganeqg@cbsnews.com
954,Galen,Rabb,grabbqh@altervista.org
955,Brendis,Gravatt,bgravattqi@newsvine.com
956,Grace,Abells,gabellsqj@quantcast.com
957,Bram,Braithwaite,bbraithwaiteqk@stumbleupon.com
958,Austine,Whapples,awhapplesql@rambler.ru
959,Viva,Iddon,viddonqm@diigo.com
960,Yolane,Giddins,ygiddinsqn@mozilla.org
961,Lucilia,Thireau,lthireauqo@live.com
962,Terrell,Trussell,ttrussellqp@de.vu
963,Angelique,Werndly,awerndlyqq@soundcloud.com
964,Desmond,Burnard,dburnardqr@mysql.com
965,Alvera,Leyrroyd,aleyrroydqs@wikispaces.com
966,Keslie,Inskipp,kinskippqt@ifeng.com
967,Claudianus,Gladbach,cgladbachqu@nasa.gov
968,Ira,Vanyutin,ivanyutinqv@blog.com
969,Berte,Pennycuick,bpennycuickqw@senate.gov
970,Madlen,Bolger,mbolgerqx@discuz.net
971,Wait,Insull,winsullqy@histats.com
972,Lila,Faherty,lfahertyqz@smh.com.au
973,Winona,Ondracek,wondracekr0@ow.ly
974,Jefferson,Chene,jchener1@geocities.jp
975,Nikolos,Razoux,nrazouxr2@usatoday.com
976,Zebulen,Deavall,zdeavallr3@time.com
977,Krishnah,Strowger,kstrowgerr4@foxnews.com
978,Wenona,Grubbe,wgrubber5@nasa.gov
979,Seamus,Leathes,sleathesr6@desdev.cn
980,Shadow,Bartolomivis,sbartolomivisr7@facebook.com
981,Willard,Lammas,wlammasr8@bandcamp.com
982,Fidel,Ornelas,fornelasr9@hugedomains.com
983,Monty,Woodlands,mwoodlandsra@moonfruit.com
984,Evania,Poli,epolirb@flickr.com
985,Jeannette,Oliphard,joliphardrc@google.com
986,Corine,Gaudin,cgaudinrd@youtu.be
987,Filmore,Corstan,fcorstanre@salon.com
988,Wendye,Cleevely,wcleevelyrf@bizjournals.com
989,Jeno,Stainton - Skinn,jstaintonskinnrg@facebook.com
990,Tobias,Studholme,tstudholmerh@icq.com
991,Emlyn,Ramsier,eramsierri@usa.gov
992,Federico,Baseley,fbaseleyrj@about.me
993,Pavlov,Orfeur,porfeurrk@livejournal.com
994,Sabine,Haxby,shaxbyrl@skype.com
995,Dalis,Geddes,dgeddesrm@msu.edu
996,Kalli,Lucius,kluciusrn@flavors.me
997,Karyn,Trevon,ktrevonro@businessinsider.com
998,Jere,Brimelow,jbrimelowrp@imdb.com
999,Lily,Ivakhno,livakhnorq@jalbum.net
1000,Elsie,Baison,ebaisonrr@sphinn.com
