id,first_name,last_name,email
1,Winnifred,Vergine,wvergine0@icq.com
2,Oswald,Koomar,okoomar1@time.com
3,Leonardo,Solman,lsolman2@narod.ru
4,Austin,Bariball,abariball3@rambler.ru
5,Joanie,MacNeilley,jmacneilley4@cmu.edu
6,Horacio,Jelfs,hjelfs5@nature.com
7,Gaynor,Cumming,gcumming6@abc.net.au
8,Edeline,Wishkar,ewishkar7@gmpg.org
9,Burk,Mougin,bmougin8@arizona.edu
10,Denyse,Headland,dheadland9@friendfeed.com
11,Kerrin,Murty,kmurtya@imdb.com
12,Daile,Ludye,dludyeb@uiuc.edu
13,Hedwiga,Dulton,hdultonc@tamu.edu
14,Ashlie,Learman,alearmand@behance.net
15,Martie,Blaxeland,mblaxelande@canalblog.com
16,Emmalynne,Vile,evilef@nyu.edu
17,Vikky,Ascrofte,vascrofteg@abc.net.au
18,Patrizio,Mackiewicz,pmackiewiczh@princeton.edu
19,Ibrahim,Smeaton,ismeatoni@ihg.com
20,Tedra,Yearns,tyearnsj@hhs.gov
21,Ardith,Haddington,ahaddingtonk@twitpic.com
22,Melli,Ilyas,milyasl@t.co
23,Dino,Gligori,dgligorim@archive.org
24,Lissa,De Gouy,ldegouyn@oracle.com
25,Homer,de Savery,hdesaveryo@livejournal.com
26,Kendell,Danko,kdankop@princeton.edu
27,Xena,Gabbott,xgabbottq@addtoany.com
28,Christean,Gillopp,cgilloppr@ed.gov
29,Debora,McClean,dmccleans@cnet.com
30,Briggs,Newing,bnewingt@rambler.ru
31,Lyndsey,Elstow,lelstowu@statcounter.com
32,Ruperto,Lamacraft,rlamacraftv@i2i.jp
33,Weider,McGinney,wmcginneyw@slideshare.net
34,Melvin,Hodgin,mhodginx@meetup.com
35,Gina,Tough,gtoughy@zdnet.com
36,Giovanna,Buckles,gbucklesz@irs.gov
37,Bertie,Garlinge,bgarlinge10@youtube.com
38,Valry,Gravenor,vgravenor11@squarespace.com
39,Sigfried,Acome,sacome12@lulu.com
40,Edithe,Aldwich,ealdwich13@salon.com
41,Germain,Heaney`,gheaney14@vinaora.com
42,Terri,Seddon,tseddon15@admin.ch
43,Hewitt,Radborne,hradborne16@java.com
44,Abner,Tadman,atadman17@ocn.ne.jp
45,Isador,Shorton,ishorton18@blogspot.com
46,Pavlov,Darrington,pdarrington19@nydailynews.com
47,Marylee,Guard,mguard1a@who.int
48,Lula,Philpott,lphilpott1b@wikispaces.com
49,Bucky,Dufaur,bdufaur1c@cloudflare.com
50,Meriel,Yuill,myuill1d@redcross.org
51,Sherwynd,Duckett,sduckett1e@wordpress.org
52,Denys,Stratten,dstratten1f@hud.gov
53,Gary,Hinckley,ghinckley1g@auda.org.au
54,Andreas,McRoberts,amcroberts1h@upenn.edu
55,Elisha,Ryles,eryles1i@mozilla.com
56,Valeda,Barkly,vbarkly1j@jimdo.com
57,Row,Martugin,rmartugin1k@yahoo.com
58,Kattie,Burdas,kburdas1l@cnn.com
59,Fey,Bercher,fbercher1m@parallels.com
60,Khalil,Gaymer,kgaymer1n@ibm.com
61,Cheryl,Smerdon,csmerdon1o@list-manage.com
62,Skip,Zavattari,szavattari1p@about.com
63,Tod,Belhome,tbelhome1q@abc.net.au
64,Atalanta,Blincko,ablincko1r@shop-pro.jp
65,Northrop,Von Gladbach,nvongladbach1s@51.la
66,Ysabel,Marien,ymarien1t@51.la
67,Gussie,McCrann,gmccrann1u@cargocollective.com
68,Fran,Trimmell,ftrimmell1v@t.co
69,Cindi,Longfield,clongfield1w@mac.com
70,Germana,Henniger,ghenniger1x@army.mil
71,Reine,Warret,rwarret1y@home.pl
72,Carie,Yoslowitz,cyoslowitz1z@spotify.com
73,Cinda,Featley,cfeatley20@meetup.com
74,Hercules,Plumbley,hplumbley21@examiner.com
75,Carlota,Dussy,cdussy22@imdb.com
76,Katheryn,Rojahn,krojahn23@yelp.com
77,Marsha,Considine,mconsidine24@mapy.cz
78,Corina,Borit,cborit25@vkontakte.ru
79,Amalle,Raysdale,araysdale26@fda.gov
80,Fitzgerald,Tweedlie,ftweedlie27@chronoengine.com
81,Catherin,Dongall,cdongall28@blogs.com
82,Cristen,Izatson,cizatson29@java.com
83,Parsifal,Ragless,pragless2a@cocolog-nifty.com
84,Bartholemy,Oldred,boldred2b@smh.com.au
85,Matilde,Khristyukhin,mkhristyukhin2c@mediafire.com
86,Esdras,Sharrem,esharrem2d@simplemachines.org
87,Brandea,Gration,bgration2e@shutterfly.com
88,Neal,Brogi,nbrogi2f@yandex.ru
89,Claretta,Ebdin,cebdin2g@hexun.com
90,Melamie,Quayle,mquayle2h@nih.gov
91,Zonnya,Schultes,zschultes2i@noaa.gov
92,Jason,Saurin,jsaurin2j@slideshare.net
93,Paulo,Eddicott,peddicott2k@shop-pro.jp
94,Evelyn,Shellcross,eshellcross2l@google.com.br
95,Gwenny,Kennelly,gkennelly2m@slashdot.org
96,Jock,Cumberland,jcumberland2n@bloglines.com
97,Paulita,Harriss,pharriss2o@hostgator.com
98,Randy,Winspurr,rwinspurr2p@bing.com
99,Amargo,Putten,aputten2q@disqus.com
100,Stacy,Larmett,slarmett2r@cmu.edu
101,Everett,Anton,eanton2s@godaddy.com
102,Oralia,Scole,oscole2t@hhs.gov
103,Lynett,Chatain,lchatain2u@answers.com
104,Sheree,Dundredge,sdundredge2v@domainmarket.com
105,Madelaine,Trillow,mtrillow2w@ask.com
106,Alysia,Pryke,apryke2x@utexas.edu
107,Aksel,Roblett,aroblett2y@1688.com
108,Theodore,Corryer,tcorryer2z@friendfeed.com
109,Millie,Spottswood,mspottswood30@cdc.gov
110,Bonnie,Dissman,bdissman31@amazon.com
111,Melamie,Soane,msoane32@php.net
112,Tandi,McIlwrath,tmcilwrath33@de.vu
113,Perry,Gayther,pgayther34@dot.gov
114,Prince,Elgood,pelgood35@discovery.com
115,Eb,Fison,efison36@ox.ac.uk
116,Kacy,Rickhuss,krickhuss37@drupal.org
117,Melisse,Ellerman,mellerman38@ameblo.jp
118,Jonas,O'Sharry,josharry39@auda.org.au
119,Teirtza,Gauvin,tgauvin3a@europa.eu
120,Stanwood,Trassler,strassler3b@yale.edu
121,Zack,Chiverton,zchiverton3c@technorati.com
122,Josepha,Morilla,jmorilla3d@hp.com
123,Bessy,Harrowsmith,bharrowsmith3e@soup.io
124,Cam,Saltwell,csaltwell3f@cnbc.com
125,Waite,Larham,wlarham3g@zdnet.com
126,Sadie,Casse,scasse3h@google.com.au
127,Griffie,Gawthrop,ggawthrop3i@webs.com
128,Kilian,Samwayes,ksamwayes3j@opera.com
129,Joel,Jervis,jjervis3k@yahoo.co.jp
130,Jobi,Cannan,jcannan3l@wsj.com
131,Allene,Sextie,asextie3m@purevolume.com
132,Valene,Wimpress,vwimpress3n@usda.gov
133,Brynna,Strewthers,bstrewthers3o@unc.edu
134,Clementina,Mulrean,cmulrean3p@seattletimes.com
135,Emmalynne,Manclark,emanclark3q@barnesandnoble.com
136,Nancie,Rudsdell,nrudsdell3r@foxnews.com
137,Hamel,Jaffrey,hjaffrey3s@arizona.edu
138,Frederic,Lockhurst,flockhurst3t@hugedomains.com
139,Taddeusz,Lennarde,tlennarde3u@samsung.com
140,Crystie,Rogan,crogan3v@flickr.com
141,Nikos,Purcer,npurcer3w@youtu.be
142,Cybill,Enterle,centerle3x@hp.com
143,Clarinda,St. Ledger,cstledger3y@joomla.org
144,Siobhan,McEvon,smcevon3z@apple.com
145,Elmer,Hurkett,ehurkett40@usgs.gov
146,Hart,Swindell,hswindell41@stumbleupon.com
147,Christos,Griniov,cgriniov42@t.co
148,Egbert,Blum,eblum43@marketwatch.com
149,Madelena,Ziebart,mziebart44@illinois.edu
150,Alfredo,Kennion,akennion45@biblegateway.com
151,Dwain,Beevis,dbeevis46@examiner.com
152,Isidro,Cromar,icromar47@stanford.edu
153,Rudie,Wolstencroft,rwolstencroft48@google.pl
154,Pietra,Milmore,pmilmore49@hao123.com
155,Dulce,Rusk,drusk4a@psu.edu
156,Teodoor,Paffitt,tpaffitt4b@etsy.com
157,My,MacHoste,mmachoste4c@bloglines.com
158,Darcey,Uvedale,duvedale4d@comsenz.com
159,Freddie,Howells,fhowells4e@hao123.com
160,Ofilia,Daens,odaens4f@twitpic.com
161,Gale,Meron,gmeron4g@nasa.gov
162,Davis,Kerfut,dkerfut4h@google.pl
163,Windy,Spry,wspry4i@fotki.com
164,Blisse,McInulty,bmcinulty4j@hatena.ne.jp
165,Ethan,Chappel,echappel4k@umn.edu
166,Skylar,Hullot,shullot4l@independent.co.uk
167,Percival,Kinleyside,pkinleyside4m@flickr.com
168,Nico,Lilbourne,nlilbourne4n@bloglines.com
169,Itch,Abbot,iabbot4o@yandex.ru
170,Catlaina,Rodnight,crodnight4p@google.com
171,Kori,Macieja,kmacieja4q@naver.com
172,Gene,Antyshev,gantyshev4r@discuz.net
173,Erica,Collelton,ecollelton4s@lycos.com
174,Valerie,Couvert,vcouvert4t@storify.com
175,Thornie,Redwing,tredwing4u@earthlink.net
176,Kingsly,Nimmo,knimmo4v@boston.com
177,Donni,Titterington,dtitterington4w@amazon.co.jp
178,Moselle,Lant,mlant4x@yellowbook.com
179,Jedediah,Radnedge,jradnedge4y@networkadvertising.org
180,Veronica,Menure,vmenure4z@hostgator.com
181,Donielle,Weins,dweins50@ftc.gov
182,Kara-lynn,Pensom,kpensom51@wufoo.com
183,Law,Tuerena,ltuerena52@cloudflare.com
184,Flory,Balassa,fbalassa53@mit.edu
185,Jelene,Bracknall,jbracknall54@reddit.com
186,Parnell,Spatarul,pspatarul55@comcast.net
187,Bernardine,Diloway,bdiloway56@sfgate.com
188,Barny,Thurbon,bthurbon57@japanpost.jp
189,Tommie,Dohr,tdohr58@example.com
190,Doralynne,Abramino,dabramino59@irs.gov
191,Waring,Vivian,wvivian5a@friendfeed.com
192,Elnar,Lynett,elynett5b@npr.org
193,Freeman,Hortop,fhortop5c@jalbum.net
194,Lorry,Jessep,ljessep5d@blinklist.com
195,Vassili,Eldon,veldon5e@columbia.edu
196,Maryanna,Blanchet,mblanchet5f@angelfire.com
197,Lezley,Bedells,lbedells5g@wisc.edu
198,Briny,Maulkin,bmaulkin5h@mysql.com
199,Kilian,Gaunson,kgaunson5i@51.la
200,Brien,McKevin,bmckevin5j@friendfeed.com
201,Rivalee,Yushkov,ryushkov5k@mlb.com
202,Evyn,Mayhew,emayhew5l@bandcamp.com
203,Vannie,Geldeard,vgeldeard5m@telegraph.co.uk
204,Roy,Ather,rather5n@devhub.com
205,Jeri,Wolfendale,jwolfendale5o@independent.co.uk
206,Lucia,Dowse,ldowse5p@fda.gov
207,Gaylene,Loren,gloren5q@java.com
208,Dimitri,Perri,dperri5r@bbc.co.uk
209,Timmy,Davies,tdavies5s@1688.com
210,Jimmie,Kardos-Stowe,jkardosstowe5t@networksolutions.com
211,Skyler,Tolwood,stolwood5u@spiegel.de
212,Odie,Goad,ogoad5v@microsoft.com
213,Tanny,Ducarne,tducarne5w@cafepress.com
214,Gail,Gibbs,ggibbs5x@mtv.com
215,Travus,Barthel,tbarthel5y@flavors.me
216,Alfi,Crossdale,acrossdale5z@ted.com
217,Norean,Ratcliff,nratcliff60@vistaprint.com
218,Ella,Geffen,egeffen61@vk.com
219,Sharlene,Halsall,shalsall62@wikispaces.com
220,Gerhard,Tunney,gtunney63@livejournal.com
221,Margaretha,Chapier,mchapier64@prnewswire.com
222,Bil,Danilchenko,bdanilchenko65@cam.ac.uk
223,Rosalinda,Heggadon,rheggadon66@huffingtonpost.com
224,Kent,Gronaver,kgronaver67@scribd.com
225,Kori,Oxterby,koxterby68@posterous.com
226,Nikolos,Newing,nnewing69@tripod.com
227,Miltie,Mossop,mmossop6a@baidu.com
228,Fairfax,Hasloch,fhasloch6b@arizona.edu
229,Emilee,Croft,ecroft6c@i2i.jp
230,Charlean,Sachno,csachno6d@eepurl.com
231,Jody,Blue,jblue6e@ucla.edu
232,Fae,Rupprecht,frupprecht6f@webmd.com
233,Jon,Ransbury,jransbury6g@pbs.org
234,Gard,Speedin,gspeedin6h@photobucket.com
235,Nelli,Copson,ncopson6i@amazonaws.com
236,Geoffry,Weinmann,gweinmann6j@cpanel.net
237,Gwenore,Hawyes,ghawyes6k@xinhuanet.com
238,Teri,Pordal,tpordal6l@illinois.edu
239,Erasmus,Varah,evarah6m@bbb.org
240,Dan,Lombardo,dlombardo6n@youtu.be
241,Annabella,Crockatt,acrockatt6o@toplist.cz
242,Maure,Pomphrett,mpomphrett6p@elpais.com
243,Koral,Grimwad,kgrimwad6q@sphinn.com
244,Giacinta,Duckering,gduckering6r@myspace.com
245,Max,Naismith,mnaismith6s@netvibes.com
246,Arron,Suggate,asuggate6t@nbcnews.com
247,Filip,Salerno,fsalerno6u@sohu.com
248,Ambur,Whittier,awhittier6v@google.com.au
249,Julie,Feldheim,jfeldheim6w@godaddy.com
250,Levy,Habbal,lhabbal6x@blog.com
251,Alanah,Alwin,aalwin6y@friendfeed.com
252,Taddeo,Tetley,ttetley6z@statcounter.com
253,Rani,Furze,rfurze70@hp.com
254,Cissy,Heinecke,cheinecke71@purevolume.com
255,Cymbre,Ros,cros72@ocn.ne.jp
256,Shurlocke,Clamp,sclamp73@gnu.org
257,Sisely,McGriele,smcgriele74@barnesandnoble.com
258,Carolee,Coghlan,ccoghlan75@washington.edu
259,Gavan,Dannehl,gdannehl76@wikipedia.org
260,Lu,Parren,lparren77@dmoz.org
261,Kim,Coopman,kcoopman78@cornell.edu
262,Tracy,Gellan,tgellan79@newsvine.com
263,Hallie,Carbry,hcarbry7a@github.io
264,Nessi,Sill,nsill7b@admin.ch
265,Dill,Mariot,dmariot7c@patch.com
266,Artur,Taborre,ataborre7d@fda.gov
267,Harriet,Prickett,hprickett7e@mediafire.com
268,Jermaine,Barrowcliffe,jbarrowcliffe7f@usgs.gov
269,Tommi,Chisnall,tchisnall7g@auda.org.au
270,Ives,Najera,inajera7h@google.fr
271,Lynnette,Sapsed,lsapsed7i@vkontakte.ru
272,Trace,Gras,tgras7j@webmd.com
273,Buddy,Daens,bdaens7k@tripod.com
274,Rudolfo,Bradbeer,rbradbeer7l@ycombinator.com
275,Dierdre,Fysh,dfysh7m@simplemachines.org
276,Donnell,Remirez,dremirez7n@adobe.com
277,Saundra,Dockray,sdockray7o@answers.com
278,Wait,Pagitt,wpagitt7p@studiopress.com
279,Noel,Maria,nmaria7q@earthlink.net
280,Alexandrina,Lyddiard,alyddiard7r@cisco.com
281,Wesley,Melton,wmelton7s@skyrock.com
282,Alikee,Neljes,aneljes7t@ebay.co.uk
283,Hyacinth,Massei,hmassei7u@cafepress.com
284,Daphne,Stollenbecker,dstollenbecker7v@youtu.be
285,Hayyim,Gheorghe,hgheorghe7w@ox.ac.uk
286,Leticia,Blaxland,lblaxland7x@usatoday.com
287,Martie,Masseo,mmasseo7y@jigsy.com
288,Adolphus,Butchard,abutchard7z@purevolume.com
289,Manda,Bratch,mbratch80@networksolutions.com
290,Audrie,Garriock,agarriock81@oracle.com
291,Dominique,Poundsford,dpoundsford82@answers.com
292,Finn,Vondracek,fvondracek83@spiegel.de
293,Zedekiah,Seabright,zseabright84@a8.net
294,Claudelle,Beat,cbeat85@seattletimes.com
295,Creigh,Piddocke,cpiddocke86@youtu.be
296,Vanessa,Twaits,vtwaits87@stumbleupon.com
297,Claudian,Bugbee,cbugbee88@phpbb.com
298,Arnoldo,Fortie,afortie89@fema.gov
299,Geralda,Deevey,gdeevey8a@blinklist.com
300,Georas,Hayto,ghayto8b@creativecommons.org
301,Eddie,Rayment,erayment8c@woothemes.com
302,Sven,Jakubowski,sjakubowski8d@jiathis.com
303,Town,Cottie,tcottie8e@bandcamp.com
304,Enriqueta,Luscombe,eluscombe8f@salon.com
305,Tracey,Dolan,tdolan8g@youku.com
306,Evonne,Trahmel,etrahmel8h@sogou.com
307,Meg,Bendan,mbendan8i@tumblr.com
308,Rolf,Spofforth,rspofforth8j@yandex.ru
309,Ema,Muriel,emuriel8k@cocolog-nifty.com
310,Shoshana,Burress,sburress8l@istockphoto.com
311,Marj,Tuddall,mtuddall8m@yellowpages.com
312,Tricia,Redwin,tredwin8n@github.io
313,Mathilde,Boumphrey,mboumphrey8o@ifeng.com
314,Boot,Buer,bbuer8p@booking.com
315,Kacey,Heisler,kheisler8q@economist.com
316,Whitby,Silverston,wsilverston8r@shareasale.com
317,Danit,Reckhouse,dreckhouse8s@geocities.jp
318,Zed,Paskerful,zpaskerful8t@walmart.com
319,Conrade,Kippling,ckippling8u@nifty.com
320,Josephine,Boyan,jboyan8v@cmu.edu
321,Willetta,Tuffell,wtuffell8w@pbs.org
322,Helaina,Stoate,hstoate8x@freewebs.com
323,Marty,McNamee,mmcnamee8y@businesswire.com
324,Nathan,Wallege,nwallege8z@google.co.uk
325,Cory,Mauditt,cmauditt90@free.fr
326,Ichabod,Snassell,isnassell91@eepurl.com
327,Connor,Butterley,cbutterley92@hp.com
328,Beatriz,Dearnley,bdearnley93@salon.com
329,Christabel,Goodredge,cgoodredge94@jiathis.com
330,Valentine,Towsie,vtowsie95@craigslist.org
331,Dynah,McKew,dmckew96@home.pl
332,Miles,Andrin,mandrin97@webeden.co.uk
333,Tiffanie,Jessup,tjessup98@tinyurl.com
334,Codi,Castagnone,ccastagnone99@phoca.cz
335,Henrik,Oldaker,holdaker9a@infoseek.co.jp
336,Horatio,Patkin,hpatkin9b@time.com
337,Freddy,Silcox,fsilcox9c@google.com.au
338,Millard,Wison,mwison9d@trellian.com
339,Rivalee,Leele,rleele9e@wordpress.com
340,Percy,Frend,pfrend9f@twitpic.com
341,Gwen,Blackett,gblackett9g@timesonline.co.uk
342,Tiphanie,Bailles,tbailles9h@google.cn
343,Nolan,Kindley,nkindley9i@house.gov
344,Jolie,Trinbey,jtrinbey9j@ameblo.jp
345,Fin,Richardes,frichardes9k@jalbum.net
346,Loralyn,Cressar,lcressar9l@usnews.com
347,Ignace,Snodin,isnodin9m@chronoengine.com
348,Wilhelmina,Barnshaw,wbarnshaw9n@w3.org
349,Elli,Saull,esaull9o@yellowbook.com
350,Townie,Sloat,tsloat9p@apache.org
351,Helaine,Romanin,hromanin9q@go.com
352,Joleen,McCombe,jmccombe9r@ihg.com
353,Lefty,Baudinet,lbaudinet9s@si.edu
354,Darcee,Causbey,dcausbey9t@wikia.com
355,Ethan,Taylo,etaylo9u@intel.com
356,Bernita,Raphael,braphael9v@boston.com
357,Vinnie,Southall,vsouthall9w@geocities.jp
358,Gerhard,Blackford,gblackford9x@weebly.com
359,Portie,Beebee,pbeebee9y@telegraph.co.uk
360,Ephrayim,Croston,ecroston9z@issuu.com
361,Vyky,Petrushkevich,vpetrushkevicha0@engadget.com
362,Carlie,Philpott,cphilpotta1@blogs.com
363,Thacher,Rowena,trowenaa2@engadget.com
364,Lia,MacAlester,lmacalestera3@census.gov
365,Basilius,Motherwell,bmotherwella4@storify.com
366,Timmie,Geeson,tgeesona5@51.la
367,Fran,Walworche,fwalworchea6@princeton.edu
368,Elise,Buggy,ebuggya7@dot.gov
369,Rayner,Chinnock,rchinnocka8@myspace.com
370,Magdaia,Shankland,mshanklanda9@usgs.gov
371,Kenneth,Dumphy,kdumphyaa@gnu.org
372,Kelcie,Demongeot,kdemongeotab@icio.us
373,Fax,Colmore,fcolmoreac@livejournal.com
374,Arlee,Keppe,akeppead@phpbb.com
375,Yancy,Downes,ydownesae@google.ru
376,Costa,Kidman,ckidmanaf@bloglines.com
377,Jacklyn,Hart,jhartag@bbc.co.uk
378,Lib,Delhay,ldelhayah@usatoday.com
379,Maurice,Hinckesman,mhinckesmanai@mediafire.com
380,Brennen,Atling,batlingaj@fotki.com
381,Rene,Ness,rnessak@gov.uk
382,Aluino,Chilcott,achilcottal@netvibes.com
383,Whitby,Goldby,wgoldbyam@bloomberg.com
384,Angelina,Heaseman,aheasemanan@netscape.com
385,Dyane,Sadd,dsaddao@google.com.au
386,King,Hoble,khobleap@sitemeter.com
387,Nathanael,Licas,nlicasaq@blog.com
388,Marcelle,Trunby,mtrunbyar@washingtonpost.com
389,Bjorn,Mecco,bmeccoas@gov.uk
390,Teddy,Dykins,tdykinsat@linkedin.com
391,Gabriela,Berney,gberneyau@hibu.com
392,Lucia,Canellas,lcanellasav@flavors.me
393,Sammy,Beadnell,sbeadnellaw@reference.com
394,Garald,Hekkert,ghekkertax@e-recht24.de
395,Pierson,Bettley,pbettleyay@aboutads.info
396,Davey,Skirving,dskirvingaz@cnbc.com
397,Brigitte,McCreedy,bmccreedyb0@ycombinator.com
398,Margot,Bastie,mbastieb1@discuz.net
399,Dorine,Creffeild,dcreffeildb2@bloglovin.com
400,April,Whates,awhatesb3@time.com
401,Hugo,Krier,hkrierb4@t.co
402,Tatiania,Warrener,twarrenerb5@list-manage.com
403,Britta,Nerne,bnerneb6@furl.net
404,Virgina,Gonneau,vgonneaub7@time.com
405,Jazmin,Elderkin,jelderkinb8@dion.ne.jp
406,Demetre,Killerby,dkillerbyb9@berkeley.edu
407,Beatrice,Gibard,bgibardba@bizjournals.com
408,Carena,Notley,cnotleybb@privacy.gov.au
409,Estella,Giraudeau,egiraudeaubc@behance.net
410,Elmore,Eltun,eeltunbd@angelfire.com
411,Smitty,Broomfield,sbroomfieldbe@blogspot.com
412,Niki,MacPhail,nmacphailbf@over-blog.com
413,Brenn,Hubble,bhubblebg@about.com
414,Deanne,Cham,dchambh@hostgator.com
415,Oneida,Skeggs,oskeggsbi@example.com
416,Horatia,Salzberg,hsalzbergbj@drupal.org
417,Carson,Peers,cpeersbk@ftc.gov
418,Scottie,Petchell,spetchellbl@washington.edu
419,Codi,Boole,cboolebm@linkedin.com
420,Rori,Barnsdall,rbarnsdallbn@dagondesign.com
421,Briano,Gothup,bgothupbo@clickbank.net
422,Magdalena,Tynewell,mtynewellbp@usda.gov
423,Temp,Romanetti,tromanettibq@studiopress.com
424,Enriqueta,Pettigrew,epettigrewbr@cpanel.net
425,Dottie,Johann,djohannbs@usda.gov
426,Hugh,Leggin,hlegginbt@samsung.com
427,Renee,Olifaunt,rolifauntbu@goo.ne.jp
428,Marybelle,Lippingwell,mlippingwellbv@github.com
429,Elbertina,Whiles,ewhilesbw@unesco.org
430,Micheil,Roma,mromabx@trellian.com
431,Hermon,Bidgood,hbidgoodby@eventbrite.com
432,Gilburt,Coyett,gcoyettbz@comsenz.com
433,Tiebold,Fessions,tfessionsc0@dagondesign.com
434,Gayla,Collingwood,gcollingwoodc1@economist.com
435,Polly,Tansly,ptanslyc2@tamu.edu
436,Prisca,Entwistle,pentwistlec3@drupal.org
437,Wang,Spence,wspencec4@mapquest.com
438,Ivan,Crichmere,icrichmerec5@flickr.com
439,Daniella,Muddle,dmuddlec6@typepad.com
440,Bartholemy,McGibbon,bmcgibbonc7@home.pl
441,Gayelord,Pawle,gpawlec8@craigslist.org
442,Emmalynne,O' Borne,eobornec9@va.gov
443,Teresa,Gunthorp,tgunthorpca@cmu.edu
444,Rockey,Forestel,rforestelcb@sciencedirect.com
445,Phillie,Lear,plearcc@newsvine.com
446,Ariadne,Realff,arealffcd@nydailynews.com
447,Hamnet,Livingston,hlivingstonce@symantec.com
448,Berny,Brixham,bbrixhamcf@cnbc.com
449,Dwayne,Bushell,dbushellcg@netvibes.com
450,Corrie,Dunsford,cdunsfordch@wikimedia.org
451,Guillemette,Chittim,gchittimci@independent.co.uk
452,Terrance,Maly,tmalycj@mayoclinic.com
453,Townsend,Trevena,ttrevenack@usatoday.com
454,Ilka,Derr,iderrcl@usnews.com
455,Laurianne,Gillie,lgilliecm@lulu.com
456,Agnesse,Gladwish,agladwishcn@pagesperso-orange.fr
457,Billy,Jaukovic,bjaukovicco@phpbb.com
458,Kristan,Bernardez,kbernardezcp@reference.com
459,Cletus,Nouch,cnouchcq@usa.gov
460,Gannie,Doubrava,gdoubravacr@bloglines.com
461,Husain,Piggot,hpiggotcs@cbsnews.com
462,Melodie,Scullard,mscullardct@over-blog.com
463,Augusto,Gilliver,agillivercu@uiuc.edu
464,Isadore,Le Cornu,ilecornucv@so-net.ne.jp
465,Lionel,Matuschek,lmatuschekcw@cbsnews.com
466,Cosimo,Fields,cfieldscx@infoseek.co.jp
467,Felicity,Cabrera,fcabreracy@myspace.com
468,Ethelind,Fleckness,eflecknesscz@blogger.com
469,Shelba,Coyte,scoyted0@issuu.com
470,Tab,Pierri,tpierrid1@sitemeter.com
471,Ruddy,Sturridge,rsturridged2@ebay.co.uk
472,Vince,Bonnin,vbonnind3@etsy.com
473,Lindsay,Pesek,lpesekd4@ebay.co.uk
474,Malynda,Steaning,msteaningd5@webnode.com
475,Kylie,Ginity,kginityd6@wikispaces.com
476,Salome,Larder,slarderd7@umn.edu
477,Kynthia,Haggleton,khaggletond8@ft.com
478,Halimeda,Fort,hfortd9@skyrock.com
479,Pavel,Daubeny,pdaubenyda@unc.edu
480,Casper,Joscelyne,cjoscelynedb@google.it
481,Paulie,Shorey,pshoreydc@blinklist.com
482,Hart,Beushaw,hbeushawdd@pbs.org
483,Kingston,Greenless,kgreenlessde@naver.com
484,Parry,Antonelli,pantonellidf@goo.ne.jp
485,Quinn,Kenwyn,qkenwyndg@addtoany.com
486,Field,Sambells,fsambellsdh@ucoz.ru
487,Valida,Tivers,vtiversdi@jugem.jp
488,Nisse,Sallnow,nsallnowdj@mozilla.com
489,Gerrie,Staddart,gstaddartdk@mozilla.com
490,Jyoti,Thomlinson,jthomlinsondl@marketwatch.com
491,Milena,Lachaize,mlachaizedm@netscape.com
492,Katharine,Chanson,kchansondn@flickr.com
493,Amabel,McCarron,amccarrondo@ow.ly
494,Eric,Stoltz,estoltzdp@army.mil
495,Morrie,Sparham,msparhamdq@nih.gov
496,Louie,Mulrenan,lmulrenandr@mysql.com
497,Maggee,Pardew,mpardewds@howstuffworks.com
498,Caldwell,Dumingo,cdumingodt@youtu.be
499,Goraud,Iceton,gicetondu@oakley.com
500,Michaelina,Antognoni,mantognonidv@sourceforge.net
501,Urban,Ruzicka,uruzickadw@addtoany.com
502,Clair,Deny,cdenydx@google.ca
503,Jarrid,Hallor,jhallordy@gov.uk
504,Heinrik,Zorzini,hzorzinidz@bing.com
505,Alexi,McGebenay,amcgebenaye0@google.ca
506,Davey,Shaylor,dshaylore1@usda.gov
507,Reade,Haquard,rhaquarde2@angelfire.com
508,Gretta,Wevell,gwevelle3@ovh.net
509,Arvie,Laughrey,alaughreye4@1688.com
510,Tommy,State,tstatee5@redcross.org
511,Elysia,Gulberg,egulberge6@creativecommons.org
512,Freedman,Silverston,fsilverstone7@desdev.cn
513,Skippie,Harrigan,sharrigane8@quantcast.com
514,Randolph,McRobert,rmcroberte9@elegantthemes.com
515,Niles,Inglesfield,ninglesfieldea@constantcontact.com
516,Curry,Craiker,ccraikereb@theatlantic.com
517,Dorette,Kilmartin,dkilmartinec@bizjournals.com
518,Dick,McHale,dmchaleed@dailymotion.com
519,Jerrilee,Emmot,jemmotee@hao123.com
520,Annemarie,Escalero,aescaleroef@thetimes.co.uk
521,Cherin,Humphrey,chumphreyeg@purevolume.com
522,Rolland,Jayume,rjayumeeh@auda.org.au
523,Merline,Pellew,mpellewei@arstechnica.com
524,Vasily,Yepiskov,vyepiskovej@apple.com
525,Lucias,Gorton,lgortonek@home.pl
526,Bobine,Marchington,bmarchingtonel@about.me
527,Pietrek,MacGebenay,pmacgebenayem@japanpost.jp
528,Alvina,Fields,afieldsen@deliciousdays.com
529,Clarence,Nowaczyk,cnowaczykeo@earthlink.net
530,Natalie,Juschka,njuschkaep@wisc.edu
531,Currie,Geck,cgeckeq@comsenz.com
532,Arabelle,Gluyas,agluyaser@mlb.com
533,Mirabelle,MacGillivrie,mmacgillivriees@amazon.com
534,Emlynne,Harrema,eharremaet@google.cn
535,Filberto,Jelf,fjelfeu@acquirethisname.com
536,Crysta,Gopsill,cgopsillev@microsoft.com
537,Porty,Claricoats,pclaricoatsew@nytimes.com
538,Carey,Kadar,ckadarex@uol.com.br
539,Northrup,Hillock,nhillockey@go.com
540,Brett,Villaret,bvillaretez@photobucket.com
541,Phillipe,Ambrosio,pambrosiof0@hubpages.com
542,Cleo,Waldie,cwaldief1@wsj.com
543,Siward,Herrema,sherremaf2@technorati.com
544,Chandler,O'Lenechan,colenechanf3@sfgate.com
545,Ewen,Mostin,emostinf4@issuu.com
546,Abbe,Cullin,acullinf5@nasa.gov
547,Launce,Lube,llubef6@csmonitor.com
548,Ashia,Heustace,aheustacef7@tripadvisor.com
549,Kimble,Bault,kbaultf8@webs.com
550,Jeramie,Rookledge,jrookledgef9@jiathis.com
551,Tadeo,Quinn,tquinnfa@google.com.hk
552,Karel,Arrigo,karrigofb@statcounter.com
553,Meir,Grewe,mgrewefc@scribd.com
554,Renata,Healeas,rhealeasfd@tiny.cc
555,Lexie,McAndrew,lmcandrewfe@apache.org
556,Shirline,Rucklidge,srucklidgeff@vk.com
557,Alanna,Terrelly,aterrellyfg@hatena.ne.jp
558,Radcliffe,Vipan,rvipanfh@com.com
559,Claudette,Craisford,ccraisfordfi@hatena.ne.jp
560,Megen,Whightman,mwhightmanfj@wired.com
561,Amii,Fulcher,afulcherfk@fotki.com
562,Shepperd,Becarra,sbecarrafl@utexas.edu
563,Clementina,McEntagart,cmcentagartfm@sbwire.com
564,Doria,Emblin,demblinfn@fastcompany.com
565,Sinclare,Morrissey,smorrisseyfo@sphinn.com
566,Uri,Fosbraey,ufosbraeyfp@npr.org
567,Herold,Guarin,hguarinfq@mtv.com
568,Kitti,Lympenie,klympeniefr@symantec.com
569,Olympia,Kitteridge,okitteridgefs@drupal.org
570,Hilary,Thompstone,hthompstoneft@privacy.gov.au
571,Enos,Seegar,eseegarfu@studiopress.com
572,Hanny,Tickner,hticknerfv@discovery.com
573,Chandler,Renfree,crenfreefw@comcast.net
574,Roseanna,Jeffs,rjeffsfx@gnu.org
575,Tod,Cleve,tclevefy@wikimedia.org
576,Colly,Bouttell,cbouttellfz@purevolume.com
577,Clementine,Threader,cthreaderg0@digg.com
578,Edna,Taylo,etaylog1@smugmug.com
579,Marius,Roskelly,mroskellyg2@ebay.com
580,Merrily,Lewton,mlewtong3@ihg.com
581,Ina,Treverton,itrevertong4@apple.com
582,Coralie,Laughlin,claughling5@accuweather.com
583,Maddalena,Axon,maxong6@psu.edu
584,Cathleen,Stoker,cstokerg7@biblegateway.com
585,Sullivan,Hexham,shexhamg8@feedburner.com
586,Alys,Bessom,abessomg9@addtoany.com
587,Danice,Roser,droserga@cnn.com
588,Hallsy,Elsbury,helsburygb@wsj.com
589,Danell,Flea,dfleagc@quantcast.com
590,Phillie,Mattosoff,pmattosoffgd@gov.uk
591,Erv,Vasyutichev,evasyutichevge@usatoday.com
592,Deane,Yurtsev,dyurtsevgf@mozilla.com
593,Creighton,Wotherspoon,cwotherspoongg@abc.net.au
594,Linda,Gusney,lgusneygh@mapquest.com
595,Bethina,Kippax,bkippaxgi@pen.io
596,Christoforo,Osburn,cosburngj@ustream.tv
597,Ted,Hessel,thesselgk@printfriendly.com
598,Addi,Draysay,adraysaygl@umich.edu
599,Jaymee,Rosewell,jrosewellgm@youtube.com
600,Kincaid,Trematick,ktrematickgn@nyu.edu
601,Lynett,Dawkins,ldawkinsgo@yellowbook.com
602,Sascha,Gynn,sgynngp@amazon.co.jp
603,Mavis,Ionesco,mionescogq@clickbank.net
604,Glenn,Gopsill,ggopsillgr@bandcamp.com
605,Bertie,Shallo,bshallogs@home.pl
606,Hewett,Mudie,hmudiegt@si.edu
607,Vivyanne,Westphalen,vwestphalengu@privacy.gov.au
608,Timothy,Heintze,theintzegv@homestead.com
609,Milty,Fowley,mfowleygw@fc2.com
610,Mora,Daverin,mdaveringx@delicious.com
611,Ax,Delacoste,adelacostegy@nature.com
612,Rosemonde,Neumann,rneumanngz@google.cn
613,Floris,Erwin,ferwinh0@ustream.tv
614,Fernandina,Topley,ftopleyh1@nyu.edu
615,Bastien,Messom,bmessomh2@cam.ac.uk
616,Delphinia,Manthorpe,dmanthorpeh3@icq.com
617,Lavina,Vlasin,lvlasinh4@delicious.com
618,Brana,Szepe,bszepeh5@google.co.uk
619,Genia,Songust,gsongusth6@php.net
620,Israel,Bocke,ibockeh7@paypal.com
621,Blakelee,MacRory,bmacroryh8@oracle.com
622,Jasmina,Rablen,jrablenh9@microsoft.com
623,Mart,Oleszczak,moleszczakha@ucla.edu
624,Staford,Gioan,sgioanhb@cyberchimps.com
625,Gladi,Kamenar,gkamenarhc@xing.com
626,Laurena,Peschka,lpeschkahd@canalblog.com
627,Tedra,Hradsky,thradskyhe@free.fr
628,Kiersten,Crowcombe,kcrowcombehf@creativecommons.org
629,Ammamaria,Standall,astandallhg@bravesites.com
630,Amelia,Ingerman,aingermanhh@odnoklassniki.ru
631,Tiena,Landeaux,tlandeauxhi@java.com
632,Brandice,Calderhead,bcalderheadhj@diigo.com
633,Maddy,Daughtry,mdaughtryhk@networksolutions.com
634,Cris,Anselm,canselmhl@nationalgeographic.com
635,Andie,Krook,akrookhm@parallels.com
636,Rurik,Halsho,rhalshohn@google.com.au
637,Bobine,Harness,bharnessho@blogtalkradio.com
638,Gianina,Vallentin,gvallentinhp@redcross.org
639,Toddie,Connett,tconnetthq@cornell.edu
640,Juli,Probate,jprobatehr@opera.com
641,Cristobal,Siddon,csiddonhs@sbwire.com
642,Allis,McIlreavy,amcilreavyht@hibu.com
643,Nessi,Scraggs,nscraggshu@bloglines.com
644,Nita,Flobert,nfloberthv@ezinearticles.com
645,Karlotta,Harbar,kharbarhw@wufoo.com
646,Liz,Kendal,lkendalhx@msu.edu
647,Grantley,Gellan,ggellanhy@epa.gov
648,Emelyne,Hadcroft,ehadcrofthz@thetimes.co.uk
649,Isabella,Euesden,ieuesdeni0@homestead.com
650,Marlie,Pendered,mpenderedi1@chron.com
651,Dawn,Wanstall,dwanstalli2@ed.gov
652,Winfred,Scampion,wscampioni3@marketwatch.com
653,Pietra,Bortoloni,pbortolonii4@artisteer.com
654,Morissa,Yakovich,myakovichi5@tamu.edu
655,Kattie,Breslau,kbreslaui6@dmoz.org
656,Clayson,Stollenbeck,cstollenbecki7@t-online.de
657,Kerrill,Simao,ksimaoi8@microsoft.com
658,Viole,Casacchia,vcasacchiai9@google.ru
659,Anatola,Derell,aderellia@cargocollective.com
660,Bee,Beharrell,bbeharrellib@mtv.com
661,Winn,Signore,wsignoreic@who.int
662,Melitta,Farnill,mfarnillid@xinhuanet.com
663,Adelind,Kernock,akernockie@omniture.com
664,Zola,Want,zwantif@goo.gl
665,Windham,Hiland,whilandig@google.fr
666,Carlotta,Lapslie,clapslieih@technorati.com
667,Leonore,Keable,lkeableii@epa.gov
668,Veronique,Pfleger,vpflegerij@naver.com
669,Rhoda,O'Lenechan,rolenechanik@springer.com
670,Carmencita,Valiant,cvaliantil@java.com
671,Yuri,Morford,ymorfordim@cbc.ca
672,Sully,Ostridge,sostridgein@reddit.com
673,Callie,Eagger,ceaggerio@sciencedaily.com
674,Jasmin,Birtley,jbirtleyip@guardian.co.uk
675,Hyman,Hallam,hhallamiq@bluehost.com
676,Kara-lynn,Jerram,kjerramir@ezinearticles.com
677,Wheeler,Defrain,wdefrainis@livejournal.com
678,Lavinie,Bedinn,lbedinnit@taobao.com
679,Tera,Priden,tprideniu@craigslist.org
680,Allissa,Howlett,ahowlettiv@istockphoto.com
681,Emelita,Stolli,estolliiw@goo.gl
682,Annecorinne,Harmon,aharmonix@nydailynews.com
683,James,Ivimy,jivimyiy@networksolutions.com
684,Rosemary,Vye,rvyeiz@shareasale.com
685,Blanch,Maymand,bmaymandj0@archive.org
686,Nesta,Cowins,ncowinsj1@bandcamp.com
687,Bradney,Birth,bbirthj2@cafepress.com
688,Stormy,Crus,scrusj3@yellowpages.com
689,Beatrisa,Rao,braoj4@chronoengine.com
690,Jeannie,Sowley,jsowleyj5@seesaa.net
691,Amerigo,Dadson,adadsonj6@walmart.com
692,Geoffry,Rapa,grapaj7@dmoz.org
693,Olin,Tebald,otebaldj8@time.com
694,Vittorio,Jerrim,vjerrimj9@about.me
695,Kaiser,Hirtz,khirtzja@delicious.com
696,Noby,Cornels,ncornelsjb@bloglines.com
697,Bartholomeo,Ortzen,bortzenjc@imdb.com
698,Christoforo,Southorn,csouthornjd@ibm.com
699,Gerrie,Walkling,gwalklingje@blogs.com
700,Mavis,Wyre,mwyrejf@yolasite.com
701,Indira,Gaudon,igaudonjg@hud.gov
702,Ashia,Saker,asakerjh@hatena.ne.jp
703,Sanderson,Oaker,soakerji@census.gov
704,Cara,Hampe,champejj@rakuten.co.jp
705,Leicester,Reast,lreastjk@tripod.com
706,Star,Allon,sallonjl@aol.com
707,Ferrell,Ech,fechjm@sakura.ne.jp
708,Shelba,Mac,smacjn@earthlink.net
709,Giacopo,Mullender,gmullenderjo@plala.or.jp
710,Kayle,Eilhertsen,keilhertsenjp@princeton.edu
711,Jammie,Gerrish,jgerrishjq@archive.org
712,Olly,Chittie,ochittiejr@sciencedirect.com
713,Ebony,Probyn,eprobynjs@diigo.com
714,Rita,Biddlestone,rbiddlestonejt@lulu.com
715,Cheri,Henrys,chenrysju@arizona.edu
716,Zachariah,Naulty,znaultyjv@lycos.com
717,Ramsay,Rahill,rrahilljw@ucoz.com
718,Trever,McEntagart,tmcentagartjx@cdbaby.com
719,Haydon,Gerkens,hgerkensjy@wisc.edu
720,Mateo,Toten,mtotenjz@paginegialle.it
721,Lisetta,Golledge,lgolledgek0@geocities.com
722,Colene,Gant,cgantk1@scientificamerican.com
723,Philbert,Sissons,psissonsk2@list-manage.com
724,Ingamar,Tough,itoughk3@networkadvertising.org
725,Ariadne,Laws,alawsk4@com.com
726,Gard,Tinham,gtinhamk5@g.co
727,Aubine,Trembey,atrembeyk6@rambler.ru
728,Ram,Copner,rcopnerk7@miitbeian.gov.cn
729,Melba,Robbs,mrobbsk8@odnoklassniki.ru
730,Benedetta,Chichgar,bchichgark9@webs.com
731,Giff,Bart,gbartka@lycos.com
732,Toiboid,Deaconson,tdeaconsonkb@ucoz.com
733,Kimbra,Bebbington,kbebbingtonkc@joomla.org
734,Cosimo,Caff,ccaffkd@drupal.org
735,Murry,Antwis,mantwiske@omniture.com
736,Rowe,Tolliday,rtollidaykf@icio.us
737,Augusta,Barrott,abarrottkg@nifty.com
738,Bartholomeo,Stoves,bstoveskh@mayoclinic.com
739,Sileas,Lindell,slindellki@statcounter.com
740,Axe,Saddington,asaddingtonkj@pen.io
741,Evey,Wickson,ewicksonkk@sbwire.com
742,Georgie,Westcar,gwestcarkl@apple.com
743,Dillon,Colthard,dcolthardkm@nih.gov
744,Timmi,Eighteen,teighteenkn@netvibes.com
745,Aindrea,Park,aparkko@ibm.com
746,Austina,Squeers,asqueerskp@baidu.com
747,Staffard,Di Giacomo,sdigiacomokq@discuz.net
748,Gawain,Duthie,gduthiekr@nih.gov
749,Kele,Ryding,krydingks@digg.com
750,Hagan,Alloway,hallowaykt@ycombinator.com
751,Eddie,Rraundl,erraundlku@joomla.org
752,Jemmie,Goldfinch,jgoldfinchkv@ask.com
753,Geordie,Bedberry,gbedberrykw@indiegogo.com
754,Eberto,Pollak,epollakkx@homestead.com
755,Ariana,Charnley,acharnleyky@census.gov
756,Gardie,Trickett,gtrickettkz@reference.com
757,Edie,Klementz,eklementzl0@businessweek.com
758,Adolf,Twycross,atwycrossl1@paypal.com
759,Kyle,De Dantesie,kdedantesiel2@twitpic.com
760,Turner,Darlow,tdarlowl3@mac.com
761,Cristy,Havile,chavilel4@usda.gov
762,Frieda,Pinke,fpinkel5@nymag.com
763,Karrie,Natwick,knatwickl6@angelfire.com
764,Timothy,Handover,thandoverl7@cnet.com
765,Sharline,Carabine,scarabinel8@tamu.edu
766,Tracy,Kersey,tkerseyl9@miibeian.gov.cn
767,Lazar,Hedau,lhedaula@csmonitor.com
768,Alia,Degoy,adegoylb@yellowbook.com
769,Alanah,Joblin,ajoblinlc@nydailynews.com
770,Ive,Glusby,iglusbyld@mac.com
771,Ali,Dahmel,adahmelle@cbslocal.com
772,Hamilton,Cheshir,hcheshirlf@ow.ly
773,Luke,Patzelt,lpatzeltlg@go.com
774,Becky,Harewood,bharewoodlh@nih.gov
775,Jethro,Alliban,jallibanli@timesonline.co.uk
776,Kalinda,Ginnety,kginnetylj@tamu.edu
777,Elwin,Dubble,edubblelk@baidu.com
778,Marianne,Davidde,mdaviddell@nps.gov
779,Aveline,Helleckas,ahelleckaslm@dot.gov
780,Mattie,Girth,mgirthln@webnode.com
781,Bartholomew,MacAloren,bmacalorenlo@nature.com
782,Windham,Livezley,wlivezleylp@hostgator.com
783,Ancell,Glew,aglewlq@jimdo.com
784,Brear,Gabitis,bgabitislr@com.com
785,Norris,Garvagh,ngarvaghls@reuters.com
786,Vito,Bleasdille,vbleasdillelt@prweb.com
787,Darrelle,Yaknov,dyaknovlu@freewebs.com
788,Gun,Cowhig,gcowhiglv@altervista.org
789,Bald,Issacov,bissacovlw@drupal.org
790,Fleur,Manterfield,fmanterfieldlx@cmu.edu
791,Brandie,Chatelain,bchatelainly@lycos.com
792,Roxana,Kennett,rkennettlz@omniture.com
793,Luce,Fenney,lfenneym0@networkadvertising.org
794,Pacorro,Curran,pcurranm1@ted.com
795,Diannne,Vallis,dvallism2@cbc.ca
796,Boot,Sibille,bsibillem3@about.me
797,Harman,Matejovsky,hmatejovskym4@linkedin.com
798,Eliot,Huett,ehuettm5@washington.edu
799,Jyoti,Mordey,jmordeym6@psu.edu
800,Lorianne,Ygoe,lygoem7@discuz.net
801,Caril,Catterall,ccatterallm8@springer.com
802,Errol,Halliburton,ehalliburtonm9@photobucket.com
803,Glenna,Triggle,gtrigglema@nih.gov
804,Viole,Rainy,vrainymb@sphinn.com
805,Ole,Tallquist,otallquistmc@chronoengine.com
806,Howey,Hryncewicz,hhryncewiczmd@washington.edu
807,Wyndham,Sackler,wsacklerme@cdbaby.com
808,Lorin,Holleran,lholleranmf@sphinn.com
809,Tam,O'Hdirscoll,tohdirscollmg@princeton.edu
810,Caldwell,Ryan,cryanmh@moonfruit.com
811,Silvana,Giannoni,sgiannonimi@angelfire.com
812,Karylin,Mettetal,kmettetalmj@springer.com
813,Cynthy,Cracie,ccraciemk@indiatimes.com
814,Miller,Carnoghan,mcarnoghanml@nasa.gov
815,Chrystel,McCarty,cmccartymm@exblog.jp
816,Minni,Getley,mgetleymn@reddit.com
817,Heddi,Thorne,hthornemo@bizjournals.com
818,Flynn,Elias,feliasmp@tiny.cc
819,Romeo,Rocca,rroccamq@myspace.com
820,Willa,Trace,wtracemr@pcworld.com
821,Cynthy,Smitten,csmittenms@ow.ly
822,Viole,Rive,vrivemt@unesco.org
823,Kevan,O'Brollachain,kobrollachainmu@sitemeter.com
824,Tyne,Peres,tperesmv@cafepress.com
825,Benjy,Flude,bfludemw@oaic.gov.au
826,Caty,Naper,cnapermx@prnewswire.com
827,Ulrike,Mildner,umildnermy@sphinn.com
828,Rem,Domenichini,rdomenichinimz@yelp.com
829,Gram,Hansill,ghansilln0@about.com
830,Egon,Cunney,ecunneyn1@fc2.com
831,Kate,Given,kgivenn2@tuttocitta.it
832,Mariana,McArt,mmcartn3@cnbc.com
833,Wiatt,Cleghorn,wcleghornn4@technorati.com
834,Emelina,Brigge,ebriggen5@springer.com
835,Even,Chopy,echopyn6@redcross.org
836,Montgomery,Pitsall,mpitsalln7@redcross.org
837,Selene,Skeech,sskeechn8@deviantart.com
838,Thorpe,Flips,tflipsn9@thetimes.co.uk
839,Dannie,Soall,dsoallna@shutterfly.com
840,Chiquia,Sewill,csewillnb@google.ca
841,Siward,Esche,seschenc@simplemachines.org
842,Linell,Abramovitz,labramovitznd@acquirethisname.com
843,Gill,Stackbridge,gstackbridgene@wordpress.com
844,Humberto,Chinnock,hchinnocknf@yellowbook.com
845,Parke,Brizland,pbrizlandng@china.com.cn
846,Lorrin,Lindstrom,llindstromnh@usnews.com
847,Alvie,Barks,abarksni@aboutads.info
848,Kordula,Westmarland,kwestmarlandnj@prnewswire.com
849,Tanya,Dufall,tdufallnk@quantcast.com
850,Augy,Brigden,abrigdennl@omniture.com
851,Zaneta,Fawthorpe,zfawthorpenm@slashdot.org
852,Muffin,Mallan,mmallannn@nbcnews.com
853,Quintin,Haynesford,qhaynesfordno@spotify.com
854,Joelly,Heisler,jheislernp@admin.ch
855,Abigael,Le Merchant,alemerchantnq@umich.edu
856,Lenora,Baldam,lbaldamnr@hubpages.com
857,Chase,Whipple,cwhipplens@prweb.com
858,Cash,Howbrook,chowbrooknt@woothemes.com
859,Engelbert,Luthwood,eluthwoodnu@springer.com
860,Maria,Riddeough,mriddeoughnv@taobao.com
861,Helsa,Stonard,hstonardnw@themeforest.net
862,Eleonore,Begwell,ebegwellnx@mtv.com
863,Rollin,Stainland,rstainlandny@cloudflare.com
864,Timothee,Bohling,tbohlingnz@theatlantic.com
865,Burl,Lowdyane,blowdyaneo0@biglobe.ne.jp
866,Cary,Sandaver,csandavero1@nyu.edu
867,Marcie,Paddington,mpaddingtono2@csmonitor.com
868,Whitney,O'Grady,wogradyo3@yelp.com
869,Lexy,Pudding,lpuddingo4@cisco.com
870,Birgitta,Cahalan,bcahalano5@slideshare.net
871,Adeline,Winspare,awinspareo6@behance.net
872,Rennie,Garmon,rgarmono7@ifeng.com
873,Sandie,Ockenden,sockendeno8@cbslocal.com
874,Antonetta,Cane,acaneo9@usda.gov
875,Meryl,Seddon,mseddonoa@woothemes.com
876,Currie,Bewley,cbewleyob@chicagotribune.com
877,Dom,Biles,dbilesoc@bigcartel.com
878,Katti,Redmond,kredmondod@webs.com
879,Eugenio,Clampin,eclampinoe@miitbeian.gov.cn
880,Eustace,Hunston,ehunstonof@mit.edu
881,Dagny,Shoulders,dshouldersog@dyndns.org
882,Agustin,Critcher,acritcheroh@dyndns.org
883,Dian,Deathridge,ddeathridgeoi@wired.com
884,Fenelia,Bellew,fbellewoj@oaic.gov.au
885,Fiann,Crossley,fcrossleyok@prnewswire.com
886,Rebeca,Bastow,rbastowol@engadget.com
887,Catharina,Mendez,cmendezom@blogspot.com
888,Corrianne,McGrey,cmcgreyon@bbb.org
889,Tanhya,Putton,tputtonoo@symantec.com
890,Bernardina,Meekins,bmeekinsop@independent.co.uk
891,Fanny,Dibdall,fdibdalloq@ibm.com
892,Jonis,Broadbridge,jbroadbridgeor@dot.gov
893,Garrott,Lavigne,glavigneos@blogtalkradio.com
894,Ogdan,Figura,ofiguraot@psu.edu
895,Kendrick,Vanelli,kvanelliou@yahoo.com
896,Brendin,McAloren,bmcalorenov@europa.eu
897,Flossi,Kryska,fkryskaow@moonfruit.com
898,Arlena,Rignoldes,arignoldesox@ebay.co.uk
899,Arluene,O'Carmody,aocarmodyoy@alexa.com
900,Alexio,Cyster,acysteroz@tripadvisor.com
901,Veronica,Sambath,vsambathp0@phpbb.com
902,Toni,Thornton,tthorntonp1@cocolog-nifty.com
903,Torr,Stute,tstutep2@ameblo.jp
904,Giacinta,Pittson,gpittsonp3@tiny.cc
905,Sher,Russam,srussamp4@latimes.com
906,Rorke,Bilam,rbilamp5@smugmug.com
907,Kathleen,Upstell,kupstellp6@businessinsider.com
908,Jehu,Bogies,jbogiesp7@arstechnica.com
909,Retha,Calcraft,rcalcraftp8@narod.ru
910,Melantha,Blankenship,mblankenshipp9@shop-pro.jp
911,Christina,Wilber,cwilberpa@g.co
912,Marcellina,Seedman,mseedmanpb@seesaa.net
913,Debora,Kelshaw,dkelshawpc@archive.org
914,Ramonda,Dahmel,rdahmelpd@ow.ly
915,Uriel,Heasman,uheasmanpe@cargocollective.com
916,Lloyd,Mehaffey,lmehaffeypf@mashable.com
917,Gordy,Gerauld,ggerauldpg@slideshare.net
918,Nessa,Cookson,ncooksonph@goo.ne.jp
919,Greggory,Blenkensop,gblenkensoppi@digg.com
920,Trev,Urquhart,turquhartpj@xrea.com
921,Marita,Croker,mcrokerpk@blog.com
922,Rozanna,Le Provest,rleprovestpl@google.it
923,Emmi,Duplan,eduplanpm@alexa.com
924,Lolly,Patron,lpatronpn@oracle.com
925,Gusti,Scurfield,gscurfieldpo@indiegogo.com
926,Clement,Edis,cedispp@squidoo.com
927,Milli,Theodoris,mtheodorispq@nymag.com
928,Dionis,Maharry,dmaharrypr@merriam-webster.com
929,Melissa,Lincey,mlinceyps@goodreads.com
930,Cyrill,Rollinson,crollinsonpt@msu.edu
931,Kliment,Ounsworth,kounsworthpu@wp.com
932,Benedict,Mepham,bmephampv@va.gov
933,Mariellen,Ferby,mferbypw@illinois.edu
934,Shaylynn,Payn,spaynpx@cnbc.com
935,Archibald,Doran,adoranpy@xing.com
936,Kearney,Cello,kcellopz@vimeo.com
937,Adolphus,O'Neary,aonearyq0@scientificamerican.com
938,Zitella,Terrey,zterreyq1@chron.com
939,Korey,Mathwin,kmathwinq2@list-manage.com
940,Nettie,Snodin,nsnodinq3@disqus.com
941,Perri,Clothier,pclothierq4@t-online.de
942,Koenraad,Ohms,kohmsq5@nhs.uk
943,Dimitry,Clink,dclinkq6@comsenz.com
944,Emmalynne,Marquess,emarquessq7@narod.ru
945,Karil,Jeffcoate,kjeffcoateq8@oaic.gov.au
946,Colver,Cobb,ccobbq9@economist.com
947,Alleyn,Chidlow,achidlowqa@joomla.org
948,Maison,Schops,mschopsqb@amazon.com
949,Sabrina,Agett,sagettqc@bravesites.com
950,Karalee,McVittie,kmcvittieqd@abc.net.au
951,Cilka,Bunford,cbunfordqe@elegantthemes.com
952,Alford,Jeffry,ajeffryqf@opera.com
953,Rori,Broader,rbroaderqg@bloglovin.com
954,Moyra,Gravet,mgravetqh@mayoclinic.com
955,Tove,Keer,tkeerqi@oakley.com
956,Der,Sleany,dsleanyqj@example.com
957,Anastassia,Sousa,asousaqk@chron.com
958,Kania,Gildea,kgildeaql@cbslocal.com
959,Kenn,Brine,kbrineqm@blog.com
960,Lars,Orrick,lorrickqn@youku.com
961,Felice,Coop,fcoopqo@epa.gov
962,Roderic,Struys,rstruysqp@ftc.gov
963,Dionne,Gunnell,dgunnellqq@facebook.com
964,Susette,Christian,schristianqr@cam.ac.uk
965,Darleen,Sorrill,dsorrillqs@google.es
966,Xaviera,Connealy,xconnealyqt@cmu.edu
967,Bidget,Renihan,brenihanqu@networksolutions.com
968,Mattie,Wellen,mwellenqv@mapy.cz
969,Ruprecht,Pile,rpileqw@taobao.com
970,Dewie,Borland,dborlandqx@bluehost.com
971,Tybie,Crennan,tcrennanqy@wikia.com
972,Cilka,Coils,ccoilsqz@squidoo.com
973,Reilly,Twidell,rtwidellr0@opensource.org
974,Whitby,Halley,whalleyr1@slashdot.org
975,Edwina,Gudeman,egudemanr2@arstechnica.com
976,Briney,Bartocci,bbartoccir3@linkedin.com
977,Lucais,Whines,lwhinesr4@businessweek.com
978,Germana,Keyes,gkeyesr5@dion.ne.jp
979,Harp,Kendred,hkendredr6@wikipedia.org
980,Dominga,D'Antuoni,ddantuonir7@trellian.com
981,Tristan,Ambrosio,tambrosior8@qq.com
982,Jeanne,Fant,jfantr9@de.vu
983,Starla,Calcut,scalcutra@usa.gov
984,Udall,Worham,uworhamrb@posterous.com
985,Adams,Piecha,apiecharc@google.it
986,Clayborn,Plum,cplumrd@opensource.org
987,Amalee,Longmuir,alongmuirre@a8.net
988,Blythe,Maas,bmaasrf@meetup.com
989,Lyda,Haxby,lhaxbyrg@e-recht24.de
990,Brose,Heard,bheardrh@blog.com
991,Julie,Tabart,jtabartri@house.gov
992,Teddy,Morson,tmorsonrj@simplemachines.org
993,Juliette,Denyer,jdenyerrk@businesswire.com
994,Roarke,O'Farris,rofarrisrl@omniture.com
995,Adriana,Gowan,agowanrm@biglobe.ne.jp
996,Wini,Giannotti,wgiannottirn@huffingtonpost.com
997,Allister,Bestman,abestmanro@baidu.com
998,Nev,Statter,nstatterrp@hhs.gov
999,Jerome,Thirlaway,jthirlawayrq@buzzfeed.com
1000,Even,Purcell,epurcellrr@shareasale.com
