id,first_name,last_name,email
1,Ethelda,Mugleston,emugleston0@telegraph.co.uk
2,Kathleen,Mollon,kmollon1@nsw.gov.au
3,Wit,Vayro,wvayro2@icq.com
4,Suzi,Eccleshare,seccleshare3@tripadvisor.com
5,Rudy,Goring,rgoring4@linkedin.com
6,Dix,Corringham,dcorringham5@arstechnica.com
7,Dominic,Gladdish,dgladdish6@yelp.com
8,Dorothy,Conquest,dconquest7@ucoz.com
9,Luciano,Canlin,lcanlin8@ehow.com
10,Vincents,Astbery,vastbery9@blinklist.com
11,Dotty,Pointon,dpointona@ibm.com
12,Cletus,Smallshaw,csmallshawb@cdc.gov
13,Gerrie,Babon,gbabonc@tinyurl.com
14,Correna,Cawsby,ccawsbyd@ucoz.ru
15,Hodge,Getch,hgetche@deviantart.com
16,Leigh,Yakovliv,lyakovlivf@discuz.net
17,Sherri,Hickenbottom,shickenbottomg@ibm.com
18,Clark,Bruckstein,cbrucksteinh@timesonline.co.uk
19,Lyndsie,MacIlhagga,lmacilhaggai@berkeley.edu
20,Shawn,Bennellick,sbennellickj@netvibes.com
21,Celle,O'Daly,codalyk@google.pl
22,Royal,Cowtherd,rcowtherdl@noaa.gov
23,Kylen,Licquorish,klicquorishm@cdbaby.com
24,Babara,Geratasch,bgerataschn@thetimes.co.uk
25,Joelle,Truwert,jtruwerto@dmoz.org
26,Cherin,Sumshon,csumshonp@photobucket.com
27,Xever,McAlister,xmcalisterq@webmd.com
28,Putnam,Ciobutaro,pciobutaror@ocn.ne.jp
29,Kellen,Wadham,kwadhams@cyberchimps.com
30,Avrit,Hamp,ahampt@whitehouse.gov
31,Fitz,Louiset,flouisetu@netvibes.com
32,Carlina,Chaimson,cchaimsonv@bloglovin.com
33,Blondie,Fripps,bfrippsw@sourceforge.net
34,Loise,Bottomley,lbottomleyx@deviantart.com
35,Gwen,Wren,gwreny@cam.ac.uk
36,Janie,Ubsdell,jubsdellz@ovh.net
37,Cristina,Airdrie,cairdrie10@auda.org.au
38,Maisey,Haffard,mhaffard11@mail.ru
39,Deirdre,Humbey,dhumbey12@weibo.com
40,Gene,Slayton,gslayton13@npr.org
41,Reese,Eate,reate14@princeton.edu
42,Marcelo,Scapelhorn,mscapelhorn15@gravatar.com
43,Elston,Muller,emuller16@china.com.cn
44,Bengt,Farleigh,bfarleigh17@hibu.com
45,Bentley,Willan,bwillan18@si.edu
46,Vinson,Gregr,vgregr19@addtoany.com
47,Lorrin,Ofen,lofen1a@geocities.com
48,Dael,Le febre,dlefebre1b@ucla.edu
49,Egan,Click,eclick1c@virginia.edu
50,Maxy,O'Nions,monions1d@bandcamp.com
51,Veradis,Batters,vbatters1e@netvibes.com
52,Baxie,Skeete,bskeete1f@blogspot.com
53,Odille,Mitchinson,omitchinson1g@g.co
54,Chad,Goldsberry,cgoldsberry1h@archive.org
55,Guinna,Leuty,gleuty1i@icio.us
56,Orv,Luna,oluna1j@quantcast.com
57,Maison,Kirkwood,mkirkwood1k@cocolog-nifty.com
58,Rochell,Livoir,rlivoir1l@slideshare.net
59,Valaree,Joliffe,vjoliffe1m@angelfire.com
60,Ethelyn,Spratt,espratt1n@pcworld.com
61,Lenore,Tingley,ltingley1o@mlb.com
62,Claus,Harwell,charwell1p@amazon.com
63,Morena,Brodest,mbrodest1q@abc.net.au
64,Fields,Ivanitsa,fivanitsa1r@wisc.edu
65,Pen,MacCulloch,pmacculloch1s@engadget.com
66,Duffie,Roscow,droscow1t@prweb.com
67,Tanya,Snewin,tsnewin1u@usatoday.com
68,Talbot,Sheahan,tsheahan1v@webeden.co.uk
69,Leoline,Petkovic,lpetkovic1w@people.com.cn
70,Odele,McGinlay,omcginlay1x@addthis.com
71,Jill,Ulrik,julrik1y@cdbaby.com
72,Tuck,Rolston,trolston1z@microsoft.com
73,Earl,Shillam,eshillam20@chicagotribune.com
74,Archibald,McColgan,amccolgan21@digg.com
75,Ira,Bluschke,ibluschke22@devhub.com
76,Gaile,Gilbank,ggilbank23@nasa.gov
77,Fern,de Mullett,fdemullett24@psu.edu
78,Barney,Haistwell,bhaistwell25@yahoo.co.jp
79,Antonius,Dimmne,adimmne26@ovh.net
80,Tabby,Darnell,tdarnell27@chicagotribune.com
81,Ruddie,Scholig,rscholig28@google.pl
82,Corilla,Vasyutin,cvasyutin29@unesco.org
83,Ernestus,Burnett,eburnett2a@princeton.edu
84,Ashby,Lagen,alagen2b@blogspot.com
85,Eustace,Absolem,eabsolem2c@networksolutions.com
86,Mamie,Frayn,mfrayn2d@unblog.fr
87,Arnold,Keelinge,akeelinge2e@smugmug.com
88,Garv,Hugues,ghugues2f@nyu.edu
89,Edin,Morrilly,emorrilly2g@privacy.gov.au
90,Jdavie,Portch,jportch2h@dedecms.com
91,Kirbee,Nyles,knyles2i@bandcamp.com
92,Roman,Studdert,rstuddert2j@de.vu
93,Bea,Osgardby,bosgardby2k@kickstarter.com
94,Gaven,Dutnell,gdutnell2l@springer.com
95,Romeo,Mourbey,rmourbey2m@wikipedia.org
96,Sheilah,Parram,sparram2n@sun.com
97,Avis,Howson,ahowson2o@apple.com
98,Jeanne,Worral,jworral2p@washingtonpost.com
99,Julio,Horsey,jhorsey2q@bloomberg.com
100,Birgitta,Buche,bbuche2r@vistaprint.com
101,Oates,MacShane,omacshane2s@technorati.com
102,Beniamino,Peile,bpeile2t@feedburner.com
103,Susann,Diack,sdiack2u@ftc.gov
104,Nyssa,Shapira,nshapira2v@dedecms.com
105,Andras,Kamiyama,akamiyama2w@slate.com
106,Patricia,Calton,pcalton2x@nymag.com
107,Kiah,Letch,kletch2y@eventbrite.com
108,Gill,Stillmann,gstillmann2z@myspace.com
109,Archibald,Walch,awalch30@flavors.me
110,Boot,Petcher,bpetcher31@wp.com
111,Sibella,Redhead,sredhead32@samsung.com
112,Leandra,Danslow,ldanslow33@ask.com
113,Domeniga,Upstone,dupstone34@webmd.com
114,Brade,Gorler,bgorler35@macromedia.com
115,Auberta,Buckbee,abuckbee36@hc360.com
116,Davita,Lamping,dlamping37@imgur.com
117,Alyssa,Prester,aprester38@yolasite.com
118,Etta,Gilbeart,egilbeart39@aol.com
119,Lotta,Hugill,lhugill3a@sogou.com
120,Codee,Kettlesting,ckettlesting3b@ed.gov
121,Delano,Brito,dbrito3c@simplemachines.org
122,Gardie,Wittleton,gwittleton3d@mlb.com
123,Dorri,Astman,dastman3e@apache.org
124,Doloritas,Wilbraham,dwilbraham3f@fc2.com
125,Brady,Foan,bfoan3g@t.co
126,Artemis,Kingshott,akingshott3h@cornell.edu
127,Langsdon,O'Hannay,lohannay3i@is.gd
128,Rhetta,Stood,rstood3j@163.com
129,Fey,Duddle,fduddle3k@sakura.ne.jp
130,Ginger,Rodda,grodda3l@techcrunch.com
131,Tera,Riggulsford,triggulsford3m@oakley.com
132,Adelaida,Hasker,ahasker3n@cisco.com
133,Nevins,Paslow,npaslow3o@blogs.com
134,Zachery,Raubheim,zraubheim3p@edublogs.org
135,Tammie,Holdren,tholdren3q@istockphoto.com
136,Ludovika,Newlands,lnewlands3r@bbc.co.uk
137,Cissiee,Winsiowiecki,cwinsiowiecki3s@jalbum.net
138,Samaria,Habbin,shabbin3t@ow.ly
139,Tani,Sneath,tsneath3u@sina.com.cn
140,Riley,Atger,ratger3v@mtv.com
141,Reinhard,Kalderon,rkalderon3w@taobao.com
142,Chen,Dreschler,cdreschler3x@godaddy.com
143,Genni,Dignan,gdignan3y@acquirethisname.com
144,Booth,Clemmensen,bclemmensen3z@opensource.org
145,Conney,Willcocks,cwillcocks40@nytimes.com
146,Barbee,Adelsberg,badelsberg41@ebay.com
147,Kale,Mulvihill,kmulvihill42@ebay.com
148,Stefano,Di Baudi,sdibaudi43@hao123.com
149,Vinita,Crossgrove,vcrossgrove44@homestead.com
150,Brig,Dietsche,bdietsche45@latimes.com
151,Franky,Samsonsen,fsamsonsen46@msu.edu
152,Sandra,De Fraine,sdefraine47@hubpages.com
153,Cristy,Mingardo,cmingardo48@opera.com
154,Ricki,Allon,rallon49@npr.org
155,Wilden,Lawranson,wlawranson4a@constantcontact.com
156,Catarina,Spafford,cspafford4b@instagram.com
157,Christoforo,Burchill,cburchill4c@mozilla.com
158,Tamra,Dunkersley,tdunkersley4d@webnode.com
159,Johnathon,Mouton,jmouton4e@pinterest.com
160,Faun,Pasfield,fpasfield4f@wikia.com
161,Nikos,Hickisson,nhickisson4g@usda.gov
162,Niccolo,Bilsford,nbilsford4h@gizmodo.com
163,Constantine,Dwane,cdwane4i@cafepress.com
164,Jaymie,Adel,jadel4j@netlog.com
165,Phillipe,Epsley,pepsley4k@netlog.com
166,Ole,Loynton,oloynton4l@domainmarket.com
167,Anne,Whaymand,awhaymand4m@cam.ac.uk
168,Vyky,Aird,vaird4n@infoseek.co.jp
169,Nata,Casado,ncasado4o@taobao.com
170,Verla,Rengger,vrengger4p@usda.gov
171,Candie,Wigan,cwigan4q@meetup.com
172,Ellery,Harden,eharden4r@cbslocal.com
173,Austine,Stenett,astenett4s@amazon.co.uk
174,Ninette,Drayson,ndrayson4t@uiuc.edu
175,Theresa,Aris,taris4u@independent.co.uk
176,Teodor,Jorgensen,tjorgensen4v@nbcnews.com
177,Othello,Casone,ocasone4w@businessweek.com
178,Kelly,Hicklingbottom,khicklingbottom4x@google.co.uk
179,Jocko,Shafe,jshafe4y@cbsnews.com
180,Elonore,Stobart,estobart4z@naver.com
181,Adele,Reddy,areddy50@elpais.com
182,Shane,Burdin,sburdin51@huffingtonpost.com
183,Lacee,Drummond,ldrummond52@upenn.edu
184,Farrah,Aldie,faldie53@google.co.jp
185,Kale,Chalder,kchalder54@rambler.ru
186,Clevie,Jaher,cjaher55@discuz.net
187,Iago,Malarkey,imalarkey56@shutterfly.com
188,Reid,Beveredge,rbeveredge57@globo.com
189,Quincey,Sandwith,qsandwith58@cnn.com
190,Jenine,De Blase,jdeblase59@vk.com
191,Merle,Aisthorpe,maisthorpe5a@omniture.com
192,Pamela,Philcott,pphilcott5b@sogou.com
193,Gardy,Klessmann,gklessmann5c@creativecommons.org
194,Cynthia,Dwane,cdwane5d@dagondesign.com
195,Preston,Squibe,psquibe5e@prlog.org
196,Susanna,Vizor,svizor5f@dot.gov
197,Elsinore,Peagrim,epeagrim5g@tripod.com
198,Barthel,Aisthorpe,baisthorpe5h@google.de
199,Stesha,Fetteplace,sfetteplace5i@hexun.com
200,Dare,Bowery,dbowery5j@studiopress.com
201,Tommie,Beggin,tbeggin5k@amazon.de
202,Clarette,Bedle,cbedle5l@hud.gov
203,Sarah,Leeuwerink,sleeuwerink5m@fda.gov
204,Pru,Burdekin,pburdekin5n@cbsnews.com
205,Lib,Craske,lcraske5o@shutterfly.com
206,Felic,O'Lynn,folynn5p@infoseek.co.jp
207,Yehudi,De Mattei,ydemattei5q@1688.com
208,Slade,Easun,seasun5r@seesaa.net
209,Gerladina,Wycliffe,gwycliffe5s@wordpress.org
210,Libbie,Deyes,ldeyes5t@tuttocitta.it
211,Hamish,Tiley,htiley5u@nature.com
212,Tildy,Rook,trook5v@npr.org
213,Roobbie,Stummeyer,rstummeyer5w@stanford.edu
214,Mab,Goodbody,mgoodbody5x@youku.com
215,Amandi,Talman,atalman5y@goo.ne.jp
216,Antoine,Sargeaunt,asargeaunt5z@hud.gov
217,Anthia,MacConnulty,amacconnulty60@dot.gov
218,Woodrow,Myrie,wmyrie61@wisc.edu
219,Clarissa,McWhin,cmcwhin62@ca.gov
220,Nessi,Extill,nextill63@upenn.edu
221,Faustina,Bernuzzi,fbernuzzi64@columbia.edu
222,Sharl,Berthouloume,sberthouloume65@joomla.org
223,Mordy,Doghartie,mdoghartie66@dmoz.org
224,Stan,Novic,snovic67@miibeian.gov.cn
225,Ashley,Pigeon,apigeon68@privacy.gov.au
226,Montgomery,Frammingham,mframmingham69@pcworld.com
227,Celina,Colleford,ccolleford6a@comsenz.com
228,Delmore,Jerome,djerome6b@myspace.com
229,Saundra,Benny,sbenny6c@sbwire.com
230,Valentine,Scoffham,vscoffham6d@barnesandnoble.com
231,Clark,Couttes,ccouttes6e@vimeo.com
232,Rufe,Dytham,rdytham6f@example.com
233,Lesley,Moreside,lmoreside6g@amazon.com
234,Mildrid,Ginnaly,mginnaly6h@amazon.co.uk
235,Clare,Corris,ccorris6i@fastcompany.com
236,Agna,Crowche,acrowche6j@yolasite.com
237,Glory,Lukock,glukock6k@bravesites.com
238,Devan,Gelder,dgelder6l@unc.edu
239,Rickie,Hindrick,rhindrick6m@mail.ru
240,Fowler,Goodfellow,fgoodfellow6n@cnn.com
241,Matthus,Cobden,mcobden6o@google.ca
242,Dot,Sedman,dsedman6p@bbb.org
243,Charin,Syddall,csyddall6q@sohu.com
244,Noe,Sadgrove,nsadgrove6r@dmoz.org
245,Currie,Shales,cshales6s@gov.uk
246,Cyb,Lindenman,clindenman6t@chron.com
247,Antonina,Lazenbury,alazenbury6u@paypal.com
248,Sandor,MacPike,smacpike6v@wikispaces.com
249,Nat,Ewbank,newbank6w@upenn.edu
250,Kristopher,Lugg,klugg6x@usda.gov
251,Diannne,Chiechio,dchiechio6y@jigsy.com
252,Fina,Leguey,fleguey6z@bizjournals.com
253,Dael,Shercliff,dshercliff70@dell.com
254,Malva,Garrelts,mgarrelts71@cnbc.com
255,Winifield,Leif,wleif72@sfgate.com
256,Xymenes,Ellingsworth,xellingsworth73@1688.com
257,Emlyn,Procter,eprocter74@opera.com
258,Hakim,Combe,hcombe75@twitpic.com
259,Lorrie,Baffin,lbaffin76@newsvine.com
260,Tobiah,Francillo,tfrancillo77@walmart.com
261,Regan,Laying,rlaying78@nhs.uk
262,Hanna,Salliere,hsalliere79@domainmarket.com
263,Alexa,McKeaveney,amckeaveney7a@wp.com
264,Tommi,Radclyffe,tradclyffe7b@usda.gov
265,Pierson,Ogan,pogan7c@goodreads.com
266,Ainsley,Bradnick,abradnick7d@youku.com
267,Eilis,Streight,estreight7e@google.cn
268,Otho,de Vaen,odevaen7f@fema.gov
269,Joscelin,McCrann,jmccrann7g@mit.edu
270,Vivyanne,Budgen,vbudgen7h@wordpress.com
271,Sydney,De Bruyne,sdebruyne7i@timesonline.co.uk
272,Laureen,Sidry,lsidry7j@arstechnica.com
273,Maximilian,Readie,mreadie7k@pagesperso-orange.fr
274,Jasmina,Iacavone,jiacavone7l@yahoo.co.jp
275,Hobart,Willan,hwillan7m@walmart.com
276,Frederico,Antonietti,fantonietti7n@wikimedia.org
277,Lyon,Adriaan,ladriaan7o@latimes.com
278,Antonio,Ivanshintsev,aivanshintsev7p@sourceforge.net
279,Bertie,Fealey,bfealey7q@privacy.gov.au
280,Dale,Adshed,dadshed7r@ifeng.com
281,Andrei,Ingreda,aingreda7s@house.gov
282,Gretta,Lassells,glassells7t@sfgate.com
283,Dorry,McMyler,dmcmyler7u@skype.com
284,Leola,Olrenshaw,lolrenshaw7v@dagondesign.com
285,Darrin,Skilbeck,dskilbeck7w@dyndns.org
286,Blaire,Solesbury,bsolesbury7x@lulu.com
287,Winnifred,Caird,wcaird7y@g.co
288,Sidonnie,Hodjetts,shodjetts7z@1688.com
289,Catrina,Crackel,ccrackel80@mlb.com
290,Felicity,Marsham,fmarsham81@imageshack.us
291,Dorelle,Goldston,dgoldston82@google.com.au
292,Norbie,Schnitter,nschnitter83@ca.gov
293,Shellysheldon,Farra,sfarra84@ustream.tv
294,Hoyt,Twinborough,htwinborough85@prlog.org
295,Mort,Effemy,meffemy86@discuz.net
296,Galvan,Frift,gfrift87@sakura.ne.jp
297,Hercules,Ladewig,hladewig88@pagesperso-orange.fr
298,Ulrich,O'Connor,uoconnor89@mashable.com
299,Jobye,Mandal,jmandal8a@epa.gov
300,Burke,Blasli,bblasli8b@eepurl.com
301,Paola,Thirkettle,pthirkettle8c@ovh.net
302,Annice,Burford,aburford8d@nifty.com
303,Merrily,McIndrew,mmcindrew8e@army.mil
304,Kipper,Claesens,kclaesens8f@fotki.com
305,Patrice,Starzaker,pstarzaker8g@cbc.ca
306,Rubia,Kalvin,rkalvin8h@liveinternet.ru
307,Celesta,Bicknell,cbicknell8i@mozilla.org
308,Neddie,Forcade,nforcade8j@eepurl.com
309,Mora,Veel,mveel8k@barnesandnoble.com
310,Corilla,Novacek,cnovacek8l@theguardian.com
311,Lancelot,McGibbon,lmcgibbon8m@ibm.com
312,Carmel,Vines,cvines8n@mozilla.com
313,Eddie,Griss,egriss8o@smh.com.au
314,Elita,Howcroft,ehowcroft8p@nsw.gov.au
315,Sabra,Beaglehole,sbeaglehole8q@mayoclinic.com
316,Spike,Syplus,ssyplus8r@pinterest.com
317,Berenice,Broggio,bbroggio8s@opensource.org
318,Zach,Jirieck,zjirieck8t@etsy.com
319,Georas,Barnes,gbarnes8u@mozilla.org
320,Jule,Ferrotti,jferrotti8v@pbs.org
321,Ferdie,Bernardeschi,fbernardeschi8w@narod.ru
322,Farley,Heddy,fheddy8x@example.com
323,Dorrie,Swyer-Sexey,dswyersexey8y@google.com.hk
324,Deny,Marqyes,dmarqyes8z@reverbnation.com
325,Talia,Culcheth,tculcheth90@disqus.com
326,Ambros,Scargill,ascargill91@tumblr.com
327,Harp,Howgego,hhowgego92@ezinearticles.com
328,Jarid,Arro,jarro93@linkedin.com
329,Constance,Saltsberger,csaltsberger94@vinaora.com
330,Damon,Frane,dfrane95@ft.com
331,Hyatt,Bretherton,hbretherton96@people.com.cn
332,Erinn,Pittwood,epittwood97@goo.ne.jp
333,Sue,MacKenzie,smackenzie98@ovh.net
334,Dalt,Meriton,dmeriton99@independent.co.uk
335,Granny,Tolliday,gtolliday9a@wikispaces.com
336,Charley,Lelande,clelande9b@google.com
337,Jeffy,Garter,jgarter9c@amazon.co.jp
338,Bethany,Fosdyke,bfosdyke9d@yellowpages.com
339,Frankie,Isley,fisley9e@yellowbook.com
340,Vilma,Aronovich,varonovich9f@army.mil
341,Remus,Dickerline,rdickerline9g@blinklist.com
342,Zola,Lynthal,zlynthal9h@last.fm
343,Barnabas,Bogges,bbogges9i@yahoo.com
344,Stacy,Goodrum,sgoodrum9j@cafepress.com
345,Siouxie,Pesak,spesak9k@xing.com
346,Grethel,Jackways,gjackways9l@weibo.com
347,Anselma,Meriel,ameriel9m@networksolutions.com
348,Vinnie,Imeson,vimeson9n@devhub.com
349,Gaylor,Greenin,ggreenin9o@elpais.com
350,Luise,Waistall,lwaistall9p@spiegel.de
351,Hilly,Dunkinson,hdunkinson9q@biglobe.ne.jp
352,Lilli,Witcher,lwitcher9r@ustream.tv
353,Caresa,Andriveau,candriveau9s@cnbc.com
354,Sascha,Northley,snorthley9t@bbc.co.uk
355,Roldan,Burvill,rburvill9u@geocities.com
356,Carolus,Regorz,cregorz9v@mlb.com
357,Cassandre,Cracoe,ccracoe9w@dailymail.co.uk
358,Harrietta,Eat,heat9x@sun.com
359,Darla,Sharrier,dsharrier9y@nbcnews.com
360,Oliviero,Acors,oacors9z@tinyurl.com
361,Aline,Guillot,aguillota0@boston.com
362,Trude,Chesman,tchesmana1@sciencedaily.com
363,Lionel,Tern,lterna2@vimeo.com
364,Donall,Eberlein,deberleina3@tamu.edu
365,Randie,Sherel,rsherela4@mysql.com
366,Morena,Kildale,mkildalea5@scribd.com
367,Alley,Scarlet,ascarleta6@wikispaces.com
368,Brianna,Lanahan,blanahana7@networkadvertising.org
369,Reuven,Merle,rmerlea8@rakuten.co.jp
370,Daphna,Cowope,dcowopea9@cnn.com
371,Rustie,Gaffer,rgafferaa@nymag.com
372,Halette,Pollendine,hpollendineab@cafepress.com
373,Roseanna,Hecks,rhecksac@globo.com
374,Elsa,Allsworth,eallsworthad@typepad.com
375,Marketa,Bennington,mbenningtonae@ucla.edu
376,Had,Castaignet,hcastaignetaf@weebly.com
377,Ely,Filkin,efilkinag@engadget.com
378,Michaelina,Arntzen,marntzenah@businesswire.com
379,Glynnis,Bristo,gbristoai@yolasite.com
380,Lilith,Scroyton,lscroytonaj@wix.com
381,Terrijo,Gorse,tgorseak@nsw.gov.au
382,Margret,Kopps,mkoppsal@slashdot.org
383,Gilberte,Pryell,gpryellam@feedburner.com
384,Kassey,Pittle,kpittlean@boston.com
385,Buddie,Lomasney,blomasneyao@japanpost.jp
386,Ado,Filipychev,afilipychevap@cdbaby.com
387,Vera,Trickett,vtrickettaq@woothemes.com
388,Andi,Planque,aplanquear@craigslist.org
389,Sella,Schaben,sschabenas@illinois.edu
390,Hanny,McCarry,hmccarryat@telegraph.co.uk
391,Laverne,Gallandre,lgallandreau@vk.com
392,Ami,Larenson,alarensonav@archive.org
393,Winni,Schechter,wschechteraw@abc.net.au
394,Isaiah,Goodisson,igoodissonax@exblog.jp
395,Olivia,Cestard,ocestarday@virginia.edu
396,Enrika,Sharples,esharplesaz@google.co.jp
397,Marcie,Moncarr,mmoncarrb0@shop-pro.jp
398,Faustina,Farman,ffarmanb1@imgur.com
399,Ernst,Bernet,ebernetb2@bloglovin.com
400,Carlynn,Kehri,ckehrib3@pbs.org
401,Margeaux,O'Spellissey,mospellisseyb4@shinystat.com
402,Osbert,Sambedge,osambedgeb5@bbb.org
403,Emmi,Geely,egeelyb6@weebly.com
404,Abigale,Dyers,adyersb7@umich.edu
405,Emiline,Bartzen,ebartzenb8@chicagotribune.com
406,Ranique,Simonich,rsimonichb9@amazon.co.uk
407,Gerda,Swatton,gswattonba@jigsy.com
408,Aleece,Mardlin,amardlinbb@go.com
409,Hilliard,Winchester,hwinchesterbc@amazonaws.com
410,Larine,Dredge,ldredgebd@ftc.gov
411,Alfy,Ballin,aballinbe@youku.com
412,Ina,Aldwich,ialdwichbf@istockphoto.com
413,Helsa,Sharma,hsharmabg@free.fr
414,Zachary,Stevenson,zstevensonbh@rakuten.co.jp
415,Beulah,Salmen,bsalmenbi@wired.com
416,Sherri,Rolstone,srolstonebj@istockphoto.com
417,Mallissa,Eberz,meberzbk@squidoo.com
418,Koenraad,Gristwood,kgristwoodbl@un.org
419,Gerry,Kingh,gkinghbm@wikipedia.org
420,Jerrie,MacCarter,jmaccarterbn@cbc.ca
421,Lissi,Mellers,lmellersbo@blogs.com
422,Maximilian,Treadaway,mtreadawaybp@icq.com
423,Bertie,Millsom,bmillsombq@china.com.cn
424,Perice,Thaxton,pthaxtonbr@netvibes.com
425,Kamila,Talkington,ktalkingtonbs@oaic.gov.au
426,Nathan,Ferneley,nferneleybt@google.es
427,Rutter,Birdis,rbirdisbu@who.int
428,Kirsteni,Sokell,ksokellbv@aol.com
429,Tore,Lidgley,tlidgleybw@last.fm
430,Gilbertina,Doumer,gdoumerbx@e-recht24.de
431,Barnie,Kirton,bkirtonby@about.com
432,Kath,Elwood,kelwoodbz@jimdo.com
433,Nonna,Aharoni,naharonic0@seesaa.net
434,Korey,Klein,kkleinc1@wikipedia.org
435,Corrinne,Linforth,clinforthc2@tamu.edu
436,Ezmeralda,Cosely,ecoselyc3@digg.com
437,Ileane,Kitt,ikittc4@exblog.jp
438,Goldarina,Harley,gharleyc5@wufoo.com
439,Hodge,Marconi,hmarconic6@dailymail.co.uk
440,Aloisia,Blamphin,ablamphinc7@myspace.com
441,Donall,Dunnet,ddunnetc8@howstuffworks.com
442,Barbi,Dannell,bdannellc9@people.com.cn
443,Marcos,Kettow,mkettowca@canalblog.com
444,Colet,McAndie,cmcandiecb@cdc.gov
445,Niel,Cutchee,ncutcheecc@narod.ru
446,Selestina,Noor,snoorcd@icq.com
447,Darline,Hutchence,dhutchencece@deviantart.com
448,Geneva,Snewin,gsnewincf@edublogs.org
449,Ellwood,Venn,evenncg@twitter.com
450,Teodoro,Pindred,tpindredch@senate.gov
451,Riki,Thurby,rthurbyci@seesaa.net
452,Claudine,Hymer,chymercj@wordpress.com
453,Lavinia,Devita,ldevitack@elpais.com
454,Katalin,Devinn,kdevinncl@sourceforge.net
455,Tammie,Geake,tgeakecm@goo.gl
456,Sherrie,Oliphard,soliphardcn@alibaba.com
457,Lennard,Blinckhorne,lblinckhorneco@paypal.com
458,Chandler,Fawloe,cfawloecp@themeforest.net
459,Boyce,Sparey,bspareycq@umn.edu
460,Buck,Hopfner,bhopfnercr@europa.eu
461,Corliss,Scrafton,cscraftoncs@woothemes.com
462,Dyanna,Lidgate,dlidgatect@qq.com
463,Glen,Pic,gpiccu@noaa.gov
464,Kaile,Rihosek,krihosekcv@alibaba.com
465,Thibaud,Pirozzi,tpirozzicw@icio.us
466,Sissy,Bew,sbewcx@php.net
467,Odessa,Gormley,ogormleycy@hao123.com
468,Shaine,Turtle,sturtlecz@craigslist.org
469,Norry,Blazewicz,nblazewiczd0@twitpic.com
470,Rees,Larking,rlarkingd1@ca.gov
471,Goldi,Patnelli,gpatnellid2@bluehost.com
472,Julina,Loeber,jloeberd3@pen.io
473,Dorine,Matasov,dmatasovd4@census.gov
474,Clive,Backs,cbacksd5@goodreads.com
475,Lilli,Biddulph,lbiddulphd6@cisco.com
476,Veda,Andriveaux,vandriveauxd7@ovh.net
477,Riley,Gini,rginid8@kickstarter.com
478,Vladimir,Snellman,vsnellmand9@sohu.com
479,Maury,Bahde,mbahdeda@goo.ne.jp
480,Gay,Empson,gempsondb@wikia.com
481,Sylas,Goodinge,sgoodingedc@myspace.com
482,Helene,Shilton,hshiltondd@amazon.de
483,Georgena,O'Mara,gomarade@zdnet.com
484,Lu,Strangeway,lstrangewaydf@washington.edu
485,Kaja,Hambleton,khambletondg@blogger.com
486,Karna,Pock,kpockdh@springer.com
487,Thekla,Tracy,ttracydi@arizona.edu
488,Mose,Humber,mhumberdj@dell.com
489,Mickie,Neem,mneemdk@mapy.cz
490,Charmaine,Harp,charpdl@state.gov
491,Allyn,Fayerman,afayermandm@indiatimes.com
492,Lanny,Haresign,lharesigndn@latimes.com
493,Bard,Fullerlove,bfullerlovedo@apache.org
494,Dorene,Beards,dbeardsdp@arstechnica.com
495,Lesley,Mardlin,lmardlindq@paypal.com
496,Shay,Schuster,sschusterdr@princeton.edu
497,Harp,Donneely,hdonneelyds@google.com.au
498,Ceciley,Dunsleve,cdunslevedt@state.tx.us
499,Alfonse,Englishby,aenglishbydu@marriott.com
500,Jordana,Le Marchand,jlemarchanddv@theguardian.com
501,Ingemar,Geraud,igerauddw@jiathis.com
502,Vivie,Blewett,vblewettdx@gnu.org
503,Rosamund,Doby,rdobydy@blogger.com
504,Marmaduke,Pierucci,mpieruccidz@phpbb.com
505,Wyatan,Fend,wfende0@pen.io
506,Cass,MacCarrick,cmaccarricke1@nature.com
507,Northrup,Yakov,nyakove2@mit.edu
508,Rosalinde,Bagger,rbaggere3@theguardian.com
509,Elinor,Oakeshott,eoakeshotte4@google.ru
510,Harcourt,Scarrott,hscarrotte5@stanford.edu
511,Matias,Gaitung,mgaitunge6@123-reg.co.uk
512,Sybila,Chalice,schalicee7@twitter.com
513,Egon,Gilardone,egilardonee8@hp.com
514,Alejandro,Gennrich,agennriche9@home.pl
515,Francene,Winterson,fwintersonea@kickstarter.com
516,Michaelina,Bratchell,mbratchelleb@unesco.org
517,Adriane,Huonic,ahuonicec@usda.gov
518,Broddy,Fincke,bfinckeed@purevolume.com
519,Mellie,Aim,maimee@thetimes.co.uk
520,Eunice,Silberschatz,esilberschatzef@narod.ru
521,Marjy,Hekkert,mhekkerteg@technorati.com
522,Maren,Merrgan,mmerrganeh@prnewswire.com
523,Cecil,Lilley,clilleyei@soup.io
524,Tait,Diable,tdiableej@typepad.com
525,Shay,Yurocjhin,syurocjhinek@google.cn
526,Elvyn,Kubyszek,ekubyszekel@cam.ac.uk
527,Franciskus,Clericoates,fclericoatesem@ovh.net
528,Happy,Phelp,hphelpen@microsoft.com
529,Catlee,Matusovsky,cmatusovskyeo@nymag.com
530,Sauncho,Robbs,srobbsep@reuters.com
531,Melva,Iacabucci,miacabuccieq@wp.com
532,Koenraad,Bosman,kbosmaner@i2i.jp
533,Diarmid,Guidi,dguidies@ed.gov
534,Ilka,Phlippi,iphlippiet@vistaprint.com
535,Minerva,Langabeer,mlangabeereu@bravesites.com
536,Wiley,Hilbourne,whilbourneev@answers.com
537,Helena,Milward,hmilwardew@acquirethisname.com
538,Bentley,Delhanty,bdelhantyex@domainmarket.com
539,Edvard,Bouttell,ebouttelley@liveinternet.ru
540,Jerrome,Ledgister,jledgisterez@indiegogo.com
541,Jemmy,Burkart,jburkartf0@cloudflare.com
542,Randene,De Lascy,rdelascyf1@odnoklassniki.ru
543,Neala,Townsley,ntownsleyf2@ucoz.com
544,Rudyard,Basire,rbasiref3@accuweather.com
545,Winston,Wood,wwoodf4@imageshack.us
546,Sonnie,Hambleton,shambletonf5@shinystat.com
547,Giacinta,Harkins,gharkinsf6@bandcamp.com
548,Deck,Renac,drenacf7@who.int
549,Jamey,Vedenyapin,jvedenyapinf8@npr.org
550,Edithe,Ferriman,eferrimanf9@drupal.org
551,Care,McIlvenna,cmcilvennafa@rambler.ru
552,Tildy,Alman,talmanfb@nhs.uk
553,Fernande,Staggs,fstaggsfc@weather.com
554,Clara,Pickover,cpickoverfd@mozilla.com
555,Nikaniki,Purvey,npurveyfe@istockphoto.com
556,Regen,Hasnip,rhasnipff@123-reg.co.uk
557,Nicko,Josefsohn,njosefsohnfg@gnu.org
558,Juan,Hartfield,jhartfieldfh@yelp.com
559,Hilarius,Falloon,hfalloonfi@unicef.org
560,Archibold,Loalday,aloaldayfj@youtu.be
561,Schuyler,Dinzey,sdinzeyfk@sogou.com
562,Sayers,Kerans,skeransfl@friendfeed.com
563,Falito,Fulleylove,ffulleylovefm@epa.gov
564,Celestina,Buckberry,cbuckberryfn@cdbaby.com
565,Coleen,Leggett,cleggettfo@businessweek.com
566,Murray,Carpenter,mcarpenterfp@washington.edu
567,Sharleen,Norkett,snorkettfq@tripadvisor.com
568,Forest,Lowther,flowtherfr@skyrock.com
569,Livy,Gylle,lgyllefs@usa.gov
570,Odo,Berkeley,oberkeleyft@angelfire.com
571,Bobbie,Bendelow,bbendelowfu@purevolume.com
572,Giffer,Hawkswood,ghawkswoodfv@icq.com
573,Conney,Dandie,cdandiefw@comcast.net
574,Arlina,Otridge,aotridgefx@nasa.gov
575,Annmarie,Tieraney,atieraneyfy@ustream.tv
576,Dorothee,Twycross,dtwycrossfz@booking.com
577,Carmela,Kardos-Stowe,ckardosstoweg0@dyndns.org
578,Larissa,Flintoffe,lflintoffeg1@friendfeed.com
579,Nettie,Tilsley,ntilsleyg2@imgur.com
580,Ursala,Bevens,ubevensg3@cdc.gov
581,Sacha,Krale,skraleg4@europa.eu
582,Clive,Dyton,cdytong5@redcross.org
583,Jourdain,Blade,jbladeg6@icq.com
584,Gilberte,Ferenczi,gferenczig7@time.com
585,Foster,Benson,fbensong8@mozilla.com
586,Eran,Quarrell,equarrellg9@slideshare.net
587,Antonetta,Giovanardi,agiovanardiga@theguardian.com
588,Floyd,Whiffen,fwhiffengb@ted.com
589,Joela,Mitchelhill,jmitchelhillgc@lulu.com
590,Donavon,Lie,dliegd@unblog.fr
591,Vanya,Clint,vclintge@deliciousdays.com
592,Llywellyn,Marchbank,lmarchbankgf@blinklist.com
593,Lissa,Mallabund,lmallabundgg@msu.edu
594,Dorie,Lynagh,dlynaghgh@soundcloud.com
595,Carmelina,Sarsons,csarsonsgi@wordpress.com
596,Charlotta,Hayhow,chayhowgj@123-reg.co.uk
597,Cherry,Souttar,csouttargk@flickr.com
598,Keefer,Asson,kassongl@bravesites.com
599,Pepito,Filson,pfilsongm@plala.or.jp
600,Nero,Agett,nagettgn@ft.com
601,Karoline,Escala,kescalago@woothemes.com
602,Charlene,Carass,ccarassgp@friendfeed.com
603,Standford,Taaffe,staaffegq@unesco.org
604,Rosmunda,Quarterman,rquartermangr@senate.gov
605,Reeva,Tombs,rtombsgs@barnesandnoble.com
606,Jeane,Ceci,jcecigt@census.gov
607,Candida,Bogie,cbogiegu@example.com
608,Ali,Cleyne,acleynegv@ebay.com
609,Shawn,Willicott,swillicottgw@ow.ly
610,Adrianne,Drife,adrifegx@wired.com
611,Shaine,Thominga,sthomingagy@issuu.com
612,Carmel,Brooking,cbrookinggz@diigo.com
613,Myranda,Losty,mlostyh0@gov.uk
614,Sonia,Harniman,sharnimanh1@cbsnews.com
615,Samuele,Bargh,sbarghh2@intel.com
616,Sigfrid,Cochrane,scochraneh3@xinhuanet.com
617,Willette,Mille,wmilleh4@ucoz.ru
618,Grissel,Jex,gjexh5@moonfruit.com
619,Marcia,Ligerton,mligertonh6@cbslocal.com
620,Siana,Banaszewski,sbanaszewskih7@youtube.com
621,Osborne,Jebb,ojebbh8@vinaora.com
622,Keith,Morby,kmorbyh9@opensource.org
623,Trula,Hugnot,thugnotha@disqus.com
624,Modesta,Josebury,mjoseburyhb@live.com
625,Boothe,Rafter,brafterhc@networksolutions.com
626,Renee,Allum,rallumhd@issuu.com
627,Gerome,Brawson,gbrawsonhe@taobao.com
628,Cordula,Waddington,cwaddingtonhf@hp.com
629,Egon,Kettlestringe,ekettlestringehg@newsvine.com
630,Tobe,Danell,tdanellhh@istockphoto.com
631,Pembroke,Eat,peathi@un.org
632,Elwira,Stove,estovehj@usnews.com
633,Worden,Martignoni,wmartignonihk@microsoft.com
634,Polly,Le Barr,plebarrhl@telegraph.co.uk
635,Donall,La Batie,dlabatiehm@time.com
636,Pall,Stancliffe,pstancliffehn@t-online.de
637,Caldwell,Camerati,ccameratiho@marketwatch.com
638,Dugald,Hutfield,dhutfieldhp@digg.com
639,Allard,Biss,abisshq@house.gov
640,Renie,Geffen,rgeffenhr@tinyurl.com
641,Lizette,Hagart,lhagarths@seattletimes.com
642,Siegfried,McKiddin,smckiddinht@dailymotion.com
643,Joceline,Lackney,jlackneyhu@google.co.jp
644,Bail,Lillywhite,blillywhitehv@freewebs.com
645,Lynne,Aishford,laishfordhw@comsenz.com
646,Piotr,Craister,pcraisterhx@google.com
647,Claudie,Whitney,cwhitneyhy@com.com
648,Marcelo,McGreal,mmcgrealhz@cisco.com
649,Quent,Beckensall,qbeckensalli0@pagesperso-orange.fr
650,Sheppard,Deschlein,sdeschleini1@wikipedia.org
651,Carver,Hopewell,chopewelli2@cafepress.com
652,Gwenneth,Cicconetti,gcicconettii3@phoca.cz
653,Ceil,DeSousa,cdesousai4@jimdo.com
654,Robina,Pedroni,rpedronii5@about.me
655,Cassondra,Stagge,cstaggei6@mtv.com
656,Allys,Gallegos,agallegosi7@bloglovin.com
657,Zaccaria,Scarrott,zscarrotti8@51.la
658,Meriel,Beeching,mbeechingi9@instagram.com
659,Ulberto,Petriello,upetrielloia@prweb.com
660,Bud,Critten,bcrittenib@blogtalkradio.com
661,Carmel,Coatman,ccoatmanic@vistaprint.com
662,Tamma,Baversor,tbaversorid@cnn.com
663,Dougy,Whiley,dwhileyie@wisc.edu
664,Vincenz,Leeb,vleebif@theguardian.com
665,Ranna,Crielly,rcriellyig@accuweather.com
666,Gabi,Guittet,gguittetih@bandcamp.com
667,Lainey,Miliffe,lmiliffeii@intel.com
668,Dalenna,Bettam,dbettamij@jimdo.com
669,Lorrin,Bard,lbardik@bandcamp.com
670,Nance,Sings,nsingsil@statcounter.com
671,Tamarra,Sally,tsallyim@gravatar.com
672,Linda,Yellep,lyellepin@virginia.edu
673,Mozes,Wylder,mwylderio@dedecms.com
674,Ruy,Rosborough,rrosboroughip@aol.com
675,Byrann,Rawnsley,brawnsleyiq@cdbaby.com
676,Reamonn,Keaves,rkeavesir@wsj.com
677,Leopold,Olivi,loliviis@ning.com
678,Cazzie,Gatling,cgatlingit@wordpress.org
679,Giuseppe,Wills,gwillsiu@jalbum.net
680,Jodie,Damarell,jdamarelliv@github.com
681,Desdemona,West,dwestiw@example.com
682,Nerita,Hallums,nhallumsix@independent.co.uk
683,Theodoric,Winscomb,twinscombiy@prweb.com
684,Lela,Schimonek,lschimonekiz@elegantthemes.com
685,York,Richardeau,yrichardeauj0@yahoo.com
686,Vin,Fairbourn,vfairbournj1@de.vu
687,Bibbie,Beedom,bbeedomj2@ifeng.com
688,Dannel,Harraway,dharrawayj3@free.fr
689,Loralyn,Galpen,lgalpenj4@slate.com
690,Pippo,Anniwell,panniwellj5@gmpg.org
691,Lynne,Pinhorn,lpinhornj6@stumbleupon.com
692,Ernaline,Fulford,efulfordj7@shop-pro.jp
693,Basile,Tallyn,btallynj8@senate.gov
694,Zack,McCullen,zmccullenj9@tripadvisor.com
695,Silva,Ellph,sellphja@google.es
696,Brannon,Clendening,bclendeningjb@stumbleupon.com
697,Raeann,Quinton,rquintonjc@tmall.com
698,Crosby,Cosens,ccosensjd@nbcnews.com
699,Sibyl,Christaeas,schristaeasje@bluehost.com
700,Terrijo,Klageman,tklagemanjf@xinhuanet.com
701,Gina,Godbold,ggodboldjg@theglobeandmail.com
702,Jasmina,Stangroom,jstangroomjh@umn.edu
703,Maighdiln,Aliman,malimanji@twitter.com
704,Milton,Meagh,mmeaghjj@dedecms.com
705,Zabrina,Skamell,zskamelljk@multiply.com
706,Lisabeth,Stanyland,lstanylandjl@hao123.com
707,Frank,Petrushanko,fpetrushankojm@homestead.com
708,Valentia,Ashforth,vashforthjn@craigslist.org
709,Olga,Rosser,orosserjo@nih.gov
710,Arlina,Sneden,asnedenjp@about.me
711,Rudiger,Revett,rrevettjq@dailymail.co.uk
712,Rodolphe,Danovich,rdanovichjr@fastcompany.com
713,Camel,Tethcote,ctethcotejs@unc.edu
714,Jennie,Glaysher,jglaysherjt@latimes.com
715,Darin,Wylie,dwylieju@opensource.org
716,Carce,Wallis,cwallisjv@stumbleupon.com
717,Evered,Jedrzejewicz,ejedrzejewiczjw@zimbio.com
718,Osborn,Mucklow,omucklowjx@spiegel.de
719,Kitty,Howorth,khoworthjy@domainmarket.com
720,Vanni,Henniger,vhennigerjz@senate.gov
721,Saudra,Heazel,sheazelk0@toplist.cz
722,Maxwell,Kener,mkenerk1@yolasite.com
723,Zahara,Aubry,zaubryk2@aboutads.info
724,Ross,England,renglandk3@phoca.cz
725,Yetta,Beever,ybeeverk4@unc.edu
726,Elonore,Gianneschi,egianneschik5@ibm.com
727,Woodman,Tween,wtweenk6@mac.com
728,Sara-ann,Schurcke,sschurckek7@apple.com
729,Eugenia,MacConnell,emacconnellk8@slate.com
730,Peta,Bedburrow,pbedburrowk9@acquirethisname.com
731,Giovanna,Parker,gparkerka@alibaba.com
732,Marchall,Simenon,msimenonkb@ehow.com
733,Wadsworth,Stigger,wstiggerkc@nba.com
734,Kenny,Gregoriou,kgregorioukd@nbcnews.com
735,Celka,Verbeek,cverbeekke@canalblog.com
736,Patti,Pickance,ppickancekf@sfgate.com
737,Cynthia,Marsay,cmarsaykg@purevolume.com
738,Marybelle,Murrigan,mmurrigankh@cafepress.com
739,Lelia,Mathias,lmathiaski@furl.net
740,Noelyn,Adamsky,nadamskykj@shinystat.com
741,Gaylor,Cowles,gcowleskk@yolasite.com
742,Lars,Cornejo,lcornejokl@jugem.jp
743,Mordecai,Reidie,mreidiekm@ehow.com
744,Alleen,Bunston,abunstonkn@cam.ac.uk
745,Pierre,Sommerton,psommertonko@typepad.com
746,Randall,Manuello,rmanuellokp@examiner.com
747,Rosalynd,Frensche,rfrenschekq@tmall.com
748,Karlan,Alekhov,kalekhovkr@biblegateway.com
749,Cointon,Hanigan,chaniganks@devhub.com
750,Willette,Rieger,wriegerkt@ebay.co.uk
751,Olympia,Ellery,oelleryku@techcrunch.com
752,Lethia,Apple,lapplekv@cnn.com
753,Eileen,Balogun,ebalogunkw@wiley.com
754,Claudius,Sowray,csowraykx@cdbaby.com
755,Rubia,Ashby,rashbyky@spotify.com
756,Paten,Winter,pwinterkz@youtube.com
757,Dimitri,Luker,dlukerl0@myspace.com
758,Hillary,Killick,hkillickl1@soup.io
759,Monro,Sworne,mswornel2@nasa.gov
760,Norrie,Varne,nvarnel3@npr.org
761,Eran,Hurnell,ehurnelll4@baidu.com
762,Donica,Tavner,dtavnerl5@woothemes.com
763,Freedman,Lafoy,flafoyl6@diigo.com
764,Joellyn,Conner,jconnerl7@slideshare.net
765,Halette,Jakobsson,hjakobssonl8@fema.gov
766,Dino,Lanahan,dlanahanl9@spiegel.de
767,Gill,Blainey,gblaineyla@archive.org
768,Coralyn,Theodore,ctheodorelb@archive.org
769,Ainsley,Stovin,astovinlc@homestead.com
770,Bertrand,Lindro,blindrold@seesaa.net
771,Ced,Dewhurst,cdewhurstle@prlog.org
772,Xylina,Fredi,xfredilf@constantcontact.com
773,Alayne,Sacase,asacaselg@t-online.de
774,Jo,Baselli,jbasellilh@google.ru
775,Erny,Lanphere,elanphereli@nationalgeographic.com
776,Cal,Boggish,cboggishlj@thetimes.co.uk
777,Lucio,Brasse,lbrasselk@nymag.com
778,Tally,Furman,tfurmanll@globo.com
779,Biron,Dunthorn,bdunthornlm@europa.eu
780,Charlena,Loachhead,cloachheadln@slate.com
781,Audry,Moodie,amoodielo@drupal.org
782,Harley,Offill,hoffilllp@umich.edu
783,Nestor,Gorke,ngorkelq@ibm.com
784,Drona,Brownsett,dbrownsettlr@irs.gov
785,Almeria,Raw,arawls@thetimes.co.uk
786,Donovan,Thickens,dthickenslt@adobe.com
787,Saunder,Sherlock,ssherlocklu@discovery.com
788,Con,Matisse,cmatisselv@ucoz.com
789,Eugine,Scothorne,escothornelw@liveinternet.ru
790,Arri,Stainfield,astainfieldlx@over-blog.com
791,Erik,Fearenside,efearensidely@ifeng.com
792,Michaeline,Gubbin,mgubbinlz@gizmodo.com
793,Gilbertine,Beckinsall,gbeckinsallm0@vinaora.com
794,Ddene,Pestricke,dpestrickem1@sogou.com
795,Hillary,Bruniges,hbrunigesm2@howstuffworks.com
796,Anestassia,Gatland,agatlandm3@blog.com
797,Timmy,Beswetherick,tbeswetherickm4@uiuc.edu
798,Barnard,Yanshinov,byanshinovm5@twitpic.com
799,Merrile,Brooking,mbrookingm6@state.tx.us
800,Tilly,O'Sheeryne,tosheerynem7@dagondesign.com
801,Talbot,Skerme,tskermem8@gmpg.org
802,Berkley,Twelve,btwelvem9@nifty.com
803,Carlee,Lusgdin,clusgdinma@imdb.com
804,Rozella,Aymeric,raymericmb@istockphoto.com
805,Constance,Logie,clogiemc@macromedia.com
806,Webster,Fysh,wfyshmd@independent.co.uk
807,Tate,Walstow,twalstowme@wiley.com
808,Bartel,Chatenier,bchateniermf@rediff.com
809,Rasla,Bonny,rbonnymg@ft.com
810,Teddi,McAndie,tmcandiemh@miibeian.gov.cn
811,Helge,Gile,hgilemi@harvard.edu
812,Dita,Hamlett,dhamlettmj@guardian.co.uk
813,Falkner,Ortell,fortellmk@spotify.com
814,Cybill,Churchard,cchurchardml@tumblr.com
815,Schuyler,Hodgets,shodgetsmm@blogspot.com
816,Grace,Giacobillo,ggiacobillomn@lycos.com
817,Brit,Ciccerale,bcicceralemo@dion.ne.jp
818,Douglass,Dighton,ddightonmp@nationalgeographic.com
819,Harlene,Pizzey,hpizzeymq@sfgate.com
820,Rainer,Hankard,rhankardmr@so-net.ne.jp
821,Euell,Gallo,egalloms@oaic.gov.au
822,Durante,Fairburn,dfairburnmt@skyrock.com
823,Lynn,Vannuchi,lvannuchimu@4shared.com
824,Bridie,Austick,baustickmv@surveymonkey.com
825,Carmela,Wilcott,cwilcottmw@livejournal.com
826,Berkley,Priest,bpriestmx@ocn.ne.jp
827,Carolin,Lanney,clanneymy@nifty.com
828,Nicol,Bourbon,nbourbonmz@google.com.hk
829,Jeanne,Geroldo,jgeroldon0@yelp.com
830,Nonnah,Stango,nstangon1@independent.co.uk
831,Lethia,Tidcombe,ltidcomben2@bloomberg.com
832,Doy,Scala,dscalan3@simplemachines.org
833,Tobias,Ible,tiblen4@blogs.com
834,Lorettalorna,Chisnell,lchisnelln5@ehow.com
835,Thaddeus,Blurton,tblurtonn6@hp.com
836,George,Campanelle,gcampanellen7@ucoz.ru
837,Lou,Gorgen,lgorgenn8@cmu.edu
838,Tabby,Clarabut,tclarabutn9@hibu.com
839,Perkin,Lithcow,plithcowna@hud.gov
840,Fredek,Abbatini,fabbatininb@va.gov
841,Melodee,Thorington,mthoringtonnc@psu.edu
842,Babb,Wolffers,bwolffersnd@smugmug.com
843,Eloisa,Lillecrop,elillecropne@irs.gov
844,Trude,Pitceathly,tpitceathlynf@canalblog.com
845,Liza,Need,lneedng@youku.com
846,Marya,Blagbrough,mblagbroughnh@rediff.com
847,Lark,Grissett,lgrissettni@theguardian.com
848,Lindsey,Haitlie,lhaitlienj@taobao.com
849,Wini,O'Scannill,woscannillnk@weather.com
850,Nelly,Giacomo,ngiacomonl@cam.ac.uk
851,Aguistin,Jahncke,ajahnckenm@tripod.com
852,Stavros,Lecky,sleckynn@sakura.ne.jp
853,Della,Mullins,dmullinsno@icq.com
854,Ronica,Heningham,rheninghamnp@reverbnation.com
855,Beatriz,Bridgnell,bbridgnellnq@woothemes.com
856,Hagen,Gaw,hgawnr@zimbio.com
857,Haydon,Ivie,hiviens@businesswire.com
858,Vick,Ternent,vternentnt@ebay.co.uk
859,Vaughn,Sheryn,vsherynnu@netscape.com
860,Christy,Tremmil,ctremmilnv@seesaa.net
861,Ezechiel,Filipiak,efilipiaknw@elpais.com
862,Silas,Sorensen,ssorensennx@google.co.jp
863,Saxon,Ailsbury,sailsburyny@elegantthemes.com
864,Mellisent,Treleven,mtrelevennz@wired.com
865,Lorne,Searchwell,lsearchwello0@seattletimes.com
866,Hans,Gresch,hgrescho1@spotify.com
867,Lyman,Rosnau,lrosnauo2@cpanel.net
868,Alena,Deinert,adeinerto3@tinyurl.com
869,Franny,Webbe,fwebbeo4@chicagotribune.com
870,Peggi,Faustin,pfaustino5@edublogs.org
871,Stesha,Roumier,sroumiero6@chicagotribune.com
872,Alverta,Donnersberg,adonnersbergo7@mapy.cz
873,Sandy,Mousley,smousleyo8@acquirethisname.com
874,Loutitia,Farfalameev,lfarfalameevo9@alexa.com
875,Jermain,McGrady,jmcgradyoa@cisco.com
876,Danni,McIlory,dmciloryob@msn.com
877,Cooper,Vaisey,cvaiseyoc@mail.ru
878,Sela,Ambrogioni,sambrogioniod@princeton.edu
879,Ingunna,Marczyk,imarczykoe@ucoz.com
880,Eirena,Gatheral,egatheralof@tamu.edu
881,Bucky,Yarwood,byarwoodog@fda.gov
882,Tomas,Lewis,tlewisoh@pagesperso-orange.fr
883,Tracy,L' Anglois,tlangloisoi@washington.edu
884,Kit,Furnell,kfurnelloj@hibu.com
885,Fletch,Thouless,fthoulessok@globo.com
886,Lenard,Elsie,lelsieol@cyberchimps.com
887,Tobe,Bing,tbingom@newsvine.com
888,Malia,Soares,msoareson@de.vu
889,Dorella,Braunroth,dbraunrothoo@ustream.tv
890,Carlos,Le Brun,clebrunop@pbs.org
891,Dennet,Rudwell,drudwelloq@google.es
892,Doll,Jemmison,djemmisonor@tamu.edu
893,Silva,Waddie,swaddieos@scientificamerican.com
894,Berri,Driussi,bdriussiot@nasa.gov
895,Royal,Bushell,rbushellou@blogs.com
896,Missie,Ferretti,mferrettiov@clickbank.net
897,Adrienne,Arnason,aarnasonow@harvard.edu
898,Mitzi,Glassard,mglassardox@whitehouse.gov
899,Karry,Barkaway,kbarkawayoy@bing.com
900,Bjorn,Butterfield,bbutterfieldoz@marriott.com
901,Derek,Milward,dmilwardp0@toplist.cz
902,Nigel,Huish,nhuishp1@parallels.com
903,Norine,Emett,nemettp2@ycombinator.com
904,Ruth,Rubica,rrubicap3@toplist.cz
905,Elvis,Richley,erichleyp4@samsung.com
906,Rivi,Skrine,rskrinep5@cbc.ca
907,Skipper,Lopez,slopezp6@nps.gov
908,Nicolas,Spikins,nspikinsp7@clickbank.net
909,Parrnell,Le - Count,plecountp8@shutterfly.com
910,Alvera,Anthon,aanthonp9@latimes.com
911,Arnaldo,Iddins,aiddinspa@clickbank.net
912,Justine,Crosdill,jcrosdillpb@addtoany.com
913,Grange,Caldero,gcalderopc@columbia.edu
914,Amandi,Vasilyonok,avasilyonokpd@java.com
915,Genna,Weeden,gweedenpe@odnoklassniki.ru
916,Riordan,Ranson,rransonpf@istockphoto.com
917,Osbourn,Theobald,otheobaldpg@salon.com
918,Conney,Siseland,csiselandph@miitbeian.gov.cn
919,Vanni,Ridgewell,vridgewellpi@youtu.be
920,Devy,Bussens,dbussenspj@stanford.edu
921,Broddie,MacTrustey,bmactrusteypk@amazonaws.com
922,Giulia,Littlewood,glittlewoodpl@wufoo.com
923,Emogene,Christie,echristiepm@edublogs.org
924,Rooney,Kew,rkewpn@posterous.com
925,Sherwood,Ditty,sdittypo@cpanel.net
926,Thia,Fladgate,tfladgatepp@amazon.co.uk
927,Kalvin,Robers,kroberspq@hao123.com
928,Sammie,Banville,sbanvillepr@ebay.com
929,Charla,Beau,cbeaups@senate.gov
930,Elane,Antonowicz,eantonowiczpt@typepad.com
931,Sissie,Doy,sdoypu@ebay.co.uk
932,Christos,John,cjohnpv@auda.org.au
933,Verge,Renshall,vrenshallpw@etsy.com
934,Dedra,Jotham,djothampx@delicious.com
935,Bili,Hassewell,bhassewellpy@a8.net
936,Skyler,Veel,sveelpz@quantcast.com
937,Lucho,Borgnol,lborgnolq0@4shared.com
938,Riva,Jehaes,rjehaesq1@google.co.uk
939,Benjamin,Honacker,bhonackerq2@google.it
940,Jefferson,Kroin,jkroinq3@sitemeter.com
941,Barnaby,Jindrich,bjindrichq4@tumblr.com
942,Della,Malek,dmalekq5@chicagotribune.com
943,Brennen,Grichukhin,bgrichukhinq6@sciencedaily.com
944,Roberto,McInility,rmcinilityq7@japanpost.jp
945,Livia,Colbeck,lcolbeckq8@wunderground.com
946,Vaughn,Bilsford,vbilsfordq9@discovery.com
947,Benjamin,McKleod,bmckleodqa@bloglovin.com
948,Peirce,Donati,pdonatiqb@apple.com
949,Tawnya,Berceros,tbercerosqc@go.com
950,Viole,Bertomieu,vbertomieuqd@pcworld.com
951,Greta,Wrangle,gwrangleqe@merriam-webster.com
952,Kerry,Gopsell,kgopsellqf@jigsy.com
953,Layne,Ansley,lansleyqg@mashable.com
954,Devi,Ughetti,dughettiqh@amazon.de
955,Wyn,Spawell,wspawellqi@g.co
956,Kandy,Keatley,kkeatleyqj@ftc.gov
957,Kamillah,McGonigal,kmcgonigalqk@reddit.com
958,Gannie,Balch,gbalchql@liveinternet.ru
959,Ruddie,Muckloe,rmuckloeqm@webeden.co.uk
960,Broderic,Stickens,bstickensqn@webmd.com
961,Bridie,Wedon,bwedonqo@loc.gov
962,Skippy,Macon,smaconqp@sciencedirect.com
963,Elmore,Cappleman,ecapplemanqq@blogtalkradio.com
964,Riki,Vero,rveroqr@google.fr
965,Merna,Troni,mtroniqs@t.co
966,Clarine,Otham,cothamqt@latimes.com
967,Marlon,Mecchi,mmecchiqu@1und1.de
968,Darren,Salisbury,dsalisburyqv@mail.ru
969,Revkah,Farleigh,rfarleighqw@omniture.com
970,Ivie,MacGibbon,imacgibbonqx@cdc.gov
971,Raymond,Underdown,runderdownqy@chron.com
972,Buddie,McDarmid,bmcdarmidqz@cdc.gov
973,Ingra,Rubens,irubensr0@rakuten.co.jp
974,Kermie,Morton,kmortonr1@vkontakte.ru
975,Floris,Crossley,fcrossleyr2@fc2.com
976,Stormy,Cheake,scheaker3@phpbb.com
977,Ulrikaumeko,Duffill,uduffillr4@tmall.com
978,Eula,Robeson,erobesonr5@bbb.org
979,Byran,Schruyers,bschruyersr6@delicious.com
980,Noach,Varndell,nvarndellr7@tripod.com
981,Piggy,Larret,plarretr8@histats.com
982,Conway,Glasspool,cglasspoolr9@census.gov
983,Jaclin,Huscroft,jhuscroftra@cocolog-nifty.com
984,Rhys,De Beneditti,rdebenedittirb@wp.com
985,Marji,Dizlie,mdizlierc@google.com.br
986,Phebe,Plant,pplantrd@istockphoto.com
987,Rosalie,McCauley,rmccauleyre@fc2.com
988,Florentia,Bouldon,fbouldonrf@adobe.com
989,Tobie,Pittham,tpitthamrg@yale.edu
990,Morley,McKendo,mmckendorh@biglobe.ne.jp
991,Selma,Roullier,sroullierri@so-net.ne.jp
992,Grace,Josefsohn,gjosefsohnrj@unicef.org
993,Bryn,Hazeley,bhazeleyrk@flavors.me
994,Ryann,Magnay,rmagnayrl@merriam-webster.com
995,Arel,Lett,alettrm@merriam-webster.com
996,Shepard,Seagrave,sseagravern@a8.net
997,Austin,Wohlers,awohlersro@columbia.edu
998,Guinna,Paulusch,gpauluschrp@weather.com
999,Andre,Drinan,adrinanrq@cdc.gov
1000,Tab,Lipprose,tlipproserr@github.io
