id,first_name,last_name,email
1,Thibaut,O'Gready,togready0@nytimes.com
2,Homer,Tremaine,htremaine1@sciencedaily.com
3,Selma,Butner,sbutner2@ed.gov
4,Sloan,Hallbird,shallbird3@blogtalkradio.com
5,Kalil,Tesimon,ktesimon4@tmall.com
6,Pincus,Jellicorse,pjellicorse5@cargocollective.com
7,Elga,Baldoni,ebaldoni6@mysql.com
8,Claudius,Girardez,cgirardez7@amazon.co.uk
9,Guinevere,Slatcher,gslatcher8@illinois.edu
10,Netti,Yitzhok,nyitzhok9@home.pl
11,Hew,Canadine,hcanadinea@google.it
12,Caitrin,McNamara,cmcnamarab@ycombinator.com
13,Arty,Duddy,aduddyc@jugem.jp
14,Tadd,Ferber,tferberd@msu.edu
15,Brooks,Djekic,bdjekice@etsy.com
16,Udall,Blann,ublannf@ezinearticles.com
17,Wayland,Vogt,wvogtg@ask.com
18,Suzanna,Moncrefe,smoncrefeh@yolasite.com
19,Erika,Eriksson,eerikssoni@etsy.com
20,Hugibert,Pendell,hpendellj@geocities.jp
21,Raviv,Rogeon,rrogeonk@buzzfeed.com
22,Waly,Brockest,wbrockestl@linkedin.com
23,Rutherford,Ballach,rballachm@sohu.com
24,Sheilakathryn,Swaton,sswatonn@comcast.net
25,Ambrose,Aaronson,aaaronsono@unesco.org
26,Marlon,O'Cannovane,mocannovanep@google.es
27,Marven,Sammut,msammutq@mozilla.com
28,Patrice,Meldon,pmeldonr@dell.com
29,Audre,Jouhandeau,ajouhandeaus@dailymail.co.uk
30,Janeva,St Pierre,jstpierret@istockphoto.com
31,Andriette,Guyers,aguyersu@cbslocal.com
32,Garrett,Duguid,gduguidv@edublogs.org
33,Neville,Gostling,ngostlingw@pinterest.com
34,Kathleen,Di Nisco,kdiniscox@flavors.me
35,Cybil,Digman,cdigmany@wikipedia.org
36,Royall,Jaime,rjaimez@ebay.co.uk
37,Cobb,Crossthwaite,ccrossthwaite10@netscape.com
38,Libbey,Gynn,lgynn11@google.co.uk
39,Layton,Rickaby,lrickaby12@prlog.org
40,Si,Allone,sallone13@bigcartel.com
41,Adda,Bickerstasse,abickerstasse14@cocolog-nifty.com
42,Min,Macewan,mmacewan15@over-blog.com
43,Antonius,Gapper,agapper16@jimdo.com
44,Tann,MacCallum,tmaccallum17@ucoz.ru
45,Claudia,McAneny,cmcaneny18@earthlink.net
46,Ame,Linfoot,alinfoot19@upenn.edu
47,Kirstyn,Aronstam,karonstam1a@archive.org
48,Edita,Mullett,emullett1b@craigslist.org
49,Maud,Grindall,mgrindall1c@hexun.com
50,Minnnie,Tomaino,mtomaino1d@github.io
51,Willamina,Clabburn,wclabburn1e@businesswire.com
52,Addie,Charette,acharette1f@bloomberg.com
53,Paton,Silvester,psilvester1g@nyu.edu
54,Karlen,McKibben,kmckibben1h@cmu.edu
55,Arlena,Oake,aoake1i@ovh.net
56,Leora,Ellerington,lellerington1j@hhs.gov
57,Ingrim,Lundon,ilundon1k@wordpress.org
58,Devin,Plose,dplose1l@dedecms.com
59,Bradley,Biaggioli,bbiaggioli1m@buzzfeed.com
60,Mei,McCuis,mmccuis1n@mac.com
61,Cassie,Rosenschein,crosenschein1o@t.co
62,Stirling,Spurett,sspurett1p@angelfire.com
63,Gasper,McDunlevy,gmcdunlevy1q@drupal.org
64,Michele,Aucourte,maucourte1r@businessweek.com
65,Orelie,MacGilfoyle,omacgilfoyle1s@tripod.com
66,Polly,Lorincz,plorincz1t@ask.com
67,Aymer,Ducker,aducker1u@gravatar.com
68,Lacee,McBain,lmcbain1v@acquirethisname.com
69,Bordie,Gritskov,bgritskov1w@unicef.org
70,Jethro,Gatesman,jgatesman1x@opera.com
71,Noreen,Durnell,ndurnell1y@dot.gov
72,Ciel,Bisiker,cbisiker1z@chicagotribune.com
73,Yasmeen,Jellman,yjellman20@edublogs.org
74,Allan,Carlone,acarlone21@cdbaby.com
75,Kahlil,Radage,kradage22@zimbio.com
76,Harry,Clissell,hclissell23@histats.com
77,Marcelia,Royle,mroyle24@google.com.br
78,Zaccaria,Rutherford,zrutherford25@samsung.com
79,Cicely,Coda,ccoda26@vinaora.com
80,Trevor,Cornish,tcornish27@theguardian.com
81,Kevan,Lowder,klowder28@pbs.org
82,Jania,Marchington,jmarchington29@army.mil
83,Sherwynd,Leaning,sleaning2a@hugedomains.com
84,Wilfred,McGuinness,wmcguinness2b@amazon.co.jp
85,Quinn,Hawarden,qhawarden2c@elpais.com
86,Gracie,Krause,gkrause2d@wufoo.com
87,Evangelin,Peasee,epeasee2e@discovery.com
88,Kristyn,Harg,kharg2f@examiner.com
89,Rhetta,Drewet,rdrewet2g@ftc.gov
90,Adorne,Patters,apatters2h@instagram.com
91,Marty,Haglinton,mhaglinton2i@pinterest.com
92,Kaitlin,Sneesby,ksneesby2j@abc.net.au
93,Aimee,Gobell,agobell2k@mtv.com
94,Frederik,Passman,fpassman2l@tuttocitta.it
95,Guy,Kubasek,gkubasek2m@yale.edu
96,Bartholomeus,Glancey,bglancey2n@shareasale.com
97,Beverley,Wolfer,bwolfer2o@paginegialle.it
98,Colene,Wreakes,cwreakes2p@list-manage.com
99,Taddeusz,Bru,tbru2q@ucla.edu
100,Tildi,Engley,tengley2r@domainmarket.com
101,Zuzana,Honacker,zhonacker2s@themeforest.net
102,Purcell,Poytres,ppoytres2t@sphinn.com
103,Bonny,Rohloff,brohloff2u@goodreads.com
104,Kamila,Gobat,kgobat2v@hao123.com
105,Peyter,Scates,pscates2w@macromedia.com
106,Reggy,Esselen,resselen2x@ameblo.jp
107,Kleon,Haycraft,khaycraft2y@tuttocitta.it
108,Cynthy,Shildrick,cshildrick2z@aboutads.info
109,Rafe,Whitcombe,rwhitcombe30@google.ru
110,Merrili,Elldred,melldred31@sina.com.cn
111,Melina,Dunks,mdunks32@networksolutions.com
112,Sayers,Spyvye,sspyvye33@biglobe.ne.jp
113,Rodger,Verna,rverna34@chicagotribune.com
114,Lenora,Myott,lmyott35@nps.gov
115,Corrinne,Kenrat,ckenrat36@goo.gl
116,Sarene,Stangoe,sstangoe37@pen.io
117,Merrili,Dunleavy,mdunleavy38@histats.com
118,Luce,Dudderidge,ldudderidge39@prweb.com
119,Jori,Ferreres,jferreres3a@so-net.ne.jp
120,Lucian,Kemitt,lkemitt3b@edublogs.org
121,Charmane,Sharma,csharma3c@github.com
122,Cornie,Canet,ccanet3d@yandex.ru
123,Alyce,Hassent,ahassent3e@newsvine.com
124,Walden,Brandts,wbrandts3f@deviantart.com
125,Drusy,Echallie,dechallie3g@ft.com
126,Roobbie,Phillipson,rphillipson3h@miitbeian.gov.cn
127,Elyn,McFadyen,emcfadyen3i@typepad.com
128,Gun,Copnell,gcopnell3j@addthis.com
129,Edmon,Touhig,etouhig3k@discuz.net
130,Hussein,Brobeck,hbrobeck3l@tripadvisor.com
131,Suki,Georgius,sgeorgius3m@washingtonpost.com
132,Lula,Fleischmann,lfleischmann3n@utexas.edu
133,Duff,Simonelli,dsimonelli3o@paginegialle.it
134,Torey,Cleveland,tcleveland3p@earthlink.net
135,Malorie,Bollins,mbollins3q@businessinsider.com
136,Leona,Liveley,lliveley3r@parallels.com
137,Enrico,Eltone,eeltone3s@columbia.edu
138,Moira,Chesterman,mchesterman3t@sfgate.com
139,Gabby,Abbey,gabbey3u@fastcompany.com
140,Lon,Stroder,lstroder3v@japanpost.jp
141,Flossie,Dupey,fdupey3w@printfriendly.com
142,Elisha,Purver,epurver3x@linkedin.com
143,Gusella,Gulc,ggulc3y@hc360.com
144,Brandie,Alebrooke,balebrooke3z@umich.edu
145,Georas,Colston,gcolston40@shutterfly.com
146,Rhodia,Poppy,rpoppy41@zdnet.com
147,Teri,Rodway,trodway42@com.com
148,Starlin,Deare,sdeare43@hatena.ne.jp
149,Mathias,Piotr,mpiotr44@artisteer.com
150,Scarlett,Barkley,sbarkley45@bbb.org
151,Rhonda,Micheau,rmicheau46@sogou.com
152,Guthrie,Burchnall,gburchnall47@weibo.com
153,Kendal,Spurritt,kspurritt48@indiegogo.com
154,Sheba,Cathel,scathel49@netvibes.com
155,Kelcy,Kilbee,kkilbee4a@photobucket.com
156,Dionis,Augustine,daugustine4b@de.vu
157,Bertram,Heynen,bheynen4c@vistaprint.com
158,Dennis,Verryan,dverryan4d@cam.ac.uk
159,Willy,Langmuir,wlangmuir4e@msn.com
160,Dionis,Nowland,dnowland4f@yellowpages.com
161,Eugine,Bodesson,ebodesson4g@barnesandnoble.com
162,Kin,Ormston,kormston4h@wsj.com
163,Archer,Poznan,apoznan4i@printfriendly.com
164,Trent,Sancias,tsancias4j@theguardian.com
165,Bryant,Bengtsson,bbengtsson4k@jimdo.com
166,Rudolfo,Southcott,rsouthcott4l@foxnews.com
167,Carline,Scandrett,cscandrett4m@go.com
168,Andris,Kimpton,akimpton4n@ted.com
169,Melodie,Jago,mjago4o@opensource.org
170,Aubree,Zellick,azellick4p@furl.net
171,Koressa,Hasnip,khasnip4q@yolasite.com
172,Nicola,Bruyet,nbruyet4r@printfriendly.com
173,Chere,Wilkinson,cwilkinson4s@gravatar.com
174,Olenka,Mulhill,omulhill4t@seattletimes.com
175,Denna,Drewet,ddrewet4u@123-reg.co.uk
176,Augustin,Storek,astorek4v@paypal.com
177,Harriot,Emblem,hemblem4w@t-online.de
178,Elset,Dyter,edyter4x@xing.com
179,Gothart,Barnish,gbarnish4y@dropbox.com
180,Daune,Ockland,dockland4z@vk.com
181,Tracee,Krzyzanowski,tkrzyzanowski50@tuttocitta.it
182,Willem,Ruler,wruler51@fc2.com
183,Robb,Eschelle,reschelle52@japanpost.jp
184,Kain,Hathway,khathway53@jigsy.com
185,Corey,Tett,ctett54@github.io
186,Cybil,Chanter,cchanter55@istockphoto.com
187,Jillian,Sivess,jsivess56@over-blog.com
188,Kellyann,Grigoryov,kgrigoryov57@newyorker.com
189,Mycah,Pacher,mpacher58@paginegialle.it
190,Salome,Catterick,scatterick59@umich.edu
191,Gerhard,Blaes,gblaes5a@vimeo.com
192,Sofia,Chater,schater5b@github.io
193,Gerrard,Helversen,ghelversen5c@tmall.com
194,Angelico,Unwin,aunwin5d@columbia.edu
195,Omero,Daldry,odaldry5e@twitter.com
196,Elijah,Sambidge,esambidge5f@usgs.gov
197,Issiah,Alsford,ialsford5g@google.com.hk
198,Jeri,Ennever,jennever5h@linkedin.com
199,Jae,Prandoni,jprandoni5i@simplemachines.org
200,Lanette,Pleming,lpleming5j@alexa.com
201,Antonia,Castana,acastana5k@nydailynews.com
202,Suzann,Witcherley,switcherley5l@jiathis.com
203,Callida,Mandrake,cmandrake5m@ebay.co.uk
204,Brice,Measor,bmeasor5n@miitbeian.gov.cn
205,Alastair,Critoph,acritoph5o@ihg.com
206,Sophia,Gonzalez,sgonzalez5p@hexun.com
207,Chrystal,Camfield,ccamfield5q@alibaba.com
208,Vite,Suter,vsuter5r@amazon.com
209,Valera,Pizzey,vpizzey5s@hostgator.com
210,Diahann,Barwell,dbarwell5t@taobao.com
211,Tybie,Piell,tpiell5u@addtoany.com
212,Lulita,Remington,lremington5v@redcross.org
213,Agatha,Mylechreest,amylechreest5w@mapy.cz
214,Byron,Craddy,bcraddy5x@forbes.com
215,Lemuel,Culwen,lculwen5y@illinois.edu
216,Stirling,Tunstall,stunstall5z@home.pl
217,Shem,Corrington,scorrington60@berkeley.edu
218,Philipa,Ogus,pogus61@newyorker.com
219,Nanice,Stenhouse,nstenhouse62@google.de
220,Kandy,Wyllie,kwyllie63@epa.gov
221,Roth,Webben,rwebben64@msn.com
222,Stillmann,Tunnick,stunnick65@hhs.gov
223,Borg,Manser,bmanser66@infoseek.co.jp
224,Maggy,Kisar,mkisar67@techcrunch.com
225,Rosanna,Bestiman,rbestiman68@bizjournals.com
226,Basil,Lancaster,blancaster69@deviantart.com
227,Tomas,Sisneros,tsisneros6a@miitbeian.gov.cn
228,Paten,Tague,ptague6b@statcounter.com
229,Estrellita,Laurenty,elaurenty6c@webs.com
230,Rodolphe,Championnet,rchampionnet6d@yellowbook.com
231,Axel,Borel,aborel6e@state.gov
232,Maxy,Scullion,mscullion6f@skyrock.com
233,Jorie,Hearnaman,jhearnaman6g@photobucket.com
234,Baudoin,Le Page,blepage6h@sitemeter.com
235,Corine,Goodayle,cgoodayle6i@hp.com
236,Quintina,Bainbridge,qbainbridge6j@clickbank.net
237,Cale,Suddell,csuddell6k@topsy.com
238,Angelique,Lovel,alovel6l@domainmarket.com
239,Olimpia,Harvett,oharvett6m@technorati.com
240,Rolfe,Rawood,rrawood6n@biglobe.ne.jp
241,Myron,Dicte,mdicte6o@sogou.com
242,Hatti,Read,hread6p@adobe.com
243,Ivory,Climson,iclimson6q@cnbc.com
244,Pattin,Loch,ploch6r@berkeley.edu
245,Rochelle,Heppenspall,rheppenspall6s@163.com
246,Jenine,Abramovitz,jabramovitz6t@cbc.ca
247,Myrwyn,Joontjes,mjoontjes6u@samsung.com
248,Lyell,Lowson,llowson6v@issuu.com
249,Henry,Whitely,hwhitely6w@webnode.com
250,Marlow,McBeath,mmcbeath6x@g.co
251,Worden,Moralas,wmoralas6y@friendfeed.com
252,Geno,Stedmond,gstedmond6z@bloomberg.com
253,See,Fruen,sfruen70@woothemes.com
254,Ivette,Donisthorpe,idonisthorpe71@tmall.com
255,Marti,Heindl,mheindl72@eventbrite.com
256,Marcelle,O'Sherin,mosherin73@businessweek.com
257,Johannes,Roderighi,jroderighi74@privacy.gov.au
258,Odelinda,Scolding,oscolding75@i2i.jp
259,Hermann,Lauthian,hlauthian76@artisteer.com
260,Grantley,Gasker,ggasker77@infoseek.co.jp
261,Katey,Beuscher,kbeuscher78@exblog.jp
262,David,Nucciotti,dnucciotti79@goo.gl
263,Weider,MacElholm,wmacelholm7a@over-blog.com
264,Silvana,Marks,smarks7b@yahoo.com
265,Georgianna,Henriques,ghenriques7c@scientificamerican.com
266,Dionis,Robion,drobion7d@ftc.gov
267,Rogers,Ingree,ringree7e@google.nl
268,Sammie,Gourlay,sgourlay7f@themeforest.net
269,Jaymee,Hick,jhick7g@ted.com
270,Donny,Jope,djope7h@about.me
271,Nefen,Slight,nslight7i@geocities.com
272,Pooh,Lowen,plowen7j@wikipedia.org
273,Maurits,Inston,minston7k@washington.edu
274,Hanson,Ties,hties7l@imageshack.us
275,Rourke,Bleackly,rbleackly7m@techcrunch.com
276,Griffith,Cothey,gcothey7n@fda.gov
277,Culver,Rodrigues,crodrigues7o@gov.uk
278,Joseito,Hockey,jhockey7p@ox.ac.uk
279,Maxine,Wealleans,mwealleans7q@uol.com.br
280,Nalani,Hustings,nhustings7r@google.co.jp
281,Cordi,Henze,chenze7s@google.com.au
282,Chandler,Gartsyde,cgartsyde7t@cargocollective.com
283,Lonny,Woolatt,lwoolatt7u@gnu.org
284,Zachery,Stolze,zstolze7v@google.pl
285,Ab,Sarfati,asarfati7w@vistaprint.com
286,Torry,Varran,tvarran7x@paginegialle.it
287,Randi,Pasque,rpasque7y@stumbleupon.com
288,Koren,Hamnett,khamnett7z@nih.gov
289,Ashlee,Glasner,aglasner80@upenn.edu
290,Raven,McPake,rmcpake81@craigslist.org
291,Mirna,Holttom,mholttom82@shop-pro.jp
292,Weber,Gorini,wgorini83@abc.net.au
293,Agosto,Claire,aclaire84@linkedin.com
294,Trev,Hauxby,thauxby85@blogs.com
295,Brenden,D'Elia,bdelia86@shareasale.com
296,Giulietta,Pitcaithly,gpitcaithly87@cisco.com
297,Barnabas,Hassard,bhassard88@wikimedia.org
298,Celestina,Watsham,cwatsham89@about.me
299,Neda,Willmett,nwillmett8a@time.com
300,Courtney,Aslum,caslum8b@google.pl
301,Lionel,Nolin,lnolin8c@dedecms.com
302,Douglass,Brandreth,dbrandreth8d@goo.ne.jp
303,Christy,McKibbin,cmckibbin8e@topsy.com
304,Neill,Minero,nminero8f@drupal.org
305,Iormina,Seamarke,iseamarke8g@yellowpages.com
306,Vaughn,Yallop,vyallop8h@umich.edu
307,Traci,Hawkins,thawkins8i@meetup.com
308,Mario,Dwyer,mdwyer8j@g.co
309,Tatiana,Colebourne,tcolebourne8k@apache.org
310,Elinor,Goadby,egoadby8l@wiley.com
311,Arlin,Trickett,atrickett8m@bigcartel.com
312,Rusty,Bilborough,rbilborough8n@ustream.tv
313,Lorena,Pibworth,lpibworth8o@whitehouse.gov
314,Billi,Von Brook,bvonbrook8p@merriam-webster.com
315,Janetta,Adey,jadey8q@google.cn
316,Berry,Barkworth,bbarkworth8r@eventbrite.com
317,Shina,Steele,ssteele8s@ask.com
318,Worden,Habeshaw,whabeshaw8t@amazon.de
319,Dotti,Risbrough,drisbrough8u@geocities.com
320,Joann,Shildrick,jshildrick8v@twitter.com
321,Sherry,Pipworth,spipworth8w@phoca.cz
322,Rosy,Paxton,rpaxton8x@google.nl
323,Irvin,Moralee,imoralee8y@ebay.com
324,Patrick,Conningham,pconningham8z@google.ca
325,Harlen,MacKellar,hmackellar90@feedburner.com
326,Cam,Quarles,cquarles91@flickr.com
327,Nial,Eixenberger,neixenberger92@shinystat.com
328,Ase,Seeman,aseeman93@ameblo.jp
329,Kailey,Sheer,ksheer94@github.com
330,Neile,Woonton,nwoonton95@google.fr
331,Prissie,Sigward,psigward96@nature.com
332,Dew,Hasser,dhasser97@icq.com
333,Mady,Reffe,mreffe98@mapy.cz
334,Colver,Carnall,ccarnall99@nps.gov
335,Mikel,Exelby,mexelby9a@skype.com
336,Liuka,Ashplant,lashplant9b@ted.com
337,Silas,Maydwell,smaydwell9c@zdnet.com
338,Toddie,Guisot,tguisot9d@sourceforge.net
339,Clarie,Arkin,carkin9e@abc.net.au
340,Berget,Vlasenko,bvlasenko9f@mac.com
341,Jaimie,Fleg,jfleg9g@va.gov
342,Baryram,Swaine,bswaine9h@hatena.ne.jp
343,Shep,Burfoot,sburfoot9i@vinaora.com
344,Robbi,Pegg,rpegg9j@paginegialle.it
345,Will,Tithacott,wtithacott9k@diigo.com
346,Ellerey,Lowensohn,elowensohn9l@utexas.edu
347,Cecil,Gayter,cgayter9m@pbs.org
348,Amelina,Bedham,abedham9n@paginegialle.it
349,Vinson,Riddock,vriddock9o@edublogs.org
350,Enrico,Alsina,ealsina9p@sina.com.cn
351,Rubi,Ayliff,rayliff9q@ycombinator.com
352,Humfrid,Tideswell,htideswell9r@scientificamerican.com
353,North,Ewenson,newenson9s@oaic.gov.au
354,Julian,Chazelas,jchazelas9t@hc360.com
355,Kynthia,Mandeville,kmandeville9u@epa.gov
356,Carmela,Peach,cpeach9v@soup.io
357,Annamaria,Borres,aborres9w@skype.com
358,Jeanna,Darbishire,jdarbishire9x@slashdot.org
359,Shea,Minett,sminett9y@theglobeandmail.com
360,Therese,Adame,tadame9z@netlog.com
361,Emma,Tison,etisona0@pcworld.com
362,Yorke,Maasze,ymaaszea1@squidoo.com
363,Newton,Bramo,nbramoa2@timesonline.co.uk
364,Izzy,Cunney,icunneya3@ustream.tv
365,Jonah,O'Shiels,joshielsa4@technorati.com
366,Pansy,Gerrard,pgerrarda5@sourceforge.net
367,Matias,Southern,msoutherna6@patch.com
368,Adriena,Fanshawe,afanshawea7@cloudflare.com
369,Gillie,Maginot,gmaginota8@exblog.jp
370,Peirce,Struys,pstruysa9@netscape.com
371,Dunstan,Tootal,dtootalaa@ucla.edu
372,Cleon,Brian,cbrianab@tamu.edu
373,Guglielmo,Libreros,glibrerosac@ted.com
374,Jessie,O'Hartigan,johartiganad@senate.gov
375,Merrilee,Risman,mrismanae@pagesperso-orange.fr
376,Oren,McTeague,omcteagueaf@hubpages.com
377,Gibby,Longega,glongegaag@trellian.com
378,Jodie,Ridett,jridettah@prnewswire.com
379,Lexy,O'Scanlon,loscanlonai@sun.com
380,Steffi,Crighten,scrightenaj@dion.ne.jp
381,Barnie,Halbard,bhalbardak@wsj.com
382,Cornela,Eacle,ceacleal@t-online.de
383,Torrin,Novello,tnovelloam@usda.gov
384,Merv,Wardrop,mwardropan@archive.org
385,Adolf,Ronnay,aronnayao@elpais.com
386,Dee,Glavis,dglavisap@stanford.edu
387,Vail,Longrigg,vlongriggaq@icq.com
388,Fay,Redihough,fredihoughar@unesco.org
389,Aldous,Cummings,acummingsas@accuweather.com
390,Francklin,Olivet,folivetat@redcross.org
391,Isador,Clitheroe,iclitheroeau@technorati.com
392,Aldwin,Niave,aniaveav@imdb.com
393,Jeannine,Middas,jmiddasaw@meetup.com
394,Danie,Dwerryhouse,ddwerryhouseax@epa.gov
395,Marsha,Filon,mfilonay@sourceforge.net
396,Chryste,Bragge,cbraggeaz@goo.ne.jp
397,Benny,Sibbert,bsibbertb0@wikimedia.org
398,Mirabelle,Alabastar,malabastarb1@berkeley.edu
399,Rubi,Abraham,rabrahamb2@taobao.com
400,Mollee,Redmire,mredmireb3@thetimes.co.uk
401,Fidelity,Fake,ffakeb4@dell.com
402,Ruprecht,Cornes,rcornesb5@time.com
403,Whittaker,Romanin,wromaninb6@princeton.edu
404,Andee,Feld,afeldb7@xrea.com
405,Bobbee,Simmons,bsimmonsb8@disqus.com
406,Kandace,Attride,kattrideb9@usgs.gov
407,Tucky,Soares,tsoaresba@google.com
408,Aldo,Farrin,afarrinbb@bizjournals.com
409,Maris,Dennick,mdennickbc@wsj.com
410,Elwyn,Andryushchenko,eandryushchenkobd@51.la
411,Carri,Haskew,chaskewbe@ezinearticles.com
412,Kelly,Erskine,kerskinebf@photobucket.com
413,Alexis,Spurier,aspurierbg@springer.com
414,Nona,Reiling,nreilingbh@ihg.com
415,Gaby,Reihill,greihillbi@amazon.com
416,Vladimir,Tiddeman,vtiddemanbj@usatoday.com
417,Hale,Enderlein,henderleinbk@storify.com
418,Laverna,Linthead,llintheadbl@google.de
419,Jilleen,Heatley,jheatleybm@google.de
420,Lucie,Arr,larrbn@ning.com
421,Joyous,Greensall,jgreensallbo@mit.edu
422,Randee,Collum,rcollumbp@google.nl
423,Zita,Gorriessen,zgorriessenbq@npr.org
424,Hildagarde,Cabrara,hcabrarabr@senate.gov
425,Oates,Lickorish,olickorishbs@zdnet.com
426,Sofie,Aiton,saitonbt@noaa.gov
427,Morey,Thorns,mthornsbu@cbc.ca
428,Hobard,Jurca,hjurcabv@amazon.de
429,Clarette,Wilks,cwilksbw@qq.com
430,Pierce,Ferries,pferriesbx@slideshare.net
431,Kakalina,Blankett,kblankettby@ebay.co.uk
432,Germain,Ray,graybz@canalblog.com
433,Emlyn,Gwyneth,egwynethc0@myspace.com
434,Collen,Sivior,csiviorc1@4shared.com
435,Hugues,Penn,hpennc2@pagesperso-orange.fr
436,Abbye,Rew,arewc3@sfgate.com
437,Cole,Rentenbeck,crentenbeckc4@samsung.com
438,Monroe,Rooms,mroomsc5@mashable.com
439,Adorne,Sjostrom,asjostromc6@bloomberg.com
440,Cayla,Radbourne,cradbournec7@123-reg.co.uk
441,Gunner,Standbrook,gstandbrookc8@ihg.com
442,Erena,Hukin,ehukinc9@nifty.com
443,Rutledge,Breheny,rbrehenyca@acquirethisname.com
444,Keelby,Reside,kresidecb@senate.gov
445,Deane,Maskelyne,dmaskelynecc@psu.edu
446,Filberto,Dulen,fdulencd@ning.com
447,Zane,Cosgrove,zcosgrovece@china.com.cn
448,Cyndie,Richardson,crichardsoncf@twitpic.com
449,Omero,Carbett,ocarbettcg@cdbaby.com
450,Rozalin,Glennard,rglennardch@aol.com
451,Melly,Wadworth,mwadworthci@comsenz.com
452,Ofella,Raff,oraffcj@gmpg.org
453,Vanni,Kearsley,vkearsleyck@nifty.com
454,Alberto,Clousley,aclousleycl@discovery.com
455,Heidie,Manna,hmannacm@utexas.edu
456,Renie,Corrigan,rcorrigancn@gizmodo.com
457,Shaw,Dimmer,sdimmerco@slideshare.net
458,Charleen,Kilroy,ckilroycp@ocn.ne.jp
459,Valle,Dawid,vdawidcq@netlog.com
460,Rodney,Feldmus,rfeldmuscr@squarespace.com
461,Mack,Merryfield,mmerryfieldcs@is.gd
462,Gerik,Thomel,gthomelct@loc.gov
463,Verla,Stuchberry,vstuchberrycu@ca.gov
464,Ransom,Dissman,rdissmancv@ucoz.ru
465,Leese,Blaxter,lblaxtercw@instagram.com
466,Edsel,Andrelli,eandrellicx@prweb.com
467,Hanny,Heathwood,hheathwoodcy@google.com.br
468,Robbert,Klainman,rklainmancz@1688.com
469,Dionis,Kelby,dkelbyd0@ox.ac.uk
470,Bran,Blakeney,bblakeneyd1@businessweek.com
471,Linn,Champness,lchampnessd2@oracle.com
472,Teodoro,De Normanville,tdenormanvilled3@scribd.com
473,Lou,Raimbauld,lraimbauldd4@dmoz.org
474,Udall,Riggeard,uriggeardd5@tinypic.com
475,Rees,Wyche,rwyched6@nasa.gov
476,Kellen,Dransfield,kdransfieldd7@paypal.com
477,Abba,Gonning,agonningd8@harvard.edu
478,Geoffry,Burras,gburrasd9@adobe.com
479,Karlee,Blackston,kblackstonda@xing.com
480,Viv,Hearnshaw,vhearnshawdb@barnesandnoble.com
481,Karylin,Facey,kfaceydc@bigcartel.com
482,Charlie,Gingold,cgingolddd@pen.io
483,Parsifal,Simms,psimmsde@mapy.cz
484,Codi,Greenway,cgreenwaydf@unc.edu
485,Britney,Vacher,bvacherdg@prweb.com
486,Kristel,Sutheran,ksutherandh@vimeo.com
487,Pat,Pywell,ppywelldi@amazon.co.uk
488,Even,Acton,eactondj@mashable.com
489,Mandy,Sharper,msharperdk@vkontakte.ru
490,Flor,Mouser,fmouserdl@cmu.edu
491,Tuck,Melhuish,tmelhuishdm@edublogs.org
492,Heddi,Capinetti,hcapinettidn@skype.com
493,Miguel,Winpenny,mwinpennydo@netvibes.com
494,Nil,Faint,nfaintdp@cnet.com
495,Tyson,Donavan,tdonavandq@51.la
496,Roselin,Russ,rrussdr@globo.com
497,Gayel,Gullifant,ggullifantds@ucoz.com
498,Gloriana,Johnes,gjohnesdt@elpais.com
499,Derrick,Sessuns,dsessunsdu@list-manage.com
500,Danica,Tofts,dtoftsdv@whitehouse.gov
501,Bernadine,Hugnet,bhugnetdw@tamu.edu
502,Johna,Clementucci,jclementuccidx@ft.com
503,Gus,Dominico,gdominicody@nationalgeographic.com
504,Maegan,Palffy,mpalffydz@cnet.com
505,Andreas,Epilet,aepilete0@com.com
506,Rosabel,Rousel,rrousele1@weather.com
507,Bonnibelle,Chittock,bchittocke2@newsvine.com
508,Dniren,Capnor,dcapnore3@csmonitor.com
509,Rosaline,Eacle,reaclee4@samsung.com
510,North,Lowry,nlowrye5@wikimedia.org
511,Heinrick,Stirland,hstirlande6@123-reg.co.uk
512,Eva,Thorn,ethorne7@vkontakte.ru
513,Conrado,Gabbot,cgabbote8@gravatar.com
514,Caren,Flowerden,cflowerdene9@bing.com
515,Marika,Charlin,mcharlinea@google.pl
516,Minda,Rookledge,mrookledgeeb@washington.edu
517,Buckie,Feuell,bfeuellec@w3.org
518,Kevyn,Petters,kpettersed@scribd.com
519,Philly,Webben,pwebbenee@nasa.gov
520,Idalina,Cheeld,icheeldef@pcworld.com
521,Granthem,McAulay,gmcaulayeg@cyberchimps.com
522,Allsun,Shuttle,ashuttleeh@umich.edu
523,Molly,Calafato,mcalafatoei@psu.edu
524,Kirby,Petrov,kpetrovej@statcounter.com
525,Chloette,Pratte,cpratteek@webmd.com
526,Kendre,Doleman,kdolemanel@nydailynews.com
527,Kristien,Rudsdale,krudsdaleem@microsoft.com
528,Erskine,Naisbitt,enaisbitten@narod.ru
529,Angie,Lilford,alilfordeo@stumbleupon.com
530,Tyrus,Arnfield,tarnfieldep@ocn.ne.jp
531,Rockie,Shannon,rshannoneq@kickstarter.com
532,Gerianne,Dulake,gdulakeer@imdb.com
533,Abby,Bewlie,abewliees@sohu.com
534,Arturo,Shee,asheeet@auda.org.au
535,Marylin,Houchin,mhouchineu@unicef.org
536,Max,D'Souza,mdsouzaev@boston.com
537,Chrisy,Shemmans,cshemmansew@ihg.com
538,Mac,Godleman,mgodlemanex@blogger.com
539,Roddie,Avard,ravardey@cornell.edu
540,Zaccaria,Sainsberry,zsainsberryez@gov.uk
541,Donovan,McDyer,dmcdyerf0@theatlantic.com
542,Dunn,Lambis,dlambisf1@imageshack.us
543,Berny,Pauluzzi,bpauluzzif2@networksolutions.com
544,Jenn,Chartres,jchartresf3@tinypic.com
545,Weston,Chitham,wchithamf4@google.it
546,Binny,Lampaert,blampaertf5@va.gov
547,Silvia,Yerill,syerillf6@sogou.com
548,Denice,Lacey,dlaceyf7@arstechnica.com
549,Idalia,Lockey,ilockeyf8@zdnet.com
550,Clarissa,Paylor,cpaylorf9@sciencedaily.com
551,Sophronia,Hannent,shannentfa@usatoday.com
552,Yorker,Bunning,ybunningfb@census.gov
553,Grantley,Boshell,gboshellfc@si.edu
554,Constantia,Blankett,cblankettfd@state.gov
555,Cheryl,Dear,cdearfe@tripadvisor.com
556,Lanie,Gillet,lgilletff@nifty.com
557,Sydney,Ausiello,sausiellofg@arizona.edu
558,Hunt,Boyda,hboydafh@macromedia.com
559,Mattie,Pawling,mpawlingfi@bravesites.com
560,Guillaume,Danaher,gdanaherfj@hexun.com
561,Ceciley,Ropking,cropkingfk@meetup.com
562,Ollie,Thuillier,othuillierfl@umich.edu
563,Ermina,Kalinke,ekalinkefm@bizjournals.com
564,Ronica,Billin,rbillinfn@ibm.com
565,Brita,Cancellieri,bcancellierifo@wordpress.org
566,Dale,D'Antonio,ddantoniofp@stumbleupon.com
567,Shepperd,Doniso,sdonisofq@wordpress.org
568,Babs,Zanneli,bzannelifr@wsj.com
569,Fernanda,Brierly,fbrierlyfs@cdc.gov
570,Denise,Ching,dchingft@wunderground.com
571,Rutledge,Rive,rrivefu@etsy.com
572,Lavinie,Hanstock,lhanstockfv@google.es
573,Judd,O'Kennavain,jokennavainfw@about.com
574,Sharity,Le Ball,sleballfx@typepad.com
575,Jamey,Phethean,jphetheanfy@sfgate.com
576,Mellisa,Cotes,mcotesfz@time.com
577,Orel,O'Scanlon,ooscanlong0@rakuten.co.jp
578,Susie,Episcopi,sepiscopig1@xing.com
579,Enrichetta,Carous,ecarousg2@multiply.com
580,Linzy,Lazer,llazerg3@altervista.org
581,Elysia,Sansum,esansumg4@ehow.com
582,Janot,Sandford,jsandfordg5@theguardian.com
583,Delano,Ferrillo,dferrillog6@youtu.be
584,Shellysheldon,Oby,sobyg7@nydailynews.com
585,Corrine,Abramovic,cabramovicg8@prnewswire.com
586,Katherina,Sisley,ksisleyg9@ustream.tv
587,Aurel,Pargent,apargentga@irs.gov
588,Carole,Carletti,ccarlettigb@jigsy.com
589,Oliver,Edie,oediegc@mapquest.com
590,Ber,Maudling,bmaudlinggd@earthlink.net
591,Dorena,Veque,dvequege@rambler.ru
592,Britta,Rodgers,brodgersgf@yale.edu
593,Charlie,Stone,cstonegg@facebook.com
594,Randolph,Waterstone,rwaterstonegh@mit.edu
595,Maible,Juliff,mjuliffgi@amazon.co.jp
596,Anatole,Plummer,aplummergj@gnu.org
597,Chastity,de Juares,cdejuaresgk@yandex.ru
598,Malory,Oakes,moakesgl@bigcartel.com
599,Margaux,Glendinning,mglendinninggm@e-recht24.de
600,Denys,Georgeon,dgeorgeongn@hc360.com
601,Nonnah,Whyatt,nwhyattgo@addtoany.com
602,Kiah,Syme,ksymegp@bravesites.com
603,Ag,Penrose,apenrosegq@pbs.org
604,Reg,Denley,rdenleygr@diigo.com
605,Murvyn,Da Costa,mdacostags@webmd.com
606,Marylinda,Lynde,mlyndegt@taobao.com
607,Bliss,Blitzer,bblitzergu@phoca.cz
608,Grete,Holton,gholtongv@cbsnews.com
609,Cordie,Walter,cwaltergw@blogger.com
610,Arnoldo,Roote,arootegx@networksolutions.com
611,Neel,Loftie,nloftiegy@indiegogo.com
612,Latia,Hackelton,lhackeltongz@yahoo.co.jp
613,Miquela,Chrismas,mchrismash0@chicagotribune.com
614,Arin,Maylard,amaylardh1@wunderground.com
615,Josephine,Sailor,jsailorh2@nasa.gov
616,Petronille,Spencelayh,pspencelayhh3@indiegogo.com
617,Reinaldos,Arnau,rarnauh4@state.tx.us
618,Beatrice,Iacobucci,biacobuccih5@goo.gl
619,Ebeneser,Sprott,esprotth6@fotki.com
620,Maria,Boughtwood,mboughtwoodh7@umn.edu
621,Sauveur,Mantle,smantleh8@yale.edu
622,Philipa,Toland,ptolandh9@forbes.com
623,Esta,Travers,etraversha@foxnews.com
624,Odetta,Kearsley,okearsleyhb@newyorker.com
625,Yance,MacTurlough,ymacturloughhc@wp.com
626,Margot,Dunbavin,mdunbavinhd@jalbum.net
627,Otha,Fursse,ofurssehe@prnewswire.com
628,Mable,Buffey,mbuffeyhf@prlog.org
629,Lenna,Duggon,lduggonhg@cisco.com
630,Kenton,Sedcole,ksedcolehh@bloomberg.com
631,Odie,McGeachey,omcgeacheyhi@nps.gov
632,Xaviera,Shore,xshorehj@ocn.ne.jp
633,Angelo,Escoffier,aescoffierhk@jimdo.com
634,Erny,Twaits,etwaitshl@nps.gov
635,Atlanta,Ravilious,aravilioushm@fotki.com
636,Bradley,Harradine,bharradinehn@ow.ly
637,Dame,Bilborough,dbilboroughho@yandex.ru
638,Angelique,Piffe,apiffehp@xing.com
639,Harwell,Siggins,hsigginshq@timesonline.co.uk
640,Klemens,MacSorley,kmacsorleyhr@squidoo.com
641,Odo,Penvarden,openvardenhs@google.com
642,Thibaud,Bonnyson,tbonnysonht@disqus.com
643,Onfre,Moar,omoarhu@ibm.com
644,Koral,O'Lehane,kolehanehv@canalblog.com
645,Jarrett,Joule,jjoulehw@dropbox.com
646,Linette,Folder,lfolderhx@irs.gov
647,Hendrick,Edgerly,hedgerlyhy@dyndns.org
648,Bethany,Bye,bbyehz@blog.com
649,Jone,Coathup,jcoathupi0@naver.com
650,Harmony,Mathet,hmatheti1@php.net
651,Gates,Southwell,gsouthwelli2@merriam-webster.com
652,Brigitta,Leftridge,bleftridgei3@webs.com
653,Erv,Forster,eforsteri4@wikimedia.org
654,Ephrayim,Mattevi,emattevii5@vinaora.com
655,Margette,Horning,mhorningi6@taobao.com
656,Theodore,Dullingham,tdullinghami7@tripadvisor.com
657,Arabella,Syres,asyresi8@baidu.com
658,Ruthanne,Lambirth,rlambirthi9@hubpages.com
659,Jami,Naden,jnadenia@4shared.com
660,Rosette,Dummigan,rdummiganib@ihg.com
661,Fowler,Bristow,fbristowic@instagram.com
662,Hilary,Steptow,hsteptowid@newsvine.com
663,Nola,Schuck,nschuckie@studiopress.com
664,Aubrie,Trout,atroutif@accuweather.com
665,Allegra,Matschek,amatschekig@addtoany.com
666,Phebe,Collecott,pcollecottih@4shared.com
667,Shae,Gash,sgashii@army.mil
668,Demetri,Troake,dtroakeij@g.co
669,Hannie,Dincey,hdinceyik@live.com
670,Carl,Wank,cwankil@drupal.org
671,Georgena,Sirette,gsiretteim@paypal.com
672,Violante,Spearing,vspearingin@istockphoto.com
673,Dorotea,Gorvin,dgorvinio@harvard.edu
674,Seymour,Scrange,sscrangeip@house.gov
675,Fanechka,Nickels,fnickelsiq@blogtalkradio.com
676,Bethany,Yurkiewicz,byurkiewiczir@opensource.org
677,Gill,Gillett,ggillettis@walmart.com
678,Seward,Cutmere,scutmereit@comcast.net
679,Lark,Collinson,lcollinsoniu@wix.com
680,Michaelina,Dron,mdroniv@ebay.com
681,Kirbee,Dollen,kdolleniw@twitter.com
682,Kesley,Tomini,ktominiix@patch.com
683,Dov,Valeri,dvaleriiy@state.tx.us
684,Olwen,Wickwar,owickwariz@cornell.edu
685,Bartlet,Fomichyov,bfomichyovj0@dell.com
686,Lilia,Kliement,lkliementj1@washingtonpost.com
687,Kory,Wink,kwinkj2@tmall.com
688,Marwin,Lemasney,mlemasneyj3@mlb.com
689,Abigale,Bastie,abastiej4@wsj.com
690,Sherwynd,Beak,sbeakj5@angelfire.com
691,Fran,Dyshart,fdyshartj6@cocolog-nifty.com
692,Katharyn,Biffin,kbiffinj7@newsvine.com
693,Daphene,Trask,dtraskj8@disqus.com
694,Abbey,Beardall,abeardallj9@hao123.com
695,Gonzalo,Stolte,gstolteja@reference.com
696,Myca,O'Donovan,modonovanjb@moonfruit.com
697,Ursala,Stafford,ustaffordjc@typepad.com
698,Morey,Endicott,mendicottjd@blogger.com
699,Catharine,Baile,cbaileje@dell.com
700,Kacey,Corrett,kcorrettjf@china.com.cn
701,Garreth,Laurencot,glaurencotjg@google.ca
702,Larine,Knok,lknokjh@google.ru
703,Brien,Racher,bracherji@indiegogo.com
704,Orson,Elster,oelsterjj@usda.gov
705,Stanford,Vautre,svautrejk@1und1.de
706,Scarlett,Goodlip,sgoodlipjl@usatoday.com
707,Loretta,Gunn,lgunnjm@yahoo.co.jp
708,Barnie,Sabbin,bsabbinjn@bravesites.com
709,Claire,Slott,cslottjo@cnn.com
710,Miller,Triggol,mtriggoljp@blinklist.com
711,Maire,Draxford,mdraxfordjq@ustream.tv
712,Megan,Veysey,mveyseyjr@ebay.com
713,Giffie,Zorer,gzorerjs@hp.com
714,Dell,Rozea,drozeajt@webnode.com
715,Hewe,Rubinovici,hrubinoviciju@bloglines.com
716,Lia,Goodie,lgoodiejv@census.gov
717,Thia,Neumann,tneumannjw@technorati.com
718,Agatha,Haycock,ahaycockjx@bloglovin.com
719,Beatrice,Harrhy,bharrhyjy@time.com
720,Linda,Densie,ldensiejz@desdev.cn
721,Harrietta,Crowdson,hcrowdsonk0@comsenz.com
722,Steffie,Pikett,spikettk1@furl.net
723,Francisco,Creaven,fcreavenk2@amazonaws.com
724,Dolorita,Halms,dhalmsk3@paypal.com
725,Gianina,Kenealy,gkenealyk4@sina.com.cn
726,Efren,Gartell,egartellk5@printfriendly.com
727,Worden,Reubel,wreubelk6@ucoz.com
728,George,Apthorpe,gapthorpek7@nasa.gov
729,Elene,Spendley,espendleyk8@wix.com
730,Shirl,Dineen,sdineenk9@statcounter.com
731,Thorin,Cordelle,tcordelleka@phpbb.com
732,Benn,Santore,bsantorekb@ning.com
733,Beulah,Kleinert,bkleinertkc@utexas.edu
734,Hamil,McCullen,hmccullenkd@dropbox.com
735,Valentina,Blaske,vblaskeke@diigo.com
736,Sianna,Kalinsky,skalinskykf@sourceforge.net
737,Carey,Burge,cburgekg@google.com.hk
738,Marice,Hubatsch,mhubatschkh@liveinternet.ru
739,Boony,Lawtey,blawteyki@fda.gov
740,Dorette,Dennehy,ddennehykj@ucla.edu
741,Tasha,Vanyakin,tvanyakinkk@va.gov
742,Gratia,Allward,gallwardkl@people.com.cn
743,Perrine,Montilla,pmontillakm@blogspot.com
744,Rhoda,Willans,rwillanskn@usa.gov
745,Adelina,Lidgerton,alidgertonko@dailymail.co.uk
746,Port,Harbottle,pharbottlekp@zdnet.com
747,Parnell,Utting,puttingkq@google.com.br
748,Ron,Siviour,rsiviourkr@discuz.net
749,Gay,Sleney,gsleneyks@netlog.com
750,Marci,Abell,mabellkt@springer.com
751,Ruthanne,Kensley,rkensleyku@rambler.ru
752,Vanni,Lomasny,vlomasnykv@woothemes.com
753,Christal,Benesevich,cbenesevichkw@fda.gov
754,Rachele,Duckels,rduckelskx@tripadvisor.com
755,Lonnie,Mendenhall,lmendenhallky@example.com
756,Hoyt,Quogan,hquogankz@guardian.co.uk
757,Berry,Purdey,bpurdeyl0@shutterfly.com
758,Carmita,Rumbellow,crumbellowl1@topsy.com
759,Desi,Wybrow,dwybrowl2@mashable.com
760,Imojean,Caskie,icaskiel3@bluehost.com
761,Moishe,Corter,mcorterl4@wufoo.com
762,Duky,Kingerby,dkingerbyl5@facebook.com
763,Rock,Babst,rbabstl6@howstuffworks.com
764,Bone,Howieson,bhowiesonl7@europa.eu
765,Dare,Elvins,delvinsl8@state.gov
766,Boycey,Antusch,bantuschl9@is.gd
767,Laryssa,Burke,lburkela@whitehouse.gov
768,Tab,Hanfrey,thanfreylb@theatlantic.com
769,Kyla,Helbeck,khelbecklc@cargocollective.com
770,Alyda,Catt,acattld@symantec.com
771,Maribeth,Diggar,mdiggarle@unicef.org
772,Vasily,Drance,vdrancelf@oakley.com
773,Dode,Hanrott,dhanrottlg@sciencedaily.com
774,Luciana,Capey,lcapeylh@homestead.com
775,Elle,Ishaki,eishakili@nyu.edu
776,Natalina,Shotboult,nshotboultlj@time.com
777,Sinclare,Vankin,svankinlk@google.ru
778,Aube,Baldacchi,abaldacchill@free.fr
779,Lauren,Vatcher,lvatcherlm@sun.com
780,Jeremy,Solley,jsolleyln@cmu.edu
781,Kirstyn,Lyptratt,klyptrattlo@t-online.de
782,Collette,Cudihy,ccudihylp@home.pl
783,Maressa,Toop,mtooplq@opera.com
784,Cyrille,Rearden,creardenlr@blogs.com
785,Susann,Sibson,ssibsonls@unicef.org
786,Lamont,Constable,lconstablelt@1und1.de
787,Kennan,Braksper,kbraksperlu@hostgator.com
788,Brose,Pulman,bpulmanlv@imdb.com
789,Janie,Huygens,jhuygenslw@un.org
790,Katina,Stegel,kstegellx@nyu.edu
791,Bartie,McGann,bmcgannly@issuu.com
792,Queenie,Scardefield,qscardefieldlz@unc.edu
793,Brant,Danielsky,bdanielskym0@xing.com
794,Reeta,Kindall,rkindallm1@slashdot.org
795,Orazio,Van Brug,ovanbrugm2@tuttocitta.it
796,Nataline,Falk,nfalkm3@nydailynews.com
797,Casey,Etheridge,cetheridgem4@discuz.net
798,Wayland,Cottingham,wcottinghamm5@hao123.com
799,Finn,Fuzzard,ffuzzardm6@e-recht24.de
800,Donalt,Begent,dbegentm7@vk.com
801,Lindsay,Melburg,lmelburgm8@topsy.com
802,Marinna,Wassung,mwassungm9@amazon.co.uk
803,Creigh,Bowery,cboweryma@cocolog-nifty.com
804,Reider,Woodage,rwoodagemb@zdnet.com
805,Sammy,Crennan,scrennanmc@who.int
806,Cornelle,Crickett,ccrickettmd@miibeian.gov.cn
807,Jessalin,MacCrosson,jmaccrossonme@ebay.com
808,Sandro,Suff,ssuffmf@reference.com
809,Caron,Pople,cpoplemg@mlb.com
810,Elane,Watterson,ewattersonmh@cisco.com
811,Natalya,Tousey,ntouseymi@surveymonkey.com
812,Harbert,Mc Ilory,hmcilorymj@prnewswire.com
813,Sheilah,Secretan,ssecretanmk@shinystat.com
814,Denni,Questier,dquestierml@telegraph.co.uk
815,Berkly,Quigley,bquigleymm@lycos.com
816,Edyth,Matantsev,ematantsevmn@networkadvertising.org
817,Binni,Bastide,bbastidemo@surveymonkey.com
818,Franciska,Meharg,fmehargmp@e-recht24.de
819,Terra,Yeulet,tyeuletmq@home.pl
820,Catlaina,Goodbarr,cgoodbarrmr@weather.com
821,Mal,Reardon,mreardonms@dropbox.com
822,Denys,Littlemore,dlittlemoremt@goodreads.com
823,Verney,Randals,vrandalsmu@ustream.tv
824,Rand,Scone,rsconemv@networksolutions.com
825,Merry,Matfin,mmatfinmw@wikia.com
826,Burt,Dumsday,bdumsdaymx@friendfeed.com
827,Stefania,Pocklington,spocklingtonmy@fastcompany.com
828,Domingo,Prahm,dprahmmz@omniture.com
829,Franciska,Polo,fpolon0@admin.ch
830,Brien,MacKeague,bmackeaguen1@about.me
831,Derek,Suston,dsustonn2@kickstarter.com
832,Ynes,Eames,yeamesn3@guardian.co.uk
833,Pauly,Santos,psantosn4@princeton.edu
834,Martie,O'Bruen,mobruenn5@reference.com
835,Meghan,Macauley,mmacauleyn6@multiply.com
836,Emelen,Exton,eextonn7@weibo.com
837,Jaimie,Bennett,jbennettn8@furl.net
838,Ruttger,Izakovitz,rizakovitzn9@seattletimes.com
839,Baxter,Rosentholer,brosentholerna@baidu.com
840,Collette,Leat,cleatnb@de.vu
841,Salaidh,Bilbey,sbilbeync@simplemachines.org
842,Andi,Joist,ajoistnd@aol.com
843,Ebonee,Mintrim,emintrimne@theguardian.com
844,Osmond,Paler,opalernf@rakuten.co.jp
845,Rosamund,Sambedge,rsambedgeng@topsy.com
846,Corri,Jills,cjillsnh@japanpost.jp
847,Goraud,Di Baudi,gdibaudini@bandcamp.com
848,Sibbie,Kunc,skuncnj@multiply.com
849,Ripley,Djekic,rdjekicnk@amazon.com
850,Maggie,Duding,mdudingnl@typepad.com
851,Dawna,O'Loughane,doloughanenm@home.pl
852,Andromache,Gerg,agergnn@hostgator.com
853,Latashia,Trobridge,ltrobridgeno@amazonaws.com
854,Edlin,Brewers,ebrewersnp@lycos.com
855,Melisa,Dubique,mdubiquenq@sphinn.com
856,Rudyard,Covell,rcovellnr@digg.com
857,Merrie,Crownshaw,mcrownshawns@google.com
858,Austina,Doveston,adovestonnt@list-manage.com
859,Florette,Hanmore,fhanmorenu@bloglines.com
860,Laural,O'Doogan,lodoogannv@cbslocal.com
861,Almeria,Le Claire,aleclairenw@networksolutions.com
862,Bronson,Durrad,bdurradnx@pen.io
863,Nonna,Emm,nemmny@liveinternet.ru
864,Zorana,Pigram,zpigramnz@xing.com
865,Dugald,Lapish,dlapisho0@netvibes.com
866,Myrah,Chase,mchaseo1@usda.gov
867,Ross,Bes,rbeso2@networksolutions.com
868,Laina,Udy,ludyo3@upenn.edu
869,Vallie,Gillard,vgillardo4@java.com
870,Marve,McAne,mmcaneo5@jigsy.com
871,Krissy,Issatt,kissatto6@oakley.com
872,Dinah,Tacker,dtackero7@census.gov
873,Morgun,Sibary,msibaryo8@accuweather.com
874,Zandra,Justice,zjusticeo9@simplemachines.org
875,Wylma,Ludy,wludyoa@businessweek.com
876,Ware,Uridge,wuridgeob@spotify.com
877,Garth,Kuhnert,gkuhnertoc@alexa.com
878,Ynes,Lockhead,ylockheadod@tamu.edu
879,Sarene,Crown,scrownoe@loc.gov
880,Patin,Dockrey,pdockreyof@yolasite.com
881,Avictor,Durran,adurranog@nydailynews.com
882,Melisse,O'Hanlon,mohanlonoh@w3.org
883,Phillis,Dombrell,pdombrelloi@joomla.org
884,Devonna,Sheward,dshewardoj@businesswire.com
885,Elisha,Summerlad,esummerladok@wikispaces.com
886,Blanche,Whitsun,bwhitsunol@house.gov
887,Georgeta,Musgrave,gmusgraveom@blogger.com
888,Amity,Adshede,aadshedeon@posterous.com
889,Giraldo,Muggeridge,gmuggeridgeoo@elpais.com
890,Fitzgerald,McKerley,fmckerleyop@ftc.gov
891,Aguie,Goor,agooroq@amazon.com
892,Debi,Cowderoy,dcowderoyor@tiny.cc
893,Marillin,Telfer,mtelferos@facebook.com
894,Silvie,Ellen,sellenot@unicef.org
895,Kerr,Pennazzi,kpennazziou@ucoz.ru
896,Filbert,O'Hanley,fohanleyov@dot.gov
897,Bone,Clemmen,bclemmenow@exblog.jp
898,Ricoriki,Parkes,rparkesox@whitehouse.gov
899,Glen,Gunn,ggunnoy@indiegogo.com
900,Daryle,MacNelly,dmacnellyoz@mac.com
901,Darci,Bortol,dbortolp0@china.com.cn
902,Nicola,Spellar,nspellarp1@cisco.com
903,Koenraad,Neaves,kneavesp2@nps.gov
904,Carlota,McKeney,cmckeneyp3@fc2.com
905,Janela,Domb,jdombp4@paypal.com
906,Trish,Pyatt,tpyattp5@bluehost.com
907,Jamil,Behnke,jbehnkep6@illinois.edu
908,Ilise,Albone,ialbonep7@economist.com
909,Dorelle,Strangman,dstrangmanp8@accuweather.com
910,Nicol,Matityahu,nmatityahup9@google.com.au
911,Ichabod,Gorini,igorinipa@mit.edu
912,Donavon,Andre,dandrepb@phpbb.com
913,Earvin,Snazel,esnazelpc@ehow.com
914,Elaine,Tilzey,etilzeypd@yolasite.com
915,Paten,Tembridge,ptembridgepe@hostgator.com
916,Trude,Blose,tblosepf@lulu.com
917,Celestine,Henriksson,chenrikssonpg@rambler.ru
918,Katleen,Grishanov,kgrishanovph@cbsnews.com
919,Neile,Howley,nhowleypi@digg.com
920,Dukey,Evers,deverspj@nydailynews.com
921,Had,Hawkeridge,hhawkeridgepk@seattletimes.com
922,Bail,Gatesman,bgatesmanpl@networksolutions.com
923,Siusan,Losbie,slosbiepm@vk.com
924,Berni,Kubach,bkubachpn@edublogs.org
925,Tedd,Birt,tbirtpo@pen.io
926,Willdon,Newbold,wnewboldpp@about.me
927,Travis,Picford,tpicfordpq@mail.ru
928,Cayla,Antoniazzi,cantoniazzipr@mapy.cz
929,Nikolai,Staines,nstainesps@who.int
930,Maddalena,Threadgould,mthreadgouldpt@alibaba.com
931,Lesya,Pagelsen,lpagelsenpu@ted.com
932,Kelli,Josey,kjoseypv@ucoz.ru
933,Krispin,Gawne,kgawnepw@hostgator.com
934,Fredrika,Shorrock,fshorrockpx@yale.edu
935,Cheri,Aslum,caslumpy@google.es
936,Innis,Gosforth,igosforthpz@amazon.co.jp
937,Maybelle,Laugharne,mlaugharneq0@furl.net
938,Justinn,Phillpotts,jphillpottsq1@amazon.com
939,Mame,Gourley,mgourleyq2@shareasale.com
940,Orsa,Lesslie,olesslieq3@nymag.com
941,Ethelbert,MacGilfoyle,emacgilfoyleq4@mit.edu
942,Claribel,Le Grys,clegrysq5@statcounter.com
943,Silvester,Dangerfield,sdangerfieldq6@creativecommons.org
944,Trip,Canto,tcantoq7@squidoo.com
945,Coop,Bennit,cbennitq8@jalbum.net
946,Ambrosi,Fomichyov,afomichyovq9@mediafire.com
947,Emilie,Bordessa,ebordessaqa@bigcartel.com
948,Izak,Grundwater,igrundwaterqb@mtv.com
949,Ayn,Kirke,akirkeqc@mozilla.org
950,Russ,Towhey,rtowheyqd@lycos.com
951,Graham,Primrose,gprimroseqe@vistaprint.com
952,Tammara,Kays,tkaysqf@so-net.ne.jp
953,Filide,Steutly,fsteutlyqg@cyberchimps.com
954,Dore,McKerlie,dmckerlieqh@nationalgeographic.com
955,Rhona,Hablet,rhabletqi@elegantthemes.com
956,Florence,Cornish,fcornishqj@loc.gov
957,Raffaello,Suttle,rsuttleqk@printfriendly.com
958,Windham,Bonnyson,wbonnysonql@about.com
959,Issi,Varfalameev,ivarfalameevqm@spotify.com
960,Sena,Gillhespy,sgillhespyqn@webs.com
961,Delilah,Anderton,dandertonqo@wsj.com
962,Dom,Wasbey,dwasbeyqp@spiegel.de
963,Pammi,Durban,pdurbanqq@desdev.cn
964,Haleigh,Leyban,hleybanqr@google.com.br
965,Martino,Notti,mnottiqs@google.nl
966,Klaus,Bisiker,kbisikerqt@statcounter.com
967,Christiana,Calderonello,ccalderonelloqu@europa.eu
968,Wilden,McKinty,wmckintyqv@soundcloud.com
969,Montague,Scurry,mscurryqw@wordpress.com
970,Hastie,Yesenin,hyeseninqx@paypal.com
971,Georgine,Swadlin,gswadlinqy@cmu.edu
972,Wendell,Causley,wcausleyqz@google.pl
973,Sharlene,Dodsworth,sdodsworthr0@apple.com
974,Linea,Dumpleton,ldumpletonr1@amazon.de
975,Gelya,Luten,glutenr2@salon.com
976,Torry,Ludwell,tludwellr3@indiegogo.com
977,Ardelle,Stoaks,astoaksr4@cdbaby.com
978,Bertram,Davitti,bdavittir5@un.org
979,Elmira,Litchfield,elitchfieldr6@tripod.com
980,Celene,Darkott,cdarkottr7@hubpages.com
981,Eada,MacRury,emacruryr8@stanford.edu
982,Othilie,Wisniewski,owisniewskir9@hibu.com
983,Renaldo,Petofi,rpetofira@hhs.gov
984,Derril,Gallichiccio,dgallichicciorb@wiley.com
985,Minta,Oneil,moneilrc@soup.io
986,Lay,Langhor,llanghorrd@quantcast.com
987,Mellie,Downes,mdownesre@discuz.net
988,Wiatt,Whardley,wwhardleyrf@mayoclinic.com
989,Arlana,Coultas,acoultasrg@admin.ch
990,Julio,Dumberrill,jdumberrillrh@printfriendly.com
991,Jenelle,Bristow,jbristowri@behance.net
992,Violette,Suthworth,vsuthworthrj@ebay.com
993,Lane,Allibon,lallibonrk@arstechnica.com
994,Jacques,Currier,jcurrierrl@freewebs.com
995,Andi,Kinneally,akinneallyrm@meetup.com
996,Saxe,Paylie,spayliern@twitter.com
997,Luca,Gudgeon,lgudgeonro@goo.gl
998,Myrtle,Sleit,msleitrp@marketwatch.com
999,Rafe,Wycherley,rwycherleyrq@clickbank.net
1000,Adlai,Iglesiaz,aiglesiazrr@virginia.edu
