id,first_name,last_name,email,gender,ip_address
1,Roana,Mathan,rmathan0@mail.ru,Female,64.83.85.123
2,Christen,Dobson,cdobson1@jigsy.com,Female,54.153.42.9
3,Perkin,Timewell,ptimewell2@cyberchimps.com,Genderfluid,15.158.217.19
4,Christiano,Marriot,cmarriot3@google.com,Male,9.182.147.244
5,Hall,Robbings,hrobbings4@studiopress.com,Male,176.215.85.17
6,Roanne,McVittie,rmcvittie5@taobao.com,Female,71.68.97.112
7,Bo,Simao,bsimao6@cafepress.com,Male,198.196.138.242
8,Brocky,Challen,bchallen7@sohu.com,Male,98.72.253.3
9,Kenny,Yewman,kyewman8@pen.io,Male,71.224.232.110
10,Liesa,Kindread,lkindread9@yolasite.com,Female,234.203.102.229
11,Brooke,Button,bbuttona@exblog.jp,Female,235.204.205.169
12,Hobie,Champley,hchampleyb@behance.net,Male,187.84.29.251
13,Pet,Romeo,promeoc@feedburner.com,Female,97.247.151.168
14,Braden,Haile,bhailed@google.de,Male,179.223.131.137
15,Ellsworth,Mayze,emayzee@mapy.cz,Male,185.141.13.245
16,Nesta,Glentworth,nglentworthf@sitemeter.com,Female,17.73.103.200
17,Randa,Maddin,rmadding@ucoz.com,Female,108.255.96.138
18,Vin,Blare,vblareh@toplist.cz,Genderfluid,76.133.66.112
19,Ira,Daybell,idaybelli@microsoft.com,Female,32.94.92.179
20,Vladamir,Vieyra,vvieyraj@chron.com,Male,191.187.86.211
21,Felizio,Notton,fnottonk@squidoo.com,Male,163.231.146.109
22,Jemmie,Varnes,jvarnesl@theatlantic.com,Female,174.246.52.187
23,Berthe,Spaldin,bspaldinm@furl.net,Female,105.67.139.107
24,Byrle,Beton,bbetonn@oracle.com,Male,8.125.235.251
25,Vinnie,Diche,vdicheo@sina.com.cn,Female,133.206.57.217
26,Morgun,Brise,mbrisep@accuweather.com,Male,49.186.88.27
27,Malinda,Tombling,mtomblingq@youtu.be,Female,140.84.212.223
28,Dyane,Fellos,dfellosr@delicious.com,Female,67.58.55.179
29,Allistir,Shewan,ashewans@wp.com,Male,133.70.150.97
30,Micky,Trenfield,mtrenfieldt@delicious.com,Female,42.226.55.88
31,Mada,Lempke,mlempkeu@uiuc.edu,Female,69.249.135.60
32,Lewie,Harmar,lharmarv@washingtonpost.com,Male,227.226.110.244
33,Becky,Huthart,bhuthartw@google.com,Non-binary,248.125.171.65
34,Dyane,Rowly,drowlyx@cnbc.com,Female,153.79.241.140
35,Townie,Paskerful,tpaskerfuly@youtu.be,Male,191.151.79.39
36,Aluin,Gaber,agaberz@yale.edu,Male,170.26.32.89
37,Roana,McKevitt,rmckevitt10@opensource.org,Female,185.228.20.71
38,Liv,Assiter,lassiter11@answers.com,Female,91.149.237.15
39,Dar,Mayston,dmayston12@bigcartel.com,Male,65.102.168.197
40,Cleo,Olyet,colyet13@hud.gov,Female,54.4.229.107
41,Pierrette,Punton,ppunton14@theatlantic.com,Female,151.67.248.156
42,Benedick,Ambrogini,bambrogini15@virginia.edu,Male,180.24.35.59
43,Phaedra,Coils,pcoils16@google.nl,Female,78.93.224.133
44,Cristobal,Elcoate,celcoate17@istockphoto.com,Male,225.167.1.109
45,Cirstoforo,Mattei,cmattei18@mit.edu,Male,132.9.252.199
46,Salmon,Bartaletti,sbartaletti19@parallels.com,Male,215.136.160.192
47,Quinta,Lathleiff,qlathleiff1a@studiopress.com,Female,6.102.129.189
48,Gwenora,Gemmell,ggemmell1b@google.co.jp,Female,75.206.75.251
49,Eddie,Loveard,eloveard1c@webmd.com,Male,124.140.148.4
50,Dicky,Hadrill,dhadrill1d@buzzfeed.com,Male,111.140.70.75
51,Gabie,Antosch,gantosch1e@shareasale.com,Female,210.7.77.136
52,Cindelyn,Sibylla,csibylla1f@ucoz.com,Female,127.236.4.158
53,Kaine,McGuire,kmcguire1g@nymag.com,Male,247.38.148.42
54,Gale,Koenraad,gkoenraad1h@opensource.org,Male,120.48.123.233
55,Marris,Robke,mrobke1i@who.int,Female,19.61.160.17
56,Noni,Greatrex,ngreatrex1j@wunderground.com,Female,41.114.143.214
57,Boy,Issacov,bissacov1k@google.co.jp,Male,9.229.213.94
58,Liva,Bedinn,lbedinn1l@msu.edu,Female,150.241.87.213
59,Carolyn,Goodacre,cgoodacre1m@surveymonkey.com,Female,95.45.195.86
60,Vinni,Janku,vjanku1n@upenn.edu,Female,83.43.66.20
61,Penelope,Ciotti,pciotti1o@cbsnews.com,Female,107.1.23.1
62,Rori,Volante,rvolante1p@psu.edu,Female,222.185.12.85
63,Tracy,Skeemor,tskeemor1q@fc2.com,Male,180.108.59.183
64,Robert,Sambath,rsambath1r@posterous.com,Male,99.225.84.91
65,Ermentrude,Crab,ecrab1s@shareasale.com,Female,170.46.49.73
66,Loralie,Frary,lfrary1t@dropbox.com,Female,224.94.167.156
67,Cy,Boothe,cboothe1u@biblegateway.com,Male,64.111.126.191
68,Pierette,Vousden,pvousden1v@elpais.com,Female,255.174.95.81
69,Krystle,Rosso,krosso1w@yellowbook.com,Female,204.146.146.122
70,Torrey,Guiver,tguiver1x@comcast.net,Male,205.168.203.88
71,Crista,Kohrt,ckohrt1y@discuz.net,Bigender,78.235.120.234
72,Emilee,Seifert,eseifert1z@shinystat.com,Female,8.248.59.217
73,Gleda,Ettels,gettels20@omniture.com,Female,11.18.216.157
74,Allin,Dranfield,adranfield21@4shared.com,Male,142.45.208.9
75,Libby,Windmill,lwindmill22@google.com.br,Polygender,103.158.91.110
76,Aloysius,Waldrum,awaldrum23@webs.com,Male,152.85.59.138
77,Valli,Jerg,vjerg24@discovery.com,Female,43.244.73.151
78,Fenelia,Fitzsimon,ffitzsimon25@networksolutions.com,Female,72.208.233.2
79,Valli,Bearsmore,vbearsmore26@discuz.net,Female,239.222.177.31
80,Rudolf,Bewshaw,rbewshaw27@nydailynews.com,Male,98.78.222.92
81,Amaleta,Bench,abench28@trellian.com,Female,50.115.20.18
82,Alfreda,Heinonen,aheinonen29@exblog.jp,Female,98.231.59.150
83,Esdras,Matyushkin,ematyushkin2a@altervista.org,Male,209.46.64.23
84,Kaylyn,Dinsale,kdinsale2b@google.nl,Bigender,75.88.159.37
85,Jeannette,Hamsson,jhamsson2c@discuz.net,Female,33.165.238.27
86,Toiboid,Yeowell,tyeowell2d@youtu.be,Male,195.5.115.184
87,Oby,Polycote,opolycote2e@paginegialle.it,Male,125.245.240.205
88,Cecily,Drivers,cdrivers2f@biblegateway.com,Female,65.228.13.186
89,Melosa,Whistance,mwhistance2g@addtoany.com,Female,176.76.209.188
90,Giacobo,Entwhistle,gentwhistle2h@cnn.com,Male,177.49.185.157
91,Alexio,Cullivan,acullivan2i@woothemes.com,Polygender,227.255.156.170
92,Lenci,Gerasch,lgerasch2j@diigo.com,Male,52.98.193.11
93,Curtis,Kirk,ckirk2k@sphinn.com,Male,86.191.128.86
94,Archibald,Schukraft,aschukraft2l@360.cn,Male,135.248.251.157
95,Deck,Hadeke,dhadeke2m@ft.com,Male,126.187.192.127
96,Ivan,Elliston,ielliston2n@scientificamerican.com,Male,161.150.53.241
97,Mohandis,Wurst,mwurst2o@vinaora.com,Male,178.107.192.27
98,Gena,Rowena,growena2p@blinklist.com,Female,0.109.134.193
99,Guillermo,Ladley,gladley2q@europa.eu,Male,18.168.39.244
100,Daryl,Diano,ddiano2r@unblog.fr,Agender,6.199.215.8
101,Rogers,Daventry,rdaventry2s@aol.com,Male,190.181.142.208
102,Drew,Cottem,dcottem2t@macromedia.com,Male,203.126.8.106
103,Mikey,Eisak,meisak2u@so-net.ne.jp,Male,236.205.215.188
104,Leshia,Audibert,laudibert2v@unicef.org,Female,26.52.183.184
105,Sebastian,Hastelow,shastelow2w@icq.com,Male,140.25.12.133
106,Allsun,Clissold,aclissold2x@yellowpages.com,Female,140.50.183.202
107,Oriana,Du Plantier,oduplantier2y@wufoo.com,Female,118.160.30.238
108,Orelie,Sellman,osellman2z@facebook.com,Female,227.5.186.201
109,Emmalyn,Castenda,ecastenda30@printfriendly.com,Female,27.223.205.137
110,Kareem,Grocott,kgrocott31@redcross.org,Male,48.121.182.117
111,Geraldine,Hendron,ghendron32@fc2.com,Female,44.67.163.183
112,Pamella,Elmore,pelmore33@yellowbook.com,Bigender,243.99.37.82
113,Pier,Bannester,pbannester34@feedburner.com,Polygender,233.44.251.199
114,Kerrie,Mindenhall,kmindenhall35@usatoday.com,Female,137.53.204.14
115,Lanie,Meadway,lmeadway36@mit.edu,Male,34.198.91.10
116,Rachel,Mayes,rmayes37@bloglovin.com,Female,1.124.136.149
117,Gustaf,Chirm,gchirm38@mozilla.org,Male,190.185.222.239
118,Fidela,Byrkmyr,fbyrkmyr39@reference.com,Polygender,150.94.58.197
119,Avery,Artiss,aartiss3a@paginegialle.it,Male,108.232.43.234
120,Goldarina,Giannini,ggiannini3b@surveymonkey.com,Female,182.197.218.114
121,Leo,Crowdace,lcrowdace3c@cpanel.net,Male,123.169.238.114
122,Dare,Elix,delix3d@cloudflare.com,Male,180.60.60.222
123,Imogene,Latchmore,ilatchmore3e@google.ru,Female,39.86.228.152
124,Danny,Shawe,dshawe3f@japanpost.jp,Male,16.79.180.100
125,Merle,Emsley,memsley3g@seattletimes.com,Female,10.3.178.185
126,Aldridge,Knoton,aknoton3h@fema.gov,Male,27.151.50.166
127,Shela,Proger,sproger3i@cnn.com,Female,197.16.135.125
128,Emmit,Quayle,equayle3j@illinois.edu,Male,23.255.192.112
129,Abbe,Selbie,aselbie3k@cbc.ca,Male,204.72.197.6
130,Townie,Kryszkiecicz,tkryszkiecicz3l@harvard.edu,Male,100.173.174.144
131,Cariotta,Vlasyuk,cvlasyuk3m@discuz.net,Female,105.74.189.12
132,Malia,Davana,mdavana3n@nyu.edu,Female,188.34.218.17
133,Letti,McEvoy,lmcevoy3o@last.fm,Female,55.159.221.205
134,Licha,Tyler,ltyler3p@lycos.com,Female,225.78.40.221
135,Marcella,Maffy,mmaffy3q@ucsd.edu,Female,7.98.173.34
136,Starla,Irce,sirce3r@google.com,Female,129.203.115.19
137,Robinetta,Rodway,rrodway3s@1und1.de,Female,29.88.222.106
138,Flinn,Currie,fcurrie3t@goo.gl,Male,96.206.21.81
139,Jonell,Furlong,jfurlong3u@cnet.com,Female,134.144.107.180
140,Lesya,Schrir,lschrir3v@rambler.ru,Female,120.134.181.221
141,Ilse,Autie,iautie3w@google.fr,Female,250.1.5.159
142,Carce,Varndall,cvarndall3x@mayoclinic.com,Male,84.246.24.253
143,Cornelius,Whitmore,cwhitmore3y@fc2.com,Male,87.235.210.236
144,Lydie,Ridgewell,lridgewell3z@adobe.com,Female,231.99.49.12
145,Daphene,Beverstock,dbeverstock40@umich.edu,Genderqueer,164.73.241.8
146,Joanna,Dorken,jdorken41@sogou.com,Bigender,170.242.80.105
147,Cece,Geggus,cgeggus42@goo.gl,Male,128.163.124.73
148,Dimitry,Hawarden,dhawarden43@ebay.co.uk,Male,104.184.203.98
149,Lola,Joontjes,ljoontjes44@multiply.com,Female,245.61.213.167
150,Dulcia,Cossins,dcossins45@goo.ne.jp,Female,233.187.56.245
151,Shannah,Vader,svader46@alibaba.com,Female,174.86.109.174
152,Stacey,Grainge,sgrainge47@photobucket.com,Female,151.234.140.54
153,Bamby,Pietz,bpietz48@intel.com,Genderqueer,152.247.9.90
154,Midge,Dunkinson,mdunkinson49@utexas.edu,Female,169.119.44.0
155,Gardiner,Padmore,gpadmore4a@gov.uk,Male,68.220.83.197
156,Francoise,Rowdell,frowdell4b@wp.com,Female,107.54.157.35
157,Carce,Sutterfield,csutterfield4c@dropbox.com,Male,44.101.222.144
158,Katheryn,MacGinley,kmacginley4d@opensource.org,Female,104.7.52.108
159,Moria,Denyagin,mdenyagin4e@gmpg.org,Female,186.185.202.30
160,Laverne,Ianni,lianni4f@reddit.com,Female,118.248.230.47
161,Morten,Punchard,mpunchard4g@artisteer.com,Male,36.117.60.106
162,Nat,Jojic,njojic4h@bloomberg.com,Female,163.163.210.173
163,Krishnah,Mumford,kmumford4i@kickstarter.com,Male,228.9.154.157
164,Dionysus,Dugald,ddugald4j@sciencedaily.com,Male,183.45.97.107
165,Cookie,Worgan,cworgan4k@dailymail.co.uk,Female,97.126.40.163
166,Florida,Derycot,fderycot4l@bbb.org,Female,209.165.16.74
167,Veriee,Paulisch,vpaulisch4m@cmu.edu,Female,252.27.10.203
168,Corabel,Ebbing,cebbing4n@independent.co.uk,Genderqueer,38.71.145.178
169,Menard,Garrard,mgarrard4o@sohu.com,Male,13.47.155.154
170,Dolph,Plail,dplail4p@unblog.fr,Male,76.205.101.164
171,Othilie,Kennifick,okennifick4q@hao123.com,Bigender,184.53.121.208
172,Kiersten,Piens,kpiens4r@tripadvisor.com,Bigender,0.32.189.252
173,Louise,Neale,lneale4s@bloglines.com,Female,247.45.137.251
174,Al,Farndon,afarndon4t@marriott.com,Male,155.116.14.179
175,Coraline,Marskell,cmarskell4u@washington.edu,Female,224.35.77.129
176,Anne,Strand,astrand4v@sciencedirect.com,Agender,152.251.220.83
177,Marian,De la Zenne,mdelazenne4w@whitehouse.gov,Female,114.67.245.193
178,Stirling,Maylor,smaylor4x@statcounter.com,Male,204.201.35.92
179,Byram,Pavey,bpavey4y@canalblog.com,Male,128.127.172.227
180,Dallas,Nicklin,dnicklin4z@slideshare.net,Male,150.254.88.68
181,Priscilla,Jollands,pjollands50@webmd.com,Female,67.61.115.245
182,Linn,Abbatini,labbatini51@washington.edu,Male,122.162.222.221
183,Esma,Toderbrugge,etoderbrugge52@weather.com,Female,37.192.220.171
184,Boy,Treuge,btreuge53@woothemes.com,Male,46.121.61.197
185,Abie,Fendlow,afendlow54@tinypic.com,Male,108.225.127.145
186,Garv,MacRanald,gmacranald55@technorati.com,Male,82.67.236.151
187,Kizzee,Abys,kabys56@reddit.com,Female,109.40.111.183
188,Halli,Tiffany,htiffany57@naver.com,Female,200.171.216.69
189,Clarke,Vallender,cvallender58@ftc.gov,Male,59.238.249.42
190,Herculie,McFarlane,hmcfarlane59@domainmarket.com,Male,207.84.192.248
191,Fawn,Donson,fdonson5a@nymag.com,Female,74.115.61.198
192,Dave,McFaell,dmcfaell5b@foxnews.com,Male,214.205.88.15
193,Gottfried,Whittles,gwhittles5c@illinois.edu,Male,97.53.236.112
194,Aldric,Margrem,amargrem5d@tuttocitta.it,Genderfluid,144.180.175.104
195,Bayard,Lenton,blenton5e@unblog.fr,Male,1.18.197.254
196,Godfry,Dibbert,gdibbert5f@nhs.uk,Male,25.209.21.250
197,Hamnet,Poskitt,hposkitt5g@springer.com,Male,238.99.36.61
198,Tobi,Tew,ttew5h@hibu.com,Female,173.186.166.127
199,Lyon,Lubomirski,llubomirski5i@altervista.org,Male,37.173.151.180
200,Farlie,Saltman,fsaltman5j@tinyurl.com,Agender,250.168.187.133
201,Chryste,Shemming,cshemming5k@bigcartel.com,Female,198.123.22.52
202,Morley,Taylor,mtaylor5l@altervista.org,Male,178.143.170.123
203,Kelly,Oyley,koyley5m@ustream.tv,Female,223.35.26.137
204,Emanuel,Heinreich,eheinreich5n@epa.gov,Male,244.253.181.3
205,Romeo,Coleridge,rcoleridge5o@t.co,Male,22.233.106.86
206,Skip,Sperwell,ssperwell5p@marketwatch.com,Male,35.147.177.226
207,Timothee,Skitt,tskitt5q@google.ru,Male,6.3.238.35
208,Liza,Arkil,larkil5r@youtube.com,Female,119.15.97.142
209,Brandon,Grzeszczyk,bgrzeszczyk5s@google.ca,Male,25.219.254.55
210,Shawn,Cancutt,scancutt5t@youtube.com,Male,241.57.121.167
211,Babb,Bassick,bbassick5u@cornell.edu,Female,250.213.60.85
212,Kathi,Butterley,kbutterley5v@amazonaws.com,Female,107.145.220.6
213,Muire,Brinklow,mbrinklow5w@squarespace.com,Female,108.21.138.221
214,Pauli,Cluitt,pcluitt5x@xinhuanet.com,Female,50.20.35.45
215,Edeline,Friberg,efriberg5y@miitbeian.gov.cn,Female,181.122.43.167
216,Montgomery,Spataro,mspataro5z@over-blog.com,Male,234.146.196.40
217,Krishna,Alliberton,kalliberton60@xing.com,Male,245.107.166.149
218,Penny,Breukelman,pbreukelman61@about.com,Female,6.37.189.216
219,Liesa,Bastin,lbastin62@hostgator.com,Non-binary,88.34.145.49
220,Vergil,Fryatt,vfryatt63@jiathis.com,Male,196.4.248.211
221,Lilith,Kornyshev,lkornyshev64@hud.gov,Female,61.125.65.70
222,Vlad,Calbaithe,vcalbaithe65@umich.edu,Genderqueer,121.4.29.72
223,Bancroft,Limprecht,blimprecht66@vistaprint.com,Male,164.131.11.244
224,Elise,Clapton,eclapton67@over-blog.com,Female,235.75.156.104
225,Terza,Tyson,ttyson68@scribd.com,Female,24.139.95.142
226,Thom,McAlinion,tmcalinion69@netlog.com,Male,197.16.27.127
227,Bryant,Pallant,bpallant6a@dailymotion.com,Male,85.230.224.10
228,Gertrud,Bedward,gbedward6b@toplist.cz,Female,154.49.238.127
229,Ava,Wheeldon,awheeldon6c@disqus.com,Female,241.73.149.162
230,Maren,Avis,mavis6d@ucoz.ru,Female,176.32.18.111
231,Yancey,Beswell,ybeswell6e@yandex.ru,Male,73.223.72.66
232,Guinevere,Mendel,gmendel6f@nymag.com,Female,19.135.135.0
233,Cinda,Olpin,colpin6g@tinyurl.com,Female,164.241.227.25
234,Quintus,Abbay,qabbay6h@nyu.edu,Male,79.25.176.191
235,Bob,Bentsen,bbentsen6i@wordpress.com,Male,206.206.131.214
236,Sindee,Gehring,sgehring6j@posterous.com,Female,158.118.241.160
237,Darcy,Callaway,dcallaway6k@wikia.com,Male,8.79.41.35
238,Alyosha,Cufflin,acufflin6l@nytimes.com,Male,199.134.96.32
239,Sergei,Pedel,spedel6m@census.gov,Male,85.125.38.52
240,Tann,Giacomasso,tgiacomasso6n@seattletimes.com,Male,104.221.116.35
241,Alexandro,McFetrich,amcfetrich6o@chicagotribune.com,Male,162.4.1.139
242,Tyler,Mavin,tmavin6p@wikipedia.org,Male,171.172.55.2
243,Bradley,Lerwill,blerwill6q@dailymail.co.uk,Male,84.145.143.46
244,Adrianne,Congdon,acongdon6r@unesco.org,Female,67.95.212.246
245,Gilles,Cavanaugh,gcavanaugh6s@huffingtonpost.com,Male,133.218.187.191
246,Damon,Milroy,dmilroy6t@tuttocitta.it,Male,113.104.205.185
247,Kienan,Niesel,kniesel6u@odnoklassniki.ru,Male,139.39.104.184
248,Hugues,Kubista,hkubista6v@hud.gov,Male,115.255.214.145
249,Halsy,Jenney,hjenney6w@etsy.com,Male,242.74.78.65
250,Mirelle,Yokelman,myokelman6x@columbia.edu,Female,197.84.134.137
251,Alisun,Hardwick,ahardwick6y@mac.com,Agender,19.167.85.102
252,Innis,Hughes,ihughes6z@delicious.com,Male,193.180.122.96
253,Cam,Dutteridge,cdutteridge70@fema.gov,Female,203.38.91.124
254,Marcellina,Mallison,mmallison71@marketwatch.com,Female,43.50.44.77
255,Denney,Doodney,ddoodney72@addthis.com,Male,179.154.40.206
256,Nona,Kleimt,nkleimt73@sciencedirect.com,Female,185.103.151.52
257,Mike,Audus,maudus74@unesco.org,Male,120.25.89.158
258,Wynnie,McIlraith,wmcilraith75@alexa.com,Female,116.21.50.5
259,Nichol,Carrabott,ncarrabott76@quantcast.com,Female,9.190.173.130
260,Galvin,Dew,gdew77@xrea.com,Male,234.150.15.48
261,Deborah,McGhee,dmcghee78@yellowbook.com,Female,78.136.224.152
262,Tabb,Kesey,tkesey79@amazon.de,Male,86.82.205.1
263,Delano,Alessandrini,dalessandrini7a@jalbum.net,Agender,187.68.176.228
264,Kym,Parkeson,kparkeson7b@gmpg.org,Female,245.192.9.200
265,Aldridge,Lepard,alepard7c@ask.com,Male,42.130.215.221
266,Derrick,Caldero,dcaldero7d@hao123.com,Male,103.250.86.150
267,Ashli,Wallwood,awallwood7e@slate.com,Non-binary,204.221.158.33
268,Milton,Lukash,mlukash7f@wiley.com,Bigender,23.153.132.234
269,Patti,Haller,phaller7g@cdc.gov,Female,21.92.29.102
270,Druci,Crews,dcrews7h@oracle.com,Female,224.83.111.34
271,Carree,Boscott,cboscott7i@cbsnews.com,Female,121.228.9.143
272,Carry,Cousens,ccousens7j@parallels.com,Female,204.141.134.97
273,Morissa,Iori,miori7k@hc360.com,Female,84.93.110.93
274,Wally,Ragbourne,wragbourne7l@google.de,Female,140.28.79.139
275,Orelle,McNee,omcnee7m@theguardian.com,Female,169.105.188.192
276,Jillie,Drinkall,jdrinkall7n@tumblr.com,Female,40.133.99.128
277,Debor,Brech,dbrech7o@google.com.br,Female,19.141.164.205
278,Dory,Meuse,dmeuse7p@twitpic.com,Female,172.37.134.197
279,Owen,Pawelski,opawelski7q@i2i.jp,Male,155.104.167.177
280,Alberik,Detheridge,adetheridge7r@apache.org,Male,73.233.134.46
281,Terence,Samsworth,tsamsworth7s@sina.com.cn,Male,98.38.151.132
282,Justine,McGillacoell,jmcgillacoell7t@sourceforge.net,Polygender,85.222.72.80
283,Nesta,Delue,ndelue7u@prweb.com,Female,7.32.11.58
284,Nobe,Cano,ncano7v@spiegel.de,Male,16.5.208.245
285,Beatrix,Merrill,bmerrill7w@prnewswire.com,Female,192.16.46.4
286,Cheri,Glison,cglison7x@over-blog.com,Female,197.81.134.47
287,Gabriel,M'Chirrie,gmchirrie7y@youtube.com,Male,54.74.64.0
288,Valida,Rashleigh,vrashleigh7z@un.org,Female,40.158.7.227
289,Dugald,Wimms,dwimms80@amazon.de,Male,89.95.231.12
290,Sloane,Etchell,setchell81@theguardian.com,Male,185.132.244.112
291,Feodora,Gookes,fgookes82@slate.com,Female,204.74.192.89
292,Morey,Deshon,mdeshon83@geocities.com,Male,70.132.37.5
293,Pacorro,Dranfield,pdranfield84@omniture.com,Male,169.186.75.88
294,Kaye,Bedburrow,kbedburrow85@w3.org,Female,149.41.105.188
295,Starlene,Haibel,shaibel86@unicef.org,Female,127.190.28.69
296,Marietta,Kinnon,mkinnon87@dell.com,Male,171.138.32.186
297,Olav,Balcock,obalcock88@google.fr,Male,206.0.216.26
298,Lissy,Drezzer,ldrezzer89@freewebs.com,Female,135.72.104.150
299,Parrnell,Geertje,pgeertje8a@nifty.com,Male,73.65.158.8
300,Brandtr,Hoonahan,bhoonahan8b@netvibes.com,Male,92.98.92.200
301,Sean,Antonomoli,santonomoli8c@weibo.com,Female,53.193.50.174
302,Barry,Bayles,bbayles8d@harvard.edu,Female,25.27.204.203
303,Whitaker,Brittain,wbrittain8e@sun.com,Male,64.59.152.223
304,Cristina,Sinton,csinton8f@google.nl,Female,59.169.109.51
305,Linnea,April,lapril8g@xing.com,Female,109.105.55.255
306,Jillana,Hallgalley,jhallgalley8h@blogger.com,Female,139.45.226.16
307,Kaylee,Blunkett,kblunkett8i@wsj.com,Female,150.119.162.143
308,Naoma,Feedham,nfeedham8j@psu.edu,Female,69.87.4.212
309,Madeleine,Cartlidge,mcartlidge8k@xing.com,Female,252.250.28.186
310,Wyatt,Gilder,wgilder8l@acquirethisname.com,Male,76.76.250.118
311,Chrissie,Bellson,cbellson8m@photobucket.com,Male,134.214.141.123
312,Rossy,O'Farris,rofarris8n@weebly.com,Male,85.183.25.138
313,Stacie,Camus,scamus8o@theguardian.com,Female,93.183.252.164
314,Les,Laurenty,llaurenty8p@economist.com,Male,43.112.118.216
315,Brier,Ruzic,bruzic8q@webs.com,Female,230.91.149.138
316,Wye,Yeend,wyeend8r@jimdo.com,Male,137.234.158.77
317,Caressa,Pascho,cpascho8s@mtv.com,Female,119.144.176.21
318,Nerty,Dorracott,ndorracott8t@google.com.br,Female,182.252.184.50
319,Annaliese,Mutimer,amutimer8u@soup.io,Female,178.202.121.43
320,Adrea,Doberer,adoberer8v@sciencedirect.com,Genderqueer,28.140.136.86
321,Linn,Provest,lprovest8w@samsung.com,Female,110.192.174.73
322,Flo,Wyldbore,fwyldbore8x@wordpress.com,Female,196.164.99.135
323,Amargo,Preddle,apreddle8y@globo.com,Female,89.196.43.53
324,Jinny,Lafont,jlafont8z@i2i.jp,Female,254.211.249.140
325,Charita,Twitty,ctwitty90@epa.gov,Female,234.35.86.212
326,Boot,Meakes,bmeakes91@ibm.com,Male,62.62.98.185
327,Aeriel,Duigan,aduigan92@vistaprint.com,Female,175.3.211.31
328,Franklin,Wybron,fwybron93@google.co.uk,Male,170.162.217.29
329,Guy,Timby,gtimby94@google.ca,Male,90.211.48.144
330,Maiga,Whitehorn,mwhitehorn95@jiathis.com,Female,0.148.173.244
331,Raynor,Quayle,rquayle96@ft.com,Male,144.166.235.231
332,Gibby,Beaushaw,gbeaushaw97@ucoz.ru,Male,207.56.83.66
333,Cal,Ditt,cditt98@whitehouse.gov,Female,177.66.109.179
334,Nikolai,Hallor,nhallor99@macromedia.com,Male,129.141.130.225
335,Leda,McPheat,lmcpheat9a@example.com,Female,89.127.75.5
336,Llewellyn,Ferbrache,lferbrache9b@hhs.gov,Male,170.220.60.183
337,Filmer,Gaydon,fgaydon9c@auda.org.au,Male,143.181.63.236
338,Raddy,Gonning,rgonning9d@imdb.com,Male,37.214.67.246
339,Dix,Wildey,dwildey9e@eventbrite.com,Female,156.9.92.213
340,Tailor,Moggach,tmoggach9f@last.fm,Male,66.109.29.254
341,Aland,Oakey,aoakey9g@xrea.com,Male,37.81.150.119
342,Doy,Yearnsley,dyearnsley9h@sbwire.com,Male,20.99.90.102
343,Penn,Rowesby,prowesby9i@telegraph.co.uk,Male,142.177.166.34
344,Siegfried,Iglesiaz,siglesiaz9j@utexas.edu,Male,3.238.170.146
345,Yurik,Ayshford,yayshford9k@xing.com,Male,171.80.119.127
346,Myron,Sex,msex9l@friendfeed.com,Male,178.68.192.71
347,Ann,Swallwell,aswallwell9m@fotki.com,Female,241.44.237.87
348,Christa,Vatini,cvatini9n@e-recht24.de,Female,253.15.130.249
349,Silvan,Casebourne,scasebourne9o@ebay.co.uk,Male,169.180.168.182
350,Blake,Hendrickson,bhendrickson9p@noaa.gov,Male,173.34.174.53
351,Fielding,Plan,fplan9q@cornell.edu,Male,89.229.92.146
352,Dru,Yateman,dyateman9r@zdnet.com,Male,101.254.147.0
353,Urbain,Bosworth,ubosworth9s@goodreads.com,Male,233.38.118.223
354,Sylas,Hunnawill,shunnawill9t@prweb.com,Male,45.130.225.125
355,Cynde,Helin,chelin9u@upenn.edu,Female,164.109.196.178
356,Salome,Tombling,stombling9v@ycombinator.com,Female,197.168.72.42
357,Vasilis,Devons,vdevons9w@163.com,Male,230.21.67.221
358,Devin,Van der Merwe,dvandermerwe9x@simplemachines.org,Male,67.231.46.51
359,Saree,Simmonett,ssimmonett9y@geocities.com,Female,105.72.136.221
360,Cyril,Bonevant,cbonevant9z@xinhuanet.com,Male,254.84.147.254
361,Josie,Bilston,jbilstona0@freewebs.com,Female,0.78.229.106
362,Banky,Ortzen,bortzena1@nyu.edu,Male,226.153.177.142
363,Albina,Wesgate,awesgatea2@ebay.com,Female,223.57.101.240
364,Deerdre,Marchelli,dmarchellia3@liveinternet.ru,Female,254.210.214.37
365,Gay,Slocombe,gslocombea4@printfriendly.com,Male,26.191.239.226
366,Theodosia,Bale,tbalea5@hibu.com,Female,251.62.204.10
367,Trace,Freckleton,tfreckletona6@ihg.com,Male,145.169.229.162
368,Edouard,Duesberry,eduesberrya7@eventbrite.com,Male,249.134.236.97
369,Walther,Linne,wlinnea8@sitemeter.com,Male,48.167.191.117
370,Carlos,Abramin,cabramina9@geocities.jp,Male,249.91.61.245
371,Nev,Lidgely,nlidgelyaa@va.gov,Male,124.89.106.230
372,Kitty,Pryor,kpryorab@hhs.gov,Female,17.21.103.83
373,Zebedee,Keeri,zkeeriac@infoseek.co.jp,Male,161.6.241.84
374,Wilt,Huxley,whuxleyad@engadget.com,Male,1.19.217.239
375,Georgeta,Matushenko,gmatushenkoae@github.io,Female,181.18.197.196
376,Farra,Crystal,fcrystalaf@cisco.com,Female,15.173.163.46
377,Gal,Gamil,ggamilag@bloglines.com,Male,117.222.166.37
378,Amabel,Blacktin,ablacktinah@admin.ch,Agender,12.244.91.91
379,Joy,Artus,jartusai@uiuc.edu,Female,36.189.179.62
380,Lennard,Blenkharn,lblenkharnaj@cam.ac.uk,Male,89.92.36.175
381,Reinaldos,Radki,rradkiak@goo.ne.jp,Male,68.243.231.218
382,Olly,Roper,oroperal@delicious.com,Female,251.193.125.170
383,Mariele,Ollier,mollieram@archive.org,Genderqueer,39.179.28.175
384,Trent,Garrat,tgarratan@weibo.com,Male,57.37.94.167
385,Sanders,Shatford,sshatfordao@princeton.edu,Male,124.128.18.100
386,Costa,Red,credap@amazonaws.com,Male,226.68.102.47
387,Janaya,Applewhite,japplewhiteaq@cbc.ca,Female,211.4.12.240
388,Porty,Climo,pclimoar@phpbb.com,Male,161.127.79.233
389,Merell,Reeman,mreemanas@github.com,Male,209.16.244.3
390,Fey,Peffer,fpefferat@list-manage.com,Female,216.176.142.185
391,Barron,Bampton,bbamptonau@mozilla.org,Male,194.146.79.35
392,Tabbie,Liddle,tliddleav@hhs.gov,Female,76.176.165.29
393,Kathie,Scanlon,kscanlonaw@google.ru,Female,91.57.60.70
394,Ruthanne,McBrier,rmcbrierax@home.pl,Female,59.209.116.159
395,Owen,Mc Cahey,omccaheyay@usa.gov,Male,57.234.67.202
396,Barnebas,Burgane,bburganeaz@dagondesign.com,Male,227.200.146.214
397,Auroora,Nicholas,anicholasb0@ted.com,Female,114.243.222.24
398,Malachi,Lowrance,mlowranceb1@google.com.au,Male,221.44.44.242
399,Ilsa,Nairn,inairnb2@ucla.edu,Bigender,97.175.150.220
400,Caz,Mesant,cmesantb3@zdnet.com,Male,218.50.155.77
401,Taylor,Girling,tgirlingb4@google.ca,Male,204.85.21.83
402,Morgan,Hoolaghan,mhoolaghanb5@ft.com,Male,136.224.40.169
403,Pamelina,Sherrocks,psherrocksb6@storify.com,Non-binary,98.243.22.6
404,Holden,Moulsdall,hmoulsdallb7@tuttocitta.it,Male,148.178.84.197
405,Jenda,Honnan,jhonnanb8@so-net.ne.jp,Female,31.191.6.234
406,Saxe,Stace,sstaceb9@opensource.org,Male,7.142.109.219
407,Bearnard,Waudby,bwaudbyba@so-net.ne.jp,Male,30.240.191.36
408,Marieann,Brittoner,mbrittonerbb@tinyurl.com,Female,187.135.186.49
409,Minette,Brimacombe,mbrimacombebc@uiuc.edu,Female,73.139.192.99
410,Maxy,Fiander,mfianderbd@devhub.com,Male,141.101.15.203
411,Audra,Longcaster,alongcasterbe@opensource.org,Female,194.105.0.98
412,Susi,Daldan,sdaldanbf@mapquest.com,Female,243.228.101.149
413,Herschel,Aronowicz,haronowiczbg@virginia.edu,Male,102.29.38.36
414,Gae,Fealy,gfealybh@bravesites.com,Female,199.119.231.190
415,Emma,Kasman,ekasmanbi@i2i.jp,Female,94.93.95.143
416,D'arcy,Butter,dbutterbj@timesonline.co.uk,Polygender,45.211.121.78
417,Darius,Klulisek,dklulisekbk@reddit.com,Male,98.239.231.164
418,Cosmo,Prujean,cprujeanbl@sphinn.com,Male,180.211.227.214
419,Derrek,Cutridge,dcutridgebm@gizmodo.com,Male,5.200.214.229
420,Concordia,Ludlom,cludlombn@nbcnews.com,Female,225.156.253.114
421,Norma,Ingerfield,ningerfieldbo@gmpg.org,Female,230.228.95.156
422,Jordana,Harron,jharronbp@pagesperso-orange.fr,Female,233.99.25.117
423,Lonna,Josowitz,ljosowitzbq@paypal.com,Female,254.167.10.213
424,Olav,Kilfedder,okilfedderbr@netlog.com,Male,19.20.148.92
425,Athena,Cretney,acretneybs@topsy.com,Female,10.14.46.113
426,Eleni,Stather,estatherbt@adobe.com,Female,253.99.165.48
427,Mallorie,Shelmardine,mshelmardinebu@wordpress.org,Female,82.39.250.2
428,Andrus,Ballin,aballinbv@reuters.com,Male,35.236.81.85
429,Rudolph,Deighton,rdeightonbw@upenn.edu,Male,181.177.94.45
430,Selinda,Feuell,sfeuellbx@timesonline.co.uk,Polygender,132.8.3.188
431,Daffie,Ainley,dainleyby@oakley.com,Genderfluid,128.182.203.26
432,Winnah,Wildbore,wwildborebz@1688.com,Female,76.44.176.136
433,Fredelia,Oakwell,foakwellc0@rakuten.co.jp,Female,30.241.82.34
434,Cicily,Stamps,cstampsc1@usatoday.com,Female,167.205.31.16
435,Eugen,Crumly,ecrumlyc2@disqus.com,Genderqueer,141.213.36.185
436,Tedmund,Wimp,twimpc3@fotki.com,Male,19.244.161.90
437,Alley,Bartak,abartakc4@dedecms.com,Male,143.203.93.79
438,Sidney,Steaning,ssteaningc5@economist.com,Male,234.76.8.87
439,Kanya,Oganian,koganianc6@ifeng.com,Female,123.145.167.63
440,Laurent,Benoy,lbenoyc7@abc.net.au,Male,104.234.181.183
441,Editha,Baugh,ebaughc8@hatena.ne.jp,Female,229.55.132.167
442,Rachel,Lebourn,rlebournc9@instagram.com,Non-binary,224.21.77.255
443,Janos,Prosh,jproshca@howstuffworks.com,Male,48.172.180.121
444,Tove,Ashment,tashmentcb@businesswire.com,Female,139.69.115.119
445,Ad,Waddup,awaddupcc@wordpress.org,Male,165.198.225.219
446,Reggis,Upson,rupsoncd@usgs.gov,Male,159.188.40.107
447,Skippy,Hadleigh,shadleighce@com.com,Male,228.33.7.246
448,Pablo,Hauch,phauchcf@sciencedaily.com,Male,223.112.43.212
449,Augustin,Easey,aeaseycg@microsoft.com,Male,239.238.22.151
450,Leontyne,Wherrit,lwherritch@constantcontact.com,Female,212.16.177.224
451,Vito,Franzel,vfranzelci@businesswire.com,Male,219.85.87.95
452,Minnaminnie,Raymen,mraymencj@vistaprint.com,Female,179.56.114.32
453,Jed,Filasov,jfilasovck@imdb.com,Non-binary,95.10.251.95
454,Lyndsey,Aleksich,laleksichcl@behance.net,Female,133.121.236.103
455,Hedwiga,Adshed,hadshedcm@cdbaby.com,Female,239.42.121.208
456,Rosemonde,Bootell,rbootellcn@globo.com,Female,153.60.124.162
457,Mycah,Thonason,mthonasonco@ow.ly,Male,79.57.60.117
458,Katleen,Newcome,knewcomecp@adobe.com,Female,61.22.23.87
459,Dav,Fassam,dfassamcq@amazon.de,Male,65.201.220.139
460,Bernita,Cometto,bcomettocr@diigo.com,Female,107.72.131.47
461,Nicko,Skyrm,nskyrmcs@illinois.edu,Male,160.6.219.139
462,Innis,Auten,iautenct@chron.com,Male,176.177.96.51
463,Wilbert,Absolon,wabsoloncu@unblog.fr,Male,177.91.144.103
464,Bondon,Logie,blogiecv@geocities.com,Male,184.0.157.77
465,Vyky,Doree,vdoreecw@businessweek.com,Female,255.236.195.36
466,Roberta,Middlemiss,rmiddlemisscx@flickr.com,Female,59.229.94.45
467,Malinda,Pugsley,mpugsleycy@nps.gov,Female,238.234.6.47
468,Farley,Laviss,flavisscz@joomla.org,Male,237.25.125.142
469,Brit,Renbold,brenboldd0@indiatimes.com,Female,70.93.150.127
470,Damara,Copelli,dcopellid1@upenn.edu,Female,164.246.37.226
471,Kinnie,Wormell,kwormelld2@ning.com,Male,88.224.127.81
472,Katrina,Gawith,kgawithd3@networkadvertising.org,Bigender,244.219.62.35
473,Parker,Norsister,pnorsisterd4@moonfruit.com,Male,2.92.227.26
474,Carr,Spinola,cspinolad5@etsy.com,Male,5.114.193.39
475,Lindsy,McIndoe,lmcindoed6@artisteer.com,Female,67.130.4.176
476,Alphonse,Tolotti,atolottid7@sun.com,Male,97.124.244.28
477,Karla,Brinkworth,kbrinkworthd8@ow.ly,Female,99.204.179.236
478,Misti,Cardoso,mcardosod9@vkontakte.ru,Female,62.8.40.202
479,Lance,Aberkirder,laberkirderda@meetup.com,Male,29.206.24.23
480,Sayres,Lant,slantdb@e-recht24.de,Male,48.19.159.92
481,Emelia,Proudley,eproudleydc@blog.com,Female,165.209.200.26
482,Eustace,Davitashvili,edavitashvilidd@icio.us,Male,31.10.216.106
483,Kyle,Cancellieri,kcancellieride@oakley.com,Female,229.205.9.205
484,Melisa,Kalker,mkalkerdf@nasa.gov,Female,93.14.134.115
485,Geneva,M'Quharg,gmquhargdg@github.io,Female,59.210.182.64
486,Cinnamon,Pinkard,cpinkarddh@ucoz.com,Female,45.7.184.131
487,Barron,Daddow,bdaddowdi@google.ru,Male,5.215.200.46
488,Marabel,Fussie,mfussiedj@constantcontact.com,Female,5.234.109.33
489,Frankie,Leathes,fleathesdk@printfriendly.com,Female,149.44.79.18
490,Derick,Greenshields,dgreenshieldsdl@mashable.com,Male,196.102.192.249
491,Mattie,Hindge,mhindgedm@bandcamp.com,Female,40.238.156.83
492,Raine,Barta,rbartadn@uol.com.br,Agender,246.168.64.34
493,Melisse,Busby,mbusbydo@seesaa.net,Female,17.165.93.90
494,Jesus,Ivanishchev,jivanishchevdp@fotki.com,Male,189.241.74.173
495,Rudiger,MacCaughey,rmaccaugheydq@census.gov,Male,182.245.217.40
496,Natka,Franz-Schoninger,nfranzschoningerdr@reddit.com,Female,1.30.178.173
497,Dode,Saville,dsavilleds@oracle.com,Female,39.8.79.1
498,Willi,Latchford,wlatchforddt@nhs.uk,Male,160.245.255.10
499,Dario,Jude,djudedu@ucoz.ru,Male,175.59.52.173
500,Amye,Goodinge,agoodingedv@adobe.com,Female,210.203.198.104
501,Kelby,McKerrow,kmckerrowdw@123-reg.co.uk,Male,129.182.46.164
502,Jarvis,Moralas,jmoralasdx@cnn.com,Male,163.124.106.123
503,Anita,MacUchadair,amacuchadairdy@prnewswire.com,Female,176.160.158.134
504,Lev,Jakeman,ljakemandz@xrea.com,Male,69.147.45.21
505,Glynnis,Devonald,gdevonalde0@examiner.com,Female,144.113.195.244
506,Emmey,Culkin,eculkine1@furl.net,Female,19.200.243.73
507,Lorne,Silber,lsilbere2@google.cn,Male,12.186.142.165
508,Alika,Henighan,ahenighane3@bravesites.com,Female,229.207.230.191
509,Carmella,Phinnis,cphinnise4@marriott.com,Female,103.91.237.88
510,Renard,Tilston,rtilstone5@weibo.com,Genderqueer,63.252.254.245
511,Oates,Kingstne,okingstnee6@youku.com,Male,184.7.236.23
512,Nehemiah,Garret,ngarrete7@blinklist.com,Male,210.23.207.14
513,Randell,Cheal,rcheale8@sun.com,Male,59.160.101.27
514,Anson,Bester,abestere9@barnesandnoble.com,Bigender,199.124.33.102
515,Carl,Meadway,cmeadwayea@hao123.com,Non-binary,98.39.193.153
516,Astra,Trill,atrilleb@simplemachines.org,Female,74.105.21.144
517,Melany,Daintree,mdaintreeec@nhs.uk,Female,165.64.42.81
518,Tallou,Bothe,tbotheed@behance.net,Female,165.138.131.21
519,Creigh,Bode,cbodeee@trellian.com,Male,42.227.185.228
520,Urbano,Pickover,upickoveref@dell.com,Polygender,85.95.21.99
521,Fay,Arrigo,farrigoeg@mozilla.com,Female,117.50.103.109
522,My,Longstaff,mlongstaffeh@slate.com,Male,139.203.102.7
523,Lura,Gallymore,lgallymoreei@scribd.com,Female,51.33.17.153
524,Kermit,Dalzell,kdalzellej@webs.com,Male,40.109.80.146
525,Malorie,Barlass,mbarlassek@oaic.gov.au,Female,35.210.199.108
526,Ross,Mounce,rmounceel@booking.com,Genderqueer,218.135.121.238
527,Ewen,Gatenby,egatenbyem@live.com,Male,225.20.113.226
528,Lian,Sea,lseaen@t-online.de,Female,155.249.118.40
529,Deane,Dreelan,ddreelaneo@princeton.edu,Male,13.40.76.250
530,Theda,Biever,tbieverep@tuttocitta.it,Female,166.102.186.2
531,Opal,Auchterlonie,oauchterlonieeq@yandex.ru,Female,247.52.131.143
532,Eveline,Pinck,epincker@etsy.com,Female,70.16.194.68
533,Reta,Petrulis,rpetrulises@vkontakte.ru,Female,46.101.212.157
534,Loella,Duke,ldukeet@omniture.com,Female,208.193.194.47
535,Rivy,Lighton,rlightoneu@boston.com,Female,227.223.5.211
536,Dietrich,Duxbury,dduxburyev@123-reg.co.uk,Male,7.32.92.74
537,Myrta,Fishburn,mfishburnew@pcworld.com,Female,53.152.186.57
538,Analise,Thornton-Dewhirst,athorntondewhirstex@fc2.com,Female,60.200.88.83
539,Jennilee,Gurnett,jgurnettey@issuu.com,Female,115.82.95.50
540,Becka,Machent,bmachentez@yellowpages.com,Genderqueer,120.181.44.17
541,Renaldo,Whopples,rwhopplesf0@technorati.com,Male,140.48.167.49
542,Cornall,Lushey,clusheyf1@shutterfly.com,Bigender,86.236.213.169
543,Saundra,Arnowitz,sarnowitzf2@joomla.org,Male,158.13.112.244
544,Harry,Kunzler,hkunzlerf3@elegantthemes.com,Polygender,190.37.143.86
545,Matias,Croizier,mcroizierf4@bluehost.com,Male,108.253.123.204
546,Neils,Courtney,ncourtneyf5@cbc.ca,Male,249.156.245.244
547,Annadiana,Fenemore,afenemoref6@slashdot.org,Polygender,64.227.207.165
548,Janella,Perotti,jperottif7@ucoz.ru,Female,195.210.155.24
549,Ely,Birkenshaw,ebirkenshawf8@tiny.cc,Male,222.68.79.17
550,Westbrook,Fawltey,wfawlteyf9@yelp.com,Male,70.254.255.141
551,Karim,Spollen,kspollenfa@europa.eu,Male,27.59.210.36
552,Kerstin,Dewan,kdewanfb@plala.or.jp,Female,234.154.109.60
553,Jenica,Pierton,jpiertonfc@ucoz.ru,Female,103.83.248.169
554,Jaye,Lashford,jlashfordfd@businessinsider.com,Male,207.71.88.66
555,Lebbie,Wheeldon,lwheeldonfe@nbcnews.com,Female,228.246.4.100
556,Deane,Matthensen,dmatthensenff@telegraph.co.uk,Male,132.248.126.220
557,Jermain,Duthie,jduthiefg@nps.gov,Male,228.27.94.208
558,Dela,Macrow,dmacrowfh@geocities.jp,Female,182.107.243.15
559,Stoddard,Fassbindler,sfassbindlerfi@ucoz.ru,Genderqueer,44.185.221.229
560,Grethel,Jermin,gjerminfj@mayoclinic.com,Female,96.66.201.205
561,Sonnie,Coneybeare,sconeybearefk@symantec.com,Male,139.52.214.22
562,Filippa,Brabban,fbrabbanfl@soup.io,Female,76.246.163.181
563,Wang,O'Driscoll,wodriscollfm@google.ru,Male,124.103.246.64
564,Juliann,Dondon,jdondonfn@scientificamerican.com,Female,123.207.204.100
565,Griffy,Danby,gdanbyfo@sciencedirect.com,Male,198.131.240.69
566,Gibby,Tollemache,gtollemachefp@google.com.hk,Male,58.218.201.88
567,Hart,Dickenson,hdickensonfq@liveinternet.ru,Male,114.38.102.164
568,Torry,Channon,tchannonfr@twitter.com,Male,125.159.237.254
569,Patty,Lacknor,placknorfs@time.com,Male,180.252.211.183
570,Guillemette,Curtoys,gcurtoysft@symantec.com,Female,107.39.109.209
571,Sharyl,McKeown,smckeownfu@buzzfeed.com,Female,107.247.110.167
572,Andras,Camble,acamblefv@exblog.jp,Male,93.105.154.122
573,Clair,Ghiron,cghironfw@illinois.edu,Female,82.44.4.169
574,Dulcine,Housecroft,dhousecroftfx@cbslocal.com,Female,122.149.83.37
575,Fallon,Mila,fmilafy@ucoz.ru,Non-binary,156.158.49.175
576,Corney,Eddoes,ceddoesfz@bravesites.com,Male,183.86.4.5
577,Ilysa,Wotton,iwottong0@google.com.au,Female,67.159.227.172
578,Kalle,Fretson,kfretsong1@merriam-webster.com,Male,188.19.59.75
579,Clemence,Dykins,cdykinsg2@globo.com,Female,231.138.122.238
580,Goddard,Pinkett,gpinkettg3@networkadvertising.org,Male,174.2.239.92
581,Laurel,Burstowe,lburstoweg4@t-online.de,Female,193.252.240.230
582,Aurelie,Moulds,amouldsg5@craigslist.org,Female,244.119.189.186
583,Zacharie,Hodgets,zhodgetsg6@mashable.com,Male,131.54.226.157
584,Josefina,Jon,jjong7@gnu.org,Female,105.135.39.20
585,Leonard,Mc Meekan,lmcmeekang8@cam.ac.uk,Male,220.140.197.77
586,Shea,Atcherley,satcherleyg9@fc2.com,Male,22.208.223.103
587,Liana,Sainsberry,lsainsberryga@who.int,Female,180.131.144.155
588,Meaghan,Podd,mpoddgb@tumblr.com,Female,124.68.35.208
589,Abe,Caudelier,acaudeliergc@hostgator.com,Polygender,246.133.132.31
590,Ivonne,Lanphier,ilanphiergd@usa.gov,Agender,61.166.115.233
591,Amye,Wreak,awreakge@google.ru,Genderfluid,41.45.76.219
592,Caro,Cantrell,ccantrellgf@illinois.edu,Female,210.207.53.48
593,Christy,M'Chirrie,cmchirriegg@ustream.tv,Male,59.92.46.133
594,Madelene,Brickdale,mbrickdalegh@mashable.com,Female,138.172.83.171
595,Buddie,Gellan,bgellangi@mail.ru,Male,37.4.182.24
596,Amalita,Crannage,acrannagegj@sitemeter.com,Female,0.114.35.120
597,Madonna,Abram,mabramgk@fda.gov,Female,187.172.230.132
598,Garv,Swafield,gswafieldgl@parallels.com,Male,201.0.40.133
599,Alric,Sacase,asacasegm@devhub.com,Male,183.192.93.69
600,Melessa,Stone Fewings,mstonefewingsgn@seesaa.net,Female,194.1.79.165
601,Ardine,Slogrove,aslogrovego@telegraph.co.uk,Female,190.197.115.24
602,Laird,Birden,lbirdengp@bizjournals.com,Male,222.120.107.101
603,Fabien,Abriani,fabrianigq@biglobe.ne.jp,Male,108.159.104.185
604,Ardys,Walenta,awalentagr@slate.com,Female,55.14.56.104
605,Galina,McNeish,gmcneishgs@discuz.net,Female,242.12.54.235
606,Scarface,Mordue,smorduegt@umn.edu,Male,9.242.140.128
607,Angel,Kelshaw,akelshawgu@wisc.edu,Agender,183.43.134.1
608,Merl,Rzehorz,mrzehorzgv@networksolutions.com,Female,254.77.137.112
609,Joe,Addionisio,jaddionisiogw@myspace.com,Male,61.210.166.198
610,Roderic,Skilton,rskiltongx@sun.com,Male,38.8.67.37
611,Blair,Mulvy,bmulvygy@fda.gov,Male,138.52.251.24
612,Mary,Baccas,mbaccasgz@bbb.org,Female,203.49.212.120
613,Lolita,Callaby,lcallabyh0@fda.gov,Female,110.157.46.173
614,Friedrich,Brownhall,fbrownhallh1@wikimedia.org,Male,89.41.80.166
615,Pip,Hanniger,phannigerh2@smh.com.au,Male,239.192.220.9
616,Burt,Champley,bchampleyh3@opera.com,Male,230.159.222.207
617,Olly,Erley,oerleyh4@t-online.de,Genderqueer,18.35.102.99
618,Nannette,Bhar,nbharh5@technorati.com,Female,136.136.234.145
619,Timoteo,Mothersdale,tmothersdaleh6@microsoft.com,Male,127.207.179.204
620,Thane,Housiaux,thousiauxh7@stanford.edu,Male,197.74.101.34
621,Jase,Fowles,jfowlesh8@opera.com,Male,149.150.87.197
622,Minnaminnie,Rodda,mroddah9@narod.ru,Female,138.24.151.177
623,Vicki,Dallas,vdallasha@mapy.cz,Female,136.155.75.153
624,Maryl,Wollard,mwollardhb@eventbrite.com,Female,9.36.131.124
625,Caprice,Poles,cpoleshc@eventbrite.com,Female,6.114.183.172
626,Lonee,Davidou,ldavidouhd@histats.com,Female,225.94.151.9
627,Dev,Crichmer,dcrichmerhe@smh.com.au,Male,6.232.164.73
628,Jimmie,MacVean,jmacveanhf@disqus.com,Male,219.11.18.91
629,Helen,Lidgley,hlidgleyhg@livejournal.com,Agender,134.7.210.183
630,Karlotta,Amsden,kamsdenhh@redcross.org,Female,36.213.101.38
631,Welbie,Conahy,wconahyhi@simplemachines.org,Male,143.6.165.236
632,Stearne,Goodsall,sgoodsallhj@mediafire.com,Male,224.230.251.164
633,Paquito,Gaunt,pgaunthk@joomla.org,Male,61.143.160.76
634,Alidia,Adamson,aadamsonhl@wisc.edu,Female,250.58.12.170
635,Duane,O'Scully,doscullyhm@bigcartel.com,Male,207.85.77.233
636,Mitchel,Tirkin,mtirkinhn@ft.com,Male,100.131.28.227
637,Britt,Dohr,bdohrho@irs.gov,Female,31.115.172.149
638,Delcine,Juett,djuetthp@wikispaces.com,Female,99.54.222.199
639,John,Macias,jmaciashq@sfgate.com,Male,177.11.113.193
640,Kitty,Stubbes,kstubbeshr@dagondesign.com,Female,103.240.97.40
641,Huntington,McKissack,hmckissackhs@timesonline.co.uk,Male,189.199.28.127
642,Papagena,Bellson,pbellsonht@kickstarter.com,Female,126.59.193.77
643,Pearla,Markwell,pmarkwellhu@nbcnews.com,Female,96.201.165.108
644,Brynne,Pithie,bpithiehv@apache.org,Female,49.160.166.175
645,Brandy,Scotfurth,bscotfurthhw@sciencedaily.com,Female,227.200.201.161
646,Wilt,Jindacek,wjindacekhx@census.gov,Male,37.94.127.146
647,Melly,Allberry,mallberryhy@nationalgeographic.com,Female,3.220.222.8
648,Mel,Arnopp,marnopphz@thetimes.co.uk,Male,50.185.252.88
649,Rodge,Nias,rniasi0@addthis.com,Male,220.143.42.191
650,Reece,Machan,rmachani1@virginia.edu,Male,158.112.231.196
651,Jess,Quelch,jquelchi2@oakley.com,Female,225.99.24.16
652,Con,Marns,cmarnsi3@scientificamerican.com,Female,115.187.67.120
653,Zandra,Arnoldi,zarnoldii4@msn.com,Female,208.110.145.217
654,Elvina,Ary,earyi5@comcast.net,Genderfluid,144.73.40.115
655,Ruperto,Cervantes,rcervantesi6@hostgator.com,Male,46.19.197.254
656,Keri,Meys,kmeysi7@umn.edu,Female,46.245.227.20
657,Fenelia,Sandcroft,fsandcrofti8@businesswire.com,Female,57.239.219.41
658,Ninnetta,Froment,nfromenti9@amazon.co.jp,Female,222.175.157.181
659,Marrissa,Penning,mpenningia@aboutads.info,Female,114.123.208.240
660,Guillermo,Garwood,ggarwoodib@diigo.com,Male,168.126.37.208
661,Emile,Scarman,escarmanic@cornell.edu,Male,35.46.63.103
662,Elysha,de Savery,edesaveryid@cbsnews.com,Female,221.72.63.119
663,Bancroft,Waterdrinker,bwaterdrinkerie@ca.gov,Male,175.27.122.41
664,Tomi,Carrabott,tcarrabottif@t-online.de,Female,118.139.104.68
665,Nevin,Paff,npaffig@wikia.com,Male,197.78.250.251
666,Bambie,Matczak,bmatczakih@flavors.me,Female,7.127.203.224
667,Courtnay,Hatliff,chatliffii@bbb.org,Male,238.246.143.59
668,Zebadiah,Rubenczyk,zrubenczykij@goo.gl,Male,116.127.3.35
669,Sherwynd,Elcome,selcomeik@cmu.edu,Male,189.111.133.192
670,Corby,Lawler,clawleril@comcast.net,Bigender,252.95.242.154
671,Dory,Duffil,dduffilim@thetimes.co.uk,Agender,227.103.90.23
672,Daniella,Drakes,ddrakesin@va.gov,Agender,55.93.180.40
673,Ezri,Gartin,egartinio@devhub.com,Male,27.243.41.228
674,Annelise,Androlli,aandrolliip@domainmarket.com,Genderfluid,201.35.150.129
675,Garrick,Stolte,gstolteiq@alexa.com,Male,241.132.67.145
676,Trevor,Dobkin,tdobkinir@archive.org,Male,20.246.99.113
677,Gardener,Bartholomew,gbartholomewis@unesco.org,Male,192.165.235.243
678,Alikee,Asker,aaskerit@jugem.jp,Female,86.82.88.150
679,Thatcher,McNysche,tmcnyscheiu@tinypic.com,Male,3.244.60.236
680,Les,Shilstone,lshilstoneiv@youku.com,Male,30.63.129.217
681,Angus,Wilsher,awilsheriw@hhs.gov,Male,147.175.105.248
682,Solomon,Dewdney,sdewdneyix@reverbnation.com,Male,249.120.117.196
683,Jard,Stubbins,jstubbinsiy@hp.com,Male,57.194.132.154
684,Jobie,Bodell,jbodelliz@hostgator.com,Female,148.123.19.172
685,Serena,Kilian,skilianj0@wikia.com,Genderfluid,151.227.225.61
686,Janet,Timberlake,jtimberlakej1@microsoft.com,Female,97.76.239.134
687,Carolann,Boraston,cborastonj2@boston.com,Female,226.138.246.254
688,Kingston,Jubert,kjubertj3@artisteer.com,Male,132.255.179.132
689,Cheri,Bigmore,cbigmorej4@wufoo.com,Female,144.156.166.100
690,Leonhard,Di Dello,ldidelloj5@webnode.com,Male,135.67.109.205
691,Reta,Gallihawk,rgallihawkj6@wiley.com,Female,232.169.110.175
692,Florian,Rolfs,frolfsj7@qq.com,Genderfluid,124.226.29.52
693,Marice,Coopey,mcoopeyj8@bigcartel.com,Bigender,103.184.107.51
694,Damiano,Evamy,devamyj9@hibu.com,Male,11.63.1.207
695,Pamelina,Coppledike,pcoppledikeja@cargocollective.com,Female,158.253.19.129
696,Julietta,Hellin,jhellinjb@opensource.org,Female,226.152.48.238
697,Raoul,McGlaud,rmcglaudjc@trellian.com,Male,139.2.46.246
698,Yves,Manus,ymanusjd@elpais.com,Male,75.112.33.229
699,Robby,Cahn,rcahnje@microsoft.com,Male,185.200.24.248
700,Veradis,McGreay,vmcgreayjf@1688.com,Female,22.53.155.142
701,Douglass,Comini,dcominijg@statcounter.com,Male,146.198.59.234
702,Electra,Saxelby,esaxelbyjh@ihg.com,Female,63.56.22.185
703,Adrea,Oxbe,aoxbeji@cloudflare.com,Female,183.180.192.71
704,Corrine,Bossons,cbossonsjj@wikia.com,Female,5.226.56.242
705,Donny,Obispo,dobispojk@nba.com,Male,243.1.180.61
706,Gene,De Gouy,gdegouyjl@miitbeian.gov.cn,Male,159.4.113.99
707,Gregor,Schruurs,gschruursjm@github.com,Male,34.95.173.80
708,Gray,O'Lochan,golochanjn@elegantthemes.com,Polygender,50.119.91.144
709,Shayne,Haysey,shayseyjo@booking.com,Female,59.128.191.154
710,Rodolph,Catley,rcatleyjp@tripadvisor.com,Male,24.172.136.119
711,Morgen,Richmond,mrichmondjq@nsw.gov.au,Female,199.217.17.12
712,Malorie,Attenborough,mattenboroughjr@exblog.jp,Female,71.204.185.130
713,Marguerite,Lanfere,mlanferejs@networksolutions.com,Female,13.221.154.253
714,Baily,MacElroy,bmacelroyjt@yolasite.com,Male,183.94.179.39
715,Nicol,Rush,nrushju@bloglines.com,Genderqueer,140.2.138.71
716,Arv,Dearnaly,adearnalyjv@fda.gov,Non-binary,65.204.67.140
717,Lonnard,Flannigan,lflanniganjw@shutterfly.com,Male,6.213.21.170
718,Meghan,Dart,mdartjx@vk.com,Female,48.241.60.191
719,Xymenes,Nell,xnelljy@google.pl,Male,191.254.200.12
720,Yehudit,Veldstra,yveldstrajz@wikipedia.org,Male,64.14.64.46
721,Kevina,Mary,kmaryk0@constantcontact.com,Female,27.124.90.163
722,Martha,Rohfsen,mrohfsenk1@altervista.org,Female,240.72.171.174
723,Salli,Laurenzi,slaurenzik2@vkontakte.ru,Female,243.81.242.150
724,Arley,Fitzsimon,afitzsimonk3@japanpost.jp,Non-binary,61.157.143.112
725,Astra,Battany,abattanyk4@ca.gov,Female,82.230.135.153
726,Eward,Long,elongk5@umn.edu,Male,111.106.245.19
727,Jakie,Jandl,jjandlk6@ihg.com,Male,79.121.31.72
728,Jeff,Vanezis,jvanezisk7@opera.com,Male,38.226.129.103
729,Rosy,Coey,rcoeyk8@businessweek.com,Female,114.18.97.161
730,Shepperd,Sivior,ssiviork9@istockphoto.com,Male,107.100.55.187
731,Joanna,Nettleship,jnettleshipka@mozilla.org,Female,43.159.219.102
732,Agata,Daleman,adalemankb@phpbb.com,Genderqueer,73.121.71.192
733,Demott,Benley,dbenleykc@oaic.gov.au,Male,42.205.121.123
734,Kinsley,Buscombe,kbuscombekd@ucla.edu,Male,117.34.137.122
735,Malorie,Scough,mscoughke@accuweather.com,Female,186.148.6.79
736,Lazaro,Yakubov,lyakubovkf@tumblr.com,Male,180.87.179.138
737,Bobbee,Clacson,bclacsonkg@patch.com,Female,219.204.148.210
738,Fields,MacAndreis,fmacandreiskh@ox.ac.uk,Male,185.234.237.155
739,Enos,Legat,elegatki@webs.com,Male,162.26.178.47
740,Bevin,Leedal,bleedalkj@bluehost.com,Male,239.16.73.6
741,Garry,Vondra,gvondrakk@usda.gov,Male,208.154.191.187
742,Elizabet,Cheale,echealekl@craigslist.org,Female,52.91.157.30
743,Christophe,Serrier,cserrierkm@timesonline.co.uk,Male,99.208.197.155
744,Rosella,M'Barron,rmbarronkn@tinypic.com,Female,217.139.64.85
745,Enos,Wyant,ewyantko@howstuffworks.com,Male,41.61.62.74
746,Riva,Fredi,rfredikp@chronoengine.com,Female,223.254.156.32
747,Susy,Finnigan,sfinnigankq@cbslocal.com,Female,184.8.191.9
748,Stefan,Vina,svinakr@netscape.com,Male,181.1.252.243
749,Ardys,Conibere,aconibereks@bandcamp.com,Female,185.58.130.40
750,Ryon,Broadnicke,rbroadnickekt@kickstarter.com,Male,239.198.113.109
751,Gideon,Riddall,griddallku@mediafire.com,Male,248.139.100.198
752,Bianca,La Batie,blabatiekv@eepurl.com,Female,195.116.120.145
753,Allard,Laidel,alaidelkw@hexun.com,Male,196.173.186.69
754,Aundrea,Copin,acopinkx@shutterfly.com,Female,174.128.173.46
755,Wendell,Oury,wouryky@ameblo.jp,Male,2.250.29.40
756,Robyn,Brierly,rbrierlykz@webmd.com,Female,125.4.182.179
757,Rebe,Dinneges,rdinnegesl0@rediff.com,Female,181.96.41.211
758,Bartlett,Matschoss,bmatschossl1@apple.com,Male,49.181.25.100
759,Aloisia,Desforges,adesforgesl2@flickr.com,Female,231.116.156.50
760,Walton,Inott,winottl3@dropbox.com,Male,238.25.238.57
761,Honor,Smitheman,hsmithemanl4@cafepress.com,Bigender,83.216.176.125
762,Charlot,Lowery,cloweryl5@chronoengine.com,Female,80.72.181.233
763,Lion,Saveall,lsavealll6@lycos.com,Male,108.201.90.14
764,Bil,Braycotton,bbraycottonl7@uol.com.br,Male,189.134.204.125
765,Shurlocke,Wyvill,swyvilll8@gmpg.org,Male,77.243.172.139
766,Donnell,Gronou,dgronoul9@nhs.uk,Male,181.121.41.135
767,Buck,Vandenhoff,bvandenhoffla@rediff.com,Male,135.154.152.188
768,Gifford,O'Hare,goharelb@newsvine.com,Male,225.73.154.167
769,Debora,O'Scanlon,doscanlonlc@dedecms.com,Female,240.234.169.84
770,Bernadette,Berrey,bberreyld@mail.ru,Female,29.140.189.210
771,Car,Slesser,cslesserle@smh.com.au,Male,64.243.176.234
772,Ash,Lineham,alinehamlf@photobucket.com,Male,215.0.37.168
773,Orel,Blockwell,oblockwelllg@domainmarket.com,Female,152.204.69.207
774,Babb,Sokill,bsokilllh@1und1.de,Female,193.152.119.163
775,Job,Saffle,jsaffleli@hexun.com,Male,144.40.231.208
776,Fonz,Antoshin,fantoshinlj@ebay.co.uk,Male,177.231.57.228
777,Nap,Forte,nfortelk@t.co,Male,136.69.65.19
778,Jenn,Klima,jklimall@nationalgeographic.com,Female,212.170.191.59
779,Ed,Nystrom,enystromlm@merriam-webster.com,Male,241.95.46.15
780,Rice,Klugel,rklugelln@barnesandnoble.com,Male,252.19.248.43
781,Kipp,Terrelly,kterrellylo@ow.ly,Male,223.61.240.248
782,Lion,Kupisz,lkupiszlp@wp.com,Male,211.130.104.8
783,Ashlan,Jowling,ajowlinglq@twitpic.com,Female,251.156.9.29
784,Laverne,Silver,lsilverlr@hibu.com,Female,42.23.207.157
785,Freddy,Hemphrey,fhemphreyls@google.com.hk,Female,243.222.74.152
786,Antonin,Klug,akluglt@icq.com,Agender,23.37.22.107
787,Shandie,Brychan,sbrychanlu@tamu.edu,Female,237.222.107.203
788,Bradley,Rames,brameslv@loc.gov,Male,101.242.5.13
789,Iseabal,Darlow,idarlowlw@skyrock.com,Female,144.97.163.34
790,Isaac,Winchester,iwinchesterlx@oaic.gov.au,Male,163.113.134.249
791,Nicolette,Tubb,ntubbly@sciencedirect.com,Female,80.119.102.216
792,Caril,Miroy,cmiroylz@kickstarter.com,Female,27.200.45.226
793,Camile,Nussey,cnusseym0@ucoz.com,Non-binary,39.7.70.26
794,Jayme,Attkins,jattkinsm1@dion.ne.jp,Female,249.106.99.218
795,Orson,Robillard,orobillardm2@jugem.jp,Male,26.52.84.199
796,Rea,Amphlett,ramphlettm3@tamu.edu,Female,232.243.207.172
797,Slade,Squirrel,ssquirrelm4@deliciousdays.com,Male,4.113.89.192
798,Elfie,Satterfitt,esatterfittm5@dropbox.com,Agender,27.64.209.211
799,Zena,Strathern,zstrathernm6@newsvine.com,Female,157.127.26.56
800,Babbette,Hitcham,bhitchamm7@independent.co.uk,Non-binary,31.110.108.156
801,Roanna,Duke,rdukem8@about.me,Female,134.39.246.250
802,Addi,Boud,aboudm9@ft.com,Female,106.34.16.19
803,Ingamar,Kanwell,ikanwellma@pagesperso-orange.fr,Genderqueer,197.146.74.20
804,Jessi,Duigenan,jduigenanmb@google.cn,Genderfluid,149.207.21.41
805,Ivor,Hobson,ihobsonmc@ft.com,Male,49.50.191.197
806,Giacomo,Creighton,gcreightonmd@phoca.cz,Male,54.157.70.71
807,Revkah,Guierre,rguierreme@comsenz.com,Agender,43.84.36.85
808,Reena,Yarwood,ryarwoodmf@dailymail.co.uk,Female,4.131.150.193
809,Bertrand,Slora,bsloramg@wordpress.org,Male,3.39.76.15
810,Nobie,Stitch,nstitchmh@ca.gov,Male,248.187.177.119
811,Filia,Sutehall,fsutehallmi@shutterfly.com,Female,32.194.43.0
812,Adelbert,Broodes,abroodesmj@google.com.br,Male,30.87.20.99
813,Cullen,Arnli,carnlimk@theatlantic.com,Male,145.101.138.55
814,Stearn,Ambrosetti,sambrosettiml@weebly.com,Male,128.162.110.55
815,Ediva,Fortnum,efortnummm@dropbox.com,Female,130.170.86.146
816,Maurits,Ginner,mginnermn@cocolog-nifty.com,Male,117.33.100.224
817,Whitby,Munkley,wmunkleymo@opera.com,Male,68.231.125.52
818,Letizia,Steinhammer,lsteinhammermp@theguardian.com,Bigender,135.81.184.200
819,Sammy,Ewan,sewanmq@discovery.com,Female,101.94.193.10
820,Iormina,Aindrais,iaindraismr@ning.com,Female,76.87.237.130
821,Orelie,McAvin,omcavinms@theglobeandmail.com,Bigender,120.49.230.28
822,Quent,Holtham,qholthammt@ca.gov,Male,181.55.167.8
823,Minta,Brenton,mbrentonmu@pagesperso-orange.fr,Female,204.79.215.69
824,Cully,Allman,callmanmv@histats.com,Male,180.72.219.176
825,Mauricio,Slide,mslidemw@blogspot.com,Genderqueer,37.73.247.128
826,Josee,Basil,jbasilmx@nhs.uk,Female,192.142.201.230
827,Wendel,Tremathick,wtremathickmy@myspace.com,Male,254.133.207.231
828,Garald,Thon,gthonmz@123-reg.co.uk,Male,103.201.154.45
829,Eamon,Bradburne,ebradburnen0@ehow.com,Male,248.46.112.202
830,Anni,Avramovich,aavramovichn1@toplist.cz,Female,216.236.135.220
831,Judy,Villar,jvillarn2@purevolume.com,Bigender,252.126.58.83
832,Bibi,Moncreif,bmoncreifn3@clickbank.net,Female,41.163.182.140
833,Marget,MacCostigan,mmaccostigann4@foxnews.com,Agender,7.192.43.73
834,Berenice,Reek,breekn5@homestead.com,Bigender,142.34.63.25
835,Lavena,Kermode,lkermoden6@hud.gov,Female,169.124.94.156
836,Margarette,Beloe,mbeloen7@t-online.de,Female,192.22.16.116
837,Godard,Tees,gteesn8@paginegialle.it,Male,214.116.177.210
838,Porter,Hackworthy,phackworthyn9@free.fr,Genderqueer,48.206.19.153
839,Cordey,Betho,cbethona@bloglovin.com,Agender,47.93.143.223
840,Granger,Forte,gfortenb@parallels.com,Male,188.212.148.42
841,Wallie,Koop,wkoopnc@dedecms.com,Male,229.243.32.2
842,Doralia,Mattaser,dmattasernd@unesco.org,Female,85.107.60.36
843,Clarisse,Sawley,csawleyne@zimbio.com,Female,104.205.230.213
844,Blair,Haywood,bhaywoodnf@irs.gov,Male,252.107.77.74
845,Beulah,Kondrachenko,bkondrachenkong@unesco.org,Genderqueer,158.102.37.203
846,Marve,Broschke,mbroschkenh@nih.gov,Male,40.3.127.87
847,Rooney,Ferre,rferreni@goo.gl,Polygender,4.107.242.237
848,Harrie,Tomik,htomiknj@washington.edu,Female,76.104.202.81
849,Ibrahim,Dell 'Orto,idellortonk@hatena.ne.jp,Male,5.113.73.178
850,Terese,Cardo,tcardonl@google.com.au,Female,96.169.86.147
851,Tabb,Twycross,ttwycrossnm@livejournal.com,Polygender,129.15.232.104
852,Cecile,Bayston,cbaystonnn@yellowbook.com,Female,206.45.16.2
853,Seamus,McCurt,smccurtno@intel.com,Male,177.226.246.69
854,Clerissa,Bellard,cbellardnp@a8.net,Female,16.21.102.3
855,Reynard,Courtois,rcourtoisnq@tiny.cc,Male,207.126.152.255
856,Emmey,Quaif,equaifnr@latimes.com,Female,45.151.205.106
857,Celeste,Dupree,cdupreens@nature.com,Genderqueer,68.232.222.62
858,Renae,Elsby,relsbynt@nasa.gov,Female,11.160.84.231
859,Ferdy,Macallam,fmacallamnu@nifty.com,Agender,114.129.204.86
860,Leonhard,Sabatier,lsabatiernv@ucla.edu,Male,133.235.121.252
861,Kath,Cleminshaw,kcleminshawnw@dropbox.com,Female,96.116.71.198
862,Loralie,Lazenby,llazenbynx@webs.com,Female,33.97.93.172
863,Mellisent,De Cleyne,mdecleyneny@vk.com,Female,114.114.184.107
864,Iosep,Capaldo,icapaldonz@list-manage.com,Male,172.98.144.208
865,Lonnard,Gravatt,lgravatto0@sun.com,Male,60.32.78.114
866,Tabb,Hacket,thacketo1@ovh.net,Male,102.75.178.233
867,Maxine,Etter,mettero2@weebly.com,Female,68.2.18.197
868,Gaspar,Szach,gszacho3@list-manage.com,Male,205.207.21.69
869,Tedie,Bunworth,tbunwortho4@wordpress.org,Polygender,145.27.39.207
870,Jillian,Gier,jgiero5@cdc.gov,Female,105.85.212.214
871,Artie,Bonniface,abonnifaceo6@about.com,Male,33.133.121.185
872,Ker,Manthorpe,kmanthorpeo7@51.la,Male,1.72.56.49
873,Cam,Angell,cangello8@house.gov,Female,82.112.30.145
874,Hayes,Ladbury,hladburyo9@toplist.cz,Male,219.3.123.6
875,Nichol,Faraker,nfarakeroa@friendfeed.com,Female,85.243.231.3
876,Pippo,Standage,pstandageob@skyrock.com,Male,234.37.239.255
877,Fionnula,Dytham,fdythamoc@admin.ch,Female,214.50.126.242
878,Cornela,Nudd,cnuddod@blogspot.com,Female,26.168.214.178
879,Ingaberg,Weal,iwealoe@ted.com,Female,189.14.104.12
880,Ludovika,Dyton,ldytonof@dell.com,Female,156.174.62.153
881,Rubetta,Sybbe,rsybbeog@discuz.net,Female,157.33.156.4
882,Kit,Koche,kkocheoh@prlog.org,Male,100.3.8.12
883,Dud,Magowan,dmagowanoi@vimeo.com,Genderfluid,243.76.252.76
884,Mile,Grooby,mgroobyoj@google.es,Male,54.36.178.230
885,Valentine,Husbands,vhusbandsok@auda.org.au,Female,36.198.129.243
886,Caritta,Willder,cwillderol@homestead.com,Female,236.178.113.109
887,Sheffield,Branca,sbrancaom@cdc.gov,Male,103.171.163.47
888,Kenneth,Lebbern,klebbernon@surveymonkey.com,Male,196.221.22.138
889,Julina,Franzettoini,jfranzettoinioo@sitemeter.com,Female,148.255.33.33
890,Lezley,Jeavon,ljeavonop@howstuffworks.com,Male,157.12.66.27
891,Teddy,O'Crigan,tocriganoq@t.co,Female,119.68.189.222
892,Clem,Wyld,cwyldor@a8.net,Male,132.214.25.27
893,Mano,Hatto,mhattoos@reference.com,Male,38.89.235.255
894,Barbra,Gronav,bgronavot@imageshack.us,Female,143.223.84.243
895,Pansy,Greig,pgreigou@redcross.org,Non-binary,19.60.21.10
896,Leelah,Leverington,lleveringtonov@twitter.com,Female,85.254.200.6
897,Reba,Samsonsen,rsamsonsenow@youtube.com,Female,121.69.43.165
898,Bird,Girhard,bgirhardox@sbwire.com,Female,240.196.186.235
899,Flory,Sainsbury,fsainsburyoy@umn.edu,Male,18.134.204.245
900,Julianna,Persse,jpersseoz@ebay.com,Female,183.236.149.155
901,Darcie,Hover,dhoverp0@i2i.jp,Female,116.174.163.82
902,Aaren,Peeke-Vout,apeekevoutp1@hugedomains.com,Female,100.62.209.161
903,Bobbie,Marzelle,bmarzellep2@accuweather.com,Female,24.191.104.113
904,Nickey,Downse,ndownsep3@elpais.com,Male,58.114.25.49
905,Staffard,Shorland,sshorlandp4@yelp.com,Male,209.84.77.214
906,Betty,Tabour,btabourp5@parallels.com,Female,220.223.66.169
907,Ardys,Avent,aaventp6@tripod.com,Female,0.226.222.88
908,Chlo,MacNeish,cmacneishp7@acquirethisname.com,Female,98.48.246.129
909,Cordy,Calway,ccalwayp8@dion.ne.jp,Female,148.132.171.95
910,Bourke,Gages,bgagesp9@youku.com,Male,156.162.84.201
911,Mic,Mollitt,mmollittpa@sfgate.com,Male,37.170.24.150
912,Eleanora,Lascelles,elascellespb@buzzfeed.com,Female,148.25.112.22
913,Genni,Holt,gholtpc@ovh.net,Female,138.98.136.172
914,Yorgo,Lode,ylodepd@illinois.edu,Male,63.43.17.35
915,Darbee,Inker,dinkerpe@parallels.com,Male,243.118.108.253
916,Tammy,Gardiner,tgardinerpf@businessweek.com,Female,65.253.143.139
917,Deedee,Urwen,durwenpg@zimbio.com,Female,89.5.148.189
918,Malory,Gavriel,mgavrielph@moonfruit.com,Female,6.205.196.121
919,Kathy,Willerson,kwillersonpi@cbslocal.com,Female,69.223.96.92
920,Shep,Gasken,sgaskenpj@hugedomains.com,Male,141.8.75.220
921,Gannie,Thumann,gthumannpk@smh.com.au,Bigender,89.115.49.255
922,Alec,Bugden,abugdenpl@topsy.com,Male,226.238.220.4
923,Luise,Whartonby,lwhartonbypm@macromedia.com,Female,73.83.65.154
924,Ardelis,Dorrance,adorrancepn@netscape.com,Female,24.86.154.4
925,Legra,Jardein,ljardeinpo@sitemeter.com,Female,92.221.237.61
926,Fanya,Bricham,fbrichampp@hexun.com,Female,101.197.228.59
927,Chucho,Dwelly,cdwellypq@blogspot.com,Male,145.79.233.252
928,Holly,Hully,hhullypr@omniture.com,Male,100.81.51.159
929,Gianina,Tabner,gtabnerps@usnews.com,Female,43.72.88.39
930,Megen,Kiltie,mkiltiept@multiply.com,Female,63.147.198.246
931,Dreddy,Baston,dbastonpu@webmd.com,Female,48.184.191.206
932,Joelie,Rigglesford,jrigglesfordpv@geocities.com,Female,131.125.92.174
933,Yorgo,Minillo,yminillopw@mediafire.com,Male,69.227.173.210
934,Hashim,Josling,hjoslingpx@shinystat.com,Male,149.174.24.87
935,Giraud,Faro,gfaropy@ovh.net,Non-binary,19.52.251.151
936,Jackie,Juris,jjurispz@admin.ch,Female,149.144.5.78
937,Noll,Braid,nbraidq0@ovh.net,Male,136.133.142.129
938,Gavin,Baurerich,gbaurerichq1@toplist.cz,Male,113.59.58.62
939,Aubry,Waggatt,awaggattq2@flickr.com,Female,5.175.40.54
940,Benedick,Ashtonhurst,bashtonhurstq3@boston.com,Male,202.9.51.214
941,Sylvan,Bitchener,sbitchenerq4@woothemes.com,Male,148.153.11.29
942,Gabi,Antonich,gantonichq5@usgs.gov,Female,175.182.180.203
943,Malissa,Lorenzini,mlorenziniq6@sakura.ne.jp,Non-binary,89.67.247.255
944,Lacee,Ower,lowerq7@google.com.au,Female,42.235.221.216
945,Kimberly,Swettenham,kswettenhamq8@sogou.com,Female,202.36.53.58
946,Bree,Retchless,bretchlessq9@google.ru,Female,38.11.110.15
947,Ezechiel,Codi,ecodiqa@hud.gov,Non-binary,67.254.85.238
948,Pauline,Bruckstein,pbrucksteinqb@squarespace.com,Female,20.35.40.163
949,Moishe,Sterrie,msterrieqc@engadget.com,Male,180.76.213.87
950,Roxie,O' Borne,roborneqd@apache.org,Female,101.87.38.104
951,Mick,Prise,mpriseqe@is.gd,Male,153.67.50.53
952,Forester,MacCleay,fmaccleayqf@ox.ac.uk,Male,101.161.203.56
953,Lindsey,Ribou,lribouqg@pinterest.com,Female,55.82.11.206
954,Huntington,Bollans,hbollansqh@arizona.edu,Male,196.75.73.254
955,Ardene,Philippault,aphilippaultqi@noaa.gov,Female,224.202.177.31
956,Bengt,Kirke,bkirkeqj@123-reg.co.uk,Male,207.249.166.24
957,Alisun,Aronstam,aaronstamqk@hostgator.com,Female,22.169.45.21
958,Brier,Brien,bbrienql@networksolutions.com,Genderfluid,207.124.255.74
959,Jackie,Crump,jcrumpqm@etsy.com,Male,9.204.45.120
960,Archibaldo,Golland,agollandqn@istockphoto.com,Male,107.101.148.210
961,Alex,Rieme,ariemeqo@msn.com,Male,144.17.249.53
962,Zsazsa,Garrold,zgarroldqp@seesaa.net,Female,71.224.11.219
963,Emilia,Schapiro,eschapiroqq@youtu.be,Female,37.93.126.149
964,Shae,Strangeway,sstrangewayqr@sciencedirect.com,Male,26.133.101.207
965,Virgina,Showen,vshowenqs@vk.com,Female,118.100.168.207
966,Ollie,Checo,ochecoqt@statcounter.com,Female,7.32.86.43
967,Cyrus,Ondra,condraqu@google.ru,Male,40.227.5.84
968,Sianna,Clemow,sclemowqv@wikimedia.org,Female,210.223.58.102
969,Maje,Carrabott,mcarrabottqw@cdc.gov,Genderqueer,150.177.121.160
970,Berny,Cutmare,bcutmareqx@google.com,Genderfluid,245.72.48.215
971,Eduardo,Kemster,ekemsterqy@howstuffworks.com,Male,0.2.105.158
972,Benedicta,McGrorty,bmcgrortyqz@nytimes.com,Female,161.100.129.232
973,Carri,West-Frimley,cwestfrimleyr0@disqus.com,Female,226.29.242.47
974,Shaun,Hazelhurst,shazelhurstr1@mediafire.com,Male,143.198.124.115
975,Ciro,Ambresin,cambresinr2@bluehost.com,Male,133.201.88.0
976,Fax,Copcote,fcopcoter3@angelfire.com,Male,145.244.154.132
977,Kelsy,Rainbow,krainbowr4@time.com,Female,86.66.150.167
978,Gage,Springett,gspringettr5@opera.com,Genderqueer,0.105.236.146
979,Ancell,Dayly,adaylyr6@buzzfeed.com,Male,71.44.161.14
980,Case,Embleton,cembletonr7@multiply.com,Male,124.176.131.106
981,Vincents,Milberry,vmilberryr8@deliciousdays.com,Male,229.83.200.212
982,Flin,Balmann,fbalmannr9@google.it,Male,81.103.74.63
983,Lanette,Brownfield,lbrownfieldra@naver.com,Female,227.74.208.58
984,Valentia,Durtnel,vdurtnelrb@goodreads.com,Polygender,182.232.21.204
985,Annette,Allkins,aallkinsrc@cmu.edu,Female,164.178.163.249
986,Juline,Leeke,jleekerd@chronoengine.com,Female,124.225.245.219
987,Lilias,Ewenson,lewensonre@prweb.com,Female,168.167.228.234
988,Anestassia,Andreaccio,aandreacciorf@bigcartel.com,Female,105.130.5.228
989,Anna-diana,Wanka,awankarg@posterous.com,Female,240.196.130.203
990,Phil,Whitehurst,pwhitehurstrh@sohu.com,Female,225.27.209.56
991,Loni,Gravy,lgravyri@discuz.net,Female,70.226.177.210
992,Kahaleel,Mullinder,kmullinderrj@archive.org,Male,24.160.126.201
993,Chester,Hayesman,chayesmanrk@dagondesign.com,Male,196.197.231.175
994,Peggi,Kettlestring,pkettlestringrl@cocolog-nifty.com,Female,103.234.57.206
995,Linnet,Yeowell,lyeowellrm@prlog.org,Female,245.94.67.71
996,Kaitlynn,Rayer,krayerrn@usgs.gov,Female,208.78.236.203
997,Almira,Dugue,aduguero@reverbnation.com,Female,60.207.44.176
998,Briano,Haxbie,bhaxbierp@mtv.com,Male,18.119.203.250
999,Aubrey,Traviss,atravissrq@nsw.gov.au,Male,174.154.183.109
1000,Matt,Selcraig,mselcraigrr@amazon.com,Male,137.45.137.1
