id,first_name,last_name,email
1,Joycelin,Giraudot,jgiraudot0@bloglines.com
2,Melva,Gronous,mgronous1@fema.gov
3,Britni,Ravens,bravens2@about.me
4,Austin,Piatkowski,apiatkowski3@yahoo.co.jp
5,Steffie,Colbron,scolbron4@adobe.com
6,Dot,Brodhead,dbrodhead5@typepad.com
7,Marilee,Zanettini,mzanettini6@paypal.com
8,Yard,Kryszka,ykryszka7@ameblo.jp
9,Calhoun,Isacoff,cisacoff8@yahoo.co.jp
10,Reider,Meadway,rmeadway9@xinhuanet.com
11,Saundra,Melmoth,smelmotha@miibeian.gov.cn
12,Salli,Moreside,smoresideb@epa.gov
13,Teriann,Gosson,tgossonc@usda.gov
14,Bea,Cockshoot,bcockshootd@surveymonkey.com
15,Tadd,Duff,tduffe@kickstarter.com
16,Dani,Briddock,dbriddockf@nationalgeographic.com
17,Lexie,Riepel,lriepelg@dmoz.org
18,Olivier,Kain,okainh@drupal.org
19,Aylmar,Doeg,adoegi@disqus.com
20,Liane,Swalteridge,lswalteridgej@wikimedia.org
21,Mahmud,Laurence,mlaurencek@goo.ne.jp
22,Laurianne,Pickersail,lpickersaill@independent.co.uk
23,Bettye,Flacke,bflackem@artisteer.com
24,Miof mela,Jimson,mjimsonn@businessinsider.com
25,Herbert,Darcey,hdarceyo@seattletimes.com
26,Garry,Sherbourne,gsherbournep@twitpic.com
27,Pearl,Phillips,pphillipsq@cam.ac.uk
28,Christoforo,Speares,cspearesr@google.de
29,Consolata,Trafford,ctraffords@themeforest.net
30,Wallie,Telezhkin,wtelezhkint@craigslist.org
31,Grannie,Gawke,ggawkeu@economist.com
32,Olly,Syvret,osyvretv@usa.gov
33,Caye,Ely,celyw@cdbaby.com
34,Hayward,Skittle,hskittlex@epa.gov
35,Ade,Brigg,abriggy@spiegel.de
36,Joni,McRill,jmcrillz@msn.com
37,Ogdon,Janek,ojanek10@ftc.gov
38,Loren,Hebron,lhebron11@elegantthemes.com
39,Cristabel,Kellick,ckellick12@elegantthemes.com
40,Kirby,Bloy,kbloy13@go.com
41,Wendell,Salvati,wsalvati14@hatena.ne.jp
42,Jillayne,Wadeson,jwadeson15@microsoft.com
43,Sharla,Bunford,sbunford16@geocities.jp
44,Elissa,Routley,eroutley17@shareasale.com
45,Nanni,McCormick,nmccormick18@census.gov
46,Bar,Jacobowicz,bjacobowicz19@360.cn
47,Camilla,Scutt,cscutt1a@tiny.cc
48,Honey,MacVean,hmacvean1b@ftc.gov
49,Berti,Powdrell,bpowdrell1c@goo.gl
50,Ralph,Quant,rquant1d@hibu.com
51,Birdie,Merrall,bmerrall1e@digg.com
52,Jana,Brogi,jbrogi1f@deliciousdays.com
53,Grier,Dumphries,gdumphries1g@jugem.jp
54,Johny,Wiz,jwiz1h@blogger.com
55,Gretchen,Benet,gbenet1i@scribd.com
56,Dotti,Sommerville,dsommerville1j@gizmodo.com
57,Feliza,Bourchier,fbourchier1k@mit.edu
58,Malina,Blune,mblune1l@mlb.com
59,Bearnard,McKew,bmckew1m@dyndns.org
60,Gallard,Callinan,gcallinan1n@mtv.com
61,Ali,Ygou,aygou1o@google.com.hk
62,Brietta,Bartolic,bbartolic1p@latimes.com
63,Shoshana,Hagerty,shagerty1q@walmart.com
64,Dewey,Taks,dtaks1r@google.ca
65,Friedrick,Waggett,fwaggett1s@mashable.com
66,Zonda,Everington,zeverington1t@whitehouse.gov
67,Shawna,Inchcomb,sinchcomb1u@mail.ru
68,Ronnie,Grob,rgrob1v@bbc.co.uk
69,Daniele,McKennan,dmckennan1w@miitbeian.gov.cn
70,Cathe,Titman,ctitman1x@mtv.com
71,Godiva,Shirley,gshirley1y@sohu.com
72,Roxane,Wyndham,rwyndham1z@vistaprint.com
73,Sonnie,Simmons,ssimmons20@thetimes.co.uk
74,Joe,Menham,jmenham21@delicious.com
75,Clemmie,Matschke,cmatschke22@1und1.de
76,Aylmar,Cortez,acortez23@google.nl
77,Flossi,Walasik,fwalasik24@ameblo.jp
78,Derril,Queyeiro,dqueyeiro25@ed.gov
79,Ludwig,Favela,lfavela26@hud.gov
80,Frankie,Oakton,foakton27@washington.edu
81,Dennison,Zuann,dzuann28@mtv.com
82,Peri,Fost,pfost29@patch.com
83,Gawen,Sweett,gsweett2a@virginia.edu
84,Nonah,Copyn,ncopyn2b@slashdot.org
85,Mikael,Biskupek,mbiskupek2c@photobucket.com
86,Gusella,Feighney,gfeighney2d@nih.gov
87,Regina,Lohden,rlohden2e@google.nl
88,Victor,Scurrer,vscurrer2f@opensource.org
89,Findley,Leming,fleming2g@51.la
90,Ignace,Connolly,iconnolly2h@weebly.com
91,Ailee,Kisbey,akisbey2i@whitehouse.gov
92,Raleigh,Leeuwerink,rleeuwerink2j@simplemachines.org
93,Elsey,Winfindine,ewinfindine2k@miibeian.gov.cn
94,Francesco,Glantz,fglantz2l@fema.gov
95,Reagen,Nealy,rnealy2m@theglobeandmail.com
96,Ailina,Low,alow2n@sakura.ne.jp
97,Tracie,Robilart,trobilart2o@over-blog.com
98,Daile,Soffe,dsoffe2p@gmpg.org
99,Jazmin,Rennison,jrennison2q@delicious.com
100,Karna,Rampage,krampage2r@printfriendly.com
101,Adi,Blowick,ablowick2s@wikimedia.org
102,Upton,Tree,utree2t@tiny.cc
103,Ilene,Pedley,ipedley2u@harvard.edu
104,Christie,Hetterich,chetterich2v@blogs.com
105,Quent,Levison,qlevison2w@epa.gov
106,Kile,Powder,kpowder2x@posterous.com
107,Tish,Brehaut,tbrehaut2y@gmpg.org
108,Val,Rome,vrome2z@loc.gov
109,Miner,Selwyne,mselwyne30@yellowbook.com
110,Boigie,Gemelli,bgemelli31@cornell.edu
111,Blakeley,Diglin,bdiglin32@amazon.com
112,Tiffany,Sherrard,tsherrard33@chronoengine.com
113,Elnore,Goymer,egoymer34@stanford.edu
114,Iormina,Muggleton,imuggleton35@cisco.com
115,Hedda,McCleod,hmccleod36@t-online.de
116,Enoch,Souter,esouter37@tumblr.com
117,Daffie,Hards,dhards38@reference.com
118,Bradney,Roddan,broddan39@craigslist.org
119,Maxie,Bramelt,mbramelt3a@washington.edu
120,Calv,Sterley,csterley3b@aol.com
121,Wye,Mallen,wmallen3c@t-online.de
122,Corty,Durber,cdurber3d@ft.com
123,Darelle,Kocher,dkocher3e@aol.com
124,Danella,Sigart,dsigart3f@blogs.com
125,Bancroft,Bett,bbett3g@accuweather.com
126,Callie,Shorto,cshorto3h@netlog.com
127,Ivor,Tinman,itinman3i@example.com
128,Halley,Janku,hjanku3j@timesonline.co.uk
129,Jackson,Stanion,jstanion3k@apache.org
130,Kelcy,Waddams,kwaddams3l@mashable.com
131,Babbie,Mowsley,bmowsley3m@netlog.com
132,Ethelind,Ferrario,eferrario3n@baidu.com
133,Farrel,Ommanney,fommanney3o@house.gov
134,Alphard,Rableau,arableau3p@xrea.com
135,Samara,Tosh,stosh3q@opensource.org
136,Elwira,Pochet,epochet3r@epa.gov
137,Nelia,Hupka,nhupka3s@soundcloud.com
138,Patrizia,Fetteplace,pfetteplace3t@fc2.com
139,Leonanie,Stendell,lstendell3u@engadget.com
140,Carolyn,Saw,csaw3v@uiuc.edu
141,Deeyn,Bool,dbool3w@meetup.com
142,Bowie,Harriman,bharriman3x@1688.com
143,Bard,Jacobsson,bjacobsson3y@histats.com
144,Amalea,Spelling,aspelling3z@tinypic.com
145,Filide,Filipowicz,ffilipowicz40@opera.com
146,Letty,Durek,ldurek41@trellian.com
147,Quillan,Gilluley,qgilluley42@fastcompany.com
148,Vanny,Broxton,vbroxton43@tuttocitta.it
149,Margette,Simms,msimms44@google.cn
150,Jenni,Titman,jtitman45@sciencedaily.com
151,Giustina,Pembry,gpembry46@eventbrite.com
152,Jacinthe,Govier,jgovier47@usatoday.com
153,Vita,Cordon,vcordon48@exblog.jp
154,Virgina,Rollo,vrollo49@army.mil
155,Lilian,Bartomieu,lbartomieu4a@techcrunch.com
156,Hamil,Blackleech,hblackleech4b@psu.edu
157,Zed,Lempertz,zlempertz4c@addthis.com
158,Lanny,Barrow,lbarrow4d@wordpress.org
159,Kristan,Eul,keul4e@usnews.com
160,Arni,Folcarelli,afolcarelli4f@cbslocal.com
161,Vladimir,Peacher,vpeacher4g@gov.uk
162,Hanna,Lorden,hlorden4h@si.edu
163,Giana,Leckenby,gleckenby4i@goo.ne.jp
164,Darda,Howen,dhowen4j@alibaba.com
165,Emelyne,Peppin,epeppin4k@mayoclinic.com
166,Cynde,Moysey,cmoysey4l@com.com
167,Kin,Colmore,kcolmore4m@nasa.gov
168,Lois,Anthoin,lanthoin4n@about.me
169,Arthur,Springtorpe,aspringtorpe4o@de.vu
170,Hartwell,McGurgan,hmcgurgan4p@example.com
171,Flossy,Tofano,ftofano4q@networksolutions.com
172,Sasha,Bedwell,sbedwell4r@pbs.org
173,Gretchen,Sautter,gsautter4s@alexa.com
174,Randy,Grishkov,rgrishkov4t@123-reg.co.uk
175,Sloan,Cupper,scupper4u@admin.ch
176,Vic,Guidera,vguidera4v@feedburner.com
177,Fabien,Studart,fstudart4w@dell.com
178,Allene,Matijevic,amatijevic4x@creativecommons.org
179,William,Morcomb,wmorcomb4y@nytimes.com
180,Bea,Ricardot,bricardot4z@shutterfly.com
181,Ashien,Vardy,avardy50@eventbrite.com
182,Taddeusz,Fetter,tfetter51@ox.ac.uk
183,Karylin,Sedgemond,ksedgemond52@google.ca
184,Cobb,Beartup,cbeartup53@who.int
185,Huberto,Helleckas,hhelleckas54@addtoany.com
186,Patin,Hutchcraft,phutchcraft55@altervista.org
187,Edan,Killeley,ekilleley56@google.ca
188,Latrena,Butting,lbutting57@yahoo.com
189,Adolpho,Kenan,akenan58@ucsd.edu
190,Ashly,Pudney,apudney59@nbcnews.com
191,Marin,Windybank,mwindybank5a@amazon.com
192,Adele,Duesbury,aduesbury5b@desdev.cn
193,Viviyan,Atheis,vatheis5c@yellowpages.com
194,Bailey,Sewall,bsewall5d@upenn.edu
195,Clarissa,Threlkeld,cthrelkeld5e@macromedia.com
196,Fanni,Orton,forton5f@prweb.com
197,Irv,Camamill,icamamill5g@patch.com
198,Rubina,Dunton,rdunton5h@t-online.de
199,Ashlin,Sisneros,asisneros5i@apple.com
200,Pandora,Vivyan,pvivyan5j@opensource.org
201,Udall,Amar,uamar5k@google.ca
202,Daphna,Wrinch,dwrinch5l@topsy.com
203,Gale,Erangey,gerangey5m@privacy.gov.au
204,Kalie,Bennoe,kbennoe5n@independent.co.uk
205,Cammy,Loreit,cloreit5o@facebook.com
206,Izabel,McLorinan,imclorinan5p@slashdot.org
207,Rafferty,Bourton,rbourton5q@ameblo.jp
208,Genni,Itzhayek,gitzhayek5r@soundcloud.com
209,Viviyan,Bradfield,vbradfield5s@elegantthemes.com
210,Laurens,Francie,lfrancie5t@blogger.com
211,Corinna,Clearley,cclearley5u@google.it
212,Jesse,Orneblow,jorneblow5v@lycos.com
213,Theo,O'Lennachain,tolennachain5w@yandex.ru
214,Devon,Roo,droo5x@yolasite.com
215,Becca,Philips,bphilips5y@photobucket.com
216,Laney,Gutman,lgutman5z@ca.gov
217,Ripley,Fallis,rfallis60@surveymonkey.com
218,Ethelin,Yosifov,eyosifov61@ebay.co.uk
219,Mirabelle,Marples,mmarples62@stumbleupon.com
220,Temp,Sea,tsea63@wufoo.com
221,Victoria,Durrett,vdurrett64@vinaora.com
222,Lavinia,Edmand,ledmand65@4shared.com
223,Keene,Reaveley,kreaveley66@noaa.gov
224,Demetra,Doiley,ddoiley67@pinterest.com
225,Kirk,Romi,kromi68@mlb.com
226,Fin,Crinion,fcrinion69@goo.ne.jp
227,Stewart,Mattiato,smattiato6a@squarespace.com
228,Morganne,Hudson,mhudson6b@unesco.org
229,Bernadette,Syrie,bsyrie6c@blogger.com
230,Isadora,Biswell,ibiswell6d@earthlink.net
231,Eugenie,Locker,elocker6e@wikia.com
232,Fredek,Feast,ffeast6f@drupal.org
233,Danni,Hadlow,dhadlow6g@cornell.edu
234,Netta,Wavell,nwavell6h@weibo.com
235,Amitie,Cowup,acowup6i@1688.com
236,Marilee,Bertenshaw,mbertenshaw6j@weebly.com
237,Andrea,Osmar,aosmar6k@howstuffworks.com
238,Barbra,Hoyt,bhoyt6l@netscape.com
239,Tore,Halpine,thalpine6m@deliciousdays.com
240,Alasdair,Bucke,abucke6n@sitemeter.com
241,Julieta,Greatbank,jgreatbank6o@xing.com
242,Harbert,Bateup,hbateup6p@loc.gov
243,Julietta,Trenbey,jtrenbey6q@ocn.ne.jp
244,Margaretha,Rockingham,mrockingham6r@example.com
245,Corrina,Coggon,ccoggon6s@dmoz.org
246,Frans,Morstatt,fmorstatt6t@bloomberg.com
247,Frederica,Mordanti,fmordanti6u@slate.com
248,Der,Kingsbury,dkingsbury6v@jugem.jp
249,Quintus,Paszak,qpaszak6w@newyorker.com
250,Savina,Groundwator,sgroundwator6x@pbs.org
251,Hughie,Dumphrey,hdumphrey6y@bloglines.com
252,Shaughn,McKeran,smckeran6z@tmall.com
253,Dolf,Westgate,dwestgate70@imageshack.us
254,Mathias,Colcutt,mcolcutt71@geocities.jp
255,Elayne,Matveiko,ematveiko72@arizona.edu
256,Natala,Conibear,nconibear73@accuweather.com
257,Daryl,Echlin,dechlin74@e-recht24.de
258,Lyon,Colclough,lcolclough75@discuz.net
259,Steward,Kordt,skordt76@seattletimes.com
260,Tansy,Meadley,tmeadley77@istockphoto.com
261,Briano,Zuanazzi,bzuanazzi78@dropbox.com
262,Augustine,Shiliton,ashiliton79@answers.com
263,Paulita,Cockrill,pcockrill7a@oracle.com
264,Willetta,Sagg,wsagg7b@miitbeian.gov.cn
265,Kristen,Bozier,kbozier7c@creativecommons.org
266,Aigneis,Dionisi,adionisi7d@wikipedia.org
267,Franky,Mash,fmash7e@php.net
268,Torrance,Belward,tbelward7f@pcworld.com
269,Andriette,McGrouther,amcgrouther7g@cpanel.net
270,Trever,Hargie,thargie7h@examiner.com
271,Adriena,Van Dalen,avandalen7i@adobe.com
272,Gelya,Trousdale,gtrousdale7j@house.gov
273,Pippy,Trotman,ptrotman7k@qq.com
274,Shepperd,Middleweek,smiddleweek7l@so-net.ne.jp
275,Ann-marie,Aucott,aaucott7m@howstuffworks.com
276,Clem,Corradi,ccorradi7n@trellian.com
277,Cal,Maps,cmaps7o@squarespace.com
278,Chariot,Crossland,ccrossland7p@harvard.edu
279,Kayla,Shillitto,kshillitto7q@tamu.edu
280,Zebadiah,Cutriss,zcutriss7r@zimbio.com
281,Alix,Plewes,aplewes7s@archive.org
282,Karita,Fourman,kfourman7t@360.cn
283,Caro,Lyst,clyst7u@ibm.com
284,Dwayne,Ghost,dghost7v@nih.gov
285,Sela,Jantot,sjantot7w@mtv.com
286,Claretta,Vedeneev,cvedeneev7x@yale.edu
287,Gwenora,Willoughley,gwilloughley7y@accuweather.com
288,Nobie,Richold,nrichold7z@tripadvisor.com
289,Enrichetta,Stovold,estovold80@yahoo.co.jp
290,Durward,Virgoe,dvirgoe81@moonfruit.com
291,Sollie,Vick,svick82@ovh.net
292,Joelly,Annable,jannable83@indiatimes.com
293,Patrice,Crippin,pcrippin84@csmonitor.com
294,Debby,Motto,dmotto85@answers.com
295,Jemima,Oleszczak,joleszczak86@aboutads.info
296,Moishe,Yurygyn,myurygyn87@seattletimes.com
297,Darb,Dalglish,ddalglish88@bbc.co.uk
298,Charmian,Arnholtz,carnholtz89@vkontakte.ru
299,Flo,Sieve,fsieve8a@tripadvisor.com
300,Jaine,MacNeachtain,jmacneachtain8b@imgur.com
301,Paula,Lomath,plomath8c@google.pl
302,Davita,Spatari,dspatari8d@icio.us
303,Irwinn,Dimitru,idimitru8e@tiny.cc
304,Haslett,Hughlock,hhughlock8f@topsy.com
305,Corrina,Corkett,ccorkett8g@mediafire.com
306,Harlan,Itzchaky,hitzchaky8h@cisco.com
307,Smith,Duxbury,sduxbury8i@goodreads.com
308,Wash,Klus,wklus8j@geocities.com
309,Baird,Ruffle,bruffle8k@yolasite.com
310,Marcus,Helliker,mhelliker8l@blogspot.com
311,Jodi,Brewster,jbrewster8m@admin.ch
312,Patin,Boutwell,pboutwell8n@elegantthemes.com
313,Merrick,Summerrell,msummerrell8o@theglobeandmail.com
314,Dottie,Gilstoun,dgilstoun8p@cam.ac.uk
315,Reeva,Giddings,rgiddings8q@mediafire.com
316,Neille,Spennock,nspennock8r@istockphoto.com
317,Rees,Boatman,rboatman8s@wikimedia.org
318,Brad,Alven,balven8t@theguardian.com
319,Lorry,Hevner,lhevner8u@army.mil
320,Kaleena,Winnett,kwinnett8v@parallels.com
321,Lowrance,Enderson,lenderson8w@google.com
322,Claude,McPike,cmcpike8x@bloglines.com
323,Ragnar,Denge,rdenge8y@tinypic.com
324,Mattias,Macvey,mmacvey8z@nature.com
325,Coletta,Barrington,cbarrington90@bandcamp.com
326,Antoni,Dumbarton,adumbarton91@newsvine.com
327,Viki,Streatfield,vstreatfield92@sciencedirect.com
328,Herold,McShee,hmcshee93@epa.gov
329,Tedman,Kampshell,tkampshell94@hubpages.com
330,Josefina,McGirl,jmcgirl95@goodreads.com
331,Shermy,McMillam,smcmillam96@163.com
332,Perkin,MacRonald,pmacronald97@redcross.org
333,Loria,Lante,llante98@businessinsider.com
334,Marline,Taylorson,mtaylorson99@mysql.com
335,Lind,Burchill,lburchill9a@biglobe.ne.jp
336,Juana,Gilfether,jgilfether9b@cargocollective.com
337,Curr,Martinelli,cmartinelli9c@wordpress.com
338,Marie,Welbourn,mwelbourn9d@networksolutions.com
339,Ruggiero,Banbrook,rbanbrook9e@joomla.org
340,Hersh,Finden,hfinden9f@dion.ne.jp
341,Locke,Gamell,lgamell9g@usnews.com
342,Ainsley,Fackrell,afackrell9h@flavors.me
343,Tobey,Waterland,twaterland9i@theguardian.com
344,Prentice,Metts,pmetts9j@booking.com
345,Maxy,Stelljes,mstelljes9k@facebook.com
346,Cinnamon,Narraway,cnarraway9l@biglobe.ne.jp
347,Arly,Plumbe,aplumbe9m@bloglines.com
348,Yevette,Blain,yblain9n@imgur.com
349,Gussy,Gallegos,ggallegos9o@blog.com
350,Cheri,Crucitti,ccrucitti9p@symantec.com
351,Pyotr,Drysdell,pdrysdell9q@discovery.com
352,Beniamino,Oliphant,boliphant9r@reuters.com
353,Abner,Oakinfold,aoakinfold9s@usatoday.com
354,Mimi,Scheffler,mscheffler9t@oakley.com
355,Domingo,Laxson,dlaxson9u@aboutads.info
356,Angy,Siemandl,asiemandl9v@angelfire.com
357,Willie,Grigoriev,wgrigoriev9w@ovh.net
358,Humphrey,Atheis,hatheis9x@blogger.com
359,Kahlil,Millsom,kmillsom9y@networksolutions.com
360,Kaylee,McClaren,kmcclaren9z@histats.com
361,Colleen,Sparkwell,csparkwella0@instagram.com
362,Bonnie,Round,brounda1@wp.com
363,Sonja,Macon,smacona2@imdb.com
364,Jorie,Risen,jrisena3@wikispaces.com
365,Glory,Sissot,gsissota4@google.fr
366,Holden,Tuttiett,htuttietta5@fda.gov
367,Karoly,Bloxland,kbloxlanda6@telegraph.co.uk
368,Tandie,Griffitt,tgriffitta7@census.gov
369,Billie,Frankel,bfrankela8@1688.com
370,Berni,Hearnaman,bhearnamana9@sohu.com
371,Alana,Curteis,acurteisaa@miitbeian.gov.cn
372,Retha,Doumerque,rdoumerqueab@themeforest.net
373,Jennica,Kerswill,jkerswillac@tuttocitta.it
374,Marita,Stealfox,mstealfoxad@omniture.com
375,Melvyn,Blitz,mblitzae@amazon.com
376,Arie,Balharrie,abalharrieaf@mysql.com
377,Loretta,Rumford,lrumfordag@cam.ac.uk
378,Morgen,Dicky,mdickyah@washingtonpost.com
379,Lenette,Nolte,lnolteai@redcross.org
380,Bevin,Parres,bparresaj@tuttocitta.it
381,Dorris,Elsmore,delsmoreak@addtoany.com
382,Gwenny,Titheridge,gtitheridgeal@google.it
383,Carolann,Marsie,cmarsieam@irs.gov
384,Brooks,Glencros,bglencrosan@ifeng.com
385,Ruddie,Maletratt,rmaletrattao@de.vu
386,Leonie,Timbridge,ltimbridgeap@shareasale.com
387,Conrado,Aggett,caggettaq@archive.org
388,Damian,Kimbell,dkimbellar@uol.com.br
389,Krystle,Cabrer,kcabreras@ft.com
390,Filberto,Baglow,fbaglowat@cdc.gov
391,Ruddie,Campey,rcampeyau@goo.gl
392,Lilas,Cutmare,lcutmareav@paginegialle.it
393,Nikkie,Gillbey,ngillbeyaw@parallels.com
394,Pauli,Hamshere,phamshereax@a8.net
395,Alleyn,Petyakov,apetyakovay@wiley.com
396,Elihu,Giovannardi,egiovannardiaz@spiegel.de
397,Axel,Ondrousek,aondrousekb0@google.co.uk
398,Benito,Groocock,bgroocockb1@taobao.com
399,Idette,Girtin,igirtinb2@creativecommons.org
400,Trevar,Dockwray,tdockwrayb3@chronoengine.com
401,Nickie,Vacher,nvacherb4@hao123.com
402,Edita,Ridout,eridoutb5@bloglines.com
403,Meredeth,McCrackan,mmccrackanb6@vistaprint.com
404,Kippar,Beckinsale,kbeckinsaleb7@scientificamerican.com
405,Raquela,Ferrick,rferrickb8@reference.com
406,Alice,Climson,aclimsonb9@biglobe.ne.jp
407,Darnall,Ondrich,dondrichba@taobao.com
408,Kathie,Bernt,kberntbb@techcrunch.com
409,Brook,Degan,bdeganbc@themeforest.net
410,Kathi,Viney,kvineybd@salon.com
411,Jeanie,Toth,jtothbe@intel.com
412,Baudoin,Delwater,bdelwaterbf@baidu.com
413,Renata,Hugenin,rhugeninbg@ed.gov
414,Tamarah,Mizzi,tmizzibh@ameblo.jp
415,Erena,Sleep,esleepbi@nps.gov
416,Deidre,Dogg,ddoggbj@google.es
417,Annora,Paragreen,aparagreenbk@home.pl
418,Barby,Ledwitch,bledwitchbl@list-manage.com
419,Rollin,Dashkov,rdashkovbm@home.pl
420,Fairfax,Ellins,fellinsbn@jalbum.net
421,Wendie,Minelli,wminellibo@purevolume.com
422,Horace,Ceaser,hceaserbp@sakura.ne.jp
423,Gilles,Banghe,gbanghebq@simplemachines.org
424,Cecil,Wrightim,cwrightimbr@flavors.me
425,Leonerd,Draco,ldracobs@whitehouse.gov
426,Lin,Hilldrup,lhilldrupbt@cnbc.com
427,Hazel,Ruilton,hruiltonbu@amazon.com
428,Fransisco,Flucker,ffluckerbv@t.co
429,Antonius,Newvill,anewvillbw@wikispaces.com
430,Natalya,Lehrer,nlehrerbx@theatlantic.com
431,Jojo,Snow,jsnowby@blogtalkradio.com
432,Laurella,Dignan,ldignanbz@mtv.com
433,Lilah,Heys,lheysc0@about.me
434,Carin,Braunds,cbraundsc1@hubpages.com
435,Mathilde,Cuell,mcuellc2@gravatar.com
436,Therine,Dicke,tdickec3@google.cn
437,Ulla,Brisset,ubrissetc4@ask.com
438,Luciano,Plank,lplankc5@php.net
439,Valeria,Adiscot,vadiscotc6@bizjournals.com
440,Sabrina,Simanek,ssimanekc7@google.com.au
441,Lelia,Hebblewaite,lhebblewaitec8@eventbrite.com
442,Lorry,Wessing,lwessingc9@npr.org
443,Kate,Cockshtt,kcockshttca@storify.com
444,Pascale,Cohalan,pcohalancb@cdc.gov
445,Gauthier,Bramwich,gbramwichcc@mtv.com
446,Aluino,Gerlack,agerlackcd@mozilla.com
447,Scottie,Hunnable,shunnablece@tripod.com
448,Jourdain,Dumberell,jdumberellcf@alexa.com
449,Moreen,Trippack,mtrippackcg@vk.com
450,Gerrie,Hussy,ghussych@reddit.com
451,Grover,Rand,grandci@trellian.com
452,Patric,Vardy,pvardycj@noaa.gov
453,Janeczka,Bartaletti,jbartalettick@mapy.cz
454,Audi,Ealden,aealdencl@eepurl.com
455,Corinna,Palay,cpalaycm@lycos.com
456,Tressa,Odgers,todgerscn@imdb.com
457,Ethel,Ege,eegeco@xinhuanet.com
458,Urbain,Stockle,ustocklecp@sun.com
459,Gene,Baskett,gbaskettcq@cbsnews.com
460,Gayleen,Delue,gdeluecr@google.nl
461,Kassi,Ambridge,kambridgecs@tinypic.com
462,Tobye,Hughman,thughmanct@deliciousdays.com
463,Quentin,Possa,qpossacu@sina.com.cn
464,Krystyna,Hibling,khiblingcv@pen.io
465,Clerissa,Duffil,cduffilcw@bigcartel.com
466,Gardener,Bantock,gbantockcx@csmonitor.com
467,Roosevelt,Bromehed,rbromehedcy@bbc.co.uk
468,Wald,Pardey,wpardeycz@cam.ac.uk
469,Raviv,Meuse,rmeused0@dailymotion.com
470,Celisse,Pond,cpondd1@blogspot.com
471,Merv,Gulley,mgulleyd2@ft.com
472,Merl,Cahey,mcaheyd3@nba.com
473,Terri-jo,Meaton,tmeatond4@vimeo.com
474,Ilyse,Partridge,ipartridged5@macromedia.com
475,Fernando,Francisco,ffranciscod6@va.gov
476,Asia,Fairey,afaireyd7@zdnet.com
477,Devinne,Kirk,dkirkd8@ycombinator.com
478,Melodie,Doge,mdoged9@stumbleupon.com
479,Nerti,Royall,nroyallda@scribd.com
480,Tobit,Knighton,tknightondb@weibo.com
481,Tessa,Huby,thubydc@timesonline.co.uk
482,Colly,Rickeard,crickearddd@cmu.edu
483,Vinny,Rubinov,vrubinovde@google.cn
484,Sandor,Faherty,sfahertydf@cpanel.net
485,Frans,Tousey,ftouseydg@dailymail.co.uk
486,Caprice,Josephy,cjosephydh@blinklist.com
487,Andree,Howison,ahowisondi@usda.gov
488,Mallory,Swinerd,mswinerddj@ask.com
489,Wake,Eads,weadsdk@columbia.edu
490,Binnie,Tetsall,btetsalldl@sina.com.cn
491,Floyd,Selkirk,fselkirkdm@upenn.edu
492,Corilla,Croson,ccrosondn@amazon.com
493,Carleen,Quixley,cquixleydo@webmd.com
494,Lennie,Cathcart,lcathcartdp@newyorker.com
495,Modesty,Terrelly,mterrellydq@printfriendly.com
496,Abe,Mearns,amearnsdr@mashable.com
497,Archy,Hartzogs,ahartzogsds@people.com.cn
498,Bernette,Burford,bburforddt@nydailynews.com
499,Elizabet,Halstead,ehalsteaddu@printfriendly.com
500,Fidela,Aishford,faishforddv@nyu.edu
501,Christalle,Mallock,cmallockdw@cnet.com
502,Kirby,Cavolini,kcavolinidx@nih.gov
503,Julee,Flewin,jflewindy@guardian.co.uk
504,Perry,Beevers,pbeeversdz@earthlink.net
505,Sylvia,Warby,swarbye0@taobao.com
506,Glennie,Elcock,gelcocke1@unblog.fr
507,Hart,Lowseley,hlowseleye2@nih.gov
508,Viki,Eddies,veddiese3@free.fr
509,Isiahi,Stonehouse,istonehousee4@addthis.com
510,Sigmund,Cafferty,scaffertye5@cafepress.com
511,Wilmette,Hugli,whuglie6@cbsnews.com
512,Glennis,Crutchley,gcrutchleye7@usda.gov
513,Reagan,Musterd,rmusterde8@timesonline.co.uk
514,Harbert,Allewell,hallewelle9@bloglines.com
515,Durant,Deerr,ddeerrea@etsy.com
516,Zandra,Hayth,zhaytheb@i2i.jp
517,Lonny,Scullin,lscullinec@sitemeter.com
518,Travers,Adanez,tadanezed@archive.org
519,Kayla,Harryman,kharrymanee@timesonline.co.uk
520,Sibley,Baumer,sbaumeref@opensource.org
521,Frederic,Gerretsen,fgerretseneg@zimbio.com
522,Ellie,Blaine,eblaineeh@wikipedia.org
523,Jojo,Di Biasio,jdibiasioei@alibaba.com
524,Toddy,Booy,tbooyej@ted.com
525,Sandy,Mindenhall,smindenhallek@ocn.ne.jp
526,Freda,Porte,fporteel@ebay.com
527,Jocelin,Pinks,jpinksem@multiply.com
528,Marley,Boseley,mboseleyen@epa.gov
529,Floria,Greeding,fgreedingeo@economist.com
530,Marysa,Youthead,myoutheadep@cbslocal.com
531,Joannes,Wimmer,jwimmereq@pagesperso-orange.fr
532,Daune,O'Fairy,dofairyer@abc.net.au
533,Rudolf,Josefsson,rjosefssones@ucoz.com
534,Johnnie,Cousans,jcousanset@feedburner.com
535,Matty,Kirlin,mkirlineu@blog.com
536,Jonah,Dell Casa,jdellcasaev@simplemachines.org
537,Meara,Prendeville,mprendevilleew@booking.com
538,Barnard,Pfeffel,bpfeffelex@cargocollective.com
539,Dania,Goulden,dgouldeney@seesaa.net
540,Lora,Glading,lgladingez@xinhuanet.com
541,Alasdair,Haysey,ahayseyf0@ucoz.ru
542,Rhianon,Pargeter,rpargeterf1@ehow.com
543,Jose,Brant,jbrantf2@goodreads.com
544,Jeno,Baggelley,jbaggelleyf3@psu.edu
545,Winifield,Pettman,wpettmanf4@people.com.cn
546,Lorry,Smitheman,lsmithemanf5@squarespace.com
547,Vic,Cowles,vcowlesf6@eepurl.com
548,Nonnah,Duchesne,nduchesnef7@ed.gov
549,Laurette,Burchell,lburchellf8@issuu.com
550,Clem,Lambourne,clambournef9@boston.com
551,Lucila,Wallace,lwallacefa@google.ru
552,Ferdy,Medhurst,fmedhurstfb@nydailynews.com
553,Roanne,Clemmen,rclemmenfc@whitehouse.gov
554,Alie,Naismith,anaismithfd@wikimedia.org
555,Holden,Zecchi,hzecchife@buzzfeed.com
556,Issie,Robarts,irobartsff@miitbeian.gov.cn
557,Kerwinn,Duetschens,kduetschensfg@goo.ne.jp
558,Dina,Rawles,drawlesfh@businessinsider.com
559,Desmond,Ilyinykh,dilyinykhfi@salon.com
560,Addia,Atthowe,aatthowefj@example.com
561,Skip,Custance,scustancefk@blogtalkradio.com
562,Edee,Pietzner,epietznerfl@dot.gov
563,Bryanty,Dibdin,bdibdinfm@t-online.de
564,Isadore,Alcott,ialcottfn@yolasite.com
565,Micky,Carver,mcarverfo@mapquest.com
566,Teressa,Wybourne,twybournefp@mlb.com
567,Jephthah,Twidale,jtwidalefq@mozilla.org
568,Lacey,Silber,lsilberfr@fotki.com
569,Sonia,Boyle,sboylefs@google.com.au
570,Kevan,Lugden,klugdenft@wikipedia.org
571,Beverie,Burk,bburkfu@prnewswire.com
572,Dorothy,Blockley,dblockleyfv@shinystat.com
573,Oran,Crenshaw,ocrenshawfw@altervista.org
574,Araldo,Russ,arussfx@reference.com
575,Dar,Reeve,dreevefy@barnesandnoble.com
576,Kylynn,Horsell,khorsellfz@arstechnica.com
577,Starla,Dawidman,sdawidmang0@slashdot.org
578,Hervey,Hairesnape,hhairesnapeg1@wikimedia.org
579,Caroline,Bastide,cbastideg2@narod.ru
580,Fred,Kolak,fkolakg3@microsoft.com
581,Haleigh,Ashton,hashtong4@archive.org
582,Elberta,Swinnard,eswinnardg5@reddit.com
583,Joya,Lyfield,jlyfieldg6@bravesites.com
584,Kaiser,Claige,kclaigeg7@fastcompany.com
585,Teodor,Hechlin,thechling8@mit.edu
586,Nelle,Scranny,nscrannyg9@illinois.edu
587,Gerianna,Rives,grivesga@seattletimes.com
588,Calhoun,Spatari,cspatarigb@mtv.com
589,Shel,Dockrill,sdockrillgc@yelp.com
590,Hyman,Mechem,hmechemgd@microsoft.com
591,Sean,Sikorski,ssikorskige@gnu.org
592,Early,Thorbon,ethorbongf@ocn.ne.jp
593,Adrea,Aubrun,aaubrungg@accuweather.com
594,Kerry,Braniff,kbraniffgh@addtoany.com
595,Dniren,Mitrovic,dmitrovicgi@elpais.com
596,Chelsae,Noads,cnoadsgj@techcrunch.com
597,Hanan,Gilstin,hgilstingk@archive.org
598,Fifine,Whyman,fwhymangl@nydailynews.com
599,Dotty,Lewis,dlewisgm@un.org
600,Tammi,Rosander,trosandergn@jimdo.com
601,Grove,Nuccitelli,gnuccitelligo@instagram.com
602,Ilyse,Brocklebank,ibrocklebankgp@fda.gov
603,Sterne,Loxly,sloxlygq@wikispaces.com
604,Ellynn,Grubb,egrubbgr@shinystat.com
605,Ermanno,Giblin,egiblings@thetimes.co.uk
606,Rickey,Altofts,raltoftsgt@mit.edu
607,Patsy,Blesdill,pblesdillgu@blogspot.com
608,Veronique,Yearron,vyearrongv@dedecms.com
609,Gabie,Leagas,gleagasgw@cbc.ca
610,Hazel,McKeon,hmckeongx@mtv.com
611,Kip,Buckam,kbuckamgy@virginia.edu
612,Lucio,Baudet,lbaudetgz@who.int
613,Thomasin,Slimming,tslimmingh0@cargocollective.com
614,Muire,Camelli,mcamellih1@icq.com
615,Jeannette,Ollerhead,jollerheadh2@behance.net
616,Terri,Klousner,tklousnerh3@instagram.com
617,Starlin,Elvidge,selvidgeh4@blogger.com
618,Lorita,Whartonby,lwhartonbyh5@mtv.com
619,Angelina,Holleworth,aholleworthh6@webnode.com
620,Sven,Ludewig,sludewigh7@histats.com
621,Valentine,Zellmer,vzellmerh8@yahoo.co.jp
622,Deeyn,Rickardsson,drickardssonh9@archive.org
623,Olivero,Darth,odarthha@desdev.cn
624,Jilleen,Kuscha,jkuschahb@admin.ch
625,Koral,Hebron,khebronhc@bloomberg.com
626,Amelita,Balleine,aballeinehd@ibm.com
627,Tommy,Chaplain,tchaplainhe@dot.gov
628,Hildy,Oaks,hoakshf@geocities.com
629,Barbara,Kippling,bkipplinghg@chron.com
630,Marna,Bitcheno,mbitchenohh@washington.edu
631,Howie,Sadgrove,hsadgrovehi@aol.com
632,Jamal,Gruszczak,jgruszczakhj@theguardian.com
633,Andeee,Hubbert,ahubberthk@statcounter.com
634,Jobie,Chable,jchablehl@github.io
635,Zabrina,Klauer,zklauerhm@netvibes.com
636,Deloris,Louedey,dlouedeyhn@com.com
637,Marna,Bakster,mbaksterho@ed.gov
638,Amory,Verey,avereyhp@amazonaws.com
639,Nell,Lysaght,nlysaghthq@vistaprint.com
640,Gonzales,Seefus,gseefushr@amazon.co.jp
641,Fonsie,Gallemore,fgallemorehs@berkeley.edu
642,Merv,Gumme,mgummeht@cdc.gov
643,Maryrose,Pilmer,mpilmerhu@bandcamp.com
644,Levey,Mauro,lmaurohv@people.com.cn
645,Lynna,Searby,lsearbyhw@geocities.com
646,Carolyn,Helliwell,chelliwellhx@clickbank.net
647,Wayne,Isselee,wisseleehy@hhs.gov
648,Tabbi,Radford,tradfordhz@tripadvisor.com
649,Jenifer,Wearn,jwearni0@furl.net
650,Cinnamon,Wernher,cwernheri1@unblog.fr
651,Gilberte,Walding,gwaldingi2@fema.gov
652,Bartholemy,Durtnell,bdurtnelli3@sohu.com
653,Nelia,Bance,nbancei4@mapquest.com
654,Base,Strelitz,bstrelitzi5@reverbnation.com
655,Heath,Bracco,hbraccoi6@cocolog-nifty.com
656,Teresa,Spedding,tspeddingi7@eventbrite.com
657,Willie,Jans,wjansi8@usnews.com
658,Giacomo,Spivey,gspiveyi9@icq.com
659,Lawry,Simmance,lsimmanceia@surveymonkey.com
660,Blair,Beardwell,bbeardwellib@dot.gov
661,Melony,Noone,mnooneic@squarespace.com
662,Lesley,Bettesworth,lbettesworthid@apple.com
663,Dolly,Sine,dsineie@acquirethisname.com
664,Marcy,Korneluk,mkornelukif@wikispaces.com
665,Carole,Filon,cfilonig@sohu.com
666,Robinet,Barrington,rbarringtonih@is.gd
667,Irwin,Crunkhorn,icrunkhornii@ocn.ne.jp
668,Ardelis,Liley,alileyij@1und1.de
669,Frederica,Lyste,flysteik@theguardian.com
670,Kristi,Delacoste,kdelacosteil@etsy.com
671,Nadia,Devennie,ndevennieim@cbsnews.com
672,Grissel,Essex,gessexin@epa.gov
673,Monro,Busk,mbuskio@un.org
674,Margalo,Filip,mfilipip@loc.gov
675,Claudio,Hillatt,chillattiq@rambler.ru
676,Tiffi,Rentenbeck,trentenbeckir@who.int
677,Enos,Whorf,ewhorfis@seattletimes.com
678,Lucky,Viccary,lviccaryit@engadget.com
679,Cristobal,Ballance,cballanceiu@ucoz.ru
680,Rowena,Beevens,rbeevensiv@nature.com
681,Arlinda,Durnin,adurniniw@blogs.com
682,Burgess,Clavey,bclaveyix@mac.com
683,Opaline,Wingrove,owingroveiy@wisc.edu
684,Dreddy,Kiledal,dkiledaliz@mozilla.com
685,Marcelia,Morden,mmordenj0@ox.ac.uk
686,Evangelina,Godsell,egodsellj1@ehow.com
687,Emlyn,Sikorski,esikorskij2@dmoz.org
688,Pearle,Hurran,phurranj3@uol.com.br
689,Jordon,Billison,jbillisonj4@addthis.com
690,Field,Cornewall,fcornewallj5@slashdot.org
691,Lion,Oakhill,loakhillj6@spotify.com
692,Nicki,Edgcumbe,nedgcumbej7@bizjournals.com
693,Farlee,Wakeham,fwakehamj8@yelp.com
694,Helen-elizabeth,Espinas,hespinasj9@livejournal.com
695,Barth,Plowell,bplowellja@businessweek.com
696,Roger,Anthoin,ranthoinjb@tamu.edu
697,Emanuele,Giraudot,egiraudotjc@printfriendly.com
698,Lanni,Duferie,lduferiejd@economist.com
699,Alano,Durkin,adurkinje@kickstarter.com
700,Nye,Eller,nellerjf@cnbc.com
701,Nichole,Joslyn,njoslynjg@e-recht24.de
702,Ame,Gosdin,agosdinjh@usnews.com
703,Izzy,McDonand,imcdonandji@marketwatch.com
704,Ignacio,Bath,ibathjj@gnu.org
705,Bernadene,Longbottom,blongbottomjk@wisc.edu
706,Dot,Salzberg,dsalzbergjl@blog.com
707,Petr,Tschiersch,ptschierschjm@uol.com.br
708,Cassandra,Zamudio,czamudiojn@cafepress.com
709,Grace,Edland,gedlandjo@nytimes.com
710,Glenn,Borgne,gborgnejp@ifeng.com
711,Karalee,Etherington,ketheringtonjq@businessweek.com
712,Wit,Yankeev,wyankeevjr@vistaprint.com
713,Gabbey,Songest,gsongestjs@zdnet.com
714,Lora,Rapinett,lrapinettjt@pen.io
715,Gates,Dalziel,gdalzielju@ameblo.jp
716,Bran,Burchall,bburchalljv@imageshack.us
717,Edward,Maseres,emaseresjw@businesswire.com
718,Malinde,Trembath,mtrembathjx@squidoo.com
719,Emanuele,Fawckner,efawcknerjy@newyorker.com
720,Trude,Michelotti,tmichelottijz@mediafire.com
721,Anthe,Vidgen,avidgenk0@wufoo.com
722,Brady,Baalham,bbaalhamk1@netscape.com
723,Florida,Poe,fpoek2@etsy.com
724,Alexina,Bohlens,abohlensk3@prweb.com
725,Ginger,Tivers,gtiversk4@issuu.com
726,Horatius,Michelle,hmichellek5@barnesandnoble.com
727,June,Norcock,jnorcockk6@disqus.com
728,Gilli,Kleuer,gkleuerk7@google.pl
729,Alie,MacDunlevy,amacdunlevyk8@icio.us
730,Vera,Gallo,vgallok9@senate.gov
731,Bartel,Mockett,bmockettka@nasa.gov
732,Staffard,Goncalo,sgoncalokb@europa.eu
733,Addie,Penbarthy,apenbarthykc@bravesites.com
734,Karilynn,Leslie,klesliekd@samsung.com
735,Ogdon,Hawkswell,ohawkswellke@theguardian.com
736,Jaine,Gencke,jgenckekf@aol.com
737,Cristie,Marcussen,cmarcussenkg@google.com.hk
738,Wilfrid,Devanney,wdevanneykh@uol.com.br
739,Ben,Leaton,bleatonki@huffingtonpost.com
740,Margot,Trank,mtrankkj@ehow.com
741,Rayshell,Bilyard,rbilyardkk@typepad.com
742,Griff,Marchello,gmarchellokl@dropbox.com
743,Darcey,Girdlestone,dgirdlestonekm@dropbox.com
744,Francoise,Sidnell,fsidnellkn@sogou.com
745,Ermina,Judkins,ejudkinsko@flickr.com
746,Dona,Janous,djanouskp@reference.com
747,Fidela,Goghin,fgoghinkq@columbia.edu
748,Nerita,Maps,nmapskr@sun.com
749,Simmonds,Allsupp,sallsuppks@hhs.gov
750,Rae,McCafferky,rmccafferkykt@creativecommons.org
751,Tim,Tolotti,ttolottiku@upenn.edu
752,Abra,Riddich,ariddichkv@kickstarter.com
753,Janie,Hordle,jhordlekw@free.fr
754,Vevay,Swindells,vswindellskx@skype.com
755,Veronika,Pehrsson,vpehrssonky@mediafire.com
756,Teddie,Stickney,tstickneykz@fotki.com
757,Ilysa,Jolly,ijollyl0@cornell.edu
758,Gauthier,Reddyhoff,greddyhoffl1@ca.gov
759,Daffi,Allon,dallonl2@so-net.ne.jp
760,Karole,Andell,kandelll3@wp.com
761,William,Lawie,wlawiel4@hostgator.com
762,Filia,Lanceter,flanceterl5@theglobeandmail.com
763,Walther,Arnett,warnettl6@bbb.org
764,Karil,Vanacci,kvanaccil7@vistaprint.com
765,Dode,Longlands,dlonglandsl8@moonfruit.com
766,Rooney,Bavin,rbavinl9@miibeian.gov.cn
767,Meara,Renowden,mrenowdenla@gmpg.org
768,Tuck,Liddall,tliddalllb@sina.com.cn
769,Ethel,Baker,ebakerlc@angelfire.com
770,Ginny,Rubin,grubinld@bbc.co.uk
771,Joshua,Bestar,jbestarle@shareasale.com
772,Loria,Pigott,lpigottlf@amazon.co.jp
773,Wyatt,Sayce,wsaycelg@independent.co.uk
774,Nancy,Middleweek,nmiddleweeklh@sakura.ne.jp
775,Katrinka,Darcy,kdarcyli@usgs.gov
776,Maegan,Chillcot,mchillcotlj@homestead.com
777,Kessia,Tumielli,ktumiellilk@princeton.edu
778,Valerye,Piborn,vpibornll@symantec.com
779,Wain,Gallally,wgallallylm@nba.com
780,Kay,Andrich,kandrichln@sakura.ne.jp
781,Duncan,Willox,dwilloxlo@statcounter.com
782,Dionis,Wilder,dwilderlp@devhub.com
783,Del,Sywell,dsywelllq@dot.gov
784,Lockwood,Sibly,lsiblylr@hostgator.com
785,Katrinka,Dannehl,kdannehlls@networkadvertising.org
786,Callie,Beynke,cbeynkelt@shop-pro.jp
787,Tomi,Beggan,tbegganlu@thetimes.co.uk
788,Jarvis,Pina,jpinalv@netlog.com
789,Valle,Furmston,vfurmstonlw@sitemeter.com
790,Gerhard,Astie,gastielx@barnesandnoble.com
791,Danit,Moncreif,dmoncreifly@biblegateway.com
792,Noll,Perfitt,nperfittlz@behance.net
793,Berny,Decruse,bdecrusem0@nps.gov
794,Antonius,McReynolds,amcreynoldsm1@techcrunch.com
795,Chaim,Gaskin,cgaskinm2@creativecommons.org
796,Giacomo,Chiddy,gchiddym3@prnewswire.com
797,Bartie,Lighterness,blighternessm4@cnbc.com
798,Debor,Totterdell,dtotterdellm5@wordpress.com
799,Jenica,Crut,jcrutm6@mac.com
800,Linet,Simonot,lsimonotm7@hc360.com
801,Debbie,Hennington,dhenningtonm8@ameblo.jp
802,Eunice,Ciabatteri,eciabatterim9@twitpic.com
803,Othilie,Rodenborch,orodenborchma@t-online.de
804,Chantalle,McCutheon,cmccutheonmb@seattletimes.com
805,Marj,Vannoni,mvannonimc@icio.us
806,Jase,Seifenmacher,jseifenmachermd@who.int
807,Arlyn,Gioani,agioanime@1688.com
808,Miran,Barlow,mbarlowmf@archive.org
809,Tannie,Botterman,tbottermanmg@msu.edu
810,Caresa,Ubach,cubachmh@weather.com
811,Corabella,Langthorn,clangthornmi@themeforest.net
812,Briana,Grzegorzewski,bgrzegorzewskimj@infoseek.co.jp
813,Ashla,Tomaini,atomainimk@google.pl
814,Veriee,Petruska,vpetruskaml@microsoft.com
815,Kin,Delafoy,kdelafoymm@army.mil
816,Fanny,Sperring,fsperringmn@nature.com
817,Matthiew,Nathon,mnathonmo@adobe.com
818,Sherye,Bachshell,sbachshellmp@dailymotion.com
819,Monah,Janway,mjanwaymq@latimes.com
820,Dari,Gilliatt,dgilliattmr@woothemes.com
821,Celestine,Birdseye,cbirdseyems@furl.net
822,Marcile,Balbeck,mbalbeckmt@tripadvisor.com
823,Davis,Ullrich,dullrichmu@skype.com
824,Niel,Haydn,nhaydnmv@tiny.cc
825,Kariotta,Doudny,kdoudnymw@jimdo.com
826,Allin,Gerault,ageraultmx@go.com
827,Marco,Massy,mmassymy@harvard.edu
828,Romola,Kollas,rkollasmz@guardian.co.uk
829,Buck,Slatter,bslattern0@youku.com
830,Taryn,Roxby,troxbyn1@disqus.com
831,Prinz,Burlingham,pburlinghamn2@comsenz.com
832,Vinnie,Artin,vartinn3@cbsnews.com
833,Neville,Ritchley,nritchleyn4@netlog.com
834,Wally,Parrin,wparrinn5@netscape.com
835,Ashley,O'Keefe,aokeefen6@nifty.com
836,Rivy,Nunes Nabarro,rnunesnabarron7@addtoany.com
837,Glennie,Horribine,ghorribinen8@irs.gov
838,Eden,Guyer,eguyern9@earthlink.net
839,Hayley,Feast,hfeastna@twitter.com
840,Bern,McCurley,bmccurleynb@stumbleupon.com
841,Gavra,Laviss,glavissnc@nhs.uk
842,Marcellina,Parfrey,mparfreynd@shop-pro.jp
843,Wheeler,Danniell,wdanniellne@miitbeian.gov.cn
844,Albertine,Windle,awindlenf@google.ru
845,Wini,Hallaways,whallawaysng@nature.com
846,Jaynell,Trimby,jtrimbynh@bravesites.com
847,Sherline,Tiltman,stiltmanni@un.org
848,Kevan,Mithun,kmithunnj@pinterest.com
849,Kipper,Edelmann,kedelmannnk@oakley.com
850,George,O'Mohun,gomohunnl@engadget.com
851,Kent,Pechold,kpecholdnm@merriam-webster.com
852,Piggy,Woodhouse,pwoodhousenn@columbia.edu
853,Danya,Giacobbo,dgiacobbono@aboutads.info
854,Petronille,Brigginshaw,pbrigginshawnp@nhs.uk
855,Mareah,Rhymes,mrhymesnq@wikispaces.com
856,Yancy,Pimme,ypimmenr@lulu.com
857,Ferguson,Durden,fdurdenns@unblog.fr
858,Nero,Rockcliff,nrockcliffnt@china.com.cn
859,Addison,Warrender,awarrendernu@jiathis.com
860,Barbie,Ruck,brucknv@elpais.com
861,Hobart,Miell,hmiellnw@csmonitor.com
862,Roxanne,Paladino,rpaladinonx@posterous.com
863,Angel,Morphew,amorphewny@techcrunch.com
864,Anica,Gothup,agothupnz@timesonline.co.uk
865,Yevette,Gillimgham,ygillimghamo0@cdc.gov
866,Elysee,Schoolfield,eschoolfieldo1@senate.gov
867,Kylila,Maghull,kmaghullo2@indiatimes.com
868,Lynelle,Malby,lmalbyo3@usda.gov
869,Sheri,Stiles,sstileso4@dion.ne.jp
870,Roberto,Baldery,rbalderyo5@youtube.com
871,Coleen,Krug,ckrugo6@google.nl
872,Leupold,Belhome,lbelhomeo7@google.pl
873,Cherilyn,Petegre,cpetegreo8@squarespace.com
874,Larissa,Prudence,lprudenceo9@disqus.com
875,Mirabella,Goundsy,mgoundsyoa@mit.edu
876,Karlyn,Niesing,kniesingob@clickbank.net
877,Othilia,Domesday,odomesdayoc@mysql.com
878,Roarke,Algeo,ralgeood@vistaprint.com
879,Aurea,Beckley,abeckleyoe@stumbleupon.com
880,Jeth,Gleave,jgleaveof@statcounter.com
881,Alic,Gerren,agerrenog@networksolutions.com
882,Durand,MacCorley,dmaccorleyoh@1688.com
883,Lewes,Abelovitz,labelovitzoi@example.com
884,Nancey,Frise,nfriseoj@salon.com
885,Fanchette,Molineux,fmolineuxok@mediafire.com
886,Rozanna,Di Carlo,rdicarlool@tinyurl.com
887,Leandra,Mickleborough,lmickleboroughom@csmonitor.com
888,Auberon,Ceccoli,aceccolion@va.gov
889,Sauveur,Syseland,ssyselandoo@smh.com.au
890,Caritta,Mityashin,cmityashinop@infoseek.co.jp
891,Ingrim,Barker,ibarkeroq@taobao.com
892,Iolanthe,Biaggioli,ibiaggiolior@about.com
893,Doralynne,Cushworth,dcushworthos@cyberchimps.com
894,Guglielma,Antyukhin,gantyukhinot@moonfruit.com
895,Tad,Matyasik,tmatyasikou@trellian.com
896,Stace,Songust,ssongustov@hubpages.com
897,Elonore,Taill,etaillow@upenn.edu
898,Neile,Raeburn,nraeburnox@yahoo.co.jp
899,Vallie,Biggadike,vbiggadikeoy@phoca.cz
900,Annice,Liddall,aliddalloz@posterous.com
901,Erminie,Startin,estartinp0@dyndns.org
902,Collette,Haldenby,chaldenbyp1@mayoclinic.com
903,Sibbie,Mayoral,smayoralp2@europa.eu
904,Horst,Britch,hbritchp3@bluehost.com
905,Michail,Ponsford,mponsfordp4@buzzfeed.com
906,Trudie,Cosker,tcoskerp5@cafepress.com
907,Leonore,MacKeever,lmackeeverp6@princeton.edu
908,Katlin,Row,krowp7@parallels.com
909,Bea,Dougherty,bdoughertyp8@sfgate.com
910,Lizzie,Coggell,lcoggellp9@deliciousdays.com
911,Ly,Dragoe,ldragoepa@vimeo.com
912,Basilius,Britzius,bbritziuspb@hhs.gov
913,Jabez,Pittoli,jpittolipc@jimdo.com
914,Merell,Mathwen,mmathwenpd@behance.net
915,Kirstyn,Gronow,kgronowpe@apple.com
916,Bernetta,Torfin,btorfinpf@ted.com
917,Abbe,Gauchier,agauchierpg@arizona.edu
918,Katie,Aubry,kaubryph@vinaora.com
919,Lowell,Hungerford,lhungerfordpi@goo.gl
920,Anica,Bleasdille,ableasdillepj@google.com
921,Nicolais,Petraitis,npetraitispk@japanpost.jp
922,Stanislaw,Furtado,sfurtadopl@jigsy.com
923,Theda,Dick,tdickpm@stanford.edu
924,Shari,Normand,snormandpn@networksolutions.com
925,Aileen,Harrie,aharriepo@fda.gov
926,Donavon,Arundel,darundelpp@hp.com
927,Leeann,Dugget,lduggetpq@ibm.com
928,Stesha,Threlkeld,sthrelkeldpr@techcrunch.com
929,Sapphira,Dizlie,sdizlieps@wordpress.org
930,Parnell,Ashborn,pashbornpt@xrea.com
931,Suki,Wealleans,swealleanspu@facebook.com
932,Seward,Cubley,scubleypv@123-reg.co.uk
933,Renell,Gill,rgillpw@list-manage.com
934,Dasie,Kinnar,dkinnarpx@cnn.com
935,Cleon,Ropp,cropppy@woothemes.com
936,Rebbecca,Burgoin,rburgoinpz@google.com.hk
937,Adams,Siggs,asiggsq0@google.co.jp
938,Foster,Lowdwell,flowdwellq1@tamu.edu
939,Martie,Routh,mrouthq2@bigcartel.com
940,Torrence,Gawler,tgawlerq3@acquirethisname.com
941,Abey,Tatford,atatfordq4@walmart.com
942,Gav,Ventura,gventuraq5@paypal.com
943,Tommie,Frankema,tfrankemaq6@twitter.com
944,Bart,Ratke,bratkeq7@mozilla.com
945,Ted,Inseal,tinsealq8@washingtonpost.com
946,Cullin,Featherbie,cfeatherbieq9@sciencedirect.com
947,Horton,Heakey,hheakeyqa@nifty.com
948,Calli,Gajewski,cgajewskiqb@businesswire.com
949,Riley,MacMenemy,rmacmenemyqc@tripod.com
950,Anastassia,Mattersley,amattersleyqd@wikipedia.org
951,Demetria,Morrant,dmorrantqe@ycombinator.com
952,Diarmid,Roff,droffqf@businesswire.com
953,Gilberto,Collete,gcolleteqg@aboutads.info
954,Roxanna,Barnewelle,rbarnewelleqh@artisteer.com
955,Trefor,Earley,tearleyqi@bbc.co.uk
956,Dido,Witt,dwittqj@netvibes.com
957,Hedwiga,Melbourn,hmelbournqk@mapy.cz
958,Valene,Billin,vbillinql@microsoft.com
959,Karola,Mc Andrew,kmcandrewqm@flavors.me
960,Zack,Robbeke,zrobbekeqn@sbwire.com
961,Layla,Castelli,lcastelliqo@webeden.co.uk
962,Chane,Staton,cstatonqp@webeden.co.uk
963,Franciska,Beeken,fbeekenqq@multiply.com
964,Pooh,Mulvihill,pmulvihillqr@macromedia.com
965,Reggy,Walter,rwalterqs@intel.com
966,Urban,Hargrave,uhargraveqt@alexa.com
967,Johnette,Hardaway,jhardawayqu@nbcnews.com
968,Sherry,Pavlitschek,spavlitschekqv@clickbank.net
969,Base,Gioani,bgioaniqw@latimes.com
970,Briggs,Steer,bsteerqx@bandcamp.com
971,Carroll,Addis,caddisqy@blogspot.com
972,Joyce,de Grey,jdegreyqz@nytimes.com
973,Babbie,Radbourn,bradbournr0@salon.com
974,Phylis,Manilow,pmanilowr1@tmall.com
975,Jessamyn,Bisset,jbissetr2@woothemes.com
976,Juline,Hacksby,jhacksbyr3@bravesites.com
977,Silvester,Pegden,spegdenr4@ustream.tv
978,Brigitte,Achrameev,bachrameevr5@timesonline.co.uk
979,Andonis,Dunderdale,adunderdaler6@answers.com
980,Ignaz,Edger,iedgerr7@booking.com
981,Rodrick,Gunnell,rgunnellr8@huffingtonpost.com
982,Shepherd,Shellsheere,sshellsheerer9@123-reg.co.uk
983,Leroi,Waleworke,lwaleworkera@ca.gov
984,Hugues,Stotherfield,hstotherfieldrb@indiatimes.com
985,Lane,Gaywood,lgaywoodrc@yolasite.com
986,Wernher,Brosi,wbrosird@google.com.hk
987,Lucita,Doniso,ldonisore@wikia.com
988,Jannel,Monshall,jmonshallrf@dedecms.com
989,Andros,Matantsev,amatantsevrg@home.pl
990,Jaynell,Culbard,jculbardrh@edublogs.org
991,Brendan,Imlen,bimlenri@comsenz.com
992,Nolana,Meecher,nmeecherrj@de.vu
993,Zara,Harman,zharmanrk@vinaora.com
994,Virginie,Andrusov,vandrusovrl@slideshare.net
995,Carly,Garmons,cgarmonsrm@meetup.com
996,Devinne,Krug,dkrugrn@buzzfeed.com
997,Lauritz,Masurel,lmasurelro@tinypic.com
998,Emilie,Weldrick,eweldrickrp@census.gov
999,Laurie,Gullivent,lgulliventrq@vk.com
1000,Sanderson,Tesche,stescherr@myspace.com
