id,first_name,last_name,email
1,Law,Morphet,lmorphet0@cbslocal.com
2,Alf,Caller,acaller1@foxnews.com
3,Edna,Bedinham,ebedinham2@disqus.com
4,Joelynn,Wingar,jwingar3@unblog.fr
5,Prudy,Klais,pklais4@nba.com
6,Leah,Mowles,lmowles5@baidu.com
7,Terrance,MacPherson,tmacpherson6@cdc.gov
8,Fulton,Rudram,frudram7@skyrock.com
9,Nero,Hasted,nhasted8@drupal.org
10,Diandra,Hadrill,dhadrill9@woothemes.com
11,Wallis,Penrith,wpenritha@dmoz.org
12,Lavena,Lucks,llucksb@wp.com
13,Cecelia,Bengal,cbengalc@ebay.co.uk
14,Mauricio,Abbitt,mabbittd@discovery.com
15,Decca,Streight,dstreighte@printfriendly.com
16,Sherwynd,Bailles,sbaillesf@alexa.com
17,Eleanor,Lydford,elydfordg@mail.ru
18,Dyana,Delea,ddeleah@dedecms.com
19,Chickie,McGreary,cmcgrearyi@techcrunch.com
20,Jessa,Parmby,jparmbyj@naver.com
21,Cass,Sweatman,csweatmank@goo.ne.jp
22,Bernardine,Greaves,bgreavesl@irs.gov
23,Kimberlyn,Chaplyn,kchaplynm@mayoclinic.com
24,Pat,Weald,pwealdn@yolasite.com
25,Afton,MacGregor,amacgregoro@boston.com
26,Geoffrey,Cejka,gcejkap@cargocollective.com
27,Marchall,Ashment,mashmentq@spotify.com
28,Meggie,Smaile,msmailer@simplemachines.org
29,Artemis,Barbara,abarbaras@booking.com
30,Leroi,Petett,lpetettt@yahoo.co.jp
31,Whitby,Blything,wblythingu@ibm.com
32,Gavrielle,Macklin,gmacklinv@1und1.de
33,La verne,Copelli,lcopelliw@narod.ru
34,Merell,Moseby,mmosebyx@altervista.org
35,Gordie,Delacote,gdelacotey@spiegel.de
36,Woodrow,Cumbridge,wcumbridgez@furl.net
37,Monique,Litel,mlitel10@taobao.com
38,Amerigo,Gilluley,agilluley11@bbc.co.uk
39,Shaine,McNea,smcnea12@youtube.com
40,Trish,Petrol,tpetrol13@technorati.com
41,Krystle,Koppens,kkoppens14@google.co.uk
42,Ainsley,Bonome,abonome15@g.co
43,Alejoa,Treleven,atreleven16@macromedia.com
44,Hershel,Jeroch,hjeroch17@upenn.edu
45,Nikki,O'Scollee,noscollee18@de.vu
46,Cally,Maha,cmaha19@google.es
47,Edward,Mityushkin,emityushkin1a@shop-pro.jp
48,Bard,Padley,bpadley1b@va.gov
49,Cherice,Vivyan,cvivyan1c@ft.com
50,Eyde,Gurney,egurney1d@4shared.com
51,Arlen,Abrahmson,aabrahmson1e@joomla.org
52,Trudi,Barajaz,tbarajaz1f@newyorker.com
53,Valentina,Roger,vroger1g@epa.gov
54,Mathe,Kubicek,mkubicek1h@vistaprint.com
55,Vere,Laba,vlaba1i@house.gov
56,Monica,Palmer,mpalmer1j@acquirethisname.com
57,Ninnetta,Hens,nhens1k@amazon.de
58,Dixie,Pinilla,dpinilla1l@trellian.com
59,Joan,Osipenko,josipenko1m@globo.com
60,Gabriellia,Ludwig,gludwig1n@google.com.br
61,Agnola,Altree,aaltree1o@seesaa.net
62,Cathee,Fairhead,cfairhead1p@cbslocal.com
63,Querida,Higgoe,qhiggoe1q@businesswire.com
64,Freddy,Sanper,fsanper1r@go.com
65,Tricia,Roncelli,troncelli1s@about.me
66,Debby,Killimister,dkillimister1t@alibaba.com
67,Morganica,Pieter,mpieter1u@wufoo.com
68,Maud,Collingham,mcollingham1v@hao123.com
69,Delbert,Dumberell,ddumberell1w@myspace.com
70,Dionisio,Gretton,dgretton1x@npr.org
71,Onida,Wrixon,owrixon1y@wsj.com
72,Marylee,Mallon,mmallon1z@ibm.com
73,Melamie,Zapata,mzapata20@about.com
74,Fernando,Tourot,ftourot21@cmu.edu
75,Andeee,Decourcy,adecourcy22@comsenz.com
76,Gaspard,Finlan,gfinlan23@meetup.com
77,Philipa,Mash,pmash24@gravatar.com
78,Saree,Kroger,skroger25@pcworld.com
79,Rube,Verey,rverey26@webmd.com
80,Leopold,Frogley,lfrogley27@ycombinator.com
81,Jerrine,Adds,jadds28@fc2.com
82,Dorothee,Lusher,dlusher29@linkedin.com
83,Leia,Pellew,lpellew2a@tuttocitta.it
84,Roderigo,Traill,rtraill2b@csmonitor.com
85,Sal,Dmytryk,sdmytryk2c@cbsnews.com
86,Bearnard,Dimitrijevic,bdimitrijevic2d@webmd.com
87,Reube,de Quincey,rdequincey2e@flavors.me
88,Kimmy,Quirke,kquirke2f@opera.com
89,Humphrey,Hambleton,hhambleton2g@independent.co.uk
90,Raimundo,Stranaghan,rstranaghan2h@nba.com
91,Dermot,Nias,dnias2i@google.ca
92,Blythe,Blaycock,bblaycock2j@yahoo.co.jp
93,Gypsy,Marshland,gmarshland2k@g.co
94,Elga,Mound,emound2l@google.ru
95,Manda,Stride,mstride2m@purevolume.com
96,Storm,Donkersley,sdonkersley2n@soundcloud.com
97,Hedda,Vousden,hvousden2o@mozilla.org
98,Boycey,Chippindale,bchippindale2p@hostgator.com
99,Thayne,Yerrall,tyerrall2q@adobe.com
100,Priscilla,Haugen,phaugen2r@reference.com
101,Guendolen,Iacovo,giacovo2s@vinaora.com
102,Pearle,Benneyworth,pbenneyworth2t@themeforest.net
103,Vladimir,Hollingdale,vhollingdale2u@wordpress.com
104,Kris,Cud,kcud2v@washingtonpost.com
105,Jackie,Rolph,jrolph2w@sbwire.com
106,Pinchas,Goodley,pgoodley2x@google.com.au
107,Baryram,Slocumb,bslocumb2y@list-manage.com
108,Christophe,Waye,cwaye2z@google.co.jp
109,Jedd,Fratczak,jfratczak30@spotify.com
110,Maybelle,Gerkens,mgerkens31@bigcartel.com
111,Itch,Ambroz,iambroz32@washington.edu
112,Michele,Cowgill,mcowgill33@stumbleupon.com
113,Fred,Ollett,follett34@wufoo.com
114,Rora,Canape,rcanape35@economist.com
115,Hendrick,Lorentzen,hlorentzen36@e-recht24.de
116,Pooh,Giovannelli,pgiovannelli37@pcworld.com
117,Florette,Earney,fearney38@answers.com
118,Parker,Fidgin,pfidgin39@accuweather.com
119,Sarge,Dessent,sdessent3a@umn.edu
120,Emelia,Shapcott,eshapcott3b@guardian.co.uk
121,Germain,Yve,gyve3c@a8.net
122,Etienne,Pawlaczyk,epawlaczyk3d@oracle.com
123,Barnaby,Gobeau,bgobeau3e@hugedomains.com
124,Saunderson,Ayton,sayton3f@soup.io
125,Bria,Koeppe,bkoeppe3g@clickbank.net
126,Abigael,Mowat,amowat3h@comsenz.com
127,Elisabetta,Lampard,elampard3i@multiply.com
128,Madeline,Moakson,mmoakson3j@domainmarket.com
129,Shirley,Aisman,saisman3k@nymag.com
130,Thomasine,McLarty,tmclarty3l@hhs.gov
131,Tony,Matyushkin,tmatyushkin3m@ebay.com
132,Phyllis,Firebrace,pfirebrace3n@ifeng.com
133,Heda,Brunelleschi,hbrunelleschi3o@vkontakte.ru
134,Sandie,Kmieciak,skmieciak3p@paginegialle.it
135,Roch,McIlory,rmcilory3q@deviantart.com
136,Reid,Ewbanks,rewbanks3r@fc2.com
137,Cari,Vigus,cvigus3s@opensource.org
138,Jammie,Foxcroft,jfoxcroft3t@weebly.com
139,Johann,Humbie,jhumbie3u@google.com.br
140,Katusha,Murthwaite,kmurthwaite3v@home.pl
141,Mayer,Jude,mjude3w@lulu.com
142,Ginger,Franzman,gfranzman3x@patch.com
143,Franchot,Beckensall,fbeckensall3y@tmall.com
144,Kelly,Lamort,klamort3z@ed.gov
145,Nadine,Yurenin,nyurenin40@theguardian.com
146,Joleen,Pykett,jpykett41@ted.com
147,Freddy,Curley,fcurley42@gizmodo.com
148,Madelle,Dentith,mdentith43@google.com
149,Terencio,Girdlestone,tgirdlestone44@unc.edu
150,Micheal,Arstingall,marstingall45@salon.com
151,Chad,Jury,cjury46@imageshack.us
152,Wiley,De Mitri,wdemitri47@dyndns.org
153,Nappie,Donnel,ndonnel48@state.tx.us
154,Bartholomeo,Moryson,bmoryson49@miibeian.gov.cn
155,Richart,Schild,rschild4a@canalblog.com
156,Raimondo,Rego,rrego4b@usatoday.com
157,Mei,Taleworth,mtaleworth4c@icio.us
158,Korella,Tiptaft,ktiptaft4d@rediff.com
159,Kaine,Beddall,kbeddall4e@lycos.com
160,Suzann,Honack,shonack4f@mayoclinic.com
161,Chere,Addey,caddey4g@meetup.com
162,Arin,Denley,adenley4h@amazon.co.uk
163,Faun,Figin,ffigin4i@stumbleupon.com
164,Chaddy,Steely,csteely4j@wikispaces.com
165,Adrea,Elbourne,aelbourne4k@csmonitor.com
166,Simonne,Dummigan,sdummigan4l@pinterest.com
167,Sheeree,Kinchley,skinchley4m@tuttocitta.it
168,Cesar,Ricardou,cricardou4n@nymag.com
169,Myca,Pendrigh,mpendrigh4o@whitehouse.gov
170,Pat,Lilian,plilian4p@pbs.org
171,Cara,Ditchburn,cditchburn4q@time.com
172,Hilde,Dumbell,hdumbell4r@ycombinator.com
173,Harv,Scala,hscala4s@barnesandnoble.com
174,Charlotta,Henken,chenken4t@woothemes.com
175,Esta,Sheen,esheen4u@addthis.com
176,Alyosha,Inman,ainman4v@reuters.com
177,Spencer,Abbitt,sabbitt4w@bbc.co.uk
178,Barbaraanne,Swine,bswine4x@netlog.com
179,Lia,Golden of Ireland,lgoldenofireland4y@istockphoto.com
180,Jasper,Snarr,jsnarr4z@nih.gov
181,Becka,Huckerby,bhuckerby50@oaic.gov.au
182,Ainslie,Benduhn,abenduhn51@freewebs.com
183,Kelsi,Eronie,keronie52@phoca.cz
184,Godfree,Snepp,gsnepp53@wikispaces.com
185,Lotti,Olsson,lolsson54@vimeo.com
186,Cazzie,Lucus,clucus55@eepurl.com
187,Easter,Tyt,etyt56@google.co.jp
188,Frieda,Bransom,fbransom57@squidoo.com
189,Stanton,Paradin,sparadin58@paypal.com
190,Valaree,Althrop,valthrop59@ycombinator.com
191,Jonie,Seery,jseery5a@oakley.com
192,Gusella,Broun,gbroun5b@msn.com
193,Kevin,Pree,kpree5c@gmpg.org
194,Garrard,Mayston,gmayston5d@gravatar.com
195,Jerry,Lung,jlung5e@issuu.com
196,Shirl,Ingolotti,singolotti5f@tamu.edu
197,Addia,Mityukov,amityukov5g@seattletimes.com
198,Kenon,Morrowe,kmorrowe5h@imgur.com
199,Brande,Stoffer,bstoffer5i@bigcartel.com
200,Chandal,McKennan,cmckennan5j@cyberchimps.com
201,Goldi,Bolingbroke,gbolingbroke5k@weather.com
202,Granger,Laurencot,glaurencot5l@time.com
203,Calli,Maffucci,cmaffucci5m@ifeng.com
204,Jacenta,Leese,jleese5n@fda.gov
205,Shawn,Houselee,shouselee5o@economist.com
206,Hannis,Cussins,hcussins5p@hatena.ne.jp
207,Sibel,Harradence,sharradence5q@marriott.com
208,Benson,Shropshire,bshropshire5r@google.pl
209,Torrence,Ciccotti,tciccotti5s@nhs.uk
210,Paul,Iacopo,piacopo5t@about.me
211,Ambur,Brentnall,abrentnall5u@earthlink.net
212,Lorri,Gheorghie,lgheorghie5v@vkontakte.ru
213,Florenza,Cronkshaw,fcronkshaw5w@digg.com
214,Gertrud,Gorman,ggorman5x@yahoo.com
215,Dolorita,Treven,dtreven5y@topsy.com
216,Suzanna,Strothers,sstrothers5z@comcast.net
217,Anastasie,Costell,acostell60@statcounter.com
218,Ingram,Offield,ioffield61@yelp.com
219,Sephira,Causey,scausey62@live.com
220,Arline,Lutzmann,alutzmann63@ibm.com
221,Riccardo,Livings,rlivings64@noaa.gov
222,Iain,Sellstrom,isellstrom65@twitpic.com
223,Stuart,Nurcombe,snurcombe66@over-blog.com
224,Nickey,Walcher,nwalcher67@fc2.com
225,Sharia,Reoch,sreoch68@indiegogo.com
226,Mariquilla,Lapere,mlapere69@theglobeandmail.com
227,Sarge,Jameson,sjameson6a@tumblr.com
228,Davin,Barefoot,dbarefoot6b@answers.com
229,Glynda,Kernan,gkernan6c@twitpic.com
230,Hildagarde,Whiteson,hwhiteson6d@marketwatch.com
231,Dillie,Heinl,dheinl6e@sbwire.com
232,Jamie,Heymann,jheymann6f@prweb.com
233,Joellyn,Rupke,jrupke6g@ameblo.jp
234,Sallie,Espadero,sespadero6h@state.gov
235,Luther,Winward,lwinward6i@nationalgeographic.com
236,Johnath,Woolsey,jwoolsey6j@xrea.com
237,Cristal,Devanny,cdevanny6k@1688.com
238,Farlee,Podmore,fpodmore6l@tumblr.com
239,Earvin,Jorck,ejorck6m@mozilla.com
240,Waylen,Dablin,wdablin6n@craigslist.org
241,Marsh,Inker,minker6o@aol.com
242,Homer,Chettle,hchettle6p@desdev.cn
243,Rakel,Grouer,rgrouer6q@google.es
244,Jillie,Duchateau,jduchateau6r@psu.edu
245,Martelle,Rhymes,mrhymes6s@twitter.com
246,Minetta,Pitt,mpitt6t@unicef.org
247,Thaddeus,Koopman,tkoopman6u@umich.edu
248,Loella,Greenleaf,lgreenleaf6v@desdev.cn
249,Susanne,Sabbins,ssabbins6w@so-net.ne.jp
250,Pearle,Crowter,pcrowter6x@aboutads.info
251,Euell,Miner,eminer6y@discuz.net
252,Rodolfo,Santoro,rsantoro6z@yellowpages.com
253,Stanislaw,Beelby,sbeelby70@odnoklassniki.ru
254,Lanna,de Chastelain,ldechastelain71@cornell.edu
255,Theo,Pymer,tpymer72@japanpost.jp
256,Peggie,Lyle,plyle73@sfgate.com
257,Bard,McKennan,bmckennan74@apache.org
258,Neysa,Gomez,ngomez75@elpais.com
259,York,Dulling,ydulling76@friendfeed.com
260,Honor,Rosewall,hrosewall77@comcast.net
261,Adiana,Blasiak,ablasiak78@ucoz.ru
262,Amity,Wiggam,awiggam79@goodreads.com
263,Ambrosio,Terzo,aterzo7a@twitpic.com
264,Mariele,McEnery,mmcenery7b@unblog.fr
265,Kora,Mitkov,kmitkov7c@un.org
266,Adair,Damato,adamato7d@cocolog-nifty.com
267,Kevina,Adlam,kadlam7e@quantcast.com
268,Troy,Diggles,tdiggles7f@hibu.com
269,Jodi,Shipman,jshipman7g@marriott.com
270,Cristy,Agg,cagg7h@aboutads.info
271,Swen,Griffith,sgriffith7i@sbwire.com
272,Derby,Ragbourne,dragbourne7j@xing.com
273,Karla,Scrane,kscrane7k@mozilla.com
274,Dyna,Rosenthaler,drosenthaler7l@people.com.cn
275,Ulrika,Gully,ugully7m@craigslist.org
276,Guilbert,Cholton,gcholton7n@clickbank.net
277,Alan,Egger,aegger7o@squarespace.com
278,Morrie,Dunlea,mdunlea7p@pbs.org
279,Duncan,Heatlie,dheatlie7q@google.com.hk
280,Keane,Mark,kmark7r@privacy.gov.au
281,Alfredo,Muckeen,amuckeen7s@51.la
282,Halette,D'eath,hdeath7t@cocolog-nifty.com
283,Ruperta,Odby,rodby7u@alexa.com
284,Danyette,Pethybridge,dpethybridge7v@globo.com
285,Binni,Husbands,bhusbands7w@google.cn
286,Sarajane,Villaron,svillaron7x@webeden.co.uk
287,Minni,Oloshkin,moloshkin7y@xrea.com
288,Tim,Simmill,tsimmill7z@facebook.com
289,Darill,Lineker,dlineker80@networksolutions.com
290,Brandtr,Laughlan,blaughlan81@ebay.co.uk
291,Cati,Kiley,ckiley82@state.tx.us
292,Temple,Dudeney,tdudeney83@friendfeed.com
293,Arri,Rosenkrantz,arosenkrantz84@imageshack.us
294,Hamish,Tidbold,htidbold85@edublogs.org
295,Dory,Batting,dbatting86@skyrock.com
296,Mozes,Angelini,mangelini87@com.com
297,Edik,Solomon,esolomon88@youku.com
298,Nevile,Lyste,nlyste89@amazonaws.com
299,Derby,Fincke,dfincke8a@twitter.com
300,Isadora,Duffell,iduffell8b@linkedin.com
301,Roscoe,Catling,rcatling8c@amazon.com
302,Kailey,Instrell,kinstrell8d@infoseek.co.jp
303,Meghann,Reynalds,mreynalds8e@histats.com
304,Beverly,Ilyinski,bilyinski8f@twitpic.com
305,Maegan,Boyland,mboyland8g@jugem.jp
306,Olive,Presslee,opresslee8h@1688.com
307,Zachary,Reeken,zreeken8i@unesco.org
308,Dru,Ferrie,dferrie8j@hostgator.com
309,Gwennie,Chaunce,gchaunce8k@moonfruit.com
310,Lyndsey,Weight,lweight8l@blogger.com
311,Lothaire,Lathwood,llathwood8m@sina.com.cn
312,Perl,Sor,psor8n@examiner.com
313,Ambrose,Myford,amyford8o@zimbio.com
314,Angeli,Bedward,abedward8p@indiatimes.com
315,Laura,Twentyman,ltwentyman8q@bloglovin.com
316,Anna-diana,Moseley,amoseley8r@discuz.net
317,Lyn,M'Quharg,lmquharg8s@pen.io
318,Adara,Kershow,akershow8t@comcast.net
319,Neysa,Tarrier,ntarrier8u@google.ru
320,Marcy,MacColl,mmaccoll8v@accuweather.com
321,Tripp,Slay,tslay8w@tiny.cc
322,Sebastian,Schutze,sschutze8x@seattletimes.com
323,Gussy,Cridge,gcridge8y@people.com.cn
324,Emiline,Troucher,etroucher8z@globo.com
325,Enrica,Mosedill,emosedill90@ibm.com
326,Odessa,Doughartie,odoughartie91@t-online.de
327,Eduino,Matthisson,ematthisson92@census.gov
328,Trina,Deane,tdeane93@soup.io
329,Erminie,Weond,eweond94@1688.com
330,Sterling,Cartmale,scartmale95@psu.edu
331,Caterina,Wey,cwey96@hugedomains.com
332,Laurence,Tinsley,ltinsley97@fda.gov
333,Don,Hearnden,dhearnden98@dailymail.co.uk
334,Emlyn,Calendar,ecalendar99@amazon.com
335,Tiphani,Precious,tprecious9a@va.gov
336,Greg,Bauckham,gbauckham9b@hugedomains.com
337,Debra,Wiggins,dwiggins9c@imageshack.us
338,Lidia,Di Maria,ldimaria9d@hud.gov
339,Aurelia,Purbrick,apurbrick9e@cornell.edu
340,Galvin,Danielsohn,gdanielsohn9f@wix.com
341,Cale,Swithenby,cswithenby9g@51.la
342,Lelah,Eddington,leddington9h@google.co.uk
343,Doria,Trent,dtrent9i@cisco.com
344,Sherman,Ezzle,sezzle9j@berkeley.edu
345,Hy,Strother,hstrother9k@flavors.me
346,Avram,Troctor,atroctor9l@phpbb.com
347,Culley,Samuels,csamuels9m@dell.com
348,Marrissa,Kaser,mkaser9n@delicious.com
349,Madalyn,Oherlihy,moherlihy9o@time.com
350,Philippe,Ginger,pginger9p@flavors.me
351,Thorny,Hayto,thayto9q@google.com
352,Madella,Koba,mkoba9r@hao123.com
353,Ginnie,Ferrero,gferrero9s@artisteer.com
354,Maurise,Banasiak,mbanasiak9t@nhs.uk
355,Damon,O'Hagirtie,dohagirtie9u@4shared.com
356,Jacquelynn,Swapp,jswapp9v@msn.com
357,Nanice,Sutton,nsutton9w@house.gov
358,Sybille,Geeritz,sgeeritz9x@storify.com
359,Ellette,Wreak,ewreak9y@4shared.com
360,Hurlee,Fanti,hfanti9z@sciencedaily.com
361,Elna,Lorens,elorensa0@indiegogo.com
362,Martainn,Wallbanks,mwallbanksa1@quantcast.com
363,Cassi,Maybey,cmaybeya2@disqus.com
364,Feliza,Faircliffe,ffaircliffea3@dion.ne.jp
365,Ethelin,Gawne,egawnea4@spotify.com
366,Belicia,Grichukhin,bgrichukhina5@shareasale.com
367,Ebba,Spiller,espillera6@telegraph.co.uk
368,Claudelle,Jumont,cjumonta7@umn.edu
369,Eachelle,Filewood,efilewooda8@biblegateway.com
370,Ferdinanda,Ahlin,fahlina9@geocities.jp
371,Loraine,Learoid,llearoidaa@cornell.edu
372,Cly,Atterbury,catterburyab@webs.com
373,Elonore,Cesaric,ecesaricac@livejournal.com
374,Luciano,Grassett,lgrassettad@census.gov
375,Janna,Cottrill,jcottrillae@wired.com
376,Birgit,Coram,bcoramaf@surveymonkey.com
377,Massimo,Scamp,mscampag@fastcompany.com
378,Etty,Bratchell,ebratchellah@jalbum.net
379,Arabella,Rawcliff,arawcliffai@cloudflare.com
380,Loralyn,Wolfer,lwolferaj@storify.com
381,Lamar,Dafter,ldafterak@irs.gov
382,Milissent,Ogglebie,mogglebieal@seattletimes.com
383,Cassi,Laskey,claskeyam@aol.com
384,Nikola,Romanetti,nromanettian@tumblr.com
385,Melodie,Petrolli,mpetrolliao@webeden.co.uk
386,Carin,Gay,cgayap@dot.gov
387,Trisha,Pryell,tpryellaq@google.ca
388,Loren,Escalante,lescalantear@google.com.hk
389,Russ,Fremantle,rfremantleas@exblog.jp
390,Max,Howlett,mhowlettat@google.nl
391,Nessi,Atcherley,natcherleyau@livejournal.com
392,Crosby,Gergher,cgergherav@jimdo.com
393,Irita,Celez,icelezaw@bloglines.com
394,Carole,Emor,cemorax@linkedin.com
395,Jard,Paolini,jpaoliniay@nymag.com
396,Dredi,Whitticks,dwhitticksaz@tamu.edu
397,Marchelle,Morl,mmorlb0@miitbeian.gov.cn
398,Keefe,Smalls,ksmallsb1@businessweek.com
399,Domenico,Rosso,drossob2@google.cn
400,Jobina,Kilgannon,jkilgannonb3@zdnet.com
401,Carly,Dunbobin,cdunbobinb4@twitter.com
402,Anselm,Chasemoore,achasemooreb5@ovh.net
403,Franciskus,Poundford,fpoundfordb6@columbia.edu
404,Jacqueline,Gotecliffe,jgotecliffeb7@devhub.com
405,Rudolfo,D'Angeli,rdangelib8@wiley.com
406,Gerald,Pepall,gpepallb9@youtube.com
407,Brunhilda,Brickner,bbricknerba@slate.com
408,Danette,Westbury,dwestburybb@nyu.edu
409,Hinda,O'Quin,hoquinbc@netlog.com
410,Teddy,Zecchini,tzecchinibd@csmonitor.com
411,Patience,Welden,pweldenbe@mlb.com
412,Luise,Matteris,lmatterisbf@live.com
413,Aretha,Kiernan,akiernanbg@diigo.com
414,Emanuele,Tanfield,etanfieldbh@independent.co.uk
415,Davy,Spridgeon,dspridgeonbi@fda.gov
416,Putnam,Brandham,pbrandhambj@msn.com
417,Adoree,Grabham,agrabhambk@businesswire.com
418,Lyssa,Scruby,lscrubybl@lulu.com
419,Jerad,Gyde,jgydebm@hao123.com
420,Rina,Spata,rspatabn@php.net
421,Amandi,Mounfield,amounfieldbo@hostgator.com
422,Hewie,Cornil,hcornilbp@skyrock.com
423,Doll,Beadell,dbeadellbq@qq.com
424,Robinett,Tanswill,rtanswillbr@rakuten.co.jp
425,Orson,Micklem,omicklembs@cornell.edu
426,Sher,Snugg,ssnuggbt@statcounter.com
427,Jory,Kearns,jkearnsbu@tinyurl.com
428,Clio,Bande,cbandebv@wunderground.com
429,Clayborn,Skitterel,cskitterelbw@lulu.com
430,Vevay,Molloy,vmolloybx@e-recht24.de
431,Napoleon,Greswell,ngreswellby@yale.edu
432,Emerson,Murray,emurraybz@example.com
433,Jimmie,Shawyers,jshawyersc0@walmart.com
434,Desmond,MacDearmont,dmacdearmontc1@rambler.ru
435,Regen,Ameer-Beg,rameerbegc2@parallels.com
436,Sammy,Franke,sfrankec3@nature.com
437,Stevie,Brendeke,sbrendekec4@google.co.jp
438,Hunter,Spincke,hspinckec5@cloudflare.com
439,Sile,Malec,smalecc6@skyrock.com
440,Olav,Pehrsson,opehrssonc7@google.ru
441,Lynde,McClenaghan,lmcclenaghanc8@bravesites.com
442,Cthrine,Berrisford,cberrisfordc9@google.com.br
443,Maurizia,Sanney,msanneyca@sitemeter.com
444,Brett,Trudgion,btrudgioncb@xinhuanet.com
445,Corabel,Vallantine,cvallantinecc@sina.com.cn
446,Alec,Josovitz,ajosovitzcd@utexas.edu
447,Russell,Hulkes,rhulkesce@naver.com
448,Merlina,Towner,mtownercf@studiopress.com
449,Gilemette,Iremonger,giremongercg@microsoft.com
450,Fredric,Walles,fwallesch@istockphoto.com
451,Jorey,Maseres,jmaseresci@nih.gov
452,Deeanne,Leinweber,dleinwebercj@pcworld.com
453,Israel,Gawkes,igawkesck@hc360.com
454,Padgett,Early,pearlycl@spotify.com
455,Winne,Trownson,wtrownsoncm@desdev.cn
456,Deina,Pealing,dpealingcn@sogou.com
457,Gabey,Itzak,gitzakco@mashable.com
458,Brnaba,Gilbank,bgilbankcp@alexa.com
459,Granger,Wanley,gwanleycq@indiegogo.com
460,Jamesy,Slowey,jsloweycr@wikimedia.org
461,Ediva,Sallery,esallerycs@google.com.au
462,Lanny,Baughn,lbaughnct@trellian.com
463,Elsi,Rustan,erustancu@hexun.com
464,Claudetta,McLaughlin,cmclaughlincv@unblog.fr
465,Dael,Calderwood,dcalderwoodcw@utexas.edu
466,Cinderella,Seegar,cseegarcx@prnewswire.com
467,Jerrine,Holt,jholtcy@sphinn.com
468,Dynah,Kochlin,dkochlincz@phpbb.com
469,Abramo,Morot,amorotd0@wp.com
470,Helen,Golborne,hgolborned1@tumblr.com
471,Mel,Wisher,mwisherd2@mashable.com
472,Albertine,MacAlroy,amacalroyd3@liveinternet.ru
473,Robbie,Strattan,rstrattand4@cbc.ca
474,Kim,Blundel,kblundeld5@blinklist.com
475,Gennifer,Sudran,gsudrand6@mozilla.com
476,Bordy,Beardmore,bbeardmored7@diigo.com
477,Tomasine,Hein,theind8@sitemeter.com
478,Shea,Camellini,scamellinid9@senate.gov
479,Crystie,Drayn,cdraynda@sfgate.com
480,Trixie,Yoselevitch,tyoselevitchdb@printfriendly.com
481,Kassey,Harvison,kharvisondc@photobucket.com
482,Rhoda,Mewha,rmewhadd@slideshare.net
483,Christoffer,Lawland,clawlandde@google.pl
484,Claribel,Taill,ctailldf@archive.org
485,Josiah,Mullins,jmullinsdg@liveinternet.ru
486,Wes,McKerron,wmckerrondh@rakuten.co.jp
487,Doria,Hebner,dhebnerdi@state.tx.us
488,Valencia,Lodge,vlodgedj@cam.ac.uk
489,Harriett,Tewelson,htewelsondk@wsj.com
490,Ricoriki,Bucknell,rbucknelldl@prnewswire.com
491,Jenni,Whitworth,jwhitworthdm@tinypic.com
492,Svend,Swancott,sswancottdn@msu.edu
493,Corly,Kienzle,ckienzledo@booking.com
494,Cherlyn,de Keyser,cdekeyserdp@indiegogo.com
495,Joanie,Sinkins,jsinkinsdq@state.tx.us
496,Orelee,Andrea,oandreadr@topsy.com
497,Darbie,Baythrop,dbaythropds@behance.net
498,Anestassia,Fealey,afealeydt@desdev.cn
499,Johny,McCudden,jmccuddendu@issuu.com
500,Daffi,Oattes,doattesdv@surveymonkey.com
501,Dur,Schmuhl,dschmuhldw@biglobe.ne.jp
502,Perla,Beetham,pbeethamdx@bbc.co.uk
503,Frants,Laskey,flaskeydy@ftc.gov
504,Lukas,Zimmer,lzimmerdz@yahoo.com
505,Clovis,Callum,ccallume0@usatoday.com
506,Spense,Dammarell,sdammarelle1@squidoo.com
507,Gian,Hulland,ghullande2@usnews.com
508,Leelah,Le Friec,llefriece3@cocolog-nifty.com
509,Rodolphe,Carthew,rcarthewe4@last.fm
510,Robena,Jellybrand,rjellybrande5@google.pl
511,Arabele,Raithbie,araithbiee6@parallels.com
512,Sid,Rodden,sroddene7@latimes.com
513,Emelda,Kyttor,ekyttore8@cargocollective.com
514,Cassie,Rowlings,crowlingse9@dyndns.org
515,Florina,Adamiec,fadamiecea@joomla.org
516,Fannie,Vineall,fvinealleb@wufoo.com
517,Carlita,Alflat,calflatec@goo.gl
518,Rollins,Egalton,regaltoned@berkeley.edu
519,Johnath,Arnke,jarnkeee@omniture.com
520,Wendall,Penkman,wpenkmanef@weibo.com
521,Tamma,Staries,tstarieseg@jugem.jp
522,Sybil,Seaman,sseamaneh@nhs.uk
523,Delano,Webb-Bowen,dwebbbowenei@weebly.com
524,Melvin,MacDuff,mmacduffej@yandex.ru
525,Oates,Bigmore,obigmoreek@state.tx.us
526,Tiler,Lindwall,tlindwallel@jugem.jp
527,Wendell,Alves,walvesem@indiegogo.com
528,Hannis,Vertigan,hvertiganen@phoca.cz
529,Sarene,Copes,scopeseo@blogs.com
530,Fleur,Emberson,fembersonep@forbes.com
531,Taddeusz,Abry,tabryeq@auda.org.au
532,Chevalier,Northam,cnorthamer@patch.com
533,Gail,Bunyard,gbunyardes@jugem.jp
534,Winthrop,Elger,welgeret@cnn.com
535,Florie,Casterou,fcasteroueu@ucla.edu
536,Fairlie,Lyptratt,flyptrattev@tamu.edu
537,Temp,Phebey,tphebeyew@free.fr
538,Efren,Quinnette,equinnetteex@imageshack.us
539,Rick,Renackowna,rrenackownaey@virginia.edu
540,Annamarie,Foulser,afoulserez@quantcast.com
541,Padget,Wyllt,pwylltf0@freewebs.com
542,Hew,Dovey,hdoveyf1@canalblog.com
543,Sophey,Hofner,shofnerf2@people.com.cn
544,Karee,Dedon,kdedonf3@pcworld.com
545,Granger,Smeaton,gsmeatonf4@admin.ch
546,Alley,Bree,abreef5@irs.gov
547,Wilfrid,Dumphries,wdumphriesf6@twitpic.com
548,Isobel,Focke,ifockef7@tripod.com
549,Jerrilyn,Whyborn,jwhybornf8@answers.com
550,Desdemona,Pilkinton,dpilkintonf9@cloudflare.com
551,Esma,Wehnerr,ewehnerrfa@unesco.org
552,Idelle,Smallcombe,ismallcombefb@i2i.jp
553,Felipe,Birchenhead,fbirchenheadfc@tripod.com
554,Tova,Keme,tkemefd@networkadvertising.org
555,Charmion,Jobbing,cjobbingfe@feedburner.com
556,Cherish,Semper,csemperff@blogger.com
557,Nester,Rapp,nrappfg@japanpost.jp
558,Eziechiele,Doughtery,edoughteryfh@people.com.cn
559,Janine,Blease,jbleasefi@paginegialle.it
560,Adella,Burdge,aburdgefj@e-recht24.de
561,Sarah,Bellas,sbellasfk@earthlink.net
562,Tomas,Banke,tbankefl@abc.net.au
563,Nehemiah,Matkovic,nmatkovicfm@webmd.com
564,Leora,McColley,lmccolleyfn@jiathis.com
565,Dale,Klaaassen,dklaaassenfo@yelp.com
566,Nelia,Witch,nwitchfp@usda.gov
567,Edin,Bootyman,ebootymanfq@tripadvisor.com
568,Tera,Piggford,tpiggfordfr@oracle.com
569,Larisa,Viollet,lviolletfs@sourceforge.net
570,Auria,Robbel,arobbelft@rakuten.co.jp
571,Cherise,Jouhandeau,cjouhandeaufu@hp.com
572,Sigismond,Janiak,sjaniakfv@yellowbook.com
573,Renault,Esposita,respositafw@umn.edu
574,Gibby,Philpault,gphilpaultfx@google.com
575,Corliss,Rouby,croubyfy@foxnews.com
576,Margarete,Robiot,mrobiotfz@techcrunch.com
577,Erika,Perassi,eperassig0@wired.com
578,Tamarah,Creevy,tcreevyg1@yellowpages.com
579,Ashil,Spinage,aspinageg2@globo.com
580,Charisse,Bunston,cbunstong3@scribd.com
581,Madel,Ivons,mivonsg4@sakura.ne.jp
582,Maggy,Haking,mhakingg5@google.ru
583,Jeromy,Filimore,jfilimoreg6@cyberchimps.com
584,Corny,Dumingo,cdumingog7@redcross.org
585,Fidole,Abys,fabysg8@bloglovin.com
586,Amelina,Baynton,abayntong9@house.gov
587,Kakalina,Mingasson,kmingassonga@cpanel.net
588,Marlin,Gors,mgorsgb@narod.ru
589,Juliann,Crowd,jcrowdgc@independent.co.uk
590,Edee,Pegg,epegggd@miibeian.gov.cn
591,Brooks,Aviss,bavissge@privacy.gov.au
592,Job,Goldston,jgoldstongf@geocities.jp
593,Chelsae,Huish,chuishgg@ft.com
594,Phillipp,Oxteby,poxtebygh@t.co
595,Obidiah,Jancar,ojancargi@japanpost.jp
596,Ashla,Balaisot,abalaisotgj@nytimes.com
597,Delora,Moen,dmoengk@gnu.org
598,Wallace,McBeath,wmcbeathgl@ifeng.com
599,Lilla,Wyne,lwynegm@oakley.com
600,Branden,Althrope,balthropegn@census.gov
601,Tallia,Lewens,tlewensgo@abc.net.au
602,Chiquia,Patient,cpatientgp@mit.edu
603,Kin,Ascroft,kascroftgq@marriott.com
604,Lazare,Spickett,lspickettgr@nsw.gov.au
605,Dunc,Shoebottom,dshoebottomgs@blogtalkradio.com
606,Harald,Mauvin,hmauvingt@blogspot.com
607,Dana,Allwell,dallwellgu@psu.edu
608,Benjamen,Pankhurst.,bpankhurstgv@ning.com
609,Ambrose,Snoad,asnoadgw@lulu.com
610,Celestia,Lacasa,clacasagx@phoca.cz
611,Isidor,Keeting,ikeetinggy@webs.com
612,Adamo,Barrim,abarrimgz@goo.ne.jp
613,Agnese,Anfrey,aanfreyh0@home.pl
614,Benyamin,Pock,bpockh1@amazon.de
615,Vic,Trevithick,vtrevithickh2@istockphoto.com
616,Mame,Battleson,mbattlesonh3@slate.com
617,Chandal,Redwall,credwallh4@bigcartel.com
618,Odetta,Doubleday,odoubledayh5@utexas.edu
619,Haslett,Diano,hdianoh6@cpanel.net
620,Starla,Cantle,scantleh7@discuz.net
621,Vincent,Gregine,vgregineh8@vistaprint.com
622,Dale,Sanchiz,dsanchizh9@google.fr
623,Petunia,Unsworth,punsworthha@adobe.com
624,Dorothea,Boullen,dboullenhb@nifty.com
625,Tucky,Storks,tstorkshc@noaa.gov
626,Stanwood,Killeen,skilleenhd@simplemachines.org
627,Aguie,Gelderd,agelderdhe@plala.or.jp
628,Waly,Leate,wleatehf@so-net.ne.jp
629,Matti,Itzak,mitzakhg@nymag.com
630,Aura,Acum,aacumhh@exblog.jp
631,Keefer,Gustus,kgustushi@theglobeandmail.com
632,Frederic,Malloch,fmallochhj@4shared.com
633,Wade,O'Henecan,wohenecanhk@google.de
634,Fonsie,Ivett,fivetthl@businesswire.com
635,Claudelle,Boag,cboaghm@fc2.com
636,Reine,Corday,rcordayhn@1688.com
637,Steward,Curme,scurmeho@businessweek.com
638,Zara,Chitty,zchittyhp@clickbank.net
639,Brand,Aldritt,baldritthq@dedecms.com
640,Debora,Mendoza,dmendozahr@photobucket.com
641,Netty,Gooding,ngoodinghs@ehow.com
642,Charmaine,Jasik,cjasikht@cdc.gov
643,Gianna,Benediktovich,gbenediktovichhu@businesswire.com
644,Niko,Spendlove,nspendlovehv@wunderground.com
645,Nolan,Shilito,nshilitohw@eepurl.com
646,Pauly,McKeand,pmckeandhx@si.edu
647,Baryram,Inglesent,binglesenthy@canalblog.com
648,Allyn,Weinberg,aweinberghz@sourceforge.net
649,Iver,Stogill,istogilli0@4shared.com
650,Elden,Brydell,ebrydelli1@joomla.org
651,Holt,Kilbane,hkilbanei2@mac.com
652,Galvan,Le Friec,glefrieci3@ehow.com
653,Jocko,Dobbie,jdobbiei4@mysql.com
654,Jayme,Maryan,jmaryani5@tmall.com
655,Janella,Robjohns,jrobjohnsi6@seattletimes.com
656,Cori,Betteriss,cbetterissi7@nps.gov
657,Lotta,Sprules,lsprulesi8@geocities.jp
658,Keene,Downe,kdownei9@deviantart.com
659,Sterling,Scardefield,sscardefieldia@4shared.com
660,Liane,Brake,lbrakeib@tripadvisor.com
661,Cornelia,Headly,cheadlyic@spiegel.de
662,Juan,Kellaway,jkellawayid@fda.gov
663,Rozalin,Ince,rinceie@elpais.com
664,Drew,Tadgell,dtadgellif@who.int
665,Mirelle,Ianittello,mianittelloig@slate.com
666,Pablo,Swiffin,pswiffinih@themeforest.net
667,Allsun,Rooksby,arooksbyii@pinterest.com
668,Dominique,Giffin,dgiffinij@narod.ru
669,Junette,Patsall,jpatsallik@wordpress.org
670,Arvy,Cattlemull,acattlemullil@spiegel.de
671,Petr,Mathwin,pmathwinim@google.de
672,Tobye,Issacoff,tissacoffin@craigslist.org
673,Nevile,Shemwell,nshemwellio@typepad.com
674,Randa,MacColl,rmaccollip@google.pl
675,Regina,Sleney,rsleneyiq@com.com
676,Fawne,Richin,frichinir@creativecommons.org
677,Clare,Woollacott,cwoollacottis@csmonitor.com
678,Coriss,O'Fihillie,cofihillieit@wikipedia.org
679,Beverlie,Bartrop,bbartropiu@thetimes.co.uk
680,Nady,Isson,nissoniv@domainmarket.com
681,Dacie,Mandres,dmandresiw@pbs.org
682,Aleda,Fancutt,afancuttix@pinterest.com
683,Gerardo,McSkeagan,gmcskeaganiy@plala.or.jp
684,Cody,Haye,chayeiz@scribd.com
685,Ulrike,Ghest,ughestj0@parallels.com
686,Maria,Lenney,mlenneyj1@reuters.com
687,Roderic,Vickarman,rvickarmanj2@dot.gov
688,Camey,Cardenas,ccardenasj3@photobucket.com
689,Betsey,Dance,bdancej4@bandcamp.com
690,Al,Arnopp,aarnoppj5@paypal.com
691,Kip,Muller,kmullerj6@sina.com.cn
692,Guy,Laister,glaisterj7@opera.com
693,Hazel,Poulglais,hpoulglaisj8@dmoz.org
694,Bridget,Tatford,btatfordj9@npr.org
695,Marcelline,McCaughen,mmccaughenja@squidoo.com
696,Roxana,Eakle,reaklejb@amazon.com
697,Moyra,Delong,mdelongjc@de.vu
698,Nicolle,Ziebart,nziebartjd@fda.gov
699,Clywd,O'Carran,cocarranje@tripod.com
700,Gerhardine,Cotterrill,gcotterrilljf@wired.com
701,Juliann,Jacobovitz,jjacobovitzjg@independent.co.uk
702,Reinhard,Bidmead,rbidmeadjh@nytimes.com
703,Rees,Greger,rgregerji@jiathis.com
704,Maurice,Erwin,merwinjj@last.fm
705,Mahmoud,Bushel,mbusheljk@stanford.edu
706,Dav,Sedgman,dsedgmanjl@scientificamerican.com
707,Arabela,Carnall,acarnalljm@furl.net
708,Cristen,Sievewright,csievewrightjn@discuz.net
709,Alyse,Giacovelli,agiacovellijo@marriott.com
710,Parnell,Pellamont,ppellamontjp@ihg.com
711,Talbert,Cotta,tcottajq@altervista.org
712,Linette,Telling,ltellingjr@springer.com
713,Ellissa,Brewis,ebrewisjs@sfgate.com
714,Hermine,Haensel,hhaenseljt@illinois.edu
715,Olivier,Sizeland,osizelandju@gov.uk
716,Creigh,Limer,climerjv@google.cn
717,Efren,Boxe,eboxejw@bbb.org
718,Cayla,Pankettman,cpankettmanjx@google.com.br
719,Celeste,Stuckow,cstuckowjy@plala.or.jp
720,Arie,Nussgen,anussgenjz@yahoo.co.jp
721,Finley,Scholler,fschollerk0@nba.com
722,Aigneis,Sheraton,asheratonk1@nydailynews.com
723,Jenni,Pordall,jpordallk2@google.ca
724,Delcina,Hayes,dhayesk3@omniture.com
725,Deena,Keers,dkeersk4@e-recht24.de
726,Stefan,Braunfeld,sbraunfeldk5@moonfruit.com
727,Jerrie,Daniaud,jdaniaudk6@mozilla.org
728,Nicolea,Notman,nnotmank7@diigo.com
729,Prissie,Coping,pcopingk8@wp.com
730,Taddeo,Quinnet,tquinnetk9@cloudflare.com
731,Eloise,Hassey,ehasseyka@163.com
732,Hedy,Kerss,hkersskb@infoseek.co.jp
733,Con,Elvish,celvishkc@acquirethisname.com
734,Sonnnie,Madigan,smadigankd@tumblr.com
735,Layton,Denington,ldeningtonke@furl.net
736,Galina,Elgood,gelgoodkf@ifeng.com
737,Nanon,Baskett,nbaskettkg@joomla.org
738,Ruttger,MacIlory,rmacilorykh@springer.com
739,Winne,Steuhlmeyer,wsteuhlmeyerki@hostgator.com
740,Giavani,Lehemann,glehemannkj@prweb.com
741,Griffie,Grewer,ggrewerkk@yolasite.com
742,Alla,Harget,ahargetkl@mysql.com
743,Anne,Schleicher,aschleicherkm@nsw.gov.au
744,Hoebart,Heyball,hheyballkn@xinhuanet.com
745,Heath,Stanway,hstanwayko@sohu.com
746,Avrom,Stanett,astanettkp@usatoday.com
747,Carline,Pollock,cpollockkq@opensource.org
748,Ludvig,Leathes,lleatheskr@dyndns.org
749,Madalyn,Aylmore,maylmoreks@live.com
750,Mirilla,Stedmond,mstedmondkt@fema.gov
751,Helaine,Laurie,hlaurieku@meetup.com
752,Bert,Boggish,bboggishkv@oakley.com
753,Roana,Chafer,rchaferkw@springer.com
754,Astrid,Pawle,apawlekx@eventbrite.com
755,Laughton,Ghidoli,lghidoliky@newyorker.com
756,Jeannine,Urian,juriankz@sphinn.com
757,Neil,Davidek,ndavidekl0@unesco.org
758,Carlye,Bearne,cbearnel1@cbslocal.com
759,Drake,Geake,dgeakel2@tripadvisor.com
760,Melly,Elsbury,melsburyl3@parallels.com
761,Krista,Gogay,kgogayl4@gmpg.org
762,Tatiania,Plowes,tplowesl5@harvard.edu
763,Hendrika,Purchall,hpurchalll6@umn.edu
764,Olly,Lillo,olillol7@state.gov
765,Walden,Crosskell,wcrosskelll8@businessweek.com
766,Marten,Arnout,marnoutl9@mapy.cz
767,Urson,Showl,ushowlla@t.co
768,Lorrie,Mityukov,lmityukovlb@baidu.com
769,Abey,Timny,atimnylc@weibo.com
770,Stormie,Minocchi,sminocchild@si.edu
771,Roseline,Simonetti,rsimonettile@w3.org
772,Sinclair,Humburton,shumburtonlf@cdc.gov
773,Kissee,Flack,kflacklg@cpanel.net
774,Patsy,Lelievre,plelievrelh@mtv.com
775,Marci,Gollard,mgollardli@joomla.org
776,Kamillah,Brettelle,kbrettellelj@cafepress.com
777,Siouxie,Smallpeice,ssmallpeicelk@quantcast.com
778,Marlo,Cossington,mcossingtonll@shutterfly.com
779,Cyrill,Crosson,ccrossonlm@constantcontact.com
780,Kerrill,Cowhig,kcowhigln@theatlantic.com
781,Marnia,Readwood,mreadwoodlo@bluehost.com
782,Cesar,Jefford,cjeffordlp@phoca.cz
783,Joye,Toland,jtolandlq@amazon.co.uk
784,Zia,Parmby,zparmbylr@jiathis.com
785,Isaak,Goldsberry,igoldsberryls@lulu.com
786,Rossy,Illesley,rillesleylt@elpais.com
787,Burch,Erie,berielu@topsy.com
788,Maria,Dytham,mdythamlv@dropbox.com
789,Carlo,Jaze,cjazelw@theglobeandmail.com
790,Aldous,Freyne,afreynelx@psu.edu
791,Carline,Sibun,csibunly@addtoany.com
792,Virgilio,Cluckie,vcluckielz@ted.com
793,Cedric,Asals,casalsm0@mashable.com
794,Lyle,Stuffins,lstuffinsm1@addthis.com
795,Penny,Ewols,pewolsm2@ovh.net
796,Olav,Hanaford,ohanafordm3@imdb.com
797,Tybi,Semmence,tsemmencem4@exblog.jp
798,Keenan,Kilduff,kkilduffm5@youku.com
799,Lurline,Handmore,lhandmorem6@cnbc.com
800,Jesse,Wilce,jwilcem7@histats.com
801,Guthry,Seery,gseerym8@jimdo.com
802,Scottie,Deniseau,sdeniseaum9@digg.com
803,Paulina,Di Meo,pdimeoma@army.mil
804,Beau,Keeling,bkeelingmb@bigcartel.com
805,Delly,Strethill,dstrethillmc@phpbb.com
806,Sada,Ellard,sellardmd@lulu.com
807,Dannel,Degoe,ddegoeme@163.com
808,Sarina,Olfert,solfertmf@ustream.tv
809,Lucilia,Welds,lweldsmg@upenn.edu
810,Marji,Foote,mfootemh@nifty.com
811,Fraze,Carlton,fcarltonmi@parallels.com
812,Peterus,Castellan,pcastellanmj@acquirethisname.com
813,Beverlie,Smallman,bsmallmanmk@earthlink.net
814,Noami,Garlette,ngarletteml@google.co.jp
815,Felipe,Challis,fchallismm@pcworld.com
816,Teressa,Blann,tblannmn@abc.net.au
817,Brandais,Motion,bmotionmo@indiatimes.com
818,Fred,Gibbon,fgibbonmp@marketwatch.com
819,Katerine,Defrain,kdefrainmq@ycombinator.com
820,Mickie,Smithyman,msmithymanmr@imgur.com
821,Arleyne,Demangeot,ademangeotms@php.net
822,Yvonne,Unwins,yunwinsmt@ask.com
823,Bailie,Kuzemka,bkuzemkamu@nhs.uk
824,Clementius,Killough,ckilloughmv@alibaba.com
825,Bernie,Liepins,bliepinsmw@wikimedia.org
826,Isadore,Tew,itewmx@uiuc.edu
827,Cynthia,Ugoni,cugonimy@pbs.org
828,Leshia,Smail,lsmailmz@icq.com
829,Stephenie,Ventris,sventrisn0@illinois.edu
830,Benny,Boumphrey,bboumphreyn1@quantcast.com
831,Tamara,Blackly,tblacklyn2@narod.ru
832,Fianna,Shorten,fshortenn3@multiply.com
833,Liv,Jess,ljessn4@pagesperso-orange.fr
834,Daphna,Brinsford,dbrinsfordn5@list-manage.com
835,Bobbie,Sullly,bsulllyn6@about.com
836,Briney,Dahlman,bdahlmann7@hc360.com
837,Blane,Wilbor,bwilborn8@newsvine.com
838,Ana,Orcott,aorcottn9@addtoany.com
839,Lemmy,Felix,lfelixna@about.me
840,Tiebout,Fishe,tfishenb@nyu.edu
841,Juliana,Andraud,jandraudnc@salon.com
842,Karia,Cripwell,kcripwellnd@dailymail.co.uk
843,Klarrisa,Gordon-Giles,kgordongilesne@examiner.com
844,Adena,Beslier,abesliernf@google.ru
845,Kele,Roskams,kroskamsng@moonfruit.com
846,Min,Akess,makessnh@imdb.com
847,Scot,Poskitt,sposkittni@dropbox.com
848,Norina,Driffield,ndriffieldnj@narod.ru
849,Laurens,Parradye,lparradyenk@vinaora.com
850,Kaiser,Sizey,ksizeynl@addthis.com
851,Tabor,Cancellieri,tcancellierinm@umn.edu
852,Faydra,Roeby,froebynn@mashable.com
853,Caria,Caselick,ccaselickno@ifeng.com
854,Trudey,Mougenel,tmougenelnp@time.com
855,Hailee,Scotsbrook,hscotsbrooknq@mit.edu
856,Ken,Safont,ksafontnr@delicious.com
857,Dominik,Rothschild,drothschildns@weibo.com
858,Benedetto,Raoult,braoultnt@guardian.co.uk
859,Colline,Olanda,colandanu@eepurl.com
860,Georgine,Sarvar,gsarvarnv@springer.com
861,Natka,Ausello,nausellonw@yandex.ru
862,Deborah,Dumphy,ddumphynx@webnode.com
863,Elka,Kemish,ekemishny@wunderground.com
864,Dav,Handforth,dhandforthnz@vistaprint.com
865,Valdemar,Wardhough,vwardhougho0@virginia.edu
866,Toby,Firbank,tfirbanko1@yale.edu
867,Claybourne,Bunton,cbuntono2@dion.ne.jp
868,Amery,Prahm,aprahmo3@hp.com
869,Stephanie,Mosconi,smosconio4@slideshare.net
870,Jacquelin,Child,jchildo5@rambler.ru
871,Mureil,Lenton,mlentono6@newyorker.com
872,Jerrylee,Loakes,jloakeso7@themeforest.net
873,Agatha,Parradye,aparradyeo8@walmart.com
874,Hedvige,Gonnet,hgonneto9@huffingtonpost.com
875,Junina,Pestridge,jpestridgeoa@trellian.com
876,Faustina,Jickles,fjicklesob@nbcnews.com
877,Raven,Barreau,rbarreauoc@rediff.com
878,Alicia,Dagnall,adagnallod@privacy.gov.au
879,Florinda,Lorenc,florencoe@arstechnica.com
880,Pearl,Montes,pmontesof@example.com
881,Jennilee,Elgy,jelgyog@telegraph.co.uk
882,Lamond,Pechet,lpechetoh@desdev.cn
883,Madella,Havard,mhavardoi@ustream.tv
884,Kandace,Iacapucci,kiacapuccioj@booking.com
885,Quentin,Killoran,qkilloranok@oracle.com
886,Alexei,Frances,afrancesol@spiegel.de
887,Cesaro,Lafay,clafayom@digg.com
888,Sandor,Lowless,slowlesson@a8.net
889,Gaynor,Powderham,gpowderhamoo@usgs.gov
890,Dahlia,Scare,dscareop@globo.com
891,Brandon,Juszczak,bjuszczakoq@ustream.tv
892,Tyrus,Kinde,tkindeor@hatena.ne.jp
893,Rheta,Boller,rbolleros@comsenz.com
894,Nathanil,Ridsdale,nridsdaleot@ucoz.ru
895,Malory,Tutton,mtuttonou@ebay.co.uk
896,Adair,Kesper,akesperov@printfriendly.com
897,Wenona,Cossam,wcossamow@purevolume.com
898,Denni,Avarne,davarneox@hao123.com
899,Kari,Banat,kbanatoy@slashdot.org
900,Lila,Cullivan,lcullivanoz@mysql.com
901,Nikolai,Cullip,ncullipp0@devhub.com
902,Sigismondo,Veal,svealp1@census.gov
903,Giulio,Crepin,gcrepinp2@wikispaces.com
904,Vincenz,Oldman,voldmanp3@vimeo.com
905,Phillipp,Degg,pdeggp4@networksolutions.com
906,Ivette,Marshalleck,imarshalleckp5@rakuten.co.jp
907,Jehanna,Salt,jsaltp6@storify.com
908,Hurlee,Knifton,hkniftonp7@huffingtonpost.com
909,Jerry,Tournie,jtourniep8@gizmodo.com
910,Ignazio,Gaiger,igaigerp9@histats.com
911,Marne,Kanzler,mkanzlerpa@quantcast.com
912,Joanne,Lount,jlountpb@mashable.com
913,Moira,Joscelyn,mjoscelynpc@github.io
914,Bobbie,Schneidau,bschneidaupd@unblog.fr
915,Netti,Chartman,nchartmanpe@utexas.edu
916,Ignacius,Raymont,iraymontpf@google.de
917,Obediah,Spindler,ospindlerpg@networkadvertising.org
918,Elladine,Fairholme,efairholmeph@woothemes.com
919,Martie,Townby,mtownbypi@dot.gov
920,Myrwyn,Fenning,mfenningpj@japanpost.jp
921,Codi,Castaner,ccastanerpk@weibo.com
922,Gwenette,Cristofvao,gcristofvaopl@telegraph.co.uk
923,Darrell,Flook,dflookpm@ovh.net
924,Vaclav,Casseldine,vcasseldinepn@china.com.cn
925,Clary,Ivanikov,civanikovpo@globo.com
926,Cybill,Sweeting,csweetingpp@springer.com
927,Dania,Ashment,dashmentpq@usgs.gov
928,Bernard,Bunney,bbunneypr@bloomberg.com
929,Cody,McAree,cmcareeps@fastcompany.com
930,Marlo,Thoms,mthomspt@economist.com
931,Marni,Monsey,mmonseypu@chron.com
932,Roana,Greggersen,rgreggersenpv@shop-pro.jp
933,Kiah,Prewer,kprewerpw@t.co
934,Renae,Messam,rmessampx@angelfire.com
935,Barry,Walework,bwaleworkpy@dagondesign.com
936,Kaiser,Ableson,kablesonpz@ask.com
937,Donalt,Brasner,dbrasnerq0@stanford.edu
938,Wayne,Moores,wmooresq1@wikipedia.org
939,Ronnie,Davys,rdavysq2@mozilla.com
940,Eb,Blown,eblownq3@blogs.com
941,Crystal,Creedland,ccreedlandq4@discovery.com
942,Reynard,Uwins,ruwinsq5@live.com
943,Rozele,Kees,rkeesq6@nifty.com
944,Lani,Feaveryear,lfeaveryearq7@usda.gov
945,Ritchie,Ickovici,rickoviciq8@omniture.com
946,Alyse,Tampling,atamplingq9@blogger.com
947,Tandy,Cain,tcainqa@blinklist.com
948,Mariya,Quinton,mquintonqb@google.cn
949,Beth,Jameson,bjamesonqc@google.es
950,Guthrie,Cheasman,gcheasmanqd@mediafire.com
951,Wallace,Ginger,wgingerqe@godaddy.com
952,Benetta,Elias,beliasqf@tripadvisor.com
953,Callie,Instone,cinstoneqg@nytimes.com
954,Bunny,McKyrrelly,bmckyrrellyqh@meetup.com
955,Kellby,Reany,kreanyqi@mashable.com
956,Spenser,Lourens,slourensqj@tuttocitta.it
957,Carlos,Janz,cjanzqk@dion.ne.jp
958,Hermon,Havesides,hhavesidesql@abc.net.au
959,Arabela,Berlin,aberlinqm@google.ca
960,Kerri,Inott,kinottqn@psu.edu
961,Marcelle,Wollen,mwollenqo@dropbox.com
962,Caz,Harme,charmeqp@plala.or.jp
963,Whitman,Smythe,wsmytheqq@feedburner.com
964,Nettle,Jollye,njollyeqr@nature.com
965,Baldwin,Dury,bduryqs@webs.com
966,Sal,Gosney,sgosneyqt@time.com
967,Flori,Fleisch,ffleischqu@weather.com
968,Galen,Wetherell,gwetherellqv@bing.com
969,Dasi,McEntagart,dmcentagartqw@quantcast.com
970,Jenica,Egdell,jegdellqx@google.es
971,Sella,Starie,sstarieqy@ebay.com
972,Mitzi,Witherop,mwitheropqz@biblegateway.com
973,Carmelina,Kemble,ckembler0@e-recht24.de
974,Borden,Veldens,bveldensr1@moonfruit.com
975,Myrta,Pretti,mprettir2@1und1.de
976,Sharlene,Wreak,swreakr3@irs.gov
977,Blisse,Matzaitis,bmatzaitisr4@sciencedaily.com
978,Madelon,Frederick,mfrederickr5@myspace.com
979,Jaquenetta,Wickersham,jwickershamr6@infoseek.co.jp
980,Dwayne,Mitchenson,dmitchensonr7@guardian.co.uk
981,Butch,Pitts,bpittsr8@patch.com
982,Gipsy,McAster,gmcasterr9@si.edu
983,Elie,Joselin,ejoselinra@php.net
984,Melodee,Drury,mdruryrb@time.com
985,Suzi,Physic,sphysicrc@japanpost.jp
986,Alexina,Radford,aradfordrd@last.fm
987,Lindsay,Lintott,llintottre@tamu.edu
988,Perl,Beamond,pbeamondrf@opensource.org
989,Dulcine,Galtone,dgaltonerg@wunderground.com
990,Garrick,Kubicek,gkubicekrh@hud.gov
991,Rebekah,Teligin,rteliginri@webmd.com
992,Nerty,Lyte,nlyterj@usatoday.com
993,Aylmer,Hirtzmann,ahirtzmannrk@ezinearticles.com
994,Oralie,Ellins,oellinsrl@dailymotion.com
995,Marianne,Gyse,mgyserm@dedecms.com
996,Ericka,Mabey,emabeyrn@chron.com
997,Jessey,Josum,jjosumro@jiathis.com
998,Regan,Drewitt,rdrewittrp@amazon.de
999,Emlynne,Coger,ecogerrq@sourceforge.net
1000,Andra,Grindlay,agrindlayrr@liveinternet.ru
