first_name,last_name,email
Elvyn,Eastham,eeastham0@twitpic.com
Fae,Foye,ffoye1@bigcartel.com
Hyacinthe,Duffil,hduffil2@bloomberg.com
Poul,Chalfant,pchalfant3@bbc.co.uk
Dennie,Harder,dharder4@bravesites.com
Amalia,Pletts,apletts5@phoca.cz
Jeri,Arni,jarni6@bloglines.com
Leanora,Cavozzi,lcavozzi7@uiuc.edu
Marleah,Margerrison,mmargerrison8@gizmodo.com
Wayland,Dillinton,wdillinton9@hibu.com
Milty,Waltho,mwalthoa@vistaprint.com
Tania,Mateiko,tmateikob@google.es
Kirbee,Francois,kfrancoisc@exblog.jp
Floris,Brands,fbrandsd@lulu.com
Merrilee,Gaye,mgayee@pinterest.com
Helenelizabeth,Labbati,hlabbatif@phpbb.com
Abby,Sapshed,asapshedg@simplemachines.org
Rab,Baress,rbaressh@dion.ne.jp
Gonzales,Awty,gawtyi@dion.ne.jp
Carmine,Lumm,clummj@google.pl
Chloette,Whybray,cwhybrayk@ustream.tv
Falito,Peinke,fpeinkel@cyberchimps.com
Dulcie,Iacovucci,diacovuccim@hp.com
Lilly,Bee,lbeen@imgur.com
Josie,Foxworthy,jfoxworthyo@lulu.com
Calli,Gallier,cgallierp@example.com
Beryl,Job,bjobq@chron.com
King,Pipworth,kpipworthr@google.it
Sarita,Constantinou,sconstantinous@mashable.com
Gretel,Lucian,gluciant@imgur.com
Algernon,Masse,amasseu@un.org
Fayette,Pasterfield,fpasterfieldv@acquirethisname.com
Phaidra,Liveing,pliveingw@goodreads.com
Poppy,Waddilove,pwaddilovex@xing.com
Llywellyn,Thompstone,lthompstoney@printfriendly.com
Celia,McCarty,cmccartyz@symantec.com
Shurlocke,Hacquard,shacquard10@archive.org
Bary,Muzzullo,bmuzzullo11@webs.com
Marice,MacClure,mmacclure12@plala.or.jp
Milt,Elven,melven13@w3.org
Myrtice,Long,mlong14@php.net
Tymothy,Shone,tshone15@youku.com
Edith,Cockerton,ecockerton16@hubpages.com
Jacinta,Bente,jbente17@trellian.com
Brandy,Rearie,brearie18@java.com
Roderick,Ingerson,ringerson19@simplemachines.org
Bryn,Anthoin,banthoin1a@symantec.com
Lion,Cranmor,lcranmor1b@theatlantic.com
Joella,Sandhill,jsandhill1c@printfriendly.com
Chad,Durnford,cdurnford1d@digg.com
Jdavie,Pettingill,jpettingill1e@eventbrite.com
Leonid,Aps,laps1f@exblog.jp
Bogart,Hubbert,bhubbert1g@uol.com.br
Nessa,Castagna,ncastagna1h@uol.com.br
Arabelle,Shank,ashank1i@jigsy.com
Danit,Merman,dmerman1j@bloglovin.com
Cecil,Renish,crenish1k@vkontakte.ru
Daphne,Seago,dseago1l@goo.gl
Hadlee,Harewood,hharewood1m@whitehouse.gov
Renado,De Laci,rdelaci1n@instagram.com
Leanora,Frays,lfrays1o@yahoo.com
Myrtia,Haswall,mhaswall1p@loc.gov
Wiatt,Peltzer,wpeltzer1q@gizmodo.com
Deeyn,Gooderridge,dgooderridge1r@google.pl
Genny,Pre,gpre1s@squarespace.com
Agnella,Rimbault,arimbault1t@ucla.edu
Nigel,Josephy,njosephy1u@bloomberg.com
Brigida,Harris,bharris1v@indiatimes.com
Bjorn,Pottes,bpottes1w@smugmug.com
Jacquelyn,Luigi,jluigi1x@e-recht24.de
Shanan,Kinningley,skinningley1y@cdc.gov
Lucas,Loweth,lloweth1z@abc.net.au
Gipsy,Finnes,gfinnes20@phoca.cz
Derek,Gillfillan,dgillfillan21@odnoklassniki.ru
Elliott,Lantaph,elantaph22@aol.com
Martina,Mc Comb,mmccomb23@cbsnews.com
Dolli,Fydoe,dfydoe24@chronoengine.com
Renelle,Stapleford,rstapleford25@techcrunch.com
Jocko,Defrain,jdefrain26@blogtalkradio.com
Mario,Boase,mboase27@sciencedaily.com
Keary,Lambart,klambart28@geocities.com
Audy,Darcey,adarcey29@flavors.me
Evin,Carrabot,ecarrabot2a@com.com
Suzi,Yarrall,syarrall2b@theatlantic.com
Myer,Lammie,mlammie2c@tiny.cc
Ofella,Dunniom,odunniom2d@virginia.edu
Gene,Dusey,gdusey2e@drupal.org
Robinia,Hasson,rhasson2f@ameblo.jp
Caty,Loomis,cloomis2g@t.co
Kirsti,Tooher,ktooher2h@opensource.org
Hedda,Youson,hyouson2i@wsj.com
Lorene,Stirland,lstirland2j@engadget.com
Shayne,Kleinhausen,skleinhausen2k@marketwatch.com
Dayna,Norfolk,dnorfolk2l@marketwatch.com
Consuela,Evins,cevins2m@51.la
Chrysler,Middleweek,cmiddleweek2n@yolasite.com
Vinson,MacDirmid,vmacdirmid2o@gnu.org
Thomasine,Ayling,tayling2p@state.gov
Amory,Erwin,aerwin2q@washingtonpost.com
Wolfie,Huccaby,whuccaby2r@noaa.gov
Cherlyn,McLay,cmclay2s@bloglovin.com
Nananne,Southerton,nsoutherton2t@theatlantic.com
Rosemary,Verriour,rverriour2u@baidu.com
Yvette,MacKissack,ymackissack2v@symantec.com
Decca,Lamblot,dlamblot2w@go.com
Hilario,Clapton,hclapton2x@wikispaces.com
Truda,Mathonnet,tmathonnet2y@slate.com
Cacilia,Florentine,cflorentine2z@princeton.edu
Melly,Wellesley,mwellesley30@house.gov
Kerrin,Niaves,kniaves31@amazon.co.uk
Haleigh,Cordingley,hcordingley32@blog.com
Augustin,Saiz,asaiz33@lycos.com
Lindi,Pither,lpither34@spotify.com
Barney,Chismon,bchismon35@wikimedia.org
Grant,Kew,gkew36@ca.gov
Dody,Colling,dcolling37@boston.com
Kiel,Lobe,klobe38@bizjournals.com
Petronella,Marchetti,pmarchetti39@umn.edu
Lenna,Sidon,lsidon3a@paginegialle.it
Kali,Harvett,kharvett3b@amazon.de
Sharron,Bhatia,sbhatia3c@mtv.com
Aylmer,Byway,abyway3d@uiuc.edu
Nell,De Laspee,ndelaspee3e@jimdo.com
Nolly,McCrum,nmccrum3f@freewebs.com
Hubert,Sander,hsander3g@redcross.org
Sybyl,Lewendon,slewendon3h@yahoo.com
Brandy,Saunt,bsaunt3i@bigcartel.com
Korey,Hains,khains3j@ebay.co.uk
Trenton,Logsdail,tlogsdail3k@weather.com
Annalise,Quinn,aquinn3l@cbc.ca
Mariya,Langhor,mlanghor3m@php.net
Artemas,Swiffen,aswiffen3n@facebook.com
Storm,Verdie,sverdie3o@webeden.co.uk
Alina,Haslum,ahaslum3p@dropbox.com
Reinaldo,Casado,rcasado3q@berkeley.edu
Nikkie,Gentil,ngentil3r@amazon.de
Lowrance,Stang-Gjertsen,lstanggjertsen3s@jimdo.com
Jeffie,Comolli,jcomolli3t@ibm.com
Kristi,McComas,kmccomas3u@vistaprint.com
Teddie,Elis,telis3v@dmoz.org
Dicky,Fairlie,dfairlie3w@t.co
Alissa,Restorick,arestorick3x@japanpost.jp
Zachery,MacCague,zmaccague3y@angelfire.com
Lonny,Prosh,lprosh3z@ameblo.jp
Broderick,Cayser,bcayser40@github.io
Gaspard,Skipworth,gskipworth41@webeden.co.uk
Harp,Greated,hgreated42@devhub.com
Ricoriki,Kite,rkite43@bloglines.com
Jacquenetta,Polden,jpolden44@slate.com
Alejandro,Blunt,ablunt45@woothemes.com
Tobe,De Ruggero,tderuggero46@foxnews.com
Jobye,Huxley,jhuxley47@ehow.com
Carey,Simonel,csimonel48@hp.com
Nerte,Gribble,ngribble49@zimbio.com
Teddi,Jonuzi,tjonuzi4a@google.nl
Luce,Krzyzowski,lkrzyzowski4b@geocities.com
Erv,Ilett,eilett4c@posterous.com
Hort,Donhardt,hdonhardt4d@trellian.com
Ellwood,Symmons,esymmons4e@utexas.edu
Lanae,Skitteral,lskitteral4f@wiley.com
Riane,Goddard,rgoddard4g@sourceforge.net
Jourdan,Jozsika,jjozsika4h@pen.io
Rusty,Inston,rinston4i@twitpic.com
Aldrich,Gaynsford,agaynsford4j@amazon.co.uk
Rabi,Swyer,rswyer4k@senate.gov
Alasteir,Jearum,ajearum4l@ucoz.ru
Bertha,Hubert,bhubert4m@indiatimes.com
Timothea,Sterricks,tsterricks4n@php.net
Verile,McMorland,vmcmorland4o@google.com.hk
Kaine,Maddie,kmaddie4p@blogger.com
Mahmud,Bozward,mbozward4q@skyrock.com
Charline,Boyford,cboyford4r@example.com
Nicholle,Jillis,njillis4s@time.com
Blithe,Bolesma,bbolesma4t@360.cn
Rodge,Jikovsky,rjikovsky4u@mysql.com
Mendy,Benge,mbenge4v@noaa.gov
Haslett,Seif,hseif4w@cam.ac.uk
Stern,Fardoe,sfardoe4x@mac.com
Roobbie,Rainford,rrainford4y@imgur.com
Henderson,Dongles,hdongles4z@spiegel.de
Dorothea,Dunbobin,ddunbobin50@myspace.com
Buckie,Linskey,blinskey51@ow.ly
Skye,Spennock,sspennock52@live.com
Dorothea,Epinoy,depinoy53@storify.com
Vilhelmina,Kelle,vkelle54@csmonitor.com
Linc,Guildford,lguildford55@irs.gov
Thadeus,Ygou,tygou56@google.de
Rockie,Roony,rroony57@issuu.com
Bryan,Vedikhov,bvedikhov58@comsenz.com
Keelia,Sarson,ksarson59@gnu.org
Georgine,Wines,gwines5a@163.com
Olivero,Easey,oeasey5b@google.fr
Raynell,Zambon,rzambon5c@rediff.com
Joshuah,Fransman,jfransman5d@china.com.cn
Rutger,Dineges,rdineges5e@mysql.com
Wyndham,Stonier,wstonier5f@purevolume.com
Monty,Benda,mbenda5g@abc.net.au
Darcy,Hourihane,dhourihane5h@g.co
Anatol,Bould,abould5i@freewebs.com
Dotty,Cordobes,dcordobes5j@liveinternet.ru
Cherri,Baseley,cbaseley5k@tuttocitta.it
Johnath,Carnihan,jcarnihan5l@time.com
Shae,Tongue,stongue5m@nbcnews.com
Yanaton,Dreakin,ydreakin5n@wordpress.com
Suzann,Poad,spoad5o@oakley.com
Noelyn,Watson-Brown,nwatsonbrown5p@geocities.com
Rudolfo,Horsley,rhorsley5q@comcast.net
Doris,Reucastle,dreucastle5r@unicef.org
Simonne,Packe,spacke5s@xing.com
Benoite,Surmon,bsurmon5t@sitemeter.com
Thor,Pudney,tpudney5u@booking.com
Justino,Gherardini,jgherardini5v@illinois.edu
Cob,Simonazzi,csimonazzi5w@odnoklassniki.ru
Stephana,Bielfeldt,sbielfeldt5x@squarespace.com
Jaquelyn,Linfitt,jlinfitt5y@nbcnews.com
Sheffie,MacCallion,smaccallion5z@ehow.com
Fifi,Stillmann,fstillmann60@prweb.com
Jeniece,Riquet,jriquet61@cbsnews.com
Nadia,Vase,nvase62@freewebs.com
Jeanne,Sparrowhawk,jsparrowhawk63@soundcloud.com
Trace,Sheahan,tsheahan64@bing.com
Kaye,Benesevich,kbenesevich65@ucla.edu
Mela,Quartermaine,mquartermaine66@princeton.edu
Ondrea,Chern,ochern67@oracle.com
Sammy,Bennough,sbennough68@jimdo.com
Tillie,Domaschke,tdomaschke69@aol.com
Brittan,Polino,bpolino6a@pagesperso-orange.fr
Theda,Trustey,ttrustey6b@nature.com
Prinz,Valti,pvalti6c@spiegel.de
Ardra,Prangnell,aprangnell6d@examiner.com
Dareen,Fardo,dfardo6e@who.int
Averell,Ashling,aashling6f@wired.com
Howey,Hamelyn,hhamelyn6g@lulu.com
Free,Ducker,fducker6h@trellian.com
Risa,Lujan,rlujan6i@uiuc.edu
Ruprecht,Grishunin,rgrishunin6j@wikia.com
Gertrudis,Tyson,gtyson6k@shutterfly.com
Corrine,Castan,ccastan6l@miitbeian.gov.cn
Leoine,Camplejohn,lcamplejohn6m@sfgate.com
Shirley,Vasyukhnov,svasyukhnov6n@unesco.org
Gracie,Halwell,ghalwell6o@youtube.com
Roze,Bernardot,rbernardot6p@360.cn
Annamaria,Chart,achart6q@hp.com
Hamil,D'Oyly,hdoyly6r@macromedia.com
Abigale,Di Napoli,adinapoli6s@tuttocitta.it
Aundrea,Bravey,abravey6t@about.me
Drusy,Brockton,dbrockton6u@multiply.com
Brandon,Reagan,breagan6v@seesaa.net
Jobyna,Antoniak,jantoniak6w@freewebs.com
Faulkner,Alexsandrowicz,falexsandrowicz6x@biblegateway.com
Brion,Maven,bmaven6y@github.io
Bryce,Gotch,bgotch6z@com.com
Gwyn,Moryson,gmoryson70@taobao.com
Wallis,Brookes,wbrookes71@adobe.com
Susy,O'Carroll,socarroll72@cornell.edu
Deana,Stuckley,dstuckley73@163.com
Barbie,Tacon,btacon74@netlog.com
Molli,Leney,mleney75@netvibes.com
Lothario,Yesenin,lyesenin76@blogtalkradio.com
Bob,Shields,bshields77@msu.edu
Zach,Reston,zreston78@linkedin.com
Grazia,Behan,gbehan79@patch.com
Farrand,Dilon,fdilon7a@sphinn.com
Mozelle,Verdy,mverdy7b@so-net.ne.jp
Joey,Hellin,jhellin7c@dailymotion.com
Jeniffer,Walewicz,jwalewicz7d@nhs.uk
Constantine,Halahan,chalahan7e@bizjournals.com
Vern,Gravener,vgravener7f@google.es
Reinaldos,Lambregts,rlambregts7g@g.co
Jenny,Moxon,jmoxon7h@bluehost.com
Gayel,Truman,gtruman7i@friendfeed.com
Kathye,Scollick,kscollick7j@surveymonkey.com
Malynda,Davioud,mdavioud7k@tuttocitta.it
Granny,Nickoles,gnickoles7l@howstuffworks.com
Kylie,Kingswold,kkingswold7m@lycos.com
Alfonso,Quaintance,aquaintance7n@ask.com
Stevena,Brayne,sbrayne7o@printfriendly.com
Billi,Sanbroke,bsanbroke7p@theatlantic.com
Prinz,MacCole,pmaccole7q@theatlantic.com
Reggy,Stump,rstump7r@telegraph.co.uk
Page,Gaynes,pgaynes7s@tmall.com
Carver,Disman,cdisman7t@google.com
Zaria,Settle,zsettle7u@senate.gov
Forster,Blackden,fblackden7v@businessweek.com
Wendall,Lenox,wlenox7w@ebay.com
Arv,Summerlad,asummerlad7x@who.int
Valeda,Ivakhno,vivakhno7y@youtube.com
Lorna,Lannen,llannen7z@yolasite.com
Freeman,O'Dowd,fodowd80@smugmug.com
Jerrie,Cohn,jcohn81@macromedia.com
Nickola,Naldrett,nnaldrett82@noaa.gov
Eva,Leftley,eleftley83@home.pl
Ernesto,Quarterman,equarterman84@census.gov
Nicol,Linacre,nlinacre85@webeden.co.uk
Bernadina,Dorot,bdorot86@google.co.jp
Patience,Egle of Germany,pegleofgermany87@boston.com
Daphene,Willers,dwillers88@flickr.com
Luise,Lestrange,llestrange89@timesonline.co.uk
Corry,Burgan,cburgan8a@amazonaws.com
Olivette,Roberts,oroberts8b@t-online.de
Liva,Rudwell,lrudwell8c@washingtonpost.com
Kamila,Pottinger,kpottinger8d@yahoo.co.jp
Khalil,Whysall,kwhysall8e@deliciousdays.com
Zorine,Londesborough,zlondesborough8f@walmart.com
Imogen,Garling,igarling8g@bloomberg.com
Welsh,Edscer,wedscer8h@cornell.edu
Thor,Avey,tavey8i@miitbeian.gov.cn
Robena,Davidovitz,rdavidovitz8j@harvard.edu
Doy,Tuxell,dtuxell8k@amazon.com
Bron,Marston,bmarston8l@nasa.gov
Aurore,Le Barr,alebarr8m@ameblo.jp
Lola,Spradbrow,lspradbrow8n@sitemeter.com
Helyn,Pigny,hpigny8o@issuu.com
Carroll,Lehr,clehr8p@earthlink.net
Reggi,Di Bernardo,rdibernardo8q@icio.us
Junette,Worster,jworster8r@goodreads.com
Else,Butchers,ebutchers8s@wordpress.com
Rebekah,Riggeard,rriggeard8t@stumbleupon.com
Chelsea,Tunna,ctunna8u@w3.org
Urbano,Castanaga,ucastanaga8v@tmall.com
Cale,Zealander,czealander8w@usgs.gov
Karl,Jacquot,kjacquot8x@friendfeed.com
Nelli,Hadlington,nhadlington8y@independent.co.uk
Osborne,Pestridge,opestridge8z@drupal.org
Pauline,Alvarado,palvarado90@npr.org
Chere,Stoner,cstoner91@bing.com
Dian,Eddowes,deddowes92@purevolume.com
Reynard,Swinnard,rswinnard93@com.com
Frederik,Assad,fassad94@usatoday.com
Audrie,Behan,abehan95@ocn.ne.jp
Garvin,Shakespear,gshakespear96@jugem.jp
Jocelyne,Collison,jcollison97@list-manage.com
Kellie,Mattacks,kmattacks98@zimbio.com
Flem,Rousby,frousby99@spiegel.de
Janelle,Strange,jstrange9a@yale.edu
Nola,Alexandersen,nalexandersen9b@gnu.org
Joshuah,Brokenbrow,jbrokenbrow9c@nasa.gov
Flossi,Codi,fcodi9d@nih.gov
Torrence,Campe,tcampe9e@smh.com.au
Carey,Lowten,clowten9f@friendfeed.com
Dianne,MacGillreich,dmacgillreich9g@dyndns.org
Pebrook,Brabbins,pbrabbins9h@psu.edu
Chrystel,Teager,cteager9i@ning.com
Nikos,Howsden,nhowsden9j@ft.com
Aarika,Bourner,abourner9k@cnn.com
Sunny,Coatts,scoatts9l@spotify.com
Agathe,Clapison,aclapison9m@ox.ac.uk
Zachariah,Drews,zdrews9n@ucsd.edu
Crissy,Botley,cbotley9o@theglobeandmail.com
Frederick,Calcraft,fcalcraft9p@flickr.com
Robin,Shirtliff,rshirtliff9q@amazon.co.jp
Annissa,Corness,acorness9r@skyrock.com
Valle,Cheeney,vcheeney9s@dagondesign.com
Marcelle,Mignot,mmignot9t@flickr.com
Devland,Mohammad,dmohammad9u@state.tx.us
Eddy,Flaune,eflaune9v@ucoz.ru
Alana,Sommerton,asommerton9w@last.fm
Harlen,Flintoffe,hflintoffe9x@skyrock.com
Zaria,Kernocke,zkernocke9y@wikispaces.com
Elia,Royan,eroyan9z@weibo.com
Cristy,Ramey,crameya0@163.com
Shelley,Bushell,sbushella1@blogs.com
Ronnica,Tort,rtorta2@tinypic.com
Emmet,Cullin,ecullina3@dailymail.co.uk
Freida,Carp,fcarpa4@zdnet.com
Giles,Legon,glegona5@devhub.com
Sebastiano,Branchett,sbranchetta6@chron.com
Kare,Orris,korrisa7@wordpress.org
Barbaraanne,Sommer,bsommera8@google.com
Regina,Dunkersley,rdunkersleya9@example.com
Etheline,Stoffel,estoffelaa@blog.com
Sibella,Joisce,sjoisceab@chicagotribune.com
Chane,Honack,chonackac@sakura.ne.jp
Shay,Edbrooke,sedbrookead@paginegialle.it
Desmond,Defrain,ddefrainae@soundcloud.com
Ranice,Croke,rcrokeaf@paypal.com
Kassandra,Matusiak,kmatusiakag@fema.gov
Fanechka,Codner,fcodnerah@whitehouse.gov
Anallese,Hansed,ahansedai@dot.gov
Donnajean,Paxforde,dpaxfordeaj@cnn.com
Cati,Tomsu,ctomsuak@ted.com
Ermina,Simonaitis,esimonaitisal@e-recht24.de
Nanny,Schoolcroft,nschoolcroftam@rakuten.co.jp
Albrecht,Bugg,abuggan@360.cn
Jordain,Shakelady,jshakeladyao@newsvine.com
Tiffany,Glauber,tglauberap@indiatimes.com
Patrice,Stollsteiner,pstollsteineraq@youtu.be
Sutherland,Kerrigan,skerriganar@ezinearticles.com
Jarred,Ainge,jaingeas@ibm.com
Gottfried,Penrice,gpenriceat@ycombinator.com
Constantine,Satcher,csatcherau@1und1.de
Reinald,Causer,rcauserav@so-net.ne.jp
Freddy,Gouda,fgoudaaw@java.com
Martita,Sugg,msuggax@google.nl
Addie,Osichev,aosichevay@furl.net
Raven,Berzin,rberzinaz@tripadvisor.com
Rusty,Colbron,rcolbronb0@blogspot.com
Guilbert,Marvel,gmarvelb1@google.co.uk
Dorothy,Matthew,dmatthewb2@ibm.com
Olav,Barehead,obareheadb3@ebay.co.uk
Maurine,Downage,mdownageb4@stumbleupon.com
Anjela,Samworth,asamworthb5@omniture.com
Kaitlin,Place,kplaceb6@bbb.org
Jo,Mayall,jmayallb7@oaic.gov.au
Richart,Esposita,respositab8@yellowpages.com
Viv,Yanukhin,vyanukhinb9@geocities.com
Nye,Heinsen,nheinsenba@google.ru
Erhard,Wybourne,ewybournebb@printfriendly.com
Abbie,Pudden,apuddenbc@ow.ly
Mireille,Wesson,mwessonbd@utexas.edu
Yankee,Frake,yfrakebe@stumbleupon.com
Brewster,Jezzard,bjezzardbf@wordpress.com
Esma,Lillyman,elillymanbg@paypal.com
Ebony,Flute,eflutebh@time.com
Cary,Rowden,crowdenbi@wikispaces.com
Holly,Heinzler,hheinzlerbj@answers.com
Berty,Blucher,bblucherbk@state.gov
Caitlin,Faint,cfaintbl@nps.gov
Leonard,Spittles,lspittlesbm@goo.gl
Berton,Feyer,bfeyerbn@prweb.com
Burg,Rowland,browlandbo@jiathis.com
Valida,Collman,vcollmanbp@gnu.org
Ives,Ekell,iekellbq@netlog.com
Abe,Dovydenas,adovydenasbr@shinystat.com
Mattias,Chessun,mchessunbs@answers.com
Timmy,Sagerson,tsagersonbt@cargocollective.com
Crystal,Bletsoe,cbletsoebu@photobucket.com
Martainn,Grandham,mgrandhambv@cbslocal.com
Shepherd,Thome,sthomebw@mit.edu
Willyt,Evered,weveredbx@woothemes.com
Vivyan,Anders,vandersby@mail.ru
Garreth,Beswick,gbeswickbz@theguardian.com
Ginger,Bertomier,gbertomierc0@ibm.com
Cynthy,Goschalk,cgoschalkc1@bbc.co.uk
Geoffrey,Gossling,ggosslingc2@cbslocal.com
Evie,Tyrrell,etyrrellc3@forbes.com
Felicdad,Bilbrook,fbilbrookc4@homestead.com
Veronika,Kirdsch,vkirdschc5@deliciousdays.com
Xymenes,Pearle,xpearlec6@posterous.com
Abbott,Wapple,awapplec7@typepad.com
Jennilee,Dougharty,jdoughartyc8@godaddy.com
Arty,Naire,anairec9@naver.com
Jenna,Poile,jpoileca@dyndns.org
Cinderella,Uttley,cuttleycb@ucsd.edu
Margette,Rathborne,mrathbornecc@w3.org
Jamison,Schurig,jschurigcd@networkadvertising.org
Brennen,Konertz,bkonertzce@cocolog-nifty.com
Charmaine,MacNally,cmacnallycf@is.gd
Friedrich,Heineking,fheinekingcg@accuweather.com
Willey,Vermer,wvermerch@fema.gov
Lenee,Baggett,lbaggettci@tiny.cc
Annamaria,De Cleyne,adecleynecj@yellowpages.com
Norine,Agate,nagateck@simplemachines.org
Phillip,Walster,pwalstercl@indiegogo.com
Maynard,Culwen,mculwencm@theguardian.com
Brock,Glaysher,bglayshercn@hostgator.com
Niki,Joire,njoireco@goo.ne.jp
Cleveland,Cominoli,ccominolicp@state.gov
Rahel,Lalevee,rlaleveecq@jugem.jp
Demott,Jaqueminet,djaqueminetcr@msu.edu
Eamon,Strewthers,estrewtherscs@go.com
Holden,Savidge,hsavidgect@arstechnica.com
Ewart,Lupton,eluptoncu@nasa.gov
Adlai,Fonte,afontecv@themeforest.net
Zechariah,Farlham,zfarlhamcw@t-online.de
Norine,Braams,nbraamscx@mlb.com
Enriqueta,Murr,emurrcy@domainmarket.com
Archibaldo,Dalmon,adalmoncz@nytimes.com
Anabel,Sangar,asangard0@clickbank.net
Vern,Dalgarno,vdalgarnod1@sakura.ne.jp
Salomon,Havik,shavikd2@stumbleupon.com
Lucine,Mayho,lmayhod3@altervista.org
Annamarie,McDell,amcdelld4@typepad.com
Vivyan,Duddin,vduddind5@independent.co.uk
Chrissy,Kleis,ckleisd6@drupal.org
Tan,Bumphrey,tbumphreyd7@squidoo.com
Linzy,Gerber,lgerberd8@sun.com
Crichton,Sorbey,csorbeyd9@weebly.com
Eachelle,Bates,ebatesda@tinypic.com
Guenevere,Reymers,greymersdb@seesaa.net
Julie,Attree,jattreedc@cyberchimps.com
Rey,Wabersich,rwabersichdd@hp.com
Brion,Eschelle,beschellede@jalbum.net
Giacomo,Treadgall,gtreadgalldf@oakley.com
Evy,Leicester,eleicesterdg@time.com
Johnny,Matous,jmatousdh@last.fm
Steffane,Caddell,scaddelldi@redcross.org
Jakie,Geerling,jgeerlingdj@netlog.com
Samson,Elvidge,selvidgedk@twitter.com
Ottilie,Jarmaine,ojarmainedl@gizmodo.com
Arleen,Medling,amedlingdm@networkadvertising.org
Tomlin,Gatling,tgatlingdn@hexun.com
Ivory,Roobottom,iroobottomdo@skyrock.com
Toddy,Fogarty,tfogartydp@msn.com
Tally,Cottrell,tcottrelldq@youku.com
Brocky,Drever,bdreverdr@privacy.gov.au
Zeb,Jantot,zjantotds@typepad.com
Victoir,Cotillard,vcotillarddt@skyrock.com
Lara,Thornthwaite,lthornthwaitedu@creativecommons.org
Isidoro,Fairbourn,ifairbourndv@netscape.com
Neddy,Timmons,ntimmonsdw@marriott.com
Virgie,Cluckie,vcluckiedx@shop-pro.jp
Calla,Isack,cisackdy@ow.ly
Gabie,Shower,gshowerdz@barnesandnoble.com
Starlin,Bolino,sbolinoe0@weebly.com
Charissa,Jerred,cjerrede1@buzzfeed.com
Cary,Siney,csineye2@nature.com
Sibbie,Sims,ssimse3@unblog.fr
Sher,O'Shevlin,soshevline4@sohu.com
Delora,Bengle,dbenglee5@elegantthemes.com
Titos,Juliano,tjulianoe6@dedecms.com
Yorgo,Mussett,ymussette7@ibm.com
Raymund,Clougher,rcloughere8@ezinearticles.com
Luz,Deeman,ldeemane9@discuz.net
Charmane,McCormick,cmccormickea@slashdot.org
Blinnie,Bassam,bbassameb@oracle.com
Vonny,Gounard,vgounardec@google.ru
Mirelle,Ellaman,mellamaned@symantec.com
Dacey,Dureden,dduredenee@yellowbook.com
Merridie,Jobke,mjobkeef@google.co.uk
Nefen,Rowthorn,nrowthorneg@state.gov
Wilbur,Americi,wamericieh@techcrunch.com
Myrilla,Pink,mpinkei@unesco.org
Ofilia,Dobbins,odobbinsej@hatena.ne.jp
Donny,Olland,dollandek@fema.gov
Kenn,Hun,khunel@linkedin.com
Rabbi,Fagan,rfaganem@1und1.de
Maggee,Capel,mcapelen@1688.com
Dorette,Posnette,dposnetteeo@chicagotribune.com
Darline,Baguley,dbaguleyep@salon.com
Franchot,Tyrone,ftyroneeq@unesco.org
Jobie,Burnage,jburnageer@deviantart.com
Blair,Crease,bcreasees@squarespace.com
Hildegarde,Doeg,hdoeget@ftc.gov
Margarete,Blumire,mblumireeu@elegantthemes.com
Chryste,Balmforth,cbalmforthev@timesonline.co.uk
Dinny,Heasly,dheaslyew@squidoo.com
Gabriela,Hegge,gheggeex@about.me
Adolphe,Gerrelt,agerreltey@xinhuanet.com
Rodrick,Lestor,rlestorez@virginia.edu
Lotty,Witherow,lwitherowf0@patch.com
Erhard,Gymblett,egymblettf1@sbwire.com
Toma,Hubbold,thubboldf2@cbslocal.com
Berky,Pottes,bpottesf3@msn.com
Terri-jo,Lark,tlarkf4@webnode.com
Aviva,Duffett,aduffettf5@moonfruit.com
Brant,Arnowicz,barnowiczf6@indiatimes.com
Foss,Drewett,fdrewettf7@instagram.com
Rosanne,Rolstone,rrolstonef8@fastcompany.com
Tiphanie,Stribbling,tstribblingf9@blinklist.com
Evy,Chrystal,echrystalfa@imdb.com
Nicolle,Brandts,nbrandtsfb@chron.com
Werner,Dooly,wdoolyfc@wufoo.com
Mariejeanne,Boake,mboakefd@xinhuanet.com
Spenser,Buske,sbuskefe@php.net
Darci,Hammelberg,dhammelbergff@psu.edu
Ingeberg,Scotter,iscotterfg@cmu.edu
Katlin,Denziloe,kdenziloefh@mail.ru
Fraze,Artis,fartisfi@163.com
Illa,Vogeler,ivogelerfj@ovh.net
Amandie,Fagge,afaggefk@t-online.de
Ailyn,Girkin,agirkinfl@businessweek.com
Terese,Raphael,traphaelfm@wiley.com
Enrichetta,Hallgath,ehallgathfn@parallels.com
Yule,Giurio,ygiuriofo@cbc.ca
Erinn,Craney,ecraneyfp@aol.com
Deck,Yancey,dyanceyfq@dedecms.com
Roger,Haveline,rhavelinefr@stanford.edu
Donnajean,Crate,dcratefs@ted.com
Prince,Glassopp,pglassoppft@bbb.org
Phyllys,Soloway,psolowayfu@wisc.edu
Joice,Leverett,jleverettfv@meetup.com
Torrance,McIlmorie,tmcilmoriefw@lulu.com
Addison,Laye,alayefx@ed.gov
Josepha,Lattka,jlattkafy@example.com
Pryce,Wildish,pwildishfz@mozilla.com
Whittaker,Dowson,wdowsong0@dagondesign.com
Gearalt,Leggen,gleggeng1@telegraph.co.uk
Boone,Curtois,bcurtoisg2@wp.com
Mickey,Gaiter,mgaiterg3@plala.or.jp
Darren,Rump,drumpg4@rakuten.co.jp
Tildi,Aldhouse,taldhouseg5@yelp.com
Shelley,Mew,smewg6@homestead.com
Lea,Amer,lamerg7@weather.com
Dwight,Tinson,dtinsong8@npr.org
Adelind,Mableson,amablesong9@imageshack.us
Mirilla,Barlace,mbarlacega@weibo.com
Linnie,Amy,lamygb@thetimes.co.uk
Gwenora,Nairy,gnairygc@virginia.edu
Mariette,Spadeck,mspadeckgd@arizona.edu
Karly,Featherstonhalgh,kfeatherstonhalghge@nyu.edu
Colleen,Killshaw,ckillshawgf@flavors.me
Katleen,Charlewood,kcharlewoodgg@51.la
Meredeth,Thornborrow,mthornborrowgh@wix.com
Randy,D'Ruel,rdruelgi@over-blog.com
Mag,Lovegrove,mlovegrovegj@businessinsider.com
Martie,Bigglestone,mbigglestonegk@go.com
Kendricks,Khotler,kkhotlergl@netvibes.com
Roberta,Digman,rdigmangm@fema.gov
Emmalyn,Daville,edavillegn@vimeo.com
Osbourn,Guthrie,oguthriego@wikipedia.org
Candide,Riding,cridinggp@geocities.com
Travers,Bartleman,tbartlemangq@imdb.com
Salvidor,Matonin,smatoningr@wiley.com
Luther,Dever,ldevergs@drupal.org
Abbott,Quipp,aquippgt@webmd.com
Aristotle,Tomlett,atomlettgu@mac.com
Aldwin,Aleswell,aaleswellgv@noaa.gov
Rozella,Manford,rmanfordgw@soup.io
Jermayne,Turbill,jturbillgx@domainmarket.com
Suzanne,Stribbling,sstribblinggy@ycombinator.com
Douglass,Huttley,dhuttleygz@latimes.com
Serena,Dunster,sdunsterh0@sitemeter.com
Arlyn,Ioan,aioanh1@xinhuanet.com
Enos,Kenan,ekenanh2@vimeo.com
Carin,Readhead,creadheadh3@discovery.com
Lannie,Bruyett,lbruyetth4@cisco.com
Ossie,Jewise,ojewiseh5@domainmarket.com
Darlleen,Gaunter,dgaunterh6@about.me
Jonathan,Artus,jartush7@about.com
Jimmie,Brazenor,jbrazenorh8@wix.com
Dreddy,Greendale,dgreendaleh9@bbc.co.uk
Jackson,Colly,jcollyha@vistaprint.com
Bessie,Gumby,bgumbyhb@jugem.jp
Tadio,Stife,tstifehc@cornell.edu
Brit,Cyphus,bcyphushd@tumblr.com
Myranda,Mansbridge,mmansbridgehe@upenn.edu
Rhett,Jehaes,rjehaeshf@europa.eu
Gino,Wyldbore,gwyldborehg@scribd.com
Farrand,Treble,ftreblehh@naver.com
Doria,Ruddom,druddomhi@bloomberg.com
Eada,Cadle,ecadlehj@dyndns.org
Hamel,Audry,haudryhk@twitter.com
Dulcia,Reeks,dreekshl@cdc.gov
Mela,Guyonnet,mguyonnethm@a8.net
Shepherd,Marmion,smarmionhn@wsj.com
Forrester,Paulucci,fpaulucciho@fda.gov
Arny,Turpie,aturpiehp@harvard.edu
Lenard,Beeble,lbeeblehq@xinhuanet.com
Adair,Galero,agalerohr@si.edu
Doria,Duro,ddurohs@devhub.com
Myra,Jaegar,mjaegarht@jiathis.com
Marci,Town,mtownhu@artisteer.com
Piggy,Reedick,preedickhv@pen.io
Helenka,Balaisot,hbalaisothw@mayoclinic.com
Louie,Zotto,lzottohx@example.com
Andrea,O'Doireidh,aodoireidhhy@kickstarter.com
Alessandro,Keneforde,akenefordehz@guardian.co.uk
Hedvig,Rendall,hrendalli0@hexun.com
Frances,Seggie,fseggiei1@infoseek.co.jp
Willamina,Bassford,wbassfordi2@dmoz.org
Esther,Solesbury,esolesburyi3@dyndns.org
Alis,Tanswell,atanswelli4@cam.ac.uk
Adolphe,Scamadine,ascamadinei5@tamu.edu
Yehudi,Gors,ygorsi6@reddit.com
Gui,Josef,gjosefi7@reuters.com
Kelly,Stanlack,kstanlacki8@economist.com
Sherri,Broady,sbroadyi9@1688.com
Montgomery,Harrell,mharrellia@newyorker.com
Carlee,Broomhead,cbroomheadib@hao123.com
Robinett,Saul,rsaulic@51.la
Blaire,Thiem,bthiemid@wikispaces.com
Lancelot,Habershon,lhabershonie@nsw.gov.au
Fae,Turnell,fturnellif@chron.com
Kingsley,Ead,keadig@abc.net.au
Celestine,Hitzke,chitzkeih@irs.gov
Odele,Keddle,okeddleii@uiuc.edu
Erik,Woolf,ewoolfij@ebay.com
Val,Griffen,vgriffenik@slate.com
Val,Tripett,vtripettil@businessweek.com
Vance,Lunny,vlunnyim@sina.com.cn
Drucy,De Courtney,ddecourtneyin@imgur.com
Juli,Perelli,jperelliio@wix.com
Jobey,Stonall,jstonallip@jigsy.com
Kittie,Leacy,kleacyiq@archive.org
Jennette,McPeake,jmcpeakeir@pagesperso-orange.fr
Galvan,Imlen,gimlenis@cbc.ca
Jobi,Kenneway,jkennewayit@comsenz.com
Waylon,Mumford,wmumfordiu@patch.com
Shannon,Woollhead,swoollheadiv@nasa.gov
Mitzi,Van Rembrandt,mvanrembrandtiw@marriott.com
Genia,Prinn,gprinnix@barnesandnoble.com
Hanson,Dobbings,hdobbingsiy@nhs.uk
Windham,Roskrug,wroskrugiz@whitehouse.gov
Bettye,Cappineer,bcappineerj0@acquirethisname.com
Onfre,Joscelyn,ojoscelynj1@goo.ne.jp
Hesther,Wickling,hwicklingj2@reddit.com
Scarlet,Proswell,sproswellj3@diigo.com
Valentine,Percival,vpercivalj4@google.pl
Engracia,Bough,eboughj5@google.com.au
Juan,Plumb,jplumbj6@blogs.com
Sergei,Lamplugh,slamplughj7@blogspot.com
Adelbert,Scrace,ascracej8@histats.com
Malchy,Boni,mbonij9@house.gov
Emylee,Draysey,edrayseyja@dagondesign.com
Stevy,Churly,schurlyjb@globo.com
Roselin,Church,rchurchjc@hao123.com
Sheilakathryn,Yakunin,syakuninjd@purevolume.com
Wayne,Walewicz,wwalewiczje@eepurl.com
Mervin,Foulsham,mfoulshamjf@slideshare.net
Dot,Matthias,dmatthiasjg@123-reg.co.uk
Rosalind,Fall,rfalljh@purevolume.com
Lorilyn,Purse,lpurseji@gizmodo.com
Kipp,Hawkins,khawkinsjj@mozilla.com
Selma,Hedlestone,shedlestonejk@diigo.com
Gradey,Pinke,gpinkejl@gov.uk
Niki,McDarmid,nmcdarmidjm@nymag.com
Antonius,Sarjeant,asarjeantjn@ft.com
Hillary,Russ,hrussjo@twitter.com
Hebert,Newborn,hnewbornjp@sun.com
Sylvan,Peacham,speachamjq@oakley.com
Torr,Verriour,tverriourjr@prweb.com
Nissa,Harrison,nharrisonjs@thetimes.co.uk
Artair,Bielfeld,abielfeldjt@kickstarter.com
Gardy,Sedcole,gsedcoleju@slate.com
Antoine,Lafflina,alafflinajv@nih.gov
Sapphire,Jickells,sjickellsjw@amazon.co.jp
Finley,Skae,fskaejx@statcounter.com
Nobe,Withrop,nwithropjy@theglobeandmail.com
Dillie,Jindracek,djindracekjz@disqus.com
Tanya,Shelper,tshelperk0@e-recht24.de
Peri,Bettanay,pbettanayk1@engadget.com
Morena,Ambroziak,mambroziakk2@home.pl
Thebault,Keble,tkeblek3@time.com
Dorthea,Ashburner,dashburnerk4@guardian.co.uk
Guss,Poulney,gpoulneyk5@cafepress.com
Juliet,Wines,jwinesk6@fastcompany.com
Minette,Haward,mhawardk7@google.es
Brad,Dumingos,bdumingosk8@jigsy.com
Stevena,Moehler,smoehlerk9@indiegogo.com
Sherwynd,Sprott,ssprottka@theglobeandmail.com
Arden,Thresher,athresherkb@si.edu
Lorrin,Tarplee,ltarpleekc@chronoengine.com
Steffie,Peotz,speotzkd@google.pl
Babette,Grimbleby,bgrimblebyke@tripod.com
Dud,Gernier,dgernierkf@japanpost.jp
Mirabelle,Lawtey,mlawteykg@com.com
Kelvin,Southern,ksouthernkh@disqus.com
Loree,Theuff,ltheuffki@uol.com.br
Fremont,Ogden,fogdenkj@bravesites.com
Adolf,Lowy,alowykk@amazon.co.uk
Bill,Hardcastle,bhardcastlekl@homestead.com
Flory,Grimsey,fgrimseykm@wix.com
Fidelio,Ornells,fornellskn@redcross.org
Ramsey,Avann,ravannko@redcross.org
Elianore,Crosher,ecrosherkp@noaa.gov
Carter,Asbery,casberykq@shop-pro.jp
Tommie,Davidzon,tdavidzonkr@vimeo.com
Andie,Howkins,ahowkinsks@harvard.edu
Wash,Rowesby,wrowesbykt@arizona.edu
Beatrice,Shimwall,bshimwallku@cisco.com
Marjy,Le Grys,mlegryskv@gov.uk
Wylma,Tweedlie,wtweedliekw@ycombinator.com
Andrus,Asals,aasalskx@bing.com
Shepperd,Blair,sblairky@altervista.org
Lynn,Capstack,lcapstackkz@nytimes.com
Cordelia,Herkess,cherkessl0@infoseek.co.jp
Sasha,Dalglish,sdalglishl1@foxnews.com
Annamarie,Asty,aastyl2@fda.gov
Bobbi,Harbottle,bharbottlel3@reverbnation.com
Teodor,Firmin,tfirminl4@buzzfeed.com
Norean,Stigell,nstigelll5@ifeng.com
Horace,Chezier,hchezierl6@newsvine.com
Maitilde,Gaule,mgaulel7@tripod.com
Margalo,Kopfen,mkopfenl8@usgs.gov
Sully,Diviney,sdivineyl9@cdbaby.com
Kati,Cluderay,kcluderayla@posterous.com
Cristal,Titchard,ctitchardlb@deliciousdays.com
Koralle,Cuningham,kcuninghamlc@yahoo.co.jp
Malena,Oag,moagld@github.io
Vin,Vobes,vvobesle@google.fr
Aila,Guymer,aguymerlf@wufoo.com
Richmound,Ortas,rortaslg@woothemes.com
Michaelina,Ronchka,mronchkalh@stanford.edu
Lethia,Londsdale,llondsdaleli@amazon.com
Griffin,Raffan,graffanlj@yahoo.com
Amelita,Baline,abalinelk@state.tx.us
Annelise,Exter,aexterll@amazon.co.jp
Brigid,Dignon,bdignonlm@infoseek.co.jp
Lucienne,Kitcherside,lkitchersideln@deliciousdays.com
Stefan,Simants,ssimantslo@g.co
Andrej,Gisburne,agisburnelp@examiner.com
Kendra,Bier,kbierlq@tiny.cc
Ruby,Rotham,rrothamlr@umn.edu
Constantin,Lenaghen,clenaghenls@livejournal.com
Paolina,Nestoruk,pnestoruklt@usgs.gov
Concordia,Eliez,celiezlu@discuz.net
Sidonnie,Kingswood,skingswoodlv@mediafire.com
Shepperd,O' Bee,sobeelw@unblog.fr
Joleen,Downage,jdownagelx@deliciousdays.com
Cyrus,Aingell,caingellly@nationalgeographic.com
Krystle,Jouandet,kjouandetlz@wp.com
Haskell,Snoad,hsnoadm0@vk.com
Melany,Spieght,mspieghtm1@quantcast.com
Hilary,Benting,hbentingm2@tripod.com
Marianne,Lefwich,mlefwichm3@weebly.com
Pattie,Chomicz,pchomiczm4@vinaora.com
Algernon,Huleatt,ahuleattm5@google.com.br
Moses,Lytton,mlyttonm6@omniture.com
Dawn,Arthur,darthurm7@gov.uk
Ondrea,Avann,oavannm8@hugedomains.com
Verile,Dulen,vdulenm9@salon.com
Rutter,Mourant,rmourantma@buzzfeed.com
Web,Nother,wnothermb@ebay.co.uk
Beth,Andryszczak,bandryszczakmc@washingtonpost.com
Matthias,Clulow,mclulowmd@mapy.cz
Olivero,Engel,oengelme@springer.com
Jeno,Rawes,jrawesmf@nationalgeographic.com
Cati,Stoter,cstotermg@amazon.co.uk
Dael,Mapham,dmaphammh@drupal.org
Aksel,Ackhurst,aackhurstmi@dailymotion.com
Thorvald,Yellowley,tyellowleymj@smh.com.au
Hartwell,Robben,hrobbenmk@webeden.co.uk
Simonette,Tomicki,stomickiml@bluehost.com
Ulrich,Adamowicz,uadamowiczmm@businessinsider.com
Webb,Privett,wprivettmn@tinyurl.com
Derk,Scotchmoor,dscotchmoormo@indiegogo.com
Lauritz,August,laugustmp@google.ru
Aimee,Tapsfield,atapsfieldmq@shareasale.com
Reggie,Pratten,rprattenmr@canalblog.com
Rebeca,Shane,rshanems@china.com.cn
Binni,Geldert,bgeldertmt@infoseek.co.jp
Cathie,McFadyen,cmcfadyenmu@prlog.org
Jessika,Daddow,jdaddowmv@storify.com
Timothea,Lauga,tlaugamw@patch.com
Robby,Marriot,rmarriotmx@mediafire.com
Devan,Nehl,dnehlmy@bbb.org
Kesley,Minney,kminneymz@cnbc.com
Hobie,Clout,hcloutn0@amazon.de
Dael,Walisiak,dwalisiakn1@thetimes.co.uk
Linette,Potapczuk,lpotapczukn2@irs.gov
Gabi,Pashby,gpashbyn3@360.cn
Gisela,Dyke,gdyken4@apache.org
Gregoor,Stockford,gstockfordn5@github.com
Channa,Wilford,cwilfordn6@instagram.com
Madison,Marryatt,mmarryattn7@studiopress.com
Bondy,Rait,braitn8@usgs.gov
Oberon,Bellee,obelleen9@over-blog.com
Celestine,Gillingwater,cgillingwaterna@goo.gl
Temp,Triebner,ttriebnernb@netlog.com
Klara,Mawd,kmawdnc@foxnews.com
Lindsey,Ximenez,lximeneznd@liveinternet.ru
Monti,Kingswell,mkingswellne@home.pl
Justine,Dodamead,jdodameadnf@hao123.com
Hector,Mullis,hmullisng@studiopress.com
Ara,Sondland,asondlandnh@geocities.com
Carry,Jezzard,cjezzardni@engadget.com
Mohandas,Audrey,maudreynj@dmoz.org
Zondra,Brinicombe,zbrinicombenk@state.gov
Dorey,Mawford,dmawfordnl@t.co
Seumas,Avon,savonnm@deviantart.com
Bevin,Scourge,bscourgenn@domainmarket.com
Bord,Gilley,bgilleyno@loc.gov
Sullivan,Bollam,sbollamnp@skype.com
Donielle,Snowling,dsnowlingnq@paginegialle.it
Friedrick,Harries,fharriesnr@weibo.com
Thibaut,Wallington,twallingtonns@purevolume.com
Loretta,Hazzard,lhazzardnt@huffingtonpost.com
Raleigh,Tuer,rtuernu@meetup.com
Lefty,Lappine,llappinenv@craigslist.org
Xever,Ellingsworth,xellingsworthnw@topsy.com
Traver,Irnys,tirnysnx@dell.com
Isidor,Kobierski,ikobierskiny@scribd.com
Bartholomeus,Shere,bsherenz@unblog.fr
Janos,Gorhardt,jgorhardto0@thetimes.co.uk
Ruby,Iston,ristono1@apache.org
Amelina,Chastaing,achastaingo2@miitbeian.gov.cn
Stacie,Garnett,sgarnetto3@intel.com
Noelani,Mangion,nmangiono4@hubpages.com
Henriette,Jerzyk,hjerzyko5@go.com
Randy,Grindell,rgrindello6@sohu.com
Gregory,Edgcumbe,gedgcumbeo7@ucoz.com
Eimile,Evill,eevillo8@wikimedia.org
Christal,Skyner,cskynero9@xing.com
Joella,Brereton,jbreretonoa@admin.ch
Bevvy,McGirl,bmcgirlob@ovh.net
Madelaine,Shuker,mshukeroc@marketwatch.com
Dorri,Bromilow,dbromilowod@ebay.com
Cordelia,Bruntjen,cbruntjenoe@instagram.com
Lenka,Drinan,ldrinanof@cargocollective.com
Meade,Mackerness,mmackernessog@163.com
Zarah,Hellwich,zhellwichoh@storify.com
Franky,Sandercock,fsandercockoi@ihg.com
Ruttger,Kauffman,rkauffmanoj@chronoengine.com
Gaby,McCritchie,gmccritchieok@yahoo.co.jp
Cordie,Burdikin,cburdikinol@deviantart.com
Miguelita,Planks,mplanksom@yellowbook.com
Jacintha,Milch,jmilchon@purevolume.com
Joyce,Breache,jbreacheoo@engadget.com
Loydie,Bougourd,lbougourdop@umn.edu
Rozalin,Jeffry,rjeffryoq@marketwatch.com
Starlene,Barkly,sbarklyor@bandcamp.com
Melitta,Posnett,mposnettos@w3.org
Marci,Crichley,mcrichleyot@techcrunch.com
Raphael,Crevy,rcrevyou@fema.gov
Carolyn,Grimme,cgrimmeov@redcross.org
Deny,Cassel,dcasselow@ask.com
Gerick,Semrad,gsemradox@spotify.com
Otho,D'Agostino,odagostinooy@yellowbook.com
Ardath,Eltringham,aeltringhamoz@friendfeed.com
Tuckie,Goodere,tgooderep0@wp.com
Abey,Helliar,ahelliarp1@umn.edu
Gunilla,MacDunlevy,gmacdunlevyp2@dmoz.org
Gratiana,Le Maitre,glemaitrep3@tuttocitta.it
Jennette,Cassells,jcassellsp4@yellowpages.com
Chadwick,Kensall,ckensallp5@google.co.jp
Rollie,Domenge,rdomengep6@arstechnica.com
Shanon,Venneur,svenneurp7@yale.edu
Rafaelita,Wyeth,rwyethp8@paginegialle.it
Shanie,Bussel,sbusselp9@reddit.com
Alvira,Walczynski,awalczynskipa@bloglovin.com
Carmon,Eynaud,ceynaudpb@bizjournals.com
Lanny,Chatres,lchatrespc@china.com.cn
Eliot,Bowler,ebowlerpd@berkeley.edu
Belinda,Leeson,bleesonpe@gizmodo.com
Ilene,Suart,isuartpf@stumbleupon.com
Godiva,Towsey,gtowseypg@cocolog-nifty.com
Ode,Baraja,obarajaph@samsung.com
Linea,McCurley,lmccurleypi@google.pl
Mellicent,Brennand,mbrennandpj@people.com.cn
Suellen,Denyukin,sdenyukinpk@mediafire.com
Lucio,Mapp,lmapppl@epa.gov
Thalia,Bibey,tbibeypm@weather.com
Marcus,Ciciari,mciciaripn@msu.edu
Maxwell,Readwing,mreadwingpo@state.tx.us
Bethanne,Jessup,bjessuppp@unesco.org
Morly,Kayzer,mkayzerpq@pcworld.com
Sacha,Puckrin,spuckrinpr@ocn.ne.jp
Roberto,Cleeton,rcleetonps@google.nl
Mirna,Kensitt,mkensittpt@japanpost.jp
Killie,Piechnik,kpiechnikpu@weibo.com
Randy,Presswell,rpresswellpv@jigsy.com
Duff,Rowly,drowlypw@bizjournals.com
Sharl,Brogioni,sbrogionipx@histats.com
Bamby,Vaudin,bvaudinpy@posterous.com
Joly,Dooler,jdoolerpz@amazon.de
Anthiathia,Willment,awillmentq0@webs.com
Hesther,Naisbet,hnaisbetq1@opera.com
Kamilah,Dockrill,kdockrillq2@slideshare.net
Mateo,Lawles,mlawlesq3@fastcompany.com
Briana,Ottewill,bottewillq4@latimes.com
Joelly,Bamber,jbamberq5@infoseek.co.jp
Michail,Nutbrown,mnutbrownq6@marketwatch.com
Raimondo,Rizzone,rrizzoneq7@privacy.gov.au
Ashli,Lazare,alazareq8@g.co
Mariel,Cramphorn,mcramphornq9@ezinearticles.com
Kelsey,Lyle,klyleqa@wsj.com
Harlin,Lovegrove,hlovegroveqb@unicef.org
Rolfe,Levee,rleveeqc@merriam-webster.com
Doralin,Imort,dimortqd@nationalgeographic.com
Denni,Heinicke,dheinickeqe@who.int
Barnabas,McGeraghty,bmcgeraghtyqf@techcrunch.com
Blair,Coolahan,bcoolahanqg@etsy.com
Tobie,Duggan,tdugganqh@chicagotribune.com
La verne,Kittredge,lkittredgeqi@blogs.com
Jules,Blachford,jblachfordqj@phpbb.com
Dennie,Tofful,dtoffulqk@ehow.com
Ki,Mansour,kmansourql@google.com.br
Rozele,Uccello,ruccelloqm@people.com.cn
Valle,Tidmas,vtidmasqn@aboutads.info
Abram,Velte,avelteqo@youku.com
Letisha,Baddoe,lbaddoeqp@dailymotion.com
Laurence,Gloy,lgloyqq@prnewswire.com
Hallie,Andreuzzi,handreuzziqr@unc.edu
Tressa,Ricold,tricoldqs@yellowpages.com
Josee,Loffel,jloffelqt@naver.com
Micheal,Cazalet,mcazaletqu@soundcloud.com
Minne,Emloch,memlochqv@typepad.com
Tabbatha,Hallum,thallumqw@google.fr
Grenville,Askwith,gaskwithqx@slashdot.org
Merry,Paolillo,mpaolilloqy@intel.com
Tanny,Faucett,tfaucettqz@over-blog.com
Hilliary,Littleproud,hlittleproudr0@mail.ru
Rivkah,Lugden,rlugdenr1@bbb.org
Hamnet,Randleson,hrandlesonr2@issuu.com
Ezekiel,Walkington,ewalkingtonr3@answers.com
Christyna,Baskerfield,cbaskerfieldr4@domainmarket.com
Kaitlin,Juan,kjuanr5@berkeley.edu
Rhianna,Edmund,redmundr6@issuu.com
Bert,Caulton,bcaultonr7@latimes.com
Olenolin,Reveland,orevelandr8@arizona.edu
Jedediah,Venneur,jvenneurr9@dion.ne.jp
Lyn,Arnet,larnetra@pinterest.com
Roth,Dowdam,rdowdamrb@shutterfly.com
Lusa,Lilford,llilfordrc@unc.edu
Ebony,Barends,ebarendsrd@wufoo.com
Alysa,Petett,apetettre@economist.com
Isidor,Lidell,ilidellrf@g.co
Clemmy,Hallows,challowsrg@privacy.gov.au
Jarred,Djorevic,jdjorevicrh@google.fr
Kay,Paudin,kpaudinri@tumblr.com
Evelina,Dunbar,edunbarrj@umn.edu
Bary,Cordeiro,bcordeirork@mail.ru
Giacopo,Rawlin,grawlinrl@bloglovin.com
Pietrek,Echallie,pechallierm@example.com
Abey,Champley,achampleyrn@harvard.edu
Gabriel,Kliner,gklinerro@sina.com.cn
Eadith,Burnsall,eburnsallrp@reverbnation.com
Tony,Lawrenceson,tlawrencesonrq@cdc.gov
Corbet,Gammet,cgammetrr@google.ca
