id,first_name,last_name,email
1,Pippy,Jaggard,pjaggard0@slideshare.net
2,Jesse,Jinkinson,jjinkinson1@addthis.com
3,Bradan,Challis,bchallis2@businessinsider.com
4,Boy,Wild,bwild3@howstuffworks.com
5,Agneta,Zanolli,azanolli4@parallels.com
6,Ema,Milch,emilch5@japanpost.jp
7,Stillmann,Nutbeem,snutbeem6@dion.ne.jp
8,Robbin,Aupol,raupol7@hostgator.com
9,Karla,Pettisall,kpettisall8@furl.net
10,Joshia,Crowdson,jcrowdson9@tinyurl.com
11,Birgit,Tomczak,btomczaka@cafepress.com
12,Pincus,Basilone,pbasiloneb@slashdot.org
13,Deni,Russi,drussic@house.gov
14,Patton,Hardwich,phardwichd@amazonaws.com
15,Zarla,Jozwicki,zjozwickie@joomla.org
16,Alia,Lavis,alavisf@soundcloud.com
17,Natka,Noar,nnoarg@admin.ch
18,Karlen,Sherborn,ksherbornh@icio.us
19,Gina,Tiller,gtilleri@theatlantic.com
20,Cornie,Mavin,cmavinj@earthlink.net
21,Homer,Noddle,hnoddlek@tripod.com
22,Kristo,Lydden,klyddenl@a8.net
23,Jasmine,Camamile,jcamamilem@whitehouse.gov
24,Penny,Bonifas,pbonifasn@friendfeed.com
25,Hadlee,de Lloyd,hdelloydo@timesonline.co.uk
26,Harmony,Clench,hclenchp@example.com
27,Gae,Gepheart,ggepheartq@yellowpages.com
28,Alanson,Coulter,acoulterr@wordpress.com
29,Ibby,Perren,iperrens@instagram.com
30,Merna,Pasquale,mpasqualet@ed.gov
31,Lisha,Maddrah,lmaddrahu@plala.or.jp
32,Caryn,Syvret,csyvretv@japanpost.jp
33,Heidi,Algy,halgyw@slideshare.net
34,Darill,Breem,dbreemx@odnoklassniki.ru
35,Marie-jeanne,Fredson,mfredsony@wikia.com
36,Barret,Tortoise,btortoisez@instagram.com
37,Keely,Crawcour,kcrawcour10@soundcloud.com
38,Hube,Pickett,hpickett11@trellian.com
39,Purcell,Galvin,pgalvin12@typepad.com
40,Bernie,Kuscha,bkuscha13@vkontakte.ru
41,Moise,Villaret,mvillaret14@salon.com
42,Thornie,Eade,teade15@angelfire.com
43,Dorian,Edleston,dedleston16@mysql.com
44,Taylor,Rooke,trooke17@weibo.com
45,Burg,Porte,bporte18@wisc.edu
46,Paxon,Yekel,pyekel19@odnoklassniki.ru
47,Leonie,Enderle,lenderle1a@adobe.com
48,Noelyn,Crichmer,ncrichmer1b@dion.ne.jp
49,Mick,Chinery,mchinery1c@admin.ch
50,Loralyn,Opie,lopie1d@icq.com
51,Charis,Burghill,cburghill1e@shinystat.com
52,Krystal,Longlands,klonglands1f@naver.com
53,Clemence,Skyme,cskyme1g@icio.us
54,Adelheid,Scocroft,ascocroft1h@mozilla.org
55,Jaclin,Lyford,jlyford1i@telegraph.co.uk
56,Jeno,Dell,jdell1j@webnode.com
57,Doralin,Deinhard,ddeinhard1k@jigsy.com
58,Marylynne,Bolitho,mbolitho1l@imageshack.us
59,Leonora,Lenney,llenney1m@youtube.com
60,Efrem,Hardey,ehardey1n@sakura.ne.jp
61,Hurlee,Whales,hwhales1o@usatoday.com
62,Wolfy,Bugs,wbugs1p@livejournal.com
63,Redford,France,rfrance1q@oakley.com
64,Serena,Lorek,slorek1r@marriott.com
65,Phyllida,Thuillier,pthuillier1s@virginia.edu
66,Andre,Coade,acoade1t@barnesandnoble.com
67,Cord,Castel,ccastel1u@boston.com
68,Freddie,Risdale,frisdale1v@purevolume.com
69,Arnaldo,Galbraith,agalbraith1w@clickbank.net
70,Carena,Cahey,ccahey1x@biglobe.ne.jp
71,Miguelita,Douglas,mdouglas1y@about.me
72,Anissa,Carnson,acarnson1z@elegantthemes.com
73,Claresta,Fulloway,cfulloway20@nature.com
74,Terencio,Beche,tbeche21@pagesperso-orange.fr
75,Milt,Townson,mtownson22@census.gov
76,Dare,Crichmer,dcrichmer23@who.int
77,Celka,Korb,ckorb24@mashable.com
78,Katusha,Enderlein,kenderlein25@goodreads.com
79,Hazlett,Stickland,hstickland26@pcworld.com
80,Kele,Cutford,kcutford27@wisc.edu
81,Cly,Rentenbeck,crentenbeck28@china.com.cn
82,Valeria,Sargeant,vsargeant29@scientificamerican.com
83,Norby,Chessel,nchessel2a@dion.ne.jp
84,Willey,Ommundsen,wommundsen2b@example.com
85,Helaine,Exroll,hexroll2c@google.ru
86,Jeri,Withrington,jwithrington2d@google.es
87,Consolata,Seebert,cseebert2e@independent.co.uk
88,Yvor,Mayhou,ymayhou2f@google.fr
89,Tammy,Giles,tgiles2g@163.com
90,Alysa,Brugsma,abrugsma2h@shinystat.com
91,Helenka,Swatton,hswatton2i@hhs.gov
92,Krysta,Skeete,kskeete2j@foxnews.com
93,Dianne,Hover,dhover2k@live.com
94,Kesley,Eastcott,keastcott2l@usa.gov
95,Delmar,Cusiter,dcusiter2m@yale.edu
96,Kent,Croce,kcroce2n@blinklist.com
97,Bert,Smoth,bsmoth2o@who.int
98,Fonzie,Poskitt,fposkitt2p@ucla.edu
99,Faustine,Foynes,ffoynes2q@tuttocitta.it
100,Keven,Cockshott,kcockshott2r@nbcnews.com
101,Osborne,McReidy,omcreidy2s@patch.com
102,Berri,Poge,bpoge2t@nymag.com
103,Kelsi,Windus,kwindus2u@alibaba.com
104,Barbabra,Rogeon,brogeon2v@theguardian.com
105,Dion,Norcliffe,dnorcliffe2w@mapquest.com
106,Corby,Dreinan,cdreinan2x@huffingtonpost.com
107,Pete,Gergher,pgergher2y@home.pl
108,Emlen,Mountcastle,emountcastle2z@dagondesign.com
109,Grethel,Jennions,gjennions30@dropbox.com
110,Emmeline,Miebes,emiebes31@blogtalkradio.com
111,Dione,Carne,dcarne32@mediafire.com
112,Mickie,Duff,mduff33@google.it
113,Gisella,Hendrikse,ghendrikse34@msu.edu
114,Lise,McGurn,lmcgurn35@google.nl
115,Ernst,Gurwood,egurwood36@netvibes.com
116,Beniamino,Weeks,bweeks37@google.ca
117,Chilton,Shelmerdine,cshelmerdine38@github.com
118,Darby,Handlin,dhandlin39@dot.gov
119,Thaddus,Chaffin,tchaffin3a@dedecms.com
120,Frederic,Krikorian,fkrikorian3b@ihg.com
121,Lona,Smitherman,lsmitherman3c@trellian.com
122,Sybila,Fetherstonhaugh,sfetherstonhaugh3d@technorati.com
123,Gerrie,Maypes,gmaypes3e@bizjournals.com
124,Geralda,Apted,gapted3f@barnesandnoble.com
125,Grant,Mateja,gmateja3g@wisc.edu
126,Michail,Pencot,mpencot3h@elegantthemes.com
127,Sarge,Fowls,sfowls3i@hp.com
128,Melisenda,Shelmardine,mshelmardine3j@addthis.com
129,Joceline,Swalowe,jswalowe3k@cornell.edu
130,Guillaume,Langfat,glangfat3l@berkeley.edu
131,Dael,O'Kinedy,dokinedy3m@csmonitor.com
132,Uta,Prandoni,uprandoni3n@addtoany.com
133,Anabal,Laux,alaux3o@w3.org
134,Israel,Parvin,iparvin3p@nymag.com
135,Fidole,Lagden,flagden3q@ow.ly
136,Natalie,Oran,noran3r@indiatimes.com
137,Guntar,Swansbury,gswansbury3s@shinystat.com
138,Kahlil,Turnpenny,kturnpenny3t@unblog.fr
139,Cal,Ronaghan,cronaghan3u@bigcartel.com
140,Karlens,Flipsen,kflipsen3v@instagram.com
141,Aloise,Villa,avilla3w@bbc.co.uk
142,Dino,Shaddock,dshaddock3x@stanford.edu
143,Caprice,Theuss,ctheuss3y@gmpg.org
144,Hertha,Killingworth,hkillingworth3z@wp.com
145,Melisse,MacEvilly,mmacevilly40@noaa.gov
146,Romy,Pridding,rpridding41@shinystat.com
147,Alasdair,Standish,astandish42@liveinternet.ru
148,Pepita,Geratasch,pgeratasch43@geocities.com
149,Linn,Nelthorp,lnelthorp44@sciencedaily.com
150,Rahal,Veldman,rveldman45@google.nl
151,Conni,Herrema,cherrema46@npr.org
152,Dallas,Phibb,dphibb47@networkadvertising.org
153,Delores,Hales,dhales48@microsoft.com
154,Norry,Edgerly,nedgerly49@wp.com
155,Trude,Lenard,tlenard4a@ted.com
156,Forrest,Churly,fchurly4b@mtv.com
157,Brana,Marmion,bmarmion4c@studiopress.com
158,Clarette,England,cengland4d@webnode.com
159,Kimbra,Vickerstaff,kvickerstaff4e@liveinternet.ru
160,Ailbert,Fowler,afowler4f@163.com
161,Waylen,Lamond,wlamond4g@engadget.com
162,Kerk,Walicki,kwalicki4h@wikispaces.com
163,Ned,Doodson,ndoodson4i@alibaba.com
164,Dredi,Huggett,dhuggett4j@columbia.edu
165,Tricia,Hacaud,thacaud4k@epa.gov
166,Bram,Ambrosio,bambrosio4l@jigsy.com
167,Jenilee,Dalley,jdalley4m@samsung.com
168,Packston,Martinat,pmartinat4n@cyberchimps.com
169,Marcile,Digby,mdigby4o@vistaprint.com
170,Angelia,Koppen,akoppen4p@dion.ne.jp
171,Tobin,Gerold,tgerold4q@addthis.com
172,Mitchell,McOmish,mmcomish4r@ow.ly
173,Sadye,Jenkin,sjenkin4s@w3.org
174,Arlan,Balassa,abalassa4t@google.de
175,Harriet,Melesk,hmelesk4u@bandcamp.com
176,Vina,Shoebridge,vshoebridge4v@ezinearticles.com
177,Raviv,Steggals,rsteggals4w@gmpg.org
178,Ari,Sibbons,asibbons4x@gov.uk
179,Genni,Erington,gerington4y@ebay.com
180,Cly,Overy,covery4z@hibu.com
181,Jere,Jereatt,jjereatt50@etsy.com
182,Lynnelle,Cockram,lcockram51@economist.com
183,Zeke,Dericut,zdericut52@walmart.com
184,Nate,Fargie,nfargie53@edublogs.org
185,Kissiah,Swinburn,kswinburn54@youku.com
186,Goldina,Adnett,gadnett55@vimeo.com
187,Enrichetta,Kenward,ekenward56@blogs.com
188,Novelia,Thain,nthain57@mapy.cz
189,Dawn,Bestiman,dbestiman58@slate.com
190,Alia,Tellenbach,atellenbach59@phoca.cz
191,Natty,Brim,nbrim5a@tamu.edu
192,Marielle,Redfern,mredfern5b@ovh.net
193,Maressa,L'argent,mlargent5c@yellowpages.com
194,Currey,Lope,clope5d@sakura.ne.jp
195,Rufus,Rowthorn,rrowthorn5e@google.ru
196,Laughton,Gourlie,lgourlie5f@redcross.org
197,Craig,Tibbetts,ctibbetts5g@a8.net
198,Will,Colin,wcolin5h@addthis.com
199,Killie,Goodburn,kgoodburn5i@skyrock.com
200,Allin,Bortoloni,abortoloni5j@purevolume.com
201,Laura,Jantot,ljantot5k@slideshare.net
202,Steffi,Bollom,sbollom5l@freewebs.com
203,Kyle,Robson,krobson5m@stanford.edu
204,Conant,Giacoboni,cgiacoboni5n@illinois.edu
205,Franklyn,Roach,froach5o@wisc.edu
206,Eleni,Castanaga,ecastanaga5p@tmall.com
207,Adan,Purvis,apurvis5q@unesco.org
208,Lucas,Becke,lbecke5r@storify.com
209,Cullie,Frankland,cfrankland5s@redcross.org
210,Delinda,Capelen,dcapelen5t@scribd.com
211,Sylvan,Allanson,sallanson5u@cpanel.net
212,Marni,Boughen,mboughen5v@netscape.com
213,Katrina,Saggers,ksaggers5w@privacy.gov.au
214,Bil,Lawlan,blawlan5x@washington.edu
215,Sidonnie,Heinke,sheinke5y@google.cn
216,Dino,Collard,dcollard5z@tmall.com
217,Esmeralda,Point,epoint60@friendfeed.com
218,Yevette,Pedrozzi,ypedrozzi61@irs.gov
219,Sigismund,Duferie,sduferie62@usa.gov
220,Lauretta,Desport,ldesport63@cloudflare.com
221,Neddy,Wedlake,nwedlake64@jigsy.com
222,Rosie,Tocqueville,rtocqueville65@gizmodo.com
223,Murvyn,Boud,mboud66@ox.ac.uk
224,Jessamine,Kleinholz,jkleinholz67@tumblr.com
225,Jude,Lacknor,jlacknor68@addtoany.com
226,Gloriana,Drane,gdrane69@stumbleupon.com
227,Audie,McCrudden,amccrudden6a@nymag.com
228,Polly,Langhorne,planghorne6b@eventbrite.com
229,Winnie,Bourtoumieux,wbourtoumieux6c@tiny.cc
230,Jarrid,Snook,jsnook6d@cbc.ca
231,Moses,Ellissen,mellissen6e@accuweather.com
232,Culley,Moorwood,cmoorwood6f@yellowbook.com
233,Carolus,Kennford,ckennford6g@canalblog.com
234,Ileane,Pau,ipau6h@youtu.be
235,Peggie,Ridesdale,pridesdale6i@cargocollective.com
236,Horst,Blundell,hblundell6j@example.com
237,Linea,Swapp,lswapp6k@ning.com
238,Essy,Blacktin,eblacktin6l@eventbrite.com
239,Hugues,Winslow,hwinslow6m@globo.com
240,Dale,Comi,dcomi6n@lycos.com
241,Carlen,Dimbylow,cdimbylow6o@jugem.jp
242,Gherardo,Lambswood,glambswood6p@hexun.com
243,Sheba,Rubenchik,srubenchik6q@cbsnews.com
244,Jacquelynn,Chyuerton,jchyuerton6r@house.gov
245,Miltie,Reiglar,mreiglar6s@over-blog.com
246,Mada,Pendrid,mpendrid6t@is.gd
247,Teodorico,D'Onise,tdonise6u@psu.edu
248,Sherm,Reims,sreims6v@google.es
249,Euell,Charles,echarles6w@hatena.ne.jp
250,Dorian,Cleeton,dcleeton6x@delicious.com
251,Flora,Whitloe,fwhitloe6y@reference.com
252,Earle,Varvell,evarvell6z@google.com.au
253,Lind,Creenan,lcreenan70@hexun.com
254,Syd,Klus,sklus71@com.com
255,Morgana,Oneil,moneil72@guardian.co.uk
256,Anastassia,Wilson,awilson73@a8.net
257,Fonz,Gerish,fgerish74@about.me
258,Jeremiah,Sherringham,jsherringham75@noaa.gov
259,Kalil,Scotchmore,kscotchmore76@admin.ch
260,Latia,Temperley,ltemperley77@stanford.edu
261,Daile,Foale,dfoale78@miibeian.gov.cn
262,Kissie,Noulton,knoulton79@example.com
263,Muffin,McCullouch,mmccullouch7a@shutterfly.com
264,Justinn,Cardenoso,jcardenoso7b@webnode.com
265,Shermie,Gilman,sgilman7c@jiathis.com
266,Westbrooke,Brookshaw,wbrookshaw7d@phpbb.com
267,Rossie,Tuckett,rtuckett7e@shinystat.com
268,Shay,Tumielli,stumielli7f@homestead.com
269,Harp,Fair,hfair7g@indiegogo.com
270,Waverley,Durbridge,wdurbridge7h@wunderground.com
271,Kristo,Birwhistle,kbirwhistle7i@oracle.com
272,Kaye,Coste,kcoste7j@google.co.uk
273,Karmen,MacIver,kmaciver7k@prlog.org
274,Thorvald,Novello,tnovello7l@umich.edu
275,Luelle,Arrington,larrington7m@twitter.com
276,Glyn,Lancaster,glancaster7n@furl.net
277,Audi,Ackrill,aackrill7o@live.com
278,Bria,Fewless,bfewless7p@exblog.jp
279,Stephannie,Chesworth,schesworth7q@walmart.com
280,Zebedee,Broyd,zbroyd7r@mit.edu
281,Luca,Dincey,ldincey7s@alexa.com
282,Denis,Grimestone,dgrimestone7t@qq.com
283,Haley,Ryson,hryson7u@narod.ru
284,Gretel,Naisbit,gnaisbit7v@si.edu
285,Kelley,Andersch,kandersch7w@blogs.com
286,Ralina,Stendall,rstendall7x@oaic.gov.au
287,Chucho,Painten,cpainten7y@cloudflare.com
288,Al,Letterick,aletterick7z@msn.com
289,Augy,Birts,abirts80@dmoz.org
290,Carissa,Gorry,cgorry81@yolasite.com
291,Coraline,Constance,cconstance82@istockphoto.com
292,Binni,Steddall,bsteddall83@bloomberg.com
293,Giselbert,Ellens,gellens84@fda.gov
294,Reeba,Thain,rthain85@amazon.de
295,Beale,Ealam,bealam86@discovery.com
296,Eva,Keeltagh,ekeeltagh87@theatlantic.com
297,Lila,Newey,lnewey88@cocolog-nifty.com
298,Rozanna,Warricker,rwarricker89@wix.com
299,Staci,Dmitrovic,sdmitrovic8a@tmall.com
300,Portia,Fieldhouse,pfieldhouse8b@godaddy.com
301,Ermin,Lie,elie8c@gnu.org
302,Inness,De Winton,idewinton8d@naver.com
303,Florette,Ollerhead,follerhead8e@boston.com
304,Harley,Siggins,hsiggins8f@bloglines.com
305,Hesther,Ruppert,hruppert8g@bloglines.com
306,Nilson,Trayling,ntrayling8h@mapy.cz
307,Arlyne,Prop,aprop8i@businesswire.com
308,Arleta,Pettersen,apettersen8j@elpais.com
309,Catlin,Finnie,cfinnie8k@weebly.com
310,Ariadne,Quinn,aquinn8l@clickbank.net
311,Tressa,Allum,tallum8m@goo.gl
312,Muffin,Adshede,madshede8n@europa.eu
313,Fritz,Burner,fburner8o@cmu.edu
314,Allene,Bosquet,abosquet8p@baidu.com
315,Doti,Scrivner,dscrivner8q@infoseek.co.jp
316,Oralie,Moscon,omoscon8r@redcross.org
317,Shurlock,Coleford,scoleford8s@typepad.com
318,Merill,Skough,mskough8t@walmart.com
319,Willette,Maingot,wmaingot8u@gov.uk
320,Kissiah,Dimanche,kdimanche8v@deliciousdays.com
321,Carlynn,Bunning,cbunning8w@hexun.com
322,Candie,Stollenhof,cstollenhof8x@dot.gov
323,Neilla,Raitie,nraitie8y@foxnews.com
324,Emilie,Pozzi,epozzi8z@dailymail.co.uk
325,Mick,Griswaite,mgriswaite90@printfriendly.com
326,Jase,Lettuce,jlettuce91@unc.edu
327,Homer,Kennally,hkennally92@europa.eu
328,Bartie,Emslie,bemslie93@businessweek.com
329,Peta,Haward,phaward94@sogou.com
330,Mikkel,Metzig,mmetzig95@tumblr.com
331,Ashlan,Bollins,abollins96@tiny.cc
332,Terrye,De Mitris,tdemitris97@etsy.com
333,Roxine,Manginot,rmanginot98@quantcast.com
334,Martha,Riddich,mriddich99@ebay.co.uk
335,Vinnie,Cardoo,vcardoo9a@furl.net
336,Wilfrid,Don,wdon9b@acquirethisname.com
337,Evvy,Bufton,ebufton9c@hao123.com
338,Kimmy,Tokley,ktokley9d@reference.com
339,Levey,Kilmartin,lkilmartin9e@plala.or.jp
340,Jay,Tattershaw,jtattershaw9f@fema.gov
341,Zora,Jankowski,zjankowski9g@dagondesign.com
342,Eolanda,Langhor,elanghor9h@ebay.com
343,Mufinella,Goseling,mgoseling9i@google.es
344,Keefer,Manson,kmanson9j@canalblog.com
345,Chere,Cash,ccash9k@lycos.com
346,Alecia,Bullman,abullman9l@businessweek.com
347,Nananne,Alasdair,nalasdair9m@fema.gov
348,Pippo,Rawlins,prawlins9n@microsoft.com
349,Amie,Lochran,alochran9o@ucoz.ru
350,Jimmie,Toop,jtoop9p@ft.com
351,Dorolice,Berkery,dberkery9q@ucla.edu
352,Gabe,Shortcliffe,gshortcliffe9r@wp.com
353,Thatcher,Chooter,tchooter9s@wufoo.com
354,Waverly,O'Deoran,wodeoran9t@google.co.uk
355,Fletcher,Lerego,flerego9u@wired.com
356,Lauretta,Roderighi,lroderighi9v@jalbum.net
357,Juline,Renfield,jrenfield9w@wp.com
358,Deina,Layfield,dlayfield9x@lycos.com
359,Devy,Mallia,dmallia9y@free.fr
360,Quinn,Drewitt,qdrewitt9z@illinois.edu
361,Freida,Hounsom,fhounsoma0@netvibes.com
362,Sophronia,Pachta,spachtaa1@google.es
363,Tyson,McInerney,tmcinerneya2@princeton.edu
364,Isadora,Sponer,isponera3@marketwatch.com
365,Aggi,Anney,aanneya4@weibo.com
366,Joella,Hadigate,jhadigatea5@msu.edu
367,Stephen,Carmont,scarmonta6@behance.net
368,Xenos,Paddell,xpaddella7@wiley.com
369,Bel,Moreno,bmorenoa8@dailymotion.com
370,Christie,Litt,clitta9@squarespace.com
371,Kenyon,Schoales,kschoalesaa@google.de
372,Walther,Bradbrook,wbradbrookab@answers.com
373,Odille,Gilchrest,ogilchrestac@bravesites.com
374,Elysia,Chevalier,echevalierad@quantcast.com
375,Gay,Wahner,gwahnerae@google.cn
376,Myranda,Bourgaize,mbourgaizeaf@squarespace.com
377,Mignonne,Mullaly,mmullalyag@nih.gov
378,Kalinda,Madders,kmaddersah@aboutads.info
379,Kathi,Housbey,khousbeyai@nsw.gov.au
380,Evey,Roe,eroeaj@ameblo.jp
381,Dulcie,Prichet,dprichetak@vkontakte.ru
382,Abbey,Simka,asimkaal@ocn.ne.jp
383,Warden,Brinkler,wbrinkleram@canalblog.com
384,Clay,Caplin,ccaplinan@multiply.com
385,Beatriz,Gromley,bgromleyao@nymag.com
386,Micheil,Ivanusyev,mivanusyevap@creativecommons.org
387,Kris,Gask,kgaskaq@cyberchimps.com
388,Shaylah,Janowski,sjanowskiar@nasa.gov
389,Ernesta,Lansley,elansleyas@walmart.com
390,Shurlocke,Redsell,sredsellat@icio.us
391,Linc,Padginton,lpadgintonau@example.com
392,Findley,Hallagan,fhallaganav@eepurl.com
393,Laure,Russan,lrussanaw@mashable.com
394,Thadeus,Bennion,tbennionax@gov.uk
395,Drucill,Humbie,dhumbieay@sohu.com
396,Freemon,Brightman,fbrightmanaz@indiegogo.com
397,Bernardo,O' Lone,boloneb0@mlb.com
398,Huntington,Mattheeuw,hmattheeuwb1@google.cn
399,Ashly,Rougier,arougierb2@theatlantic.com
400,Danie,Nipper,dnipperb3@goo.ne.jp
401,Murvyn,Vlies,mvliesb4@zdnet.com
402,Toinette,Shurville,tshurvilleb5@state.gov
403,Matthiew,Cosby,mcosbyb6@last.fm
404,Lawrence,Lipsett,llipsettb7@woothemes.com
405,Lanni,Stubley,lstubleyb8@admin.ch
406,Ingrid,Sinyard,isinyardb9@marketwatch.com
407,Kelly,Drakeley,kdrakeleyba@stumbleupon.com
408,Benedetta,Heindrick,bheindrickbb@ucsd.edu
409,Robb,Wadmore,rwadmorebc@goo.ne.jp
410,Claribel,Huortic,chuorticbd@eepurl.com
411,Jermaine,Ruttgers,jruttgersbe@yelp.com
412,Addie,Maffi,amaffibf@economist.com
413,Anya,Casine,acasinebg@hexun.com
414,Mozelle,Pagden,mpagdenbh@multiply.com
415,Hillard,Fellis,hfellisbi@xing.com
416,Davon,Kivlehan,dkivlehanbj@weibo.com
417,Winnifred,Aviss,wavissbk@dot.gov
418,Gunar,Bocock,gbocockbl@themeforest.net
419,Brandice,Gorrie,bgorriebm@de.vu
420,Clari,Clinning,cclinningbn@phoca.cz
421,Adda,Beavon,abeavonbo@apple.com
422,Corbet,Couronne,ccouronnebp@huffingtonpost.com
423,Stevy,Fitchett,sfitchettbq@t-online.de
424,Myrwyn,Shorto,mshortobr@soup.io
425,Batsheva,Tilbey,btilbeybs@archive.org
426,Slade,Coverly,scoverlybt@google.nl
427,Simonette,Local,slocalbu@merriam-webster.com
428,Ralina,Wressell,rwressellbv@imageshack.us
429,Harriet,Dabner,hdabnerbw@twitter.com
430,Shepperd,Bear,sbearbx@rambler.ru
431,Rhodia,Gonning,rgonningby@barnesandnoble.com
432,Evelyn,Trotton,etrottonbz@dot.gov
433,Jae,Delamere,jdelamerec0@discovery.com
434,Terrye,Woods,twoodsc1@amazonaws.com
435,Norine,Devey,ndeveyc2@europa.eu
436,Judas,Tabard,jtabardc3@acquirethisname.com
437,Pat,Marfield,pmarfieldc4@thetimes.co.uk
438,Alene,Stiffell,astiffellc5@live.com
439,Dene,Scone,dsconec6@mtv.com
440,Cyndia,Zorzenoni,czorzenonic7@sbwire.com
441,Jedidiah,Pendrigh,jpendrighc8@narod.ru
442,Rene,Towns,rtownsc9@usatoday.com
443,Jefferson,Meadowcraft,jmeadowcraftca@msn.com
444,Fleming,Gillmor,fgillmorcb@cloudflare.com
445,Purcell,Glacken,pglackencc@geocities.com
446,Dannel,Chalke,dchalkecd@businessinsider.com
447,Cherlyn,Emtage,cemtagece@printfriendly.com
448,Daryl,Heister,dheistercf@ehow.com
449,Nanon,Harrismith,nharrismithcg@virginia.edu
450,Rolf,MacGilmartin,rmacgilmartinch@ifeng.com
451,Hewe,Howard - Gater,hhowardgaterci@blog.com
452,Phillis,Cutmare,pcutmarecj@comcast.net
453,Joey,Blinckhorne,jblinckhorneck@sakura.ne.jp
454,Lynett,Baulcombe,lbaulcombecl@surveymonkey.com
455,Vittorio,Wedmore.,vwedmorecm@vk.com
456,Alicea,Meddows,ameddowscn@abc.net.au
457,Abran,Yarnell,ayarnellco@homestead.com
458,Wendel,Hawick,whawickcp@netlog.com
459,Karel,Worman,kwormancq@about.me
460,Rosemonde,Girth,rgirthcr@wp.com
461,Korella,Soigne,ksoignecs@shop-pro.jp
462,Harriette,Patzelt,hpatzeltct@sohu.com
463,Gun,Wensley,gwensleycu@alexa.com
464,Janet,Dinsdale,jdinsdalecv@discovery.com
465,Nolana,Lepope,nlepopecw@trellian.com
466,Amby,MacKissack,amackissackcx@tuttocitta.it
467,Suzanne,Gleaves,sgleavescy@yahoo.co.jp
468,Katine,Sansom,ksansomcz@simplemachines.org
469,Harley,Hartburn,hhartburnd0@phoca.cz
470,Curcio,Targe,ctarged1@nih.gov
471,Pepita,Bonnyson,pbonnysond2@dailymotion.com
472,Wendel,Endon,wendond3@newyorker.com
473,Elayne,Balstone,ebalstoned4@printfriendly.com
474,Livvyy,Whitebread,lwhitebreadd5@blogspot.com
475,Charmain,Rolland,crollandd6@sciencedirect.com
476,Viole,Keay,vkeayd7@java.com
477,Jourdain,Willey,jwilleyd8@earthlink.net
478,Henrik,Bainton,hbaintond9@cmu.edu
479,Bernette,Stairmand,bstairmandda@people.com.cn
480,Gretchen,Bruineman,gbruinemandb@state.gov
481,Kerwin,Lowde,klowdedc@nationalgeographic.com
482,Claudina,Jeske,cjeskedd@harvard.edu
483,Archie,Pellington,apellingtonde@wikispaces.com
484,Bjorn,Bloggett,bbloggettdf@mail.ru
485,Borden,Klampk,bklampkdg@un.org
486,Gun,Ciccotti,gciccottidh@cocolog-nifty.com
487,Ambrosius,Brennand,abrennanddi@cloudflare.com
488,Lianna,Brickhill,lbrickhilldj@istockphoto.com
489,Maynord,Kearle,mkearledk@un.org
490,Gordon,Liquorish,gliquorishdl@squarespace.com
491,Gregorio,Harsnep,gharsnepdm@last.fm
492,Kristofor,Spillard,kspillarddn@studiopress.com
493,Cybill,Hawking,chawkingdo@biblegateway.com
494,Beauregard,Sayles,bsaylesdp@is.gd
495,Roseanna,Synnot,rsynnotdq@joomla.org
496,Kiri,Scrowton,kscrowtondr@microsoft.com
497,Kial,Gullane,kgullaneds@google.com.hk
498,Britte,Lorden,blordendt@macromedia.com
499,Obadiah,Ortet,oortetdu@fema.gov
500,Burch,Jerdein,bjerdeindv@imdb.com
501,Gris,Lazonby,glazonbydw@statcounter.com
502,Baxie,Stanway,bstanwaydx@php.net
503,Mil,Sturror,msturrordy@ft.com
504,Caitrin,Harral,charraldz@mail.ru
505,Guglielma,Waterdrinker,gwaterdrinkere0@dailymail.co.uk
506,Yardley,Bullant,ybullante1@wordpress.com
507,Libbie,Satch,lsatche2@jugem.jp
508,Jaime,Van Dale,jvandalee3@multiply.com
509,Morgen,Giampietro,mgiampietroe4@icq.com
510,Freddie,Snook,fsnooke5@ftc.gov
511,Myrtia,Pesterfield,mpesterfielde6@myspace.com
512,Chauncey,Larway,clarwaye7@xrea.com
513,Otto,Gee,ogeee8@alibaba.com
514,Alma,Musprat,amusprate9@infoseek.co.jp
515,Rebekah,Gowdridge,rgowdridgeea@pcworld.com
516,Gianni,Lawey,glaweyeb@seesaa.net
517,Keri,Paxforde,kpaxfordeec@artisteer.com
518,Les,Slinn,lslinned@wikia.com
519,Rivy,Fairbrace,rfairbraceee@google.co.uk
520,Lynette,Tift,ltiftef@timesonline.co.uk
521,Archaimbaud,Armatage,aarmatageeg@bloglovin.com
522,Cymbre,Thoumas,cthoumaseh@cafepress.com
523,Fran,Sedge,fsedgeei@youtu.be
524,Cherey,Wenban,cwenbanej@barnesandnoble.com
525,Murvyn,Gladwin,mgladwinek@ovh.net
526,Stephen,Louca,sloucael@mapy.cz
527,Pat,Tillman,ptillmanem@prweb.com
528,Bren,Abella,babellaen@dmoz.org
529,Carmine,Mordie,cmordieeo@wikipedia.org
530,Carilyn,Doran,cdoranep@hc360.com
531,Melessa,Cooch,mcoocheq@rambler.ru
532,Ines,Blind,iblinder@weather.com
533,Glenn,Raspel,graspeles@eepurl.com
534,Klara,Pre,kpreet@networksolutions.com
535,Emmy,Caldero,ecalderoeu@engadget.com
536,Nataniel,Hundal,nhundalev@vk.com
537,Iver,Woolrich,iwoolrichew@wikipedia.org
538,Barbara-anne,Grigolashvill,bgrigolashvillex@opensource.org
539,Hedy,Hancox,hhancoxey@nps.gov
540,Paige,Gillitt,pgillittez@craigslist.org
541,Creighton,Libbe,clibbef0@nifty.com
542,Haven,Boyles,hboylesf1@shutterfly.com
543,Livvie,O'Kennavain,lokennavainf2@chronoengine.com
544,Martie,Harragin,mharraginf3@yahoo.co.jp
545,Elinor,Flicker,eflickerf4@hud.gov
546,Desi,McInnery,dmcinneryf5@yellowbook.com
547,Culley,Stutt,cstuttf6@thetimes.co.uk
548,Paquito,Drivers,pdriversf7@so-net.ne.jp
549,Sheeree,Pessolt,spessoltf8@netvibes.com
550,Tiphani,Reddan,treddanf9@gnu.org
551,Upton,Bleasdale,ubleasdalefa@dagondesign.com
552,Buffy,Noden,bnodenfb@barnesandnoble.com
553,Jamill,Kall,jkallfc@stanford.edu
554,Herta,Kief,hkieffd@blogtalkradio.com
555,Gabe,Daine,gdainefe@slideshare.net
556,Lyn,Goucher,lgoucherff@plala.or.jp
557,Daniele,Truscott,dtruscottfg@globo.com
558,Mella,De Souza,mdesouzafh@surveymonkey.com
559,Amby,Phinnis,aphinnisfi@csmonitor.com
560,Raymond,Sendall,rsendallfj@ovh.net
561,Brenna,Lurriman,blurrimanfk@wordpress.com
562,Ara,Roath,aroathfl@yandex.ru
563,Tatum,Durrett,tdurrettfm@opensource.org
564,Lucilia,Quibell,lquibellfn@buzzfeed.com
565,Cully,Gheraldi,cgheraldifo@europa.eu
566,Isidro,Copin,icopinfp@indiatimes.com
567,Lisabeth,covino,lcovinofq@blinklist.com
568,Marline,Beamond,mbeamondfr@slate.com
569,Mycah,Endecott,mendecottfs@1und1.de
570,Svend,Tombling,stomblingft@opensource.org
571,Lorita,Kilbey,lkilbeyfu@wiley.com
572,Sondra,Trinkwon,strinkwonfv@tripod.com
573,Kippy,Shapera,kshaperafw@soup.io
574,Pasquale,Ferrarini,pferrarinifx@eepurl.com
575,Dom,Whyteman,dwhytemanfy@ihg.com
576,Cammy,Kubacek,ckubacekfz@webeden.co.uk
577,Willy,Nelmes,wnelmesg0@bluehost.com
578,Baird,Joan,bjoang1@parallels.com
579,Arabelle,Camplin,acampling2@over-blog.com
580,Ike,Gibbeson,igibbesong3@biglobe.ne.jp
581,Ferne,Lamar,flamarg4@gravatar.com
582,Irvine,Reffe,ireffeg5@gov.uk
583,Alejandro,Slatter,aslatterg6@go.com
584,Chere,Caslett,ccaslettg7@omniture.com
585,Waldo,Huckerbe,whuckerbeg8@upenn.edu
586,Hyatt,Yu,hyug9@g.co
587,Cary,Matthensen,cmatthensenga@ed.gov
588,Lemar,Gyles,lgylesgb@ibm.com
589,Inez,Goncaves,igoncavesgc@zimbio.com
590,Ab,Norquay,anorquaygd@weebly.com
591,Boycie,McLenahan,bmclenahange@addthis.com
592,Kanya,Cracker,kcrackergf@netlog.com
593,Jose,Bethell,jbethellgg@gmpg.org
594,Clementius,Slark,cslarkgh@google.com
595,Reggie,Fontes,rfontesgi@rediff.com
596,Alano,Grimsell,agrimsellgj@imgur.com
597,Verina,Salan,vsalangk@google.co.uk
598,Boris,Zambon,bzambongl@dailymail.co.uk
599,Kermy,Nottle,knottlegm@360.cn
600,Lorrie,Collabine,lcollabinegn@illinois.edu
601,Lilah,Gerrell,lgerrellgo@mit.edu
602,Boonie,Carnihan,bcarnihangp@addtoany.com
603,Elie,Fison,efisongq@biblegateway.com
604,Delmar,Pointing,dpointinggr@yellowpages.com
605,Wainwright,Jonk,wjonkgs@webs.com
606,Raychel,Melross,rmelrossgt@reuters.com
607,Abram,Freddi,afreddigu@google.com
608,Anallese,Hamlyn,ahamlyngv@i2i.jp
609,Domingo,Hollows,dhollowsgw@chronoengine.com
610,Cairistiona,Fendley,cfendleygx@printfriendly.com
611,Ruthann,Sealy,rsealygy@skype.com
612,Ekaterina,Scay,escaygz@timesonline.co.uk
613,Abie,Leades,aleadesh0@shop-pro.jp
614,Shepperd,Easterfield,seasterfieldh1@creativecommons.org
615,Hebert,Dinsmore,hdinsmoreh2@mayoclinic.com
616,Oates,Lanegran,olanegranh3@ox.ac.uk
617,Marleah,Stallwood,mstallwoodh4@theglobeandmail.com
618,Darbie,Hartnell,dhartnellh5@sitemeter.com
619,Finlay,Matveiko,fmatveikoh6@google.com
620,Bess,Faier,bfaierh7@illinois.edu
621,Karlyn,Ashford,kashfordh8@tiny.cc
622,Jeremiah,Boldt,jboldth9@tripadvisor.com
623,Obediah,Barnsdale,obarnsdaleha@scientificamerican.com
624,Margaretha,Reddecliffe,mreddecliffehb@51.la
625,Essy,Gorgen,egorgenhc@walmart.com
626,Elli,Doche,edochehd@twitter.com
627,Alexina,Llewellyn,allewellynhe@acquirethisname.com
628,Meta,Twinborough,mtwinboroughhf@google.com.hk
629,Koral,Caslett,kcasletthg@google.com.au
630,Nixie,Follen,nfollenhh@imageshack.us
631,Ashlan,Crauford,acraufordhi@bbb.org
632,Tildi,Ridolfi,tridolfihj@msn.com
633,Dorice,Tax,dtaxhk@cbc.ca
634,Norman,Olek,nolekhl@bloomberg.com
635,Jethro,Woodwin,jwoodwinhm@discovery.com
636,Ruth,Romaynes,rromayneshn@twitpic.com
637,Valina,Degg,vdeggho@bizjournals.com
638,Anatola,Weildish,aweildishhp@utexas.edu
639,Naomi,Tweedie,ntweediehq@salon.com
640,Robb,Pettifor,rpettiforhr@usa.gov
641,Emmy,Pett,epetths@prnewswire.com
642,Mickie,Gunderson,mgundersonht@meetup.com
643,Ella,Danhel,edanhelhu@answers.com
644,Eugenio,Brayfield,ebrayfieldhv@blogs.com
645,Nikkie,Gambrell,ngambrellhw@guardian.co.uk
646,Bibbye,Binch,bbinchhx@dedecms.com
647,Cornell,Maywood,cmaywoodhy@senate.gov
648,Basilius,Monteith,bmonteithhz@1688.com
649,Gloria,Andryunin,gandryunini0@nyu.edu
650,Oliy,Danbi,odanbii1@cmu.edu
651,Scott,Adicot,sadicoti2@icio.us
652,Hedvig,Bucknell,hbucknelli3@a8.net
653,Tyrus,Louthe,tlouthei4@storify.com
654,Nelly,Elletson,nelletsoni5@opera.com
655,Sibilla,Gleadhall,sgleadhalli6@webmd.com
656,Heddie,Mildenhall,hmildenhalli7@indiatimes.com
657,Cy,Ierland,cierlandi8@yahoo.co.jp
658,Sianna,Paulou,spauloui9@mtv.com
659,Vivyanne,MacMeanma,vmacmeanmaia@netscape.com
660,Gayel,Reucastle,greucastleib@t.co
661,Josi,Pughsley,jpughsleyic@networkadvertising.org
662,Melonie,Lerway,mlerwayid@businessweek.com
663,Morris,Ransfield,mransfieldie@yahoo.co.jp
664,Baird,Cleynman,bcleynmanif@163.com
665,Egon,Planke,eplankeig@paginegialle.it
666,Yulma,Coppen,ycoppenih@gnu.org
667,Demetris,O'Shavlan,doshavlanii@cdc.gov
668,Sabra,Stigell,sstigellij@scribd.com
669,Ursala,Samson,usamsonik@cmu.edu
670,Rebecka,Howis,rhowisil@admin.ch
671,Sherlocke,Blucher,sblucherim@myspace.com
672,Ardenia,Wilmington,awilmingtonin@census.gov
673,Gardie,Biggadyke,gbiggadykeio@shutterfly.com
674,Vitia,Rees,vreesip@multiply.com
675,Cherye,Yarnton,cyarntoniq@cdc.gov
676,Clari,Wesley,cwesleyir@hp.com
677,Marsha,Burnhams,mburnhamsis@surveymonkey.com
678,Cyrus,Burnhill,cburnhillit@cpanel.net
679,Woodie,Pennyman,wpennymaniu@hostgator.com
680,Sisely,Moulton,smoultoniv@europa.eu
681,Eloise,Gabbatt,egabbattiw@comsenz.com
682,Jaime,Gentile,jgentileix@photobucket.com
683,Charmaine,Scarre,cscarreiy@constantcontact.com
684,Rosy,Ronald,rronaldiz@flickr.com
685,Valma,Giffon,vgiffonj0@icq.com
686,Viviana,Foulstone,vfoulstonej1@dion.ne.jp
687,Kent,Phibb,kphibbj2@pinterest.com
688,Culver,Hastwall,chastwallj3@shinystat.com
689,Myrah,MacManus,mmacmanusj4@twitter.com
690,Dunc,Bevis,dbevisj5@webnode.com
691,Ettie,Pettecrew,epettecrewj6@hubpages.com
692,Howie,Gresham,hgreshamj7@naver.com
693,Quinlan,Davidsohn,qdavidsohnj8@opensource.org
694,Fulvia,Starsmeare,fstarsmearej9@1688.com
695,Ferdie,McGeever,fmcgeeverja@free.fr
696,Rowland,Frape,rfrapejb@chron.com
697,Grannie,Blonden,gblondenjc@mlb.com
698,Antonie,Halloway,ahallowayjd@hhs.gov
699,Erna,Kiefer,ekieferje@oracle.com
700,Robbi,Ferraro,rferrarojf@businesswire.com
701,Jannelle,Knibley,jknibleyjg@opera.com
702,Lonee,Liversedge,lliversedgejh@samsung.com
703,Ethyl,Dewdney,edewdneyji@thetimes.co.uk
704,Dixie,Martinek,dmartinekjj@harvard.edu
705,Eli,Avard,eavardjk@vinaora.com
706,Langston,Corder,lcorderjl@examiner.com
707,Aimil,Slegg,asleggjm@prlog.org
708,Cristy,McGeachy,cmcgeachyjn@yellowpages.com
709,Chrissy,Freathy,cfreathyjo@posterous.com
710,Sly,Lambard,slambardjp@imgur.com
711,Isidro,Sedman,isedmanjq@bing.com
712,Odey,Vicary,ovicaryjr@issuu.com
713,Timothee,Sollis,tsollisjs@rediff.com
714,Eulalie,Maylour,emaylourjt@parallels.com
715,Drugi,Bonnick,dbonnickju@blogspot.com
716,Burt,Dumsday,bdumsdayjv@redcross.org
717,Benedikt,Calverley,bcalverleyjw@mtv.com
718,Georgia,Terney,gterneyjx@examiner.com
719,Rosina,Chismon,rchismonjy@prnewswire.com
720,Elmira,Antonik,eantonikjz@disqus.com
721,Daloris,Machen,dmachenk0@a8.net
722,Marylin,Andreotti,mandreottik1@about.com
723,Ebenezer,MacCarter,emaccarterk2@hatena.ne.jp
724,Gwenora,Yglesia,gyglesiak3@merriam-webster.com
725,Dorette,MacVicar,dmacvicark4@webs.com
726,Ettore,Pollicote,epollicotek5@studiopress.com
727,Berry,Hymor,bhymork6@businessinsider.com
728,Eli,Kelby,ekelbyk7@mapquest.com
729,Emmanuel,Gerler,egerlerk8@list-manage.com
730,Barrie,Bengtson,bbengtsonk9@omniture.com
731,Kristen,Mourant,kmourantka@mapquest.com
732,Mac,Heazel,mheazelkb@mediafire.com
733,Pet,Coppenhall,pcoppenhallkc@illinois.edu
734,Xever,Pettiward,xpettiwardkd@friendfeed.com
735,Emilia,Wither,ewitherke@deviantart.com
736,Peter,Bruna,pbrunakf@parallels.com
737,Hal,Ridehalgh,hridehalghkg@altervista.org
738,Aguistin,Calbaithe,acalbaithekh@slideshare.net
739,Cob,Bortolussi,cbortolussiki@rambler.ru
740,Donny,Chelley,dchelleykj@auda.org.au
741,Niccolo,Ducarne,nducarnekk@hostgator.com
742,Kaleb,Bartusek,kbartusekkl@reverbnation.com
743,Joy,Duggan,jduggankm@mediafire.com
744,Darsie,Hiskey,dhiskeykn@reuters.com
745,Jake,Mc Gorley,jmcgorleyko@mapy.cz
746,Giffard,Sansum,gsansumkp@pen.io
747,Loy,Schiersch,lschierschkq@com.com
748,Kalindi,Aymes,kaymeskr@jigsy.com
749,Jeannie,Guerreiro,jguerreiroks@gnu.org
750,Jonie,McInnes,jmcinneskt@linkedin.com
751,Obie,Diver,odiverku@nhs.uk
752,Goraud,Maliphant,gmaliphantkv@godaddy.com
753,Farrel,Waldren,fwaldrenkw@bbb.org
754,Culver,MacScherie,cmacscheriekx@mysql.com
755,Helenelizabeth,Ronchi,hronchiky@livejournal.com
756,Gabe,Bouda,gboudakz@woothemes.com
757,Evangelina,Cornish,ecornishl0@live.com
758,Hattie,Valenta,hvalental1@shareasale.com
759,Burl,Sterricker,bsterrickerl2@abc.net.au
760,Willette,Brobeck,wbrobeckl3@xinhuanet.com
761,Jacky,Whellans,jwhellansl4@i2i.jp
762,Elbertina,Harkness,eharknessl5@spiegel.de
763,Jennee,Aloshikin,jaloshikinl6@xrea.com
764,Lucienne,Rimes,lrimesl7@spiegel.de
765,Carla,Bramford,cbramfordl8@bluehost.com
766,Billie,Rignoldes,brignoldesl9@shutterfly.com
767,Michal,Formie,mformiela@wunderground.com
768,Rennie,Ben,rbenlb@exblog.jp
769,Alix,MacGinlay,amacginlaylc@yahoo.co.jp
770,Burton,Outram,boutramld@squidoo.com
771,Kamilah,Darbey,kdarbeyle@acquirethisname.com
772,Trstram,Browning,tbrowninglf@gov.uk
773,Jakob,Bortoloni,jbortolonilg@usa.gov
774,Annmaria,Ridding,ariddinglh@ucla.edu
775,Anya,Kempton,akemptonli@nih.gov
776,Sloan,Pleager,spleagerlj@dell.com
777,Shelly,Bernhardt,sbernhardtlk@free.fr
778,Janis,Rome,jromell@amazon.co.uk
779,Jessa,Thirsk,jthirsklm@buzzfeed.com
780,Burtie,Trumpeter,btrumpeterln@netvibes.com
781,Bryn,Yurmanovev,byurmanovevlo@msu.edu
782,Anatol,Lansdown,alansdownlp@wikipedia.org
783,Kiel,Dimitriades,kdimitriadeslq@addthis.com
784,Obed,Scanlan,oscanlanlr@hatena.ne.jp
785,Kamillah,Hitchens,khitchensls@g.co
786,Base,Shawcroft,bshawcroftlt@skyrock.com
787,Alvan,Cowthard,acowthardlu@wp.com
788,Noami,Dace,ndacelv@washington.edu
789,Al,Seagrove,aseagrovelw@ocn.ne.jp
790,Rock,Pley,rpleylx@sina.com.cn
791,Bogey,Dahlbom,bdahlbomly@cdbaby.com
792,Rey,Aysh,rayshlz@netvibes.com
793,Ariel,McPharlain,amcpharlainm0@360.cn
794,Greta,Matuszewski,gmatuszewskim1@gizmodo.com
795,Harriot,Chard,hchardm2@smh.com.au
796,Basile,Syme,bsymem3@bandcamp.com
797,Timmi,McNeil,tmcneilm4@example.com
798,Delores,Hainey,dhaineym5@odnoklassniki.ru
799,Filberto,Glendenning,fglendenningm6@yandex.ru
800,Barb,Demelt,bdemeltm7@wufoo.com
801,Austen,Brame,abramem8@blinklist.com
802,Allard,Roddie,aroddiem9@businessinsider.com
803,Morty,Drysdale,mdrysdalema@irs.gov
804,Elfreda,Wilmott,ewilmottmb@jugem.jp
805,Linnet,Sherrard,lsherrardmc@scientificamerican.com
806,Bernard,Laroux,blarouxmd@purevolume.com
807,Rik,Klehn,rklehnme@ocn.ne.jp
808,Wilden,Domek,wdomekmf@virginia.edu
809,Horace,Stocking,hstockingmg@eventbrite.com
810,Ruddie,Waymont,rwaymontmh@freewebs.com
811,Boycie,McAlpin,bmcalpinmi@merriam-webster.com
812,Alejandra,Flaubert,aflaubertmj@slashdot.org
813,Rachel,Ecclestone,recclestonemk@vk.com
814,Becki,Brissard,bbrissardml@answers.com
815,Celestyna,Kramer,ckramermm@examiner.com
816,Benoite,Strettle,bstrettlemn@amazon.co.uk
817,Buddie,Babber,bbabbermo@facebook.com
818,Deane,de'-Ancy Willis,ddeancywillismp@example.com
819,Felizio,McBoyle,fmcboylemq@wix.com
820,Shoshana,Abramzon,sabramzonmr@reuters.com
821,Nert,Ellicott,nellicottms@nba.com
822,Sharlene,Brogiotti,sbrogiottimt@sourceforge.net
823,Marthena,Jendrach,mjendrachmu@nyu.edu
824,Carny,Skett,cskettmv@studiopress.com
825,Janetta,Truitt,jtruittmw@redcross.org
826,Jamison,Roslen,jroslenmx@moonfruit.com
827,Elsinore,McCurt,emccurtmy@soup.io
828,May,Cluley,mcluleymz@ning.com
829,Fin,Blondelle,fblondellen0@ezinearticles.com
830,Gardiner,Ellerman,gellermann1@techcrunch.com
831,Eugen,Ralfe,eralfen2@jiathis.com
832,Jennilee,Featherstonhaugh,jfeatherstonhaughn3@skyrock.com
833,Lucita,Sleeman,lsleemann4@quantcast.com
834,Nady,Hrishanok,nhrishanokn5@amazon.co.jp
835,Elyssa,Drain,edrainn6@e-recht24.de
836,Torey,Gurery,tgureryn7@amazon.co.uk
837,Ted,Meiner,tmeinern8@mozilla.com
838,Marji,Coolson,mcoolsonn9@discuz.net
839,Breena,Admans,badmansna@live.com
840,Ezequiel,Shyre,eshyrenb@google.pl
841,Art,McTaggart,amctaggartnc@biglobe.ne.jp
842,Cassandra,Grishin,cgrishinnd@mozilla.org
843,Fina,Doddemeede,fdoddemeedene@businessweek.com
844,Marnia,Spruce,msprucenf@nbcnews.com
845,Tybi,Button,tbuttonng@last.fm
846,Catrina,Bugdall,cbugdallnh@youtube.com
847,Chloris,Aharoni,caharonini@rambler.ru
848,Sib,Grahlman,sgrahlmannj@tiny.cc
849,Revkah,Philbin,rphilbinnk@businessinsider.com
850,Flore,Brideau,fbrideaunl@stanford.edu
851,Kenna,Bavidge,kbavidgenm@instagram.com
852,Zane,Truss,ztrussnn@devhub.com
853,Kelsey,Farish,kfarishno@mac.com
854,Leland,Jillings,ljillingsnp@mozilla.com
855,Bernie,Pendry,bpendrynq@naver.com
856,Shurwood,Wederell,swederellnr@hao123.com
857,Horatio,Betteson,hbettesonns@msu.edu
858,Mandy,Cardow,mcardownt@tmall.com
859,Rasia,Jaqueme,rjaquemenu@freewebs.com
860,Eleonore,Argile,eargilenv@dropbox.com
861,Lazaro,Stanistreet,lstanistreetnw@angelfire.com
862,Connie,Cloney,ccloneynx@nydailynews.com
863,Karlyn,Lutwyche,klutwycheny@macromedia.com
864,Flinn,Eveling,fevelingnz@ocn.ne.jp
865,Gustave,Duffer,gduffero0@tripod.com
866,Philippa,Rickword,prickwordo1@arstechnica.com
867,Bordy,Deviney,bdevineyo2@hugedomains.com
868,Tracee,Reichardt,treichardto3@qq.com
869,Anitra,Burdess,aburdesso4@wiley.com
870,Eunice,Leither,eleithero5@discovery.com
871,Angie,Metheringham,ametheringhamo6@reddit.com
872,Shea,Almeida,salmeidao7@google.cn
873,Cornie,Murrell,cmurrello8@google.nl
874,Roddie,Staggs,rstaggso9@dion.ne.jp
875,Farrah,Osborne,fosborneoa@macromedia.com
876,Mable,Medendorp,mmedendorpob@biblegateway.com
877,Miguel,Janodet,mjanodetoc@foxnews.com
878,Nathanael,Dowsey,ndowseyod@tiny.cc
879,Nikolia,Tapper,ntapperoe@time.com
880,Goldy,Rallings,grallingsof@si.edu
881,Orran,Joye,ojoyeog@mtv.com
882,Aeriel,Gambie,agambieoh@rakuten.co.jp
883,Louisa,Bahl,lbahloi@discovery.com
884,Jacklin,Johnigan,jjohniganoj@csmonitor.com
885,Biddie,Crosby,bcrosbyok@state.tx.us
886,Bartel,Shurmer,bshurmerol@skype.com
887,Celia,McRamsey,cmcramseyom@instagram.com
888,Karla,Kroll,kkrollon@sfgate.com
889,Carolann,Crecy,ccrecyoo@canalblog.com
890,Verna,Colvie,vcolvieop@cornell.edu
891,Shawna,Abby,sabbyoq@go.com
892,Leann,Cocklie,lcocklieor@nifty.com
893,Ora,Dunton,oduntonos@shutterfly.com
894,Michel,Brigge,mbriggeot@usda.gov
895,Noach,Peller,npellerou@ibm.com
896,Tory,Hanaford,thanafordov@sakura.ne.jp
897,Garnette,Wyleman,gwylemanow@meetup.com
898,Jeana,Galtone,jgaltoneox@instagram.com
899,Leshia,O Sullivan,losullivanoy@ftc.gov
900,Alix,Culshaw,aculshawoz@disqus.com
901,Johnathon,Kasting,jkastingp0@house.gov
902,Rena,Claringbold,rclaringboldp1@statcounter.com
903,Gratia,Gavrielly,ggavriellyp2@ft.com
904,Luce,Ege,legep3@prlog.org
905,Audre,Lamprecht,alamprechtp4@msu.edu
906,Sybyl,Kann,skannp5@ezinearticles.com
907,Riley,Levings,rlevingsp6@yellowpages.com
908,Julian,Josifovitz,jjosifovitzp7@bandcamp.com
909,Yetta,MacKeever,ymackeeverp8@slate.com
910,Barbe,Brotherheed,bbrotherheedp9@seesaa.net
911,Judas,Entwisle,jentwislepa@amazon.com
912,Sollie,Blasio,sblasiopb@t-online.de
913,Jonathon,Robjents,jrobjentspc@linkedin.com
914,Katherina,Gerrelts,kgerreltspd@miibeian.gov.cn
915,Twila,Wycliffe,twycliffepe@skyrock.com
916,Roarke,Minifie,rminifiepf@prweb.com
917,Duke,Tuckerman,dtuckermanpg@plala.or.jp
918,Adriano,Penchen,apenchenph@yahoo.co.jp
919,Cassandra,Yanov,cyanovpi@squarespace.com
920,Pamelina,Reeks,preekspj@marketwatch.com
921,Maible,Eberdt,meberdtpk@hibu.com
922,Leontine,Baskerville,lbaskervillepl@go.com
923,Constance,Drennan,cdrennanpm@si.edu
924,Lucina,Lecount,llecountpn@canalblog.com
925,Augusto,Pozer,apozerpo@gravatar.com
926,Krisha,MacKowle,kmackowlepp@usda.gov
927,Tracy,McGowan,tmcgowanpq@quantcast.com
928,Gray,Bogue,gboguepr@mac.com
929,Sidonia,Jentzsch,sjentzschps@newsvine.com
930,Talbert,Deschlein,tdeschleinpt@latimes.com
931,Nance,Stedell,nstedellpu@marriott.com
932,Codie,Caseborne,ccasebornepv@t-online.de
933,Rosanna,Dixcee,rdixceepw@1und1.de
934,Andree,Vivians,avivianspx@feedburner.com
935,Nola,Croisdall,ncroisdallpy@hexun.com
936,Erinna,Pickard,epickardpz@umich.edu
937,Risa,Danilovic,rdanilovicq0@plala.or.jp
938,Guthrey,Pidler,gpidlerq1@facebook.com
939,Clarisse,De Ortega,cdeortegaq2@g.co
940,Marna,Gozard,mgozardq3@wufoo.com
941,Gerhardine,Beakes,gbeakesq4@webeden.co.uk
942,Hermina,Pauluzzi,hpauluzziq5@parallels.com
943,Amalita,Leethem,aleethemq6@goodreads.com
944,Madonna,Czajkowska,mczajkowskaq7@netvibes.com
945,Ebony,Hilliam,ehilliamq8@usgs.gov
946,Murdoch,Baseke,mbasekeq9@ft.com
947,Agnola,Lindegard,alindegardqa@uiuc.edu
948,Florida,Blackden,fblackdenqb@sun.com
949,Marinna,Diggar,mdiggarqc@paypal.com
950,Madlin,Slides,mslidesqd@prnewswire.com
951,Welby,Reichhardt,wreichhardtqe@bluehost.com
952,Chickie,Swinbourne,cswinbourneqf@parallels.com
953,Clarinda,Putson,cputsonqg@pcworld.com
954,Kelly,Itzik,kitzikqh@shop-pro.jp
955,Iver,Almey,ialmeyqi@twitter.com
956,Sharity,Phinnessy,sphinnessyqj@com.com
957,Glyn,Clair,gclairqk@archive.org
958,Mickie,Wrightam,mwrightamql@nifty.com
959,Ode,Bernollet,obernolletqm@smh.com.au
960,Liz,De Luna,ldelunaqn@oakley.com
961,Hallsy,Chimienti,hchimientiqo@deviantart.com
962,Renee,Lavalle,rlavalleqp@un.org
963,Krystal,Illidge,killidgeqq@slashdot.org
964,Melodie,Buckoke,mbuckokeqr@sina.com.cn
965,Haslett,d'Arcy,hdarcyqs@cafepress.com
966,Dolph,O'Driscole,dodriscoleqt@cbslocal.com
967,Ferd,Ghilardi,fghilardiqu@acquirethisname.com
968,Genia,Maraga,gmaragaqv@cnbc.com
969,Patricia,Easen,peasenqw@twitter.com
970,Ted,McGoon,tmcgoonqx@statcounter.com
971,Thea,Fance,tfanceqy@gravatar.com
972,Sheridan,Asbury,sasburyqz@fc2.com
973,Sloan,Mellody,smellodyr0@theglobeandmail.com
974,Mariellen,Meharg,mmehargr1@digg.com
975,Clari,McKilroe,cmckilroer2@marriott.com
976,Lek,Libbis,llibbisr3@trellian.com
977,Dalt,Youtead,dyouteadr4@a8.net
978,Marieann,Corss,mcorssr5@whitehouse.gov
979,Petey,Wife,pwifer6@miitbeian.gov.cn
980,Elianora,Torra,etorrar7@ucoz.com
981,Ethelred,Scrowson,escrowsonr8@ehow.com
982,Bryce,Boswell,bboswellr9@instagram.com
983,Michell,Dyment,mdymentra@angelfire.com
984,Faber,Narracott,fnarracottrb@google.com.br
985,Leonard,Cannicott,lcannicottrc@typepad.com
986,Ramon,Loyndon,rloyndonrd@csmonitor.com
987,Enid,Ciciura,eciciurare@bravesites.com
988,Elwyn,Rickardsson,erickardssonrf@mail.ru
989,Jolie,Esparza,jesparzarg@plala.or.jp
990,Wyn,Caseri,wcaserirh@sitemeter.com
991,Hale,Canlin,hcanlinri@ed.gov
992,Rooney,Gallier,rgallierrj@barnesandnoble.com
993,Tudor,O' Brian,tobrianrk@last.fm
994,Conni,McDiarmid,cmcdiarmidrl@ifeng.com
995,Gibbie,Vassay,gvassayrm@delicious.com
996,Jefferson,Falk,jfalkrn@quantcast.com
997,Rollie,Rays,rraysro@economist.com
998,Son,Longforth,slongforthrp@yellowpages.com
999,Codi,Vannah,cvannahrq@mit.edu
1000,Elaina,Juza,ejuzarr@xinhuanet.com
