first_name,last_name,email
Baxy,Scutt,bscutt0@nbcnews.com
Simone,Yurenin,syurenin1@e-recht24.de
Gavan,Waldrum,gwaldrum2@cbc.ca
Tanney,Kosel,tkosel3@wordpress.org
Robinia,Howat,rhowat4@nature.com
Guendolen,Bulgen,gbulgen5@digg.com
Gustaf,Posthill,gposthill6@chron.com
Julieta,Plowman,jplowman7@people.com.cn
Dale,Gallegos,dgallegos8@slate.com
Nicola,Huckleby,nhuckleby9@gov.uk
Pierson,Demangel,pdemangela@thetimes.co.uk
Pepe,Sherratt,psherrattb@moonfruit.com
Julian,Faulo,jfauloc@examiner.com
Donn,D'Ambrogi,ddambrogid@businessweek.com
Jodie,Flawn,jflawne@stanford.edu
Waldemar,Zanre,wzanref@dedecms.com
Alina,Nabarro,anabarrog@parallels.com
Pippo,Gaythwaite,pgaythwaiteh@nps.gov
Horatius,Archell,harchelli@pen.io
Rockey,Beckham,rbeckhamj@squidoo.com
Nat,Urrey,nurreyk@mtv.com
Marena,Strauss,mstraussl@taobao.com
Jarrett,Fullalove,jfullalovem@cbsnews.com
Killian,Macci,kmaccin@fda.gov
Aime,Maggiori,amaggiorio@spiegel.de
Kania,Di Filippo,kdifilippop@oakley.com
Guss,Ricold,gricoldq@moonfruit.com
Nathalie,McIntosh,nmcintoshr@uol.com.br
Roddy,Mockett,rmocketts@discuz.net
Candida,McCrudden,cmccruddent@alibaba.com
Silvan,McGrouther,smcgroutheru@loc.gov
Haskell,Mountcastle,hmountcastlev@sina.com.cn
Burgess,Baress,bbaressw@gizmodo.com
Krystal,Wing,kwingx@sphinn.com
Kippy,Tayt,ktayty@ocn.ne.jp
Josee,Shackelton,jshackeltonz@dell.com
Katee,Arbuckle,karbuckle10@infoseek.co.jp
Rolfe,Samsworth,rsamsworth11@indiatimes.com
Koren,Heild,kheild12@bigcartel.com
Alain,Sibley,asibley13@alibaba.com
Coop,Cottage,ccottage14@ycombinator.com
Carlyle,Shoulders,cshoulders15@woothemes.com
Toiboid,Askin,taskin16@smh.com.au
Meryl,Krolik,mkrolik17@oracle.com
Francyne,McGuggy,fmcguggy18@goo.ne.jp
Korella,Immings,kimmings19@4shared.com
Emalee,Worlock,eworlock1a@aboutads.info
Laureen,Crouse,lcrouse1b@g.co
Boote,McGirr,bmcgirr1c@rakuten.co.jp
Gretta,Didball,gdidball1d@buzzfeed.com
Marthena,Inge,minge1e@nhs.uk
Elnar,Aikin,eaikin1f@technorati.com
Hoyt,Almey,halmey1g@nytimes.com
Frederick,Nuzzetti,fnuzzetti1h@china.com.cn
Dana,Ghilks,dghilks1i@dion.ne.jp
Sunny,Van Rembrandt,svanrembrandt1j@npr.org
Jarad,Kaes,jkaes1k@weather.com
Suzie,Nares,snares1l@yellowbook.com
Arlinda,Abrahamowitcz,aabrahamowitcz1m@sitemeter.com
Nert,Marlen,nmarlen1n@1und1.de
Ashia,Graffin,agraffin1o@angelfire.com
Prue,Hakes,phakes1p@sina.com.cn
Paxon,Deniseau,pdeniseau1q@tiny.cc
Oralie,Gegg,ogegg1r@mac.com
Tome,Higgen,thiggen1s@loc.gov
Xenos,Whayman,xwhayman1t@wired.com
Valry,Dunning,vdunning1u@drupal.org
Vladamir,Eyrl,veyrl1v@ebay.co.uk
Kendrick,Naisbet,knaisbet1w@si.edu
Lorry,Madgewick,lmadgewick1x@cargocollective.com
Laryssa,Whaley,lwhaley1y@facebook.com
Alexandro,Aspinwall,aaspinwall1z@tamu.edu
Wainwright,Sabate,wsabate20@amazon.co.jp
Henrik,Bloom,hbloom21@360.cn
Dede,Andover,dandover22@google.com.br
Debora,Linkin,dlinkin23@1und1.de
Arlen,Haet,ahaet24@mozilla.org
Bear,Pennacci,bpennacci25@t-online.de
Perla,Abels,pabels26@who.int
Shelba,Greenset,sgreenset27@webnode.com
Kippar,Heinzler,kheinzler28@gnu.org
Garrot,Ciccetti,gciccetti29@loc.gov
Xylina,Gubbins,xgubbins2a@shareasale.com
Lottie,Truter,ltruter2b@pcworld.com
Joni,Atkirk,jatkirk2c@army.mil
Cacilia,Curgenven,ccurgenven2d@spiegel.de
Neall,Kenealy,nkenealy2e@feedburner.com
Lonnie,Vennings,lvennings2f@usgs.gov
Rusty,Vardie,rvardie2g@imageshack.us
Netta,Querrard,nquerrard2h@earthlink.net
Steffi,Bowskill,sbowskill2i@wired.com
Darci,Dollin,ddollin2j@live.com
Justino,McGarahan,jmcgarahan2k@sphinn.com
Janene,Hayth,jhayth2l@blinklist.com
Cornelle,Beringer,cberinger2m@dion.ne.jp
Maximilian,Cluatt,mcluatt2n@alexa.com
Florry,Footitt,ffootitt2o@harvard.edu
Brena,Cookley,bcookley2p@archive.org
Dorita,O' Timony,dotimony2q@cnn.com
Huntley,Smallpiece,hsmallpiece2r@hugedomains.com
Clarance,McCombe,cmccombe2s@squidoo.com
Shea,Motte,smotte2t@google.co.uk
Abner,Jacobovitch,ajacobovitch2u@boston.com
Joana,Youthead,jyouthead2v@mayoclinic.com
Ernestine,Gave,egave2w@blogs.com
Mallorie,Alvares,malvares2x@printfriendly.com
Zita,Finney,zfinney2y@1und1.de
Rooney,Kniveton,rkniveton2z@csmonitor.com
Ericha,Dreamer,edreamer30@hibu.com
Alexio,Trendle,atrendle31@miitbeian.gov.cn
Nicol,Retter,nretter32@netlog.com
Erna,Wildin,ewildin33@jigsy.com
Burtie,Murrish,bmurrish34@blogger.com
Ruben,Rawle,rrawle35@imdb.com
Teresa,Hackelton,thackelton36@cyberchimps.com
Susanetta,Priddle,spriddle37@moonfruit.com
Kizzie,Chiverstone,kchiverstone38@apache.org
Roselle,Wraighte,rwraighte39@nydailynews.com
Grayce,Mottinelli,gmottinelli3a@alexa.com
Elroy,Roome,eroome3b@cargocollective.com
Cyndi,Wilsey,cwilsey3c@engadget.com
Parker,Kippen,pkippen3d@webeden.co.uk
Sigvard,Walkley,swalkley3e@xinhuanet.com
Falkner,Wavell,fwavell3f@blogs.com
Olympie,Milkins,omilkins3g@elpais.com
Dalli,Killgus,dkillgus3h@cnet.com
Patric,Gadault,pgadault3i@bigcartel.com
Ebenezer,Hampshire,ehampshire3j@auda.org.au
Janine,Edginton,jedginton3k@nbcnews.com
Winna,Kernermann,wkernermann3l@salon.com
Vance,Castelli,vcastelli3m@quantcast.com
Nolan,Gilogly,ngilogly3n@businessweek.com
Linus,Kilmister,lkilmister3o@google.it
Larine,Laddle,lladdle3p@google.co.jp
Frieda,McBayne,fmcbayne3q@gnu.org
Giselle,Dartan,gdartan3r@creativecommons.org
Karrah,Cortnay,kcortnay3s@tamu.edu
Mycah,Duffyn,mduffyn3t@merriam-webster.com
Estrellita,Bailes,ebailes3u@drupal.org
Jourdain,Mellody,jmellody3v@unc.edu
Yoko,Antonescu,yantonescu3w@gravatar.com
Clarette,Itzcovichch,citzcovichch3x@is.gd
Dynah,Bernlin,dbernlin3y@creativecommons.org
Jonathon,Gavaran,jgavaran3z@skyrock.com
Rhianna,Abbitt,rabbitt40@samsung.com
Frances,Kolyagin,fkolyagin41@phoca.cz
Jessie,Hyett,jhyett42@infoseek.co.jp
Chrisy,Ivakhnov,civakhnov43@alexa.com
Der,Pooke,dpooke44@upenn.edu
Fayth,Wordington,fwordington45@studiopress.com
Les,Southwell,lsouthwell46@springer.com
Becka,Thickin,bthickin47@sciencedaily.com
Rosie,Heiner,rheiner48@hexun.com
Norrie,Seawright,nseawright49@usgs.gov
Cathrine,Noirel,cnoirel4a@nsw.gov.au
Denise,Liddell,dliddell4b@youtube.com
Harley,Meneyer,hmeneyer4c@berkeley.edu
Daron,Mountstephen,dmountstephen4d@webs.com
Tedman,Sautter,tsautter4e@samsung.com
L;urette,O'Lahy,lolahy4f@alibaba.com
Dita,Quinion,dquinion4g@guardian.co.uk
Keir,Mantz,kmantz4h@weibo.com
Moira,Seamen,mseamen4i@plala.or.jp
Patty,Cordey,pcordey4j@meetup.com
Ursa,Gilfether,ugilfether4k@businesswire.com
Rozelle,Petley,rpetley4l@nifty.com
Winna,Jozef,wjozef4m@163.com
Martino,Jelleman,mjelleman4n@ibm.com
Gregoor,Perch,gperch4o@who.int
Hyacinth,Fiddymont,hfiddymont4p@mozilla.com
Kale,Barchrameev,kbarchrameev4q@hexun.com
Fransisco,Branson,fbranson4r@ftc.gov
Timoteo,Clemencet,tclemencet4s@nymag.com
Vitoria,Aland,valand4t@myspace.com
Stepha,Gilstoun,sgilstoun4u@timesonline.co.uk
Godwin,Stuck,gstuck4v@nasa.gov
Barbi,Dolton,bdolton4w@parallels.com
Culley,Szymonwicz,cszymonwicz4x@mtv.com
Giulietta,MacClinton,gmacclinton4y@google.nl
Davey,Pennick,dpennick4z@deliciousdays.com
Amby,Hessing,ahessing50@51.la
Nalani,Attwoull,nattwoull51@latimes.com
Benji,Scattergood,bscattergood52@cyberchimps.com
Caroljean,Slaght,cslaght53@fotki.com
Husain,Caso,hcaso54@google.ca
Jonah,Gonnel,jgonnel55@forbes.com
Tarah,Courvert,tcourvert56@intel.com
Helen,Benedito,hbenedito57@flavors.me
Mariejeanne,Erskine Sandys,merskinesandys58@usa.gov
Lucais,Jeaneau,ljeaneau59@livejournal.com
Chrisy,Limpenny,climpenny5a@wikia.com
Kelcey,Whitham,kwhitham5b@twitpic.com
Johannes,Kiellor,jkiellor5c@bandcamp.com
Prent,Pieterick,ppieterick5d@oaic.gov.au
Bastian,Livick,blivick5e@diigo.com
Margarethe,Gunson,mgunson5f@craigslist.org
Albertina,Easterby,aeasterby5g@nba.com
Netti,Bouller,nbouller5h@comsenz.com
Patience,Mouget,pmouget5i@dailymail.co.uk
Chlo,Pinner,cpinner5j@bloglines.com
Jordan,Daymont,jdaymont5k@hibu.com
Shelagh,Maypole,smaypole5l@go.com
Taite,Fley,tfley5m@cam.ac.uk
Lacey,Demeter,ldemeter5n@ucla.edu
Trista,Joysey,tjoysey5o@smugmug.com
Ronny,Hucklesby,rhucklesby5p@chicagotribune.com
Julietta,Del Castello,jdelcastello5q@reuters.com
Gianina,Ambrois,gambrois5r@apache.org
Edwina,Wadhams,ewadhams5s@arizona.edu
Nicko,Schindler,nschindler5t@gov.uk
Iosep,Walaron,iwalaron5u@amazon.co.uk
Ximenez,Barstow,xbarstow5v@merriam-webster.com
Linet,Napoleone,lnapoleone5w@theatlantic.com
Vere,Pym,vpym5x@usnews.com
Zonnya,Sumpner,zsumpner5y@yelp.com
Loutitia,Woodes,lwoodes5z@yandex.ru
Heath,Penwright,hpenwright60@nps.gov
Harv,Hannan,hhannan61@github.com
Rheta,Keatley,rkeatley62@tinypic.com
Josey,Potier,jpotier63@hugedomains.com
Dalia,Tonkin,dtonkin64@smugmug.com
Carmel,Rishbrook,crishbrook65@desdev.cn
Gillian,Frow,gfrow66@businessweek.com
Eleni,Brodhead,ebrodhead67@prweb.com
Marni,Snoday,msnoday68@google.co.uk
Caryn,Haverty,chaverty69@earthlink.net
Vaclav,Brimm,vbrimm6a@google.co.uk
Chris,Lawrenson,clawrenson6b@seesaa.net
Tish,Dundon,tdundon6c@1688.com
Ariana,Maxwell,amaxwell6d@dmoz.org
Vivien,Poat,vpoat6e@sakura.ne.jp
Nadia,Waugh,nwaugh6f@weebly.com
Sigrid,Stitwell,sstitwell6g@statcounter.com
Cordi,Casterot,ccasterot6h@wikia.com
Iago,Hunter,ihunter6i@senate.gov
Sergent,Witson,switson6j@mlb.com
Antone,Trehearne,atrehearne6k@jigsy.com
Buffy,Nuton,bnuton6l@earthlink.net
Skyler,Dowley,sdowley6m@ameblo.jp
Neville,Knobell,nknobell6n@bbb.org
Elston,Demangel,edemangel6o@google.com
Sandie,Tooher,stooher6p@unesco.org
Munmro,Shiel,mshiel6q@ycombinator.com
Stinky,Wattingham,swattingham6r@google.com
Wald,Vasyatkin,wvasyatkin6s@sun.com
Dawna,Stiggles,dstiggles6t@upenn.edu
Madlen,Leibold,mleibold6u@accuweather.com
Kirstyn,Boyles,kboyles6v@yahoo.co.jp
Kristofor,Phillpotts,kphillpotts6w@icq.com
Viva,Garretts,vgarretts6x@homestead.com
Joe,Ramey,jramey6y@lycos.com
Cherie,Spuner,cspuner6z@themeforest.net
Rosina,Settle,rsettle70@qq.com
Nickolas,Ewins,newins71@blogtalkradio.com
Pasquale,Shone,pshone72@homestead.com
Farand,Fredi,ffredi73@cpanel.net
Davida,Bogace,dbogace74@blogspot.com
Jacquelynn,Bleackley,jbleackley75@bbc.co.uk
Dewitt,Harcus,dharcus76@pbs.org
Hilde,Shulver,hshulver77@163.com
Gearard,Button,gbutton78@japanpost.jp
Egbert,Shillinglaw,eshillinglaw79@wikia.com
Travus,Hanley,thanley7a@google.it
Aube,Harwick,aharwick7b@msu.edu
Gram,Chatwin,gchatwin7c@whitehouse.gov
Eileen,Boal,eboal7d@multiply.com
Nana,Liggins,nliggins7e@youku.com
Piotr,Banke,pbanke7f@disqus.com
Breanne,Egleton,begleton7g@webnode.com
Norri,Spedroni,nspedroni7h@mapquest.com
Reese,Burgher,rburgher7i@imdb.com
Tobey,Harbin,tharbin7j@4shared.com
Sigismundo,Budnik,sbudnik7k@infoseek.co.jp
Dale,Sapsford,dsapsford7l@nih.gov
Kizzie,Wickson,kwickson7m@freewebs.com
Margalo,Statham,mstatham7n@pbs.org
Brigg,Latour,blatour7o@dagondesign.com
Cyndy,Conew,cconew7p@wp.com
Hill,Kurton,hkurton7q@nydailynews.com
Hermon,Levicount,hlevicount7r@telegraph.co.uk
Cassie,Gorioli,cgorioli7s@tinyurl.com
Ramona,Dungate,rdungate7t@abc.net.au
Alvie,Liell,aliell7u@timesonline.co.uk
Evin,Arrigucci,earrigucci7v@hibu.com
Maryann,Udie,mudie7w@nps.gov
Meryl,Becraft,mbecraft7x@nba.com
Gayla,Bayliss,gbayliss7y@msn.com
Krystle,Gofton,kgofton7z@dropbox.com
Donnie,Kelberer,dkelberer80@senate.gov
Livy,Bewshea,lbewshea81@slate.com
Melva,Rambadt,mrambadt82@networkadvertising.org
Bourke,McGahern,bmcgahern83@shop-pro.jp
Carver,Kaspar,ckaspar84@icq.com
Lenette,Beedell,lbeedell85@biglobe.ne.jp
Demetria,Smeeth,dsmeeth86@accuweather.com
Trisha,Matthius,tmatthius87@nps.gov
Caye,Cogan,ccogan88@dailymotion.com
Ham,Gai,hgai89@ox.ac.uk
Pattie,Chillingworth,pchillingworth8a@icio.us
Crin,Harries,charries8b@scientificamerican.com
Ninette,Crockford,ncrockford8c@wufoo.com
Joellen,Purkess,jpurkess8d@sun.com
Sherri,Gleadle,sgleadle8e@mozilla.org
Margot,Bingall,mbingall8f@time.com
Maryl,Sukbhans,msukbhans8g@netvibes.com
Sibby,Greenroad,sgreenroad8h@lycos.com
Yasmeen,Bickardike,ybickardike8i@yellowpages.com
Maximilianus,Gavrielly,mgavrielly8j@qq.com
Sargent,Tomlin,stomlin8k@purevolume.com
Bernelle,Musslewhite,bmusslewhite8l@soundcloud.com
Ulla,Rhodus,urhodus8m@paginegialle.it
Eyde,Buttriss,ebuttriss8n@globo.com
Edik,Bagby,ebagby8o@live.com
Averil,Soonhouse,asoonhouse8p@prnewswire.com
Harman,Mc Cahey,hmccahey8q@mtv.com
Kendricks,Berfoot,kberfoot8r@abc.net.au
Harriet,Matuschek,hmatuschek8s@ibm.com
Burke,Curling,bcurling8t@webs.com
Rodi,Farrin,rfarrin8u@yandex.ru
Kaile,Scarlett,kscarlett8v@pinterest.com
Nelie,Mumberson,nmumberson8w@boston.com
Dalton,Peiro,dpeiro8x@icio.us
Berna,Varndell,bvarndell8y@blogger.com
Retha,Krienke,rkrienke8z@pbs.org
Gan,Gatecliffe,ggatecliffe90@cisco.com
Aurelea,McKeveney,amckeveney91@gov.uk
Kellia,Gainforth,kgainforth92@nps.gov
Deidre,Jorn,djorn93@ifeng.com
Edward,Garth,egarth94@unblog.fr
Tucker,Frith,tfrith95@samsung.com
Bridgette,Dimitrie,bdimitrie96@ezinearticles.com
Caryn,Ridsdale,cridsdale97@answers.com
Myron,Kropach,mkropach98@pbs.org
Hermia,Biffen,hbiffen99@smugmug.com
Robinetta,Wisam,rwisam9a@paginegialle.it
Fannie,Dumsday,fdumsday9b@bigcartel.com
Sandye,Lowden,slowden9c@t.co
Leesa,Strettle,lstrettle9d@hexun.com
Thaxter,Beadle,tbeadle9e@pagesperso-orange.fr
Adrian,Fiander,afiander9f@booking.com
Chadd,Grubbe,cgrubbe9g@acquirethisname.com
Hedi,Sandys,hsandys9h@aol.com
Pancho,Bednell,pbednell9i@wp.com
Ambrosius,Giamuzzo,agiamuzzo9j@studiopress.com
Manya,Rudsdell,mrudsdell9k@miitbeian.gov.cn
Alejandra,Gwilt,agwilt9l@flickr.com
Dru,Northgraves,dnorthgraves9m@dot.gov
Timothee,Wyborn,twyborn9n@joomla.org
Herculie,Sines,hsines9o@tiny.cc
Edie,Wiltshire,ewiltshire9p@blogtalkradio.com
Banky,Romao,bromao9q@amazon.de
Ines,Farnell,ifarnell9r@yolasite.com
Mathilda,Barham,mbarham9s@cam.ac.uk
Lindsy,Vedekhin,lvedekhin9t@adobe.com
Carie,Columbell,ccolumbell9u@a8.net
Shay,Truter,struter9v@addthis.com
Eadmund,Chaulk,echaulk9w@drupal.org
Fletcher,Prodrick,fprodrick9x@vimeo.com
Erica,Casper,ecasper9y@nbcnews.com
Giorgi,Buche,gbuche9z@narod.ru
Harrie,Dunniom,hdunnioma0@biblegateway.com
Allayne,Espine,aespinea1@barnesandnoble.com
Jaclin,Tebb,jtebba2@nifty.com
Spencer,Baumaier,sbaumaiera3@mit.edu
Dorey,Forcer,dforcera4@surveymonkey.com
Fidelia,Lowthian,flowthiana5@narod.ru
Marillin,Ghirigori,mghirigoria6@canalblog.com
Neddie,Wattisham,nwattishama7@icio.us
Vassily,Barracks,vbarracksa8@europa.eu
Rosene,Ferminger,rfermingera9@deliciousdays.com
Cariotta,Dundin,cdundinaa@blogspot.com
Rickard,Poynter,rpoynterab@w3.org
Jayne,Thurling,jthurlingac@epa.gov
Gerry,Worts,gwortsad@wunderground.com
Dugald,Tomczynski,dtomczynskiae@hostgator.com
Jenelle,Fitzackerley,jfitzackerleyaf@histats.com
Davon,Boldt,dboldtag@example.com
Dominik,Cud,dcudah@state.gov
Willis,Balsom,wbalsomai@gov.uk
Jamie,Sherrington,jsherringtonaj@tinypic.com
Cris,Gregorowicz,cgregorowiczak@miitbeian.gov.cn
Homerus,Simson,hsimsonal@google.co.uk
Cedric,Shipperbottom,cshipperbottomam@cornell.edu
Jessamine,Halhead,jhalheadan@spotify.com
Cortney,Brizell,cbrizellao@java.com
Julius,Blakeman,jblakemanap@statcounter.com
Nowell,Fleischer,nfleischeraq@tmall.com
Renaldo,Spittal,rspittalar@digg.com
Kaylil,Colliver,kcolliveras@unc.edu
Shoshana,Shipp,sshippat@cbsnews.com
Christie,Scahill,cscahillau@ocn.ne.jp
Deeanne,Van Oord,dvanoordav@live.com
Nevsa,Padula,npadulaaw@reverbnation.com
Helen,Valero,hvaleroax@php.net
Minna,Beauvais,mbeauvaisay@phpbb.com
Sela,Seamer,sseameraz@weibo.com
Leandra,Cobbold,lcobboldb0@unesco.org
Ryann,Arney,rarneyb1@istockphoto.com
Rona,Kirkebye,rkirkebyeb2@drupal.org
Barnaby,Bloore,bblooreb3@latimes.com
Jackqueline,Fitzpatrick,jfitzpatrickb4@friendfeed.com
Dyna,De Vile,ddevileb5@msn.com
Jaclyn,Notti,jnottib6@pagesperso-orange.fr
Livvyy,Strangwood,lstrangwoodb7@qq.com
Duff,Plastow,dplastowb8@macromedia.com
Malia,Shaw,mshawb9@bloglovin.com
Viva,Elecum,velecumba@washingtonpost.com
Dorian,Downing,ddowningbb@mashable.com
Derk,Giroldi,dgiroldibc@archive.org
Josepha,Poyser,jpoyserbd@nih.gov
Celisse,Gronow,cgronowbe@mozilla.com
Walliw,Dumberrill,wdumberrillbf@multiply.com
Blakeley,Giovanetti,bgiovanettibg@shutterfly.com
Freddy,Penner,fpennerbh@nba.com
Ermentrude,Vautre,evautrebi@sfgate.com
Cory,Bernadot,cbernadotbj@shareasale.com
Pryce,Warner,pwarnerbk@so-net.ne.jp
Delcina,Duffield,dduffieldbl@ihg.com
Dagny,Perview,dperviewbm@usa.gov
Humbert,Marre,hmarrebn@geocities.jp
Adair,Skeermor,askeermorbo@census.gov
Wilhelmina,Powers,wpowersbp@hugedomains.com
Alleen,Baroch,abarochbq@newyorker.com
Dorian,Lawey,dlaweybr@instagram.com
Kimmy,Ghiotto,kghiottobs@bloomberg.com
Duke,McGiffie,dmcgiffiebt@theglobeandmail.com
Layton,Dallicott,ldallicottbu@mac.com
Kenneth,M'Chirrie,kmchirriebv@ucoz.com
Una,Earengey,uearengeybw@wordpress.org
Duff,Benaine,dbenainebx@gravatar.com
Romain,Drowsfield,rdrowsfieldby@abc.net.au
Debor,Formby,dformbybz@behance.net
Banky,Simpkin,bsimpkinc0@homestead.com
Tamarah,Life,tlifec1@upenn.edu
Bernice,Rosenshine,brosenshinec2@studiopress.com
Giusto,Garfath,ggarfathc3@nymag.com
Marleah,Marrison,mmarrisonc4@ustream.tv
Roley,Waddup,rwaddupc5@redcross.org
Zea,Luetkemeyers,zluetkemeyersc6@webs.com
Ansley,Bennitt,abennittc7@blogs.com
Mohandis,Test,mtestc8@stanford.edu
Muriel,McComiskie,mmccomiskiec9@webs.com
Adair,Simmins,asimminsca@1688.com
Allison,Bastone,abastonecb@amazon.co.jp
Zelig,Bassindale,zbassindalecc@techcrunch.com
Tripp,Pydcock,tpydcockcd@reverbnation.com
Derward,Noblett,dnoblettce@latimes.com
Ram,Walisiak,rwalisiakcf@yellowpages.com
Catherin,Nares,cnarescg@hubpages.com
Goober,Campbell,gcampbellch@tripadvisor.com
Charles,Dank,cdankci@google.nl
Stefanie,Cuxon,scuxoncj@mapy.cz
Karin,Monelli,kmonellick@sina.com.cn
Alexandros,Bradburn,abradburncl@mozilla.com
Vasilis,Smeeton,vsmeetoncm@soup.io
Abbey,Gatward,agatwardcn@abc.net.au
Ludwig,Blewmen,lblewmenco@google.ca
Kristopher,Crone,kcronecp@youtube.com
Belle,Grogona,bgrogonacq@edublogs.org
Tandy,Shenley,tshenleycr@blogtalkradio.com
Benedetto,Ceschi,bceschics@cbsnews.com
Sissie,Cleminson,scleminsonct@symantec.com
Faydra,Sandall,fsandallcu@slate.com
Curran,Zielinski,czielinskicv@bloglines.com
Muire,Ciubutaro,mciubutarocw@canalblog.com
Myrvyn,Moulder,mmouldercx@state.tx.us
Carly,Chazette,cchazettecy@cisco.com
Wood,Savin,wsavincz@xinhuanet.com
Drucill,Thursby,dthursbyd0@cnbc.com
Georgina,Dufoure,gdufoured1@e-recht24.de
Susie,Sindall,ssindalld2@hhs.gov
Margareta,Lusted,mlustedd3@uiuc.edu
Boote,Cheatle,bcheatled4@surveymonkey.com
Idelle,Temporal,itemporald5@meetup.com
Alex,Thwaite,athwaited6@imgur.com
Roland,D'eye,rdeyed7@nytimes.com
Cathyleen,Dyde,cdyded8@amazon.de
Debora,Delion,ddeliond9@boston.com
Jocelyne,Lowten,jlowtenda@forbes.com
Lindsey,Izacenko,lizacenkodb@simplemachines.org
Blondy,Parffrey,bparffreydc@addthis.com
Aaron,Willder,awillderdd@merriam-webster.com
Jenica,Lomax,jlomaxde@webnode.com
Myrtle,Kendell,mkendelldf@privacy.gov.au
Munroe,Southcoat,msouthcoatdg@delicious.com
Hewe,Szymaniak,hszymaniakdh@hugedomains.com
Brittney,Hail,bhaildi@over-blog.com
Violetta,Baseke,vbasekedj@wisc.edu
Courtenay,Domerq,cdomerqdk@boston.com
Chandra,Fanti,cfantidl@toplist.cz
Kelbee,Lyste,klystedm@ebay.com
Violet,Clerk,vclerkdn@posterous.com
Barbee,Rockcliff,brockcliffdo@blogspot.com
Jack,Leavy,jleavydp@eepurl.com
Patti,Petow,ppetowdq@com.com
Gladi,Keaves,gkeavesdr@sciencedaily.com
Whitman,Conlon,wconlonds@ft.com
Talyah,Wyley,twyleydt@time.com
Lucilia,Easseby,leassebydu@dion.ne.jp
Doll,Klimashevich,dklimashevichdv@ning.com
Caren,Sawers,csawersdw@indiatimes.com
Chelsy,Sotham,csothamdx@csmonitor.com
Findley,Leftridge,fleftridgedy@pbs.org
Kiley,Jeary,kjearydz@psu.edu
Cindy,Gallimore,cgallimoree0@usda.gov
Inessa,Guerreru,iguerrerue1@jalbum.net
Lacee,Presnail,lpresnaile2@google.com.br
Damon,Brockie,dbrockiee3@shareasale.com
Lulita,Craster,lcrastere4@diigo.com
Robers,De Blasio,rdeblasioe5@samsung.com
Darya,Hamp,dhampe6@tiny.cc
Mamie,Newns,mnewnse7@usatoday.com
Ginelle,Stihl,gstihle8@mac.com
Cello,Dyble,cdyblee9@multiply.com
Kriste,Karchewski,kkarchewskiea@shareasale.com
Rowney,Dewen,rdeweneb@java.com
Claudine,Moyser,cmoyserec@themeforest.net
Rafi,Ojeda,rojedaed@latimes.com
Pieter,Proffer,pprofferee@icq.com
Birgitta,Fullbrook,bfullbrookef@51.la
Zarah,Whitlaw,zwhitlaweg@jiathis.com
Lotty,Lapish,llapisheh@weibo.com
Orelie,Lawling,olawlingei@macromedia.com
Ash,Kirckman,akirckmanej@aol.com
Johny,Cattermole,jcattermoleek@netlog.com
Gladys,Vanyashin,gvanyashinel@yandex.ru
Vernen,Simo,vsimoem@illinois.edu
Florry,Petit,fpetiten@cmu.edu
Hobart,McMichell,hmcmichelleo@nsw.gov.au
Dacia,Fennick,dfennickep@bluehost.com
Meredith,McKenney,mmckenneyeq@wufoo.com
Angie,Elion,aelioner@wordpress.com
Julissa,Kik,jkikes@geocities.com
Kati,MacGahey,kmacgaheyet@constantcontact.com
Clim,Vakhonin,cvakhonineu@businessweek.com
Joleen,Sonschein,jsonscheinev@ehow.com
Briano,Puddephatt,bpuddephattew@ezinearticles.com
Wally,Matic,wmaticex@ihg.com
Cornie,Nisius,cnisiusey@ted.com
Myron,Myring,mmyringez@163.com
Koralle,Merrydew,kmerrydewf0@jalbum.net
Hurleigh,Dampier,hdampierf1@last.fm
Fiann,Fullerlove,ffullerlovef2@prlog.org
Roderic,Curnow,rcurnowf3@cloudflare.com
Mag,Giottoi,mgiottoif4@reference.com
Sheelah,Chrishop,schrishopf5@icq.com
Jill,Ors,jorsf6@gizmodo.com
Shirl,Sugge,ssuggef7@youku.com
Peter,Moller,pmollerf8@cisco.com
Oralia,Stiffkins,ostiffkinsf9@webs.com
Annabell,Jurs,ajursfa@howstuffworks.com
Annamaria,Spofforth,aspofforthfb@ft.com
Ailsun,McCrackan,amccrackanfc@meetup.com
Nikki,Toffalo,ntoffalofd@archive.org
Dionisio,Aspel,daspelfe@ebay.com
Dody,Garrie,dgarrieff@pcworld.com
Bealle,Seeking,bseekingfg@bloglines.com
Parnell,Langeren,plangerenfh@blogger.com
Sybyl,Brabbins,sbrabbinsfi@vinaora.com
Kellby,Normanvill,knormanvillfj@ezinearticles.com
Morgun,Bondy,mbondyfk@yahoo.co.jp
Filippa,Shiliton,fshilitonfl@indiatimes.com
Rosaline,Philippeaux,rphilippeauxfm@studiopress.com
Nessi,Claiton,nclaitonfn@seattletimes.com
Janette,Bottby,jbottbyfo@noaa.gov
Pamelina,Jopling,pjoplingfp@domainmarket.com
Eddy,Kennefick,ekennefickfq@telegraph.co.uk
Lydie,Hoston,lhostonfr@nps.gov
Dugald,Krzyzaniak,dkrzyzaniakfs@mtv.com
Johnath,Marcombe,jmarcombeft@arstechnica.com
Jobi,Gobell,jgobellfu@reverbnation.com
Hermann,Bearn,hbearnfv@fema.gov
Elita,Boulter,eboulterfw@ovh.net
Marieann,Brinicombe,mbrinicombefx@spiegel.de
Susi,Woodberry,swoodberryfy@jiathis.com
Lanny,Yanshin,lyanshinfz@msn.com
Ly,Manuaud,lmanuaudg0@blogspot.com
Bartolomeo,Plumer,bplumerg1@ft.com
Maude,Bendixen,mbendixeng2@ycombinator.com
Iver,Ilyas,iilyasg3@dell.com
Ronalda,Escalera,rescalerag4@merriam-webster.com
Arden,Packham,apackhamg5@google.com.hk
Filippo,Sedgeworth,fsedgeworthg6@shareasale.com
Norah,Shevels,nshevelsg7@weebly.com
Delainey,Knowler,dknowlerg8@moonfruit.com
Trefor,MacAndrew,tmacandrewg9@privacy.gov.au
Wash,Yitzhok,wyitzhokga@cmu.edu
Edgard,Scattergood,escattergoodgb@example.com
Norbie,Manuel,nmanuelgc@abc.net.au
Dora,Bridgestock,dbridgestockgd@kickstarter.com
Winnie,MacWilliam,wmacwilliamge@chron.com
Georgetta,Lembke,glembkegf@mac.com
Yvor,Stanlick,ystanlickgg@google.co.uk
Lennie,Janssens,ljanssensgh@dedecms.com
Rodolfo,Liddyard,rliddyardgi@photobucket.com
Cherish,Jeandon,cjeandongj@theglobeandmail.com
Franky,Erik,ferikgk@sogou.com
Dorie,Emmett,demmettgl@amazon.co.jp
Saunder,Hannant,shannantgm@zimbio.com
Keith,Dillintone,kdillintonegn@paginegialle.it
Chanda,Birtwistle,cbirtwistlego@pinterest.com
Arliene,Jenking,ajenkinggp@webmd.com
Athene,Tassaker,atassakergq@scribd.com
Carmencita,Barnett,cbarnettgr@google.nl
Zelda,Eagles,zeaglesgs@naver.com
Dalia,Brimblecomb,dbrimblecombgt@mashable.com
Eugine,Alelsandrowicz,ealelsandrowiczgu@imgur.com
Conni,Scoyles,cscoylesgv@phpbb.com
Elsbeth,Ceschi,eceschigw@cafepress.com
Rhiamon,Donnan,rdonnangx@dell.com
Fanni,Pudan,fpudangy@fc2.com
Boycey,Stanaway,bstanawaygz@creativecommons.org
Andrew,Hillhouse,ahillhouseh0@ow.ly
Valma,Dorsett,vdorsetth1@hibu.com
Gae,Pynn,gpynnh2@google.co.uk
Spike,McGillivray,smcgillivrayh3@discuz.net
Juliette,Curro,jcurroh4@washingtonpost.com
Cathrin,Cowndley,ccowndleyh5@dion.ne.jp
Druci,Birts,dbirtsh6@slideshare.net
Sylvan,Vallintine,svallintineh7@paginegialle.it
Derrick,Ludwikiewicz,dludwikiewiczh8@nhs.uk
Hallie,Pennock,hpennockh9@edublogs.org
Carina,Longhorne,clonghorneha@flickr.com
Marys,Cavaney,mcavaneyhb@devhub.com
Orly,Oram,ooramhc@census.gov
Caitrin,Tillot,ctillothd@businessinsider.com
Lowrance,Learmonth,llearmonthhe@msu.edu
Kimmie,Junkinson,kjunkinsonhf@amazon.co.uk
Ramonda,Cruickshank,rcruickshankhg@geocities.com
Ennis,Horney,ehorneyhh@xrea.com
Paul,Donovin,pdonovinhi@economist.com
Paolina,Commin,pcomminhj@google.cn
Esdras,Gyde,egydehk@seattletimes.com
Fawn,Valadez,fvaladezhl@soup.io
Belita,Antoney,bantoneyhm@hhs.gov
Lawry,Elderfield,lelderfieldhn@reference.com
Hansiain,Minihane,hminihaneho@gizmodo.com
Thorin,Freen,tfreenhp@biglobe.ne.jp
Tam,Matzke,tmatzkehq@skyrock.com
Amata,Jarlmann,ajarlmannhr@amazon.co.uk
Elora,Calderbank,ecalderbankhs@pen.io
Gertrude,Burfitt,gburfittht@loc.gov
Brigg,Tolomei,btolomeihu@nsw.gov.au
Jeannette,Whye,jwhyehv@bandcamp.com
Pryce,Trebbett,ptrebbetthw@github.com
Zuzana,Edgett,zedgetthx@w3.org
Valentijn,Scimone,vscimonehy@discovery.com
Tate,Aven,tavenhz@ca.gov
Mallissa,de Villier,mdevillieri0@instagram.com
Sumner,Missen,smisseni1@yandex.ru
Blinni,Jakoviljevic,bjakoviljevici2@comsenz.com
Denni,Zelner,dzelneri3@state.gov
Lorianne,Phibb,lphibbi4@sina.com.cn
Cornall,Dono,cdonoi5@gmpg.org
Vilhelmina,McMeekin,vmcmeekini6@live.com
Baxie,McGrae,bmcgraei7@naver.com
Adler,Kyndred,akyndredi8@samsung.com
Tarrance,Ferminger,tfermingeri9@ycombinator.com
Maynord,Hutchcraft,mhutchcraftia@smugmug.com
Hatty,Jaimez,hjaimezib@devhub.com
Val,Grumley,vgrumleyic@histats.com
Arabel,Tippin,atippinid@desdev.cn
Allina,Davis,adavisie@goo.gl
Carmencita,Cisland,ccislandif@ft.com
Orren,Sapwell,osapwellig@upenn.edu
Jemimah,Vairow,jvairowih@adobe.com
Carol-jean,Cavill,ccavillii@dmoz.org
Mathian,Kryszka,mkryszkaij@istockphoto.com
Elga,Napoleon,enapoleonik@topsy.com
Pavia,Writer,pwriteril@webeden.co.uk
Caye,Soares,csoaresim@addthis.com
Datha,Pettengell,dpettengellin@hc360.com
Aviva,Crisp,acrispio@1und1.de
Red,Uren,rurenip@weebly.com
Max,Wrey,mwreyiq@smugmug.com
Trev,Scholig,tscholigir@wired.com
Charity,Sturney,csturneyis@sbwire.com
Bobbie,Amott,bamottit@mtv.com
Alasdair,Tubble,atubbleiu@ucla.edu
Dulci,Cashman,dcashmaniv@phoca.cz
Melisande,Bedinham,mbedinhamiw@addtoany.com
Winnah,Copner,wcopnerix@nhs.uk
Prudy,Fumagalli,pfumagalliiy@google.com.br
Spike,McKeran,smckeraniz@plala.or.jp
Rutger,Everix,reverixj0@soundcloud.com
Karita,Swaysland,kswayslandj1@spotify.com
Jeanne,Farland,jfarlandj2@storify.com
Candra,Carlyle,ccarlylej3@163.com
Birgitta,Ivanshintsev,bivanshintsevj4@army.mil
Leonard,Westmacott,lwestmacottj5@abc.net.au
Lock,Maginot,lmaginotj6@google.ru
Mira,Melluish,mmelluishj7@state.tx.us
Charmine,Jarred,cjarredj8@vk.com
Kelley,Woodfin,kwoodfinj9@msu.edu
Florenza,Tevelov,ftevelovja@sourceforge.net
Nertie,Toal,ntoaljb@reddit.com
Nolan,Smither,nsmitherjc@godaddy.com
Glyn,Romer,gromerjd@cbslocal.com
Marlie,Crossan,mcrossanje@skype.com
Jeniece,Blagbrough,jblagbroughjf@theguardian.com
Chloris,Rollings,crollingsjg@tinyurl.com
Gris,Jostan,gjostanjh@hostgator.com
Angelina,Fardon,afardonji@about.me
Agna,Tugwell,atugwelljj@chron.com
Boigie,Elston,belstonjk@skype.com
Lindsy,Olphert,lolphertjl@netlog.com
Ado,Togwell,atogwelljm@constantcontact.com
Aubert,Sacase,asacasejn@google.com.au
Dennison,Gude,dgudejo@google.com.br
Vivianne,Godbert,vgodbertjp@auda.org.au
Arny,Bick,abickjq@devhub.com
Neils,Lippi,nlippijr@ehow.com
Giffard,Domney,gdomneyjs@usgs.gov
Gibb,Manterfield,gmanterfieldjt@disqus.com
Corrie,McManus,cmcmanusju@nsw.gov.au
Leicester,Kibble,lkibblejv@vinaora.com
Freddie,Tapson,ftapsonjw@nymag.com
Aubree,Tattersall,atattersalljx@imdb.com
Glendon,Bonfield,gbonfieldjy@csmonitor.com
Justis,De Vaan,jdevaanjz@themeforest.net
Francoise,Leguey,flegueyk0@washingtonpost.com
Gunilla,Moulton,gmoultonk1@addtoany.com
Marja,Ovid,movidk2@noaa.gov
Sascha,Muckart,smuckartk3@usgs.gov
Mozelle,Koche,mkochek4@fc2.com
Florrie,Antusch,fantuschk5@example.com
Rex,Wastie,rwastiek6@who.int
Winnie,Plastow,wplastowk7@nba.com
Hayes,Kollach,hkollachk8@intel.com
Georgianna,Turneaux,gturneauxk9@stumbleupon.com
Annabel,Lanaway,alanawayka@skyrock.com
Oralla,Bagg,obaggkb@canalblog.com
Karoly,Allawy,kallawykc@youtube.com
Penny,Rosenblad,prosenbladkd@cbslocal.com
Marketa,Goldsworthy,mgoldsworthyke@freewebs.com
Hedy,McKechnie,hmckechniekf@jalbum.net
Hortensia,Mullen,hmullenkg@nbcnews.com
Sully,Redihough,sredihoughkh@google.ru
Ethyl,Gipp,egippki@squarespace.com
Valentia,Jatczak,vjatczakkj@comcast.net
Meade,Riccetti,mriccettikk@google.de
Arron,Gow,agowkl@hubpages.com
Alameda,Luckes,aluckeskm@prlog.org
Pyotr,Chanders,pchanderskn@networkadvertising.org
Wade,Trippack,wtrippackko@goo.gl
Rosella,Dudmesh,rdudmeshkp@si.edu
Kristina,Dillistone,kdillistonekq@1688.com
Micky,Itzchaky,mitzchakykr@issuu.com
Gerta,Glassford,gglassfordks@spiegel.de
Barbe,Dammarell,bdammarellkt@illinois.edu
Nellie,Dee,ndeeku@alibaba.com
Gratia,Gribbell,ggribbellkv@scientificamerican.com
Elnar,Sewter,esewterkw@elpais.com
Ronda,Goldsbury,rgoldsburykx@parallels.com
Mahala,Heaps,mheapsky@wikipedia.org
Glenn,Walthew,gwalthewkz@skyrock.com
Elisabeth,Gyngyll,egyngylll0@tinypic.com
Trueman,Luter,tluterl1@exblog.jp
Arvin,Osgordby,aosgordbyl2@com.com
Tomaso,Fordy,tfordyl3@harvard.edu
Melisande,Fielders,mfieldersl4@cloudflare.com
Elisabetta,Turney,eturneyl5@smugmug.com
Heida,Firpi,hfirpil6@posterous.com
Karin,Prier,kprierl7@chronoengine.com
Pyotr,MacNamee,pmacnameel8@flavors.me
Trueman,Ledram,tledraml9@google.ca
Roxanna,Sowter,rsowterla@census.gov
Candi,Arbor,carborlb@nyu.edu
Aubry,Tregale,atregalelc@answers.com
Seward,Dunsmore,sdunsmoreld@hao123.com
Hilary,Scholefield,hscholefieldle@canalblog.com
Franky,Kayzer,fkayzerlf@epa.gov
Abran,Accum,aaccumlg@comcast.net
Wallas,Whittenbury,wwhittenburylh@a8.net
Melisandra,Wontner,mwontnerli@feedburner.com
Camilla,McBrier,cmcbrierlj@prweb.com
Ted,Timperley,ttimperleylk@vkontakte.ru
Gates,Cobelli,gcobellill@utexas.edu
Neala,Enderby,nenderbylm@epa.gov
Kessia,Husthwaite,khusthwaiteln@mtv.com
Quinton,Danter,qdanterlo@skype.com
Leona,Kuhnert,lkuhnertlp@digg.com
Paulie,Wride,pwridelq@surveymonkey.com
Milty,Basillon,mbasillonlr@weebly.com
Ariel,Gwatkins,agwatkinsls@independent.co.uk
Caroljean,Riccetti,criccettilt@abc.net.au
Tiphany,Northover,tnorthoverlu@craigslist.org
Shepperd,Sneddon,ssneddonlv@ocn.ne.jp
Riane,Rankmore,rrankmorelw@youku.com
Gavin,Rainsdon,grainsdonlx@slideshare.net
Sterne,Bunton,sbuntonly@sphinn.com
Raleigh,Kiehnlt,rkiehnltlz@slashdot.org
Maison,Galliard,mgalliardm0@uiuc.edu
Pierette,Robertazzi,probertazzim1@photobucket.com
Vidovic,Chillistone,vchillistonem2@bravesites.com
Martita,Deeth,mdeethm3@meetup.com
Lexie,Davidsson,ldavidssonm4@acquirethisname.com
Alexina,Casserley,acasserleym5@icq.com
Tulley,Westberg,twestbergm6@ezinearticles.com
Sig,Galliver,sgalliverm7@amazon.co.uk
Arman,Ygou,aygoum8@bloomberg.com
Clovis,Ferrie,cferriem9@wordpress.com
Belia,Habberjam,bhabberjamma@github.com
Mick,Glasspool,mglasspoolmb@barnesandnoble.com
Gayle,Dene,gdenemc@europa.eu
Katee,Pye,kpyemd@a8.net
Karissa,Sive,ksiveme@bravesites.com
Carol,Marzelli,cmarzellimf@rambler.ru
Terrence,Tremontana,ttremontanamg@psu.edu
Hollie,Close,hclosemh@fda.gov
Mathilda,Wheble,mwheblemi@dmoz.org
Ives,Lawday,ilawdaymj@github.io
Maurine,Settle,msettlemk@photobucket.com
Adaline,Broadbridge,abroadbridgeml@jugem.jp
Emilio,Mousdall,emousdallmm@bizjournals.com
Conny,Kleinhaut,ckleinhautmn@msn.com
Whitney,Blything,wblythingmo@wisc.edu
Cheslie,McNeely,cmcneelymp@facebook.com
Laughton,Mabson,lmabsonmq@xrea.com
Randene,Boydle,rboydlemr@cmu.edu
Ernst,Clubb,eclubbms@sfgate.com
Kristos,Leftly,kleftlymt@yolasite.com
Hastie,Bowerman,hbowermanmu@wp.com
Bliss,Kitchingman,bkitchingmanmv@blogger.com
Romain,Jorg,rjorgmw@wsj.com
Calypso,Thomazin,cthomazinmx@springer.com
Claudina,Blacket,cblacketmy@webnode.com
Joly,Orfeur,jorfeurmz@berkeley.edu
Norman,Leason,nleasonn0@tmall.com
Jordan,Wrankling,jwranklingn1@nps.gov
Fanya,Oke,foken2@telegraph.co.uk
Miles,Bunnell,mbunnelln3@behance.net
Ase,Laurenzi,alaurenzin4@google.it
Tanner,Jaouen,tjaouenn5@washingtonpost.com
Ingra,Dockree,idockreen6@blog.com
Lucretia,Storrock,lstorrockn7@pinterest.com
Row,Palatini,rpalatinin8@un.org
Kennedy,Walter,kwaltern9@webeden.co.uk
Elvin,Broadbear,ebroadbearna@indiatimes.com
Barrie,Pfleger,bpflegernb@tmall.com
Edi,Readwing,ereadwingnc@themeforest.net
Padraic,Goodship,pgoodshipnd@icq.com
Sandy,Bolzen,sbolzenne@slideshare.net
Benjamin,Korpal,bkorpalnf@huffingtonpost.com
Alf,MacVay,amacvayng@cnbc.com
Arabella,Spring,aspringnh@smh.com.au
Rennie,Gerholz,rgerholzni@google.co.uk
Barney,Streader,bstreadernj@yolasite.com
Ruby,Huffadine,rhuffadinenk@theglobeandmail.com
Jorgan,Smallpiece,jsmallpiecenl@nationalgeographic.com
Jeddy,Sharpus,jsharpusnm@4shared.com
Alis,Moxom,amoxomnn@illinois.edu
Sile,Grangier,sgrangierno@goodreads.com
Florenza,Hutsby,fhutsbynp@zimbio.com
Kahaleel,Tipping,ktippingnq@dagondesign.com
Hakeem,Berzon,hberzonnr@ask.com
Juliann,Breewood,jbreewoodns@wunderground.com
Ashli,Haistwell,ahaistwellnt@hud.gov
Christan,McIlvoray,cmcilvoraynu@icq.com
Patten,Langsdon,plangsdonnv@rambler.ru
Ursola,Vinden,uvindennw@tinypic.com
Alfy,Kellick,akellicknx@list-manage.com
Lucita,MacGlory,lmacgloryny@moonfruit.com
Lois,Ofen,lofennz@freewebs.com
Stefano,Abisetti,sabisettio0@marriott.com
Nerta,McBride,nmcbrideo1@gravatar.com
Yankee,Skoof,yskoofo2@thetimes.co.uk
Hodge,Aitchison,haitchisono3@statcounter.com
Alysa,Lowther,alowthero4@dell.com
Pearce,Blaasch,pblaascho5@tuttocitta.it
Paxon,Purdon,ppurdono6@vk.com
Alexandre,Gollin,agollino7@ox.ac.uk
Leonid,Cheng,lchengo8@sfgate.com
Jasen,Patershall,jpatershallo9@quantcast.com
Hogan,Yukhnevich,hyukhnevichoa@slashdot.org
Orrin,Franssen,ofranssenob@reference.com
Bertrand,O'Dreain,bodreainoc@imdb.com
Jamie,Stansbury,jstansburyod@paginegialle.it
Thacher,Steinson,tsteinsonoe@springer.com
Jaynell,Greenless,jgreenlessof@cbsnews.com
Gabrila,Castelli,gcastelliog@ask.com
Skip,Jerrim,sjerrimoh@hubpages.com
Si,Spoors,sspoorsoi@msn.com
Fayre,Tremayle,ftremayleoj@simplemachines.org
Shellie,Pancast,spancastok@ovh.net
Lynelle,Maidstone,lmaidstoneol@google.es
Veronica,Windle,vwindleom@rediff.com
Dalston,Halworth,dhalworthon@vk.com
Melicent,Wade,mwadeoo@mlb.com
Nannette,Lowell,nlowellop@qq.com
Gabe,Brahm,gbrahmoq@yale.edu
Valentijn,Ulster,vulsteror@drupal.org
Frederic,Nickell,fnickellos@nymag.com
Celinka,McIlwrath,cmcilwrathot@altervista.org
Cacilia,Trobridge,ctrobridgeou@salon.com
Brinna,Tapply,btapplyov@cbslocal.com
Cleveland,Spurr,cspurrow@rakuten.co.jp
Josi,Ovitts,jovittsox@symantec.com
Gale,Bodemeaid,gbodemeaidoy@answers.com
Neils,Scala,nscalaoz@netvibes.com
Tallie,Angove,tangovep0@huffingtonpost.com
Elladine,Heinschke,eheinschkep1@discovery.com
Butch,Rosenbloom,brosenbloomp2@nydailynews.com
Ivar,Harmson,iharmsonp3@businesswire.com
Yehudit,Stocks,ystocksp4@wunderground.com
Birk,Solloway,bsollowayp5@vinaora.com
Suzanne,Satchel,ssatchelp6@xing.com
Merell,Altamirano,maltamiranop7@tinypic.com
Terry,Franchioni,tfranchionip8@jugem.jp
Kalinda,Benadette,kbenadettep9@blinklist.com
Glynnis,Cartman,gcartmanpa@omniture.com
Alvin,Ketcher,aketcherpb@army.mil
Rolfe,Benallack,rbenallackpc@msn.com
Benji,Pinnere,bpinnerepd@plala.or.jp
Nissie,Massingham,nmassinghampe@mysql.com
Shayne,Banville,sbanvillepf@hexun.com
Wilhelmina,Cocher,wcocherpg@gnu.org
Ardis,McCahey,amccaheyph@tripadvisor.com
Leone,Schuricht,lschurichtpi@amazon.com
Veradis,Touret,vtouretpj@cam.ac.uk
Belvia,Troker,btrokerpk@yelp.com
Melany,Doblin,mdoblinpl@smugmug.com
Angelica,Hencke,ahenckepm@goo.ne.jp
Lilllie,Sterrie,lsterriepn@drupal.org
Toiboid,L'Hommee,tlhommeepo@booking.com
Giralda,Stonebanks,gstonebankspp@dailymotion.com
Christoffer,Iwanowicz,ciwanowiczpq@mapquest.com
Marcella,Happs,mhappspr@themeforest.net
Clio,Giacopetti,cgiacopettips@digg.com
Marna,Rudram,mrudrampt@altervista.org
Tony,Westfield,twestfieldpu@flickr.com
Robbie,de Najera,rdenajerapv@bizjournals.com
Daphna,Coil,dcoilpw@hibu.com
Forster,Vasyutin,fvasyutinpx@sina.com.cn
Mimi,Bullard,mbullardpy@va.gov
Clea,Boyford,cboyfordpz@ca.gov
Scott,Gadney,sgadneyq0@pagesperso-orange.fr
Alli,Greggor,agreggorq1@cloudflare.com
Tani,Shervil,tshervilq2@linkedin.com
Kayne,Nairns,knairnsq3@youku.com
Zebedee,Chartres,zchartresq4@usa.gov
Jeni,Espinheira,jespinheiraq5@youtu.be
Rhianon,Loughhead,rloughheadq6@webs.com
Ronica,Maymond,rmaymondq7@va.gov
Basilio,Eatttok,beatttokq8@mac.com
Cheston,Duester,cduesterq9@yellowbook.com
Belle,Venediktov,bvenediktovqa@yahoo.com
Tera,Crigin,tcriginqb@ameblo.jp
Kahlil,Kirsch,kkirschqc@twitter.com
Nicky,Willshere,nwillshereqd@dailymotion.com
Tris,Cossam,tcossamqe@imageshack.us
Ortensia,Eastgate,oeastgateqf@nps.gov
Darb,Gradly,dgradlyqg@theglobeandmail.com
Nevins,Sweetzer,nsweetzerqh@hexun.com
Archer,Terrington,aterringtonqi@wikipedia.org
Carleton,Ommanney,commanneyqj@goodreads.com
Nat,Shickle,nshickleqk@google.ru
Lana,Elner,lelnerql@indiatimes.com
Magdalene,Balmforth,mbalmforthqm@bandcamp.com
Ely,Hamber,ehamberqn@newyorker.com
Mufinella,Crone,mcroneqo@youtube.com
Colly,Morales,cmoralesqp@yellowbook.com
Rachele,Galbraeth,rgalbraethqq@edublogs.org
Gertrudis,Bolgar,gbolgarqr@hatena.ne.jp
Lanie,Scurman,lscurmanqs@360.cn
Sarah,Mullins,smullinsqt@hugedomains.com
Willem,Hammarberg,whammarbergqu@gizmodo.com
Keefer,Fawdrie,kfawdrieqv@chron.com
Elisha,Lewsley,elewsleyqw@gmpg.org
Bern,Boyde,bboydeqx@ebay.co.uk
Cassi,Carlon,ccarlonqy@github.com
Flory,Mougenel,fmougenelqz@wix.com
Con,Valintine,cvalintiner0@plala.or.jp
Constantine,Dumbar,cdumbarr1@hao123.com
Annabelle,Bowler,abowlerr2@washingtonpost.com
Wilow,Brear,wbrearr3@purevolume.com
Xaviera,Bowdler,xbowdlerr4@cornell.edu
Cosette,Claremont,cclaremontr5@kickstarter.com
Alexa,Heffernan,aheffernanr6@abc.net.au
Joseito,McFeate,jmcfeater7@ox.ac.uk
Rianon,Sheeran,rsheeranr8@oakley.com
Blithe,Windibank,bwindibankr9@about.com
Fidelio,Bessent,fbessentra@github.com
Garey,Mapplebeck,gmapplebeckrb@archive.org
Karena,Di Giorgio,kdigiorgiorc@sina.com.cn
Retha,Reisin,rreisinrd@canalblog.com
Moses,McKaile,mmckailere@icio.us
Roselin,Doick,rdoickrf@bravesites.com
Benni,Stirland,bstirlandrg@youtube.com
Cathrin,Kenrack,ckenrackrh@skype.com
Rosalinda,de Guise,rdeguiseri@nasa.gov
Aguistin,Bonevant,abonevantrj@goo.ne.jp
Efrem,Tadgell,etadgellrk@com.com
Sibel,McCorkell,smccorkellrl@usnews.com
Adelina,Bloys,abloysrm@arstechnica.com
Cyndi,Gorgl,cgorglrn@feedburner.com
Ladonna,Foister,lfoisterro@vk.com
Zaccaria,Skea,zskearp@archive.org
Pam,Sacher,psacherrq@sina.com.cn
Elna,Wordsworth,ewordsworthrr@cloudflare.com
