id,first_name,last_name,email
1,Gannie,Wrout,gwrout0@google.co.uk
2,Cherrita,Scutt,cscutt1@hao123.com
3,Ced,Wallington,cwallington2@ucla.edu
4,Nate,Spinozzi,nspinozzi3@webnode.com
5,Fey,Matasov,fmatasov4@mozilla.org
6,Faydra,Derricoat,fderricoat5@seattletimes.com
7,Emmeline,Bendson,ebendson6@weibo.com
8,Shanta,Seiler,sseiler7@ox.ac.uk
9,Gaspard,Dmitrievski,gdmitrievski8@mtv.com
10,Julianne,Asplen,jasplen9@webnode.com
11,Carlos,Caltun,ccaltuna@devhub.com
12,Roselin,Kitchener,rkitchenerb@wordpress.com
13,Martelle,Ballinger,mballingerc@ca.gov
14,Reena,Paddefield,rpaddefieldd@liveinternet.ru
15,Candace,Hucke,chuckee@bluehost.com
16,Nanny,Brumble,nbrumblef@time.com
17,Jarrod,Butler-Bowdon,jbutlerbowdong@last.fm
18,Syman,Week,sweekh@tripadvisor.com
19,Talyah,Holdron,tholdroni@a8.net
20,Gertruda,Blaby,gblabyj@last.fm
21,Moyna,Yacobsohn,myacobsohnk@icio.us
22,Gilberta,Bartoletti,gbartolettil@mapy.cz
23,Enos,Rosewall,erosewallm@thetimes.co.uk
24,Cordy,Duff,cduffn@xing.com
25,Laughton,Kellitt,lkellitto@newsvine.com
26,Jonathon,Tart,jtartp@skype.com
27,Jacob,McCrystal,jmccrystalq@hugedomains.com
28,Morrie,Minchin,mminchinr@issuu.com
29,Lutero,Tollady,ltolladys@ihg.com
30,Yasmeen,McKenna,ymckennat@surveymonkey.com
31,Holly-anne,Ledington,hledingtonu@nps.gov
32,Billi,Alenov,balenovv@shareasale.com
33,Vivienne,Marcone,vmarconew@weebly.com
34,Rachelle,Scanlon,rscanlonx@diigo.com
35,Adria,Crilley,acrilleyy@bing.com
36,Edie,Rickis,erickisz@devhub.com
37,Jada,Ilive,jilive10@homestead.com
38,Christye,Vero,cvero11@google.fr
39,Greggory,Twitching,gtwitching12@google.ca
40,Gladi,Labrone,glabrone13@cyberchimps.com
41,Starlene,MacCroary,smaccroary14@eventbrite.com
42,Jackie,Jefford,jjefford15@a8.net
43,Chloris,Lenormand,clenormand16@hostgator.com
44,Ronna,Loxdale,rloxdale17@storify.com
45,Tracey,Berrisford,tberrisford18@nytimes.com
46,Leonie,O'Dulchonta,lodulchonta19@reuters.com
47,Raul,Ethington,rethington1a@yandex.ru
48,Burnard,Davidesco,bdavidesco1b@cnbc.com
49,Nicol,Sille,nsille1c@twitter.com
50,Noelle,Clarage,nclarage1d@cafepress.com
51,Lind,Sell,lsell1e@printfriendly.com
52,Eba,Ruzek,eruzek1f@netscape.com
53,Mariette,Widdall,mwiddall1g@ocn.ne.jp
54,Ashlin,Adamo,aadamo1h@wordpress.com
55,Griff,Liffe,gliffe1i@tripadvisor.com
56,Fergus,Dibdall,fdibdall1j@statcounter.com
57,Quincey,Brownstein,qbrownstein1k@vistaprint.com
58,Stanfield,Georgi,sgeorgi1l@clickbank.net
59,Colet,Melbourne,cmelbourne1m@barnesandnoble.com
60,Tiler,Harberer,tharberer1n@quantcast.com
61,Barri,O'Lochan,bolochan1o@omniture.com
62,Dre,Paskin,dpaskin1p@webs.com
63,Audrey,Haire,ahaire1q@rambler.ru
64,Briant,Diviny,bdiviny1r@bigcartel.com
65,Kasper,Jerche,kjerche1s@mtv.com
66,Conney,Tett,ctett1t@wordpress.com
67,Allan,Curuclis,acuruclis1u@typepad.com
68,Shandee,Skydall,sskydall1v@princeton.edu
69,Sergeant,Kellegher,skellegher1w@nbcnews.com
70,Haydon,Blaxall,hblaxall1x@npr.org
71,Bidget,Arsnell,barsnell1y@constantcontact.com
72,Bianka,Labarre,blabarre1z@so-net.ne.jp
73,Carry,Rannald,crannald20@weather.com
74,Nefen,Schindler,nschindler21@amazon.co.uk
75,Artemis,Wolstenholme,awolstenholme22@economist.com
76,Windy,Le Fleming,wlefleming23@hud.gov
77,Brynna,Darque,bdarque24@cnbc.com
78,Wylie,Buckler,wbuckler25@cdc.gov
79,Chris,Meriott,cmeriott26@springer.com
80,Salomone,Saffell,ssaffell27@paypal.com
81,Bonnibelle,England,bengland28@comcast.net
82,Nikki,Ahlf,nahlf29@smugmug.com
83,Tatiana,Voss,tvoss2a@wix.com
84,Diandra,Rivers,drivers2b@comcast.net
85,Ardene,Grimshaw,agrimshaw2c@hatena.ne.jp
86,Reeva,Hordell,rhordell2d@domainmarket.com
87,Margret,Jacquemard,mjacquemard2e@chicagotribune.com
88,Torrie,Dunn,tdunn2f@bizjournals.com
89,Noel,Holligan,nholligan2g@miibeian.gov.cn
90,Stacey,Cundict,scundict2h@nifty.com
91,Chadd,Philpotts,cphilpotts2i@youku.com
92,Thacher,Coldrick,tcoldrick2j@example.com
93,Cletis,Vogeller,cvogeller2k@fema.gov
94,Orland,Niesel,oniesel2l@unblog.fr
95,Sybilla,Dark,sdark2m@slideshare.net
96,Ase,Shovlar,ashovlar2n@miitbeian.gov.cn
97,Orran,Vlasenko,ovlasenko2o@cafepress.com
98,Roi,Kristiansen,rkristiansen2p@yandex.ru
99,Crystie,Gemson,cgemson2q@yahoo.com
100,Korella,Hembry,khembry2r@ucsd.edu
101,Valeda,Tixall,vtixall2s@mysql.com
102,Colline,Besque,cbesque2t@vkontakte.ru
103,Brady,Sally,bsally2u@house.gov
104,Tresa,Trulock,ttrulock2v@china.com.cn
105,Harrie,Ghio,hghio2w@census.gov
106,Rycca,Ternault,rternault2x@si.edu
107,Clemens,O'Scannill,coscannill2y@t-online.de
108,Chelsae,Kidney,ckidney2z@ca.gov
109,Taylor,Glawsop,tglawsop30@stumbleupon.com
110,Darin,Pillington,dpillington31@hhs.gov
111,Corinna,Bussen,cbussen32@vistaprint.com
112,Lyndell,Pouck,lpouck33@blogtalkradio.com
113,Katrina,Pleager,kpleager34@mtv.com
114,Pebrook,Abel,pabel35@latimes.com
115,Gan,Mattei,gmattei36@networkadvertising.org
116,Cahra,Summerell,csummerell37@cdc.gov
117,Clevey,Scanlin,cscanlin38@ihg.com
118,Abbi,Goves,agoves39@google.com.hk
119,Ardisj,Alsford,aalsford3a@wufoo.com
120,Gerome,Paulmann,gpaulmann3b@amazon.de
121,Law,Whelpdale,lwhelpdale3c@prlog.org
122,Terry,Rentz,trentz3d@feedburner.com
123,Shelby,Weatherhill,sweatherhill3e@shareasale.com
124,Vic,Pechan,vpechan3f@guardian.co.uk
125,Octavia,Koba,okoba3g@japanpost.jp
126,Anselm,Halfhide,ahalfhide3h@jigsy.com
127,Ula,Belverstone,ubelverstone3i@forbes.com
128,Uriah,Sherme,usherme3j@edublogs.org
129,Tomi,McNair,tmcnair3k@example.com
130,Joelly,Tamburo,jtamburo3l@mtv.com
131,Xena,Marrison,xmarrison3m@dailymotion.com
132,Sidney,Hoffmann,shoffmann3n@yolasite.com
133,Mal,Clixby,mclixby3o@yolasite.com
134,Halli,Brougham,hbrougham3p@huffingtonpost.com
135,Edwina,Wannell,ewannell3q@usnews.com
136,Jacklin,Ashbridge,jashbridge3r@nationalgeographic.com
137,Ilyse,Warman,iwarman3s@aol.com
138,Cher,Dillicate,cdillicate3t@umn.edu
139,Ted,Onele,tonele3u@intel.com
140,Wini,Kenninghan,wkenninghan3v@flavors.me
141,Saul,Benbrick,sbenbrick3w@bing.com
142,Isacco,Sharrem,isharrem3x@mysql.com
143,Theadora,Klehn,tklehn3y@imdb.com
144,Lauree,Sandes,lsandes3z@washingtonpost.com
145,Giulia,Stirman,gstirman40@simplemachines.org
146,Susanetta,Messer,smesser41@squidoo.com
147,Essy,Worlock,eworlock42@indiatimes.com
148,Nicolas,Pedycan,npedycan43@goo.gl
149,Adrea,Roddan,aroddan44@shop-pro.jp
150,Randolph,Grebert,rgrebert45@virginia.edu
151,Charil,Kenner,ckenner46@networksolutions.com
152,Porter,Straniero,pstraniero47@ca.gov
153,Hoebart,Patrickson,hpatrickson48@mozilla.org
154,Kristin,Patillo,kpatillo49@nytimes.com
155,Alica,Ailmer,aailmer4a@tinyurl.com
156,Julian,Hawney,jhawney4b@alexa.com
157,Ralina,Vernham,rvernham4c@house.gov
158,Maurita,Bodleigh,mbodleigh4d@wordpress.com
159,Zorah,Jurczak,zjurczak4e@sina.com.cn
160,Elayne,Hovy,ehovy4f@edublogs.org
161,Payton,Wabersinke,pwabersinke4g@vistaprint.com
162,Leah,Bulcock,lbulcock4h@usa.gov
163,Blanch,Hegerty,bhegerty4i@rambler.ru
164,Charlena,Jex,cjex4j@360.cn
165,Igor,Eburne,ieburne4k@epa.gov
166,Fernandina,Mum,fmum4l@macromedia.com
167,Haskel,Burleton,hburleton4m@businessweek.com
168,Felicle,Hammarberg,fhammarberg4n@senate.gov
169,Jacynth,Rillstone,jrillstone4o@163.com
170,Esma,Buckam,ebuckam4p@hc360.com
171,Yorke,Claxson,yclaxson4q@dmoz.org
172,Amandy,Tubritt,atubritt4r@yahoo.co.jp
173,Giorgia,Essberger,gessberger4s@sina.com.cn
174,Vernor,Tuff,vtuff4t@myspace.com
175,Emili,McUre,emcure4u@epa.gov
176,Donavon,Doni,ddoni4v@g.co
177,Kinny,Ortzen,kortzen4w@ehow.com
178,Vernon,Congreave,vcongreave4x@opera.com
179,Creigh,Crews,ccrews4y@census.gov
180,Carrie,Kember,ckember4z@techcrunch.com
181,Linet,Pelcheur,lpelcheur50@webnode.com
182,Codie,Moulton,cmoulton51@t.co
183,Christabella,McVane,cmcvane52@businessweek.com
184,Alva,Woodrough,awoodrough53@cafepress.com
185,Tandi,Ugolini,tugolini54@jiathis.com
186,Decca,Walewski,dwalewski55@netlog.com
187,Ramon,Jowsey,rjowsey56@slideshare.net
188,Gerardo,Bartleet,gbartleet57@independent.co.uk
189,Nance,Wyper,nwyper58@dmoz.org
190,Martie,Piotrowski,mpiotrowski59@umich.edu
191,Jeffrey,Chinge de Hals,jchingedehals5a@hc360.com
192,Clarinda,Bradley,cbradley5b@addthis.com
193,Jourdan,Norvill,jnorvill5c@mediafire.com
194,Sydel,Dudson,sdudson5d@gravatar.com
195,Sigismund,Farr,sfarr5e@yahoo.com
196,Inglis,Walduck,iwalduck5f@independent.co.uk
197,Lynelle,Micallef,lmicallef5g@rakuten.co.jp
198,Tome,Cardoso,tcardoso5h@phpbb.com
199,Genevra,Rudwell,grudwell5i@wix.com
200,Julietta,Gores,jgores5j@liveinternet.ru
201,Karoly,Chamberlin,kchamberlin5k@java.com
202,Isiahi,Bridgnell,ibridgnell5l@yelp.com
203,Gert,Forst,gforst5m@sitemeter.com
204,Martica,Camps,mcamps5n@csmonitor.com
205,Eal,Tesimon,etesimon5o@adobe.com
206,Oswell,Savidge,osavidge5p@usatoday.com
207,Wilona,Culley,wculley5q@weebly.com
208,Morrie,Tome,mtome5r@dmoz.org
209,Engracia,Quaintance,equaintance5s@wired.com
210,Gusella,Niesegen,gniesegen5t@printfriendly.com
211,Rafaela,Colquit,rcolquit5u@cocolog-nifty.com
212,Candra,McCuish,cmccuish5v@whitehouse.gov
213,Katinka,Aspray,kaspray5w@ucsd.edu
214,Nicholas,Steadman,nsteadman5x@forbes.com
215,Claude,Canter,ccanter5y@arizona.edu
216,Otho,Hadwen,ohadwen5z@disqus.com
217,Hunt,Edgcumbe,hedgcumbe60@disqus.com
218,Ginevra,Yglesia,gyglesia61@mlb.com
219,Osborn,Stranaghan,ostranaghan62@hao123.com
220,Hammad,Girardeau,hgirardeau63@constantcontact.com
221,Betteann,O'Coskerry,bocoskerry64@google.fr
222,Kaine,Francello,kfrancello65@google.fr
223,Cornela,Meffin,cmeffin66@blogtalkradio.com
224,Linn,Hick,lhick67@abc.net.au
225,Miof mela,Heartfield,mheartfield68@infoseek.co.jp
226,Birdie,Gerrets,bgerrets69@army.mil
227,Had,Costerd,hcosterd6a@moonfruit.com
228,Revkah,Pettiford,rpettiford6b@microsoft.com
229,Lorie,Bowstead,lbowstead6c@theatlantic.com
230,Antin,Derrick,aderrick6d@taobao.com
231,Bevon,Dallman,bdallman6e@blinklist.com
232,Kennedy,Kleinhandler,kkleinhandler6f@youtu.be
233,Virge,Bowditch,vbowditch6g@friendfeed.com
234,Vilma,Cramphorn,vcramphorn6h@vkontakte.ru
235,Ciro,Golder,cgolder6i@prweb.com
236,Kristan,Ebunoluwa,kebunoluwa6j@sfgate.com
237,Monroe,Zupone,mzupone6k@opensource.org
238,Marlowe,Toland,mtoland6l@eepurl.com
239,Lizbeth,Rupke,lrupke6m@xrea.com
240,Connie,Brimfield,cbrimfield6n@usnews.com
241,Anstice,Treneman,atreneman6o@adobe.com
242,Robin,Pietrasik,rpietrasik6p@comcast.net
243,Putnem,Harby,pharby6q@yellowbook.com
244,Valentino,Pleat,vpleat6r@i2i.jp
245,Charo,Dikle,cdikle6s@europa.eu
246,Jacky,McSpirron,jmcspirron6t@addtoany.com
247,Joey,Eles,jeles6u@eepurl.com
248,Ingemar,Robardey,irobardey6v@bravesites.com
249,Burk,Manach,bmanach6w@netscape.com
250,Felizio,Northen,fnorthen6x@liveinternet.ru
251,Tabb,Kynston,tkynston6y@addthis.com
252,Allison,Helsby,ahelsby6z@yandex.ru
253,Bettine,Beiderbeck,bbeiderbeck70@artisteer.com
254,Gibb,Aliberti,galiberti71@google.nl
255,Herbert,Dahler,hdahler72@webnode.com
256,Laurena,Pleven,lpleven73@sourceforge.net
257,Andree,Measor,ameasor74@comcast.net
258,Valaree,Cristoforo,vcristoforo75@tumblr.com
259,Peggie,Divis,pdivis76@prweb.com
260,Jo-anne,Phifer,jphifer77@cnbc.com
261,Zaccaria,Moen,zmoen78@sina.com.cn
262,Verena,Nunn,vnunn79@vimeo.com
263,Alyssa,Cawt,acawt7a@nhs.uk
264,Karly,Probetts,kprobetts7b@paginegialle.it
265,Weider,Ingarfill,wingarfill7c@weather.com
266,Felicio,Andersson,fandersson7d@google.pl
267,Lorette,Carriage,lcarriage7e@hexun.com
268,Muire,Harkins,mharkins7f@plala.or.jp
269,Melisent,Kimble,mkimble7g@csmonitor.com
270,Wrennie,Hatrick,whatrick7h@usa.gov
271,Alain,Stirrip,astirrip7i@hp.com
272,Frederique,Roskruge,froskruge7j@jugem.jp
273,Alexandra,Stieger,astieger7k@tinyurl.com
274,Benjamen,Ilott,bilott7l@google.co.uk
275,Lalo,Stollmeyer,lstollmeyer7m@ucsd.edu
276,Morganica,Petrillo,mpetrillo7n@github.com
277,Ulrich,Minshaw,uminshaw7o@hibu.com
278,Pammi,Gytesham,pgytesham7p@home.pl
279,Anne,Theseira,atheseira7q@theglobeandmail.com
280,Leupold,Laybourn,llaybourn7r@cafepress.com
281,Wat,Haseley,whaseley7s@hhs.gov
282,Rachelle,Beves,rbeves7t@barnesandnoble.com
283,Katina,Donnelly,kdonnelly7u@t-online.de
284,Bambi,Honnicott,bhonnicott7v@cloudflare.com
285,Tabbie,Simmig,tsimmig7w@sakura.ne.jp
286,Joyce,D'Costa,jdcosta7x@rediff.com
287,Madella,Hattiff,mhattiff7y@miitbeian.gov.cn
288,Parke,Gyse,pgyse7z@theguardian.com
289,Gillie,Pryke,gpryke80@scribd.com
290,Timmi,Nucator,tnucator81@dell.com
291,Jacquelin,Laming,jlaming82@huffingtonpost.com
292,Celka,Hourston,chourston83@home.pl
293,Kinna,Russam,krussam84@craigslist.org
294,Melvyn,Herreran,mherreran85@google.ca
295,Giorgio,Ballard,gballard86@163.com
296,Friederike,Manoch,fmanoch87@histats.com
297,Alla,Trillo,atrillo88@fastcompany.com
298,Anders,Sesser,asesser89@google.co.uk
299,Cherrita,Babidge,cbabidge8a@photobucket.com
300,Celestyn,Woonton,cwoonton8b@phoca.cz
301,Felicdad,Easson,feasson8c@photobucket.com
302,Elfie,Roberto,eroberto8d@xinhuanet.com
303,Reagen,Marrow,rmarrow8e@xrea.com
304,Keefer,Shovelin,kshovelin8f@amazon.co.uk
305,Cornie,Chattington,cchattington8g@yolasite.com
306,Isidora,Round,iround8h@51.la
307,Cindra,Vasyatkin,cvasyatkin8i@yelp.com
308,Astrid,Ratnage,aratnage8j@columbia.edu
309,Tomlin,Aldie,taldie8k@army.mil
310,Randal,Emes,remes8l@nature.com
311,Joelle,Stienham,jstienham8m@telegraph.co.uk
312,Aluin,Giorgio,agiorgio8n@myspace.com
313,Priscella,Glayzer,pglayzer8o@cisco.com
314,Corrinne,Keedy,ckeedy8p@mail.ru
315,Bari,Cresser,bcresser8q@msn.com
316,Welby,Kampshell,wkampshell8r@wunderground.com
317,Simon,Di Antonio,sdiantonio8s@g.co
318,Mandie,Hacking,mhacking8t@comsenz.com
319,Delcina,Coppock.,dcoppock8u@hao123.com
320,Britni,Sands-Allan,bsandsallan8v@meetup.com
321,Gabriele,Hulls,ghulls8w@wired.com
322,Christal,Lessmare,clessmare8x@stumbleupon.com
323,Arleen,Krzysztofiak,akrzysztofiak8y@imageshack.us
324,Tory,Daviddi,tdaviddi8z@4shared.com
325,Traver,Bromehead,tbromehead90@irs.gov
326,Coop,Unworth,cunworth91@yellowbook.com
327,Annetta,Fanti,afanti92@miitbeian.gov.cn
328,Lisle,Boxhill,lboxhill93@tumblr.com
329,Sadie,Cannavan,scannavan94@unicef.org
330,Lesley,Yglesias,lyglesias95@reuters.com
331,Wanids,Arrol,warrol96@ning.com
332,Cirilo,Danniel,cdanniel97@independent.co.uk
333,Patin,Kersting,pkersting98@etsy.com
334,Arturo,Siddaley,asiddaley99@fc2.com
335,Reine,Ruppele,rruppele9a@ovh.net
336,Simeon,Rickesies,srickesies9b@rediff.com
337,Abby,Iacapucci,aiacapucci9c@craigslist.org
338,Worth,Corderoy,wcorderoy9d@unicef.org
339,Helaina,Arondel,harondel9e@google.com.au
340,Madelin,Tixall,mtixall9f@hostgator.com
341,Binky,Spincks,bspincks9g@ow.ly
342,Brier,Baynard,bbaynard9h@ameblo.jp
343,Tierney,Cornilleau,tcornilleau9i@adobe.com
344,Naoma,Whiteoak,nwhiteoak9j@goo.gl
345,Rutger,Dederick,rdederick9k@miitbeian.gov.cn
346,Jonas,Drowsfield,jdrowsfield9l@domainmarket.com
347,Harwell,Ilyuchyov,hilyuchyov9m@salon.com
348,Skippy,Layus,slayus9n@vimeo.com
349,Michele,Chapleo,mchapleo9o@about.com
350,Anastassia,Davidsson,adavidsson9p@shop-pro.jp
351,Anabel,Bernardt,abernardt9q@comsenz.com
352,Hobie,Managh,hmanagh9r@free.fr
353,Arni,Braznell,abraznell9s@surveymonkey.com
354,Lisa,Perview,lperview9t@friendfeed.com
355,Wandis,Ticksall,wticksall9u@ifeng.com
356,Florry,Cleynman,fcleynman9v@bloglines.com
357,Saw,Alcorn,salcorn9w@umn.edu
358,Dareen,Eustis,deustis9x@google.cn
359,Morris,Blitzer,mblitzer9y@sciencedaily.com
360,Darill,Bourges,dbourges9z@shinystat.com
361,Jelene,Johanning,jjohanninga0@pbs.org
362,Allin,Woodgate,awoodgatea1@is.gd
363,Harman,Trengrouse,htrengrousea2@ustream.tv
364,Angelina,Roggero,aroggeroa3@ebay.com
365,Emmie,Huntall,ehuntalla4@gmpg.org
366,Corliss,Allman,callmana5@blog.com
367,Milzie,Stoffersen,mstoffersena6@europa.eu
368,Starla,Tape,stapea7@fastcompany.com
369,Estrella,Keitch,ekeitcha8@indiatimes.com
370,Ruddie,Simner,rsimnera9@cnn.com
371,Leela,O'Moylan,lomoylanaa@meetup.com
372,Maribelle,Gerardin,mgerardinab@ox.ac.uk
373,Kippie,Coppock.,kcoppockac@umn.edu
374,Daren,Cornelis,dcornelisad@state.gov
375,Colleen,Bewly,cbewlyae@woothemes.com
376,Annabela,Spowage,aspowageaf@house.gov
377,Vyky,Raynton,vrayntonag@smh.com.au
378,Anneliese,Welband,awelbandah@storify.com
379,Alexandrina,Stovell,astovellai@chron.com
380,Si,Manuaud,smanuaudaj@imdb.com
381,Xylina,Sneddon,xsneddonak@google.co.uk
382,Stefa,Lipmann,slipmannal@miibeian.gov.cn
383,Ag,Bradforth,abradfortham@dell.com
384,Richmond,Yerrell,ryerrellan@phpbb.com
385,Devi,Sutherington,dsutheringtonao@privacy.gov.au
386,Odie,Lambdin,olambdinap@theguardian.com
387,Hedvige,Antosch,hantoschaq@51.la
388,Riobard,Inchbald,rinchbaldar@bravesites.com
389,Nancey,Fenning,nfenningas@umn.edu
390,Waverley,Germaine,wgermaineat@ow.ly
391,Evelin,Wolford,ewolfordau@feedburner.com
392,Marcia,MacRury,mmacruryav@etsy.com
393,Mirabelle,Cathrall,mcathrallaw@un.org
394,Ned,Hulson,nhulsonax@blogger.com
395,Jerri,Rottery,jrotteryay@nsw.gov.au
396,Gisella,Brimm,gbrimmaz@miibeian.gov.cn
397,April,Odcroft,aodcroftb0@shutterfly.com
398,Early,Olyfant,eolyfantb1@fc2.com
399,Wolfie,Mellows,wmellowsb2@cnn.com
400,Garland,Denes,gdenesb3@usatoday.com
401,Harwell,Hruska,hhruskab4@mapquest.com
402,Tisha,Elcy,telcyb5@pagesperso-orange.fr
403,Marijo,Coke,mcokeb6@sourceforge.net
404,Dory,Schutt,dschuttb7@cafepress.com
405,Hall,Kingswoode,hkingswoodeb8@boston.com
406,Jinny,Goncalo,jgoncalob9@seattletimes.com
407,Abramo,Mussared,amussaredba@drupal.org
408,Barr,Trippick,btrippickbb@youku.com
409,Flossie,Burlingham,fburlinghambc@hexun.com
410,Cacilie,Shegog,cshegogbd@domainmarket.com
411,Edie,Abramowitch,eabramowitchbe@nbcnews.com
412,Xenos,Littrick,xlittrickbf@prlog.org
413,Aurilia,Pattesall,apattesallbg@devhub.com
414,Tess,McVeigh,tmcveighbh@goodreads.com
415,Elizabeth,Dowsey,edowseybi@is.gd
416,Luisa,Relf,lrelfbj@globo.com
417,Mirella,Brenard,mbrenardbk@dyndns.org
418,Bethanne,Parmby,bparmbybl@nydailynews.com
419,Jessa,Gemlbett,jgemlbettbm@imgur.com
420,Melvyn,Dovidian,mdovidianbn@slideshare.net
421,Tomi,Aronowitz,taronowitzbo@arstechnica.com
422,Davy,Gregs,dgregsbp@usa.gov
423,Loydie,Apark,laparkbq@nytimes.com
424,Darb,Bramham,dbramhambr@altervista.org
425,Stormie,Crossland,scrosslandbs@clickbank.net
426,Jacobo,Boldt,jboldtbt@google.co.uk
427,Dulcia,Barkshire,dbarkshirebu@theglobeandmail.com
428,Orelle,Ridgedell,oridgedellbv@auda.org.au
429,Abram,Lukash,alukashbw@weebly.com
430,Karil,Streetley,kstreetleybx@salon.com
431,Calvin,Thickens,cthickensby@time.com
432,Timothee,Seward,tsewardbz@kickstarter.com
433,Barnaby,Edser,bedserc0@cisco.com
434,Nolana,Franc,nfrancc1@upenn.edu
435,Stevena,Wandtke,swandtkec2@home.pl
436,Oriana,Galtone,ogaltonec3@amazon.com
437,Corinne,Strudwick,cstrudwickc4@delicious.com
438,Quentin,Owthwaite,qowthwaitec5@etsy.com
439,Leland,Waddilow,lwaddilowc6@mediafire.com
440,Mathilda,Illston,millstonc7@tuttocitta.it
441,Dasha,Burree,dburreec8@flickr.com
442,Iris,Millichap,imillichapc9@reuters.com
443,Esdras,Monelle,emonelleca@nifty.com
444,Ilyssa,Herrema,iherremacb@spiegel.de
445,Mathian,Spellman,mspellmancc@ca.gov
446,Jeanne,Hoy,jhoycd@instagram.com
447,Karlee,Housen,khousence@si.edu
448,Lyndsey,Prantoni,lprantonicf@booking.com
449,Doyle,Jukubczak,djukubczakcg@nyu.edu
450,Nate,Handke,nhandkech@mail.ru
451,Corabel,Hulett,chulettci@addtoany.com
452,Panchito,Clementucci,pclementuccicj@webs.com
453,Vernor,Pattison,vpattisonck@jalbum.net
454,Willem,Pond-Jones,wpondjonescl@fda.gov
455,Honoria,Du Fray,hdufraycm@cbslocal.com
456,Candace,Lackington,clackingtoncn@sun.com
457,Domeniga,McGillivray,dmcgillivrayco@china.com.cn
458,Shelton,Normandale,snormandalecp@ucoz.ru
459,Shandy,Kaminski,skaminskicq@engadget.com
460,Laryssa,Cuardall,lcuardallcr@usatoday.com
461,Caitrin,Benfield,cbenfieldcs@flavors.me
462,Stephan,Collum,scollumct@usda.gov
463,Bevin,Mennear,bmennearcu@blogspot.com
464,Darrick,Hancill,dhancillcv@fda.gov
465,Essa,Della Scala,edellascalacw@cisco.com
466,Lind,Steedman,lsteedmancx@fda.gov
467,Virgilio,Harborow,vharborowcy@cnet.com
468,Madelaine,Karpe,mkarpecz@yale.edu
469,Rena,Lounds,rloundsd0@unblog.fr
470,Emily,Pexton,epextond1@examiner.com
471,Paxton,Loalday,ploaldayd2@hp.com
472,Liesa,Geraudy,lgeraudyd3@arizona.edu
473,Janina,Winwood,jwinwoodd4@dmoz.org
474,Leanora,Madgin,lmadgind5@alexa.com
475,Darn,Grindell,dgrindelld6@vinaora.com
476,Merla,Wisher,mwisherd7@linkedin.com
477,Tina,Plaskett,tplaskettd8@nps.gov
478,Sky,Kestell,skestelld9@google.pl
479,Cornelle,Roarty,croartyda@theatlantic.com
480,Dorian,Edmund,dedmunddb@youtu.be
481,Gale,Rappport,grappportdc@ovh.net
482,Corrie,Darbey,cdarbeydd@icio.us
483,Edvard,Bernade,ebernadede@dedecms.com
484,Lorelei,Sherr,lsherrdf@google.nl
485,Fabiano,Lockley,flockleydg@rediff.com
486,Garrek,Neaverson,gneaversondh@com.com
487,Dorolice,Shuttleworth,dshuttleworthdi@howstuffworks.com
488,Fiann,Lorand,floranddj@wiley.com
489,Kris,Vasey,kvaseydk@sakura.ne.jp
490,Nelson,Dysert,ndysertdl@techcrunch.com
491,Elaine,Heddan,eheddandm@ustream.tv
492,Osmund,Barbery,obarberydn@google.fr
493,Belle,Dillimore,bdillimoredo@sourceforge.net
494,Boone,Pownall,bpownalldp@army.mil
495,Odelia,Peerless,opeerlessdq@hp.com
496,Aguste,Haet,ahaetdr@bluehost.com
497,Rodie,Kilian,rkiliands@oakley.com
498,Kathie,Saunders,ksaundersdt@sciencedaily.com
499,Venus,Elster,velsterdu@go.com
500,Justino,O'Hogertie,johogertiedv@psu.edu
501,Abra,Soames,asoamesdw@reddit.com
502,Emylee,Cornford,ecornforddx@quantcast.com
503,Ruby,Harold,rharolddy@canalblog.com
504,Calla,Clineck,cclineckdz@hhs.gov
505,Alverta,Sollas,asollase0@trellian.com
506,Morgun,Wanek,mwaneke1@deliciousdays.com
507,Consuela,Freddi,cfreddie2@photobucket.com
508,Ramsey,Dear,rdeare3@ameblo.jp
509,Regina,Durnill,rdurnille4@theglobeandmail.com
510,Pren,Dutnell,pdutnelle5@scribd.com
511,Bette-ann,Blackwood,bblackwoode6@wp.com
512,Arlie,Slemming,aslemminge7@studiopress.com
513,Jesselyn,Hurll,jhurlle8@sina.com.cn
514,Ax,Ormesher,aormeshere9@zdnet.com
515,Gert,Cowpertwait,gcowpertwaitea@tripadvisor.com
516,Giorgi,Melledy,gmelledyeb@twitpic.com
517,Jefferey,Sevier,jsevierec@technorati.com
518,Ossie,De Andreis,odeandreised@mapy.cz
519,Sonya,Lauks,slauksee@nyu.edu
520,Hoebart,O' Dooley,hodooleyef@fotki.com
521,Marsha,Gatley,mgatleyeg@cornell.edu
522,Arri,Birts,abirtseh@hibu.com
523,Murielle,Becket,mbecketei@icq.com
524,Harold,Cleever,hcleeverej@icq.com
525,Elijah,Freemantle,efreemantleek@xinhuanet.com
526,Maryjo,Cruise,mcruiseel@yellowpages.com
527,Ettie,Ducarne,educarneem@java.com
528,Kalvin,McAline,kmcalineen@reverbnation.com
529,Henrieta,Sheeran,hsheeraneo@netlog.com
530,Dareen,Lecky,dleckyep@google.co.jp
531,Vladimir,Pitkins,vpitkinseq@altervista.org
532,Burton,Kubera,bkuberaer@engadget.com
533,Cherie,Reany,creanyes@omniture.com
534,Bevon,Ayars,bayarset@state.tx.us
535,Merrile,Sawood,msawoodeu@jiathis.com
536,Janice,Abrahami,jabrahamiev@wsj.com
537,Clement,Teacy,cteacyew@arizona.edu
538,Donaugh,Poynton,dpoyntonex@exblog.jp
539,Grantham,Dranfield,gdranfieldey@hc360.com
540,Oralie,Moncaster,omoncasterez@apple.com
541,Westbrooke,Beevis,wbeevisf0@miitbeian.gov.cn
542,Arne,Nowick,anowickf1@prweb.com
543,Kala,Coley,kcoleyf2@reference.com
544,Marrissa,Olenchenko,molenchenkof3@fda.gov
545,Brooks,Beevis,bbeevisf4@technorati.com
546,Shurlock,Devorill,sdevorillf5@eventbrite.com
547,Batholomew,Mellem,bmellemf6@pinterest.com
548,Konstantin,Gooms,kgoomsf7@amazon.com
549,Paul,Durning,pdurningf8@google.de
550,Willetta,Surman,wsurmanf9@tiny.cc
551,Shantee,Anetts,sanettsfa@blogger.com
552,Jeralee,Laydon,jlaydonfb@woothemes.com
553,Viviyan,Cheeney,vcheeneyfc@un.org
554,Kay,Pendergast,kpendergastfd@arstechnica.com
555,Keelby,Bownas,kbownasfe@rediff.com
556,Minne,Munday,mmundayff@wisc.edu
557,Westley,Want,wwantfg@xrea.com
558,Beret,McLagan,bmclaganfh@statcounter.com
559,Hildagarde,Ygo,hygofi@rediff.com
560,Addy,Midner,amidnerfj@diigo.com
561,Conny,Wareham,cwarehamfk@princeton.edu
562,Philbert,Krzysztof,pkrzysztoffl@ebay.co.uk
563,Kent,Revans,krevansfm@forbes.com
564,Daphne,Sawnwy,dsawnwyfn@dell.com
565,Levy,Mendoza,lmendozafo@list-manage.com
566,Giacinta,Botte,gbottefp@shop-pro.jp
567,Tallie,Pree,tpreefq@geocities.jp
568,Melisent,Negri,mnegrifr@theglobeandmail.com
569,Dyanna,Kibbee,dkibbeefs@behance.net
570,Charis,Brumble,cbrumbleft@paginegialle.it
571,Mollee,Chalice,mchalicefu@stanford.edu
572,Sherlock,Vlasyev,svlasyevfv@desdev.cn
573,Bethena,Bucknill,bbucknillfw@nasa.gov
574,Devan,Fredi,dfredifx@wix.com
575,Esther,Ivanchenkov,eivanchenkovfy@booking.com
576,Joni,Slay,jslayfz@paypal.com
577,Danell,Whorton,dwhortong0@tripod.com
578,Lurline,Tour,ltourg1@si.edu
579,Brantley,Chivrall,bchivrallg2@so-net.ne.jp
580,Ingunna,Batteson,ibattesong3@unblog.fr
581,Sapphira,Sumers,ssumersg4@ibm.com
582,Agatha,Hassett,ahassettg5@hp.com
583,Job,Thorius,jthoriusg6@indiegogo.com
584,Jackson,Danieli,jdanielig7@msu.edu
585,Napoleon,Varndall,nvarndallg8@spotify.com
586,Joell,Luparti,jlupartig9@smugmug.com
587,Jessie,Spadaro,jspadaroga@marriott.com
588,Yancey,Moen,ymoengb@a8.net
589,Kinny,Bodell,kbodellgc@tuttocitta.it
590,Marty,Debow,mdebowgd@macromedia.com
591,Ludwig,Morecombe,lmorecombege@youtube.com
592,Welby,Adami,wadamigf@1und1.de
593,Kingsly,Eisenberg,keisenberggg@flickr.com
594,Salomo,Trainor,strainorgh@craigslist.org
595,Tamiko,Hanning,thanninggi@bigcartel.com
596,Shirley,Brien,sbriengj@omniture.com
597,Cecil,Brian,cbriangk@aol.com
598,Tony,Surmeyer,tsurmeyergl@mayoclinic.com
599,Chandal,Bonavia,cbonaviagm@chronoengine.com
600,Sheila-kathryn,Nurdin,snurdingn@umn.edu
601,Cari,Gocke,cgockego@geocities.jp
602,Alex,Garza,agarzagp@sciencedaily.com
603,Starlin,Jarrold,sjarroldgq@ow.ly
604,Shaun,Whiten,swhitengr@cbc.ca
605,Kippar,Crackel,kcrackelgs@google.com.hk
606,Kathy,Dana,kdanagt@sphinn.com
607,Josey,Dowthwaite,jdowthwaitegu@biglobe.ne.jp
608,Gerda,Ocklin,gocklingv@etsy.com
609,Gael,Klemz,gklemzgw@oaic.gov.au
610,Luca,Loffel,lloffelgx@oakley.com
611,Vanny,Gaitskill,vgaitskillgy@wikia.com
612,Mina,Carnoghan,mcarnoghangz@freewebs.com
613,Lucio,Mahody,lmahodyh0@state.tx.us
614,Renae,Jepps,rjeppsh1@dropbox.com
615,Jeanna,Munro,jmunroh2@ucsd.edu
616,Gabe,Lamming,glammingh3@miibeian.gov.cn
617,Berni,Union,bunionh4@sciencedirect.com
618,Marje,Kirwin,mkirwinh5@gnu.org
619,Allis,Bursnall,abursnallh6@cargocollective.com
620,Aretha,Gostling,agostlingh7@ox.ac.uk
621,Lola,Cowdry,lcowdryh8@timesonline.co.uk
622,Catherin,Copcutt,ccopcutth9@comcast.net
623,Lizbeth,Oxborough,loxboroughha@themeforest.net
624,Peirce,Brookes,pbrookeshb@homestead.com
625,Nickie,Stollenhof,nstollenhofhc@thetimes.co.uk
626,Brewster,Houten,bhoutenhd@photobucket.com
627,Bunny,Josh,bjoshhe@deliciousdays.com
628,Denney,Cockle,dcocklehf@fastcompany.com
629,Alyse,Gallone,agallonehg@webmd.com
630,Zacharie,Bettanay,zbettanayhh@amazon.co.jp
631,Ronnica,Patkin,rpatkinhi@zdnet.com
632,Doralynn,Lound,dloundhj@51.la
633,Alexandr,Djekic,adjekichk@github.io
634,Clementia,Heisham,cheishamhl@ebay.co.uk
635,Sandro,Hankinson,shankinsonhm@thetimes.co.uk
636,Arleta,Bengtsen,abengtsenhn@prweb.com
637,Cello,Dollimore,cdollimoreho@freewebs.com
638,Anton,Clerk,aclerkhp@a8.net
639,Daisey,Dowsett,ddowsetthq@dailymail.co.uk
640,Timothee,Sline,tslinehr@cafepress.com
641,Spenser,Gueny,sguenyhs@ox.ac.uk
642,Cross,Ostick,costickht@flickr.com
643,Eberhard,Piff,epiffhu@marketwatch.com
644,Calida,Benoiton,cbenoitonhv@google.co.jp
645,Mina,Merritt,mmerritthw@tripod.com
646,Dniren,Barstow,dbarstowhx@cpanel.net
647,Carie,Mc Corley,cmccorleyhy@taobao.com
648,Rhianna,Breissan,rbreissanhz@meetup.com
649,Jeremy,Coraini,jcorainii0@ask.com
650,Lani,MacDermand,lmacdermandi1@simplemachines.org
651,Morganne,Sackey,msackeyi2@mac.com
652,Pauline,Collishaw,pcollishawi3@myspace.com
653,Ansell,Brownrigg,abrownriggi4@imgur.com
654,Roanne,Mulhall,rmulhalli5@fotki.com
655,Virginie,Orgel,vorgeli6@washington.edu
656,Estevan,De Witt,edewitti7@sbwire.com
657,Rochelle,Bulfoot,rbulfooti8@symantec.com
658,Reinald,Kroin,rkroini9@state.gov
659,Hertha,Stammler,hstammleria@paypal.com
660,Abel,Provis,aprovisib@icio.us
661,Sandie,Nelhams,snelhamsic@webnode.com
662,Adamo,Paulusch,apauluschid@is.gd
663,Barbie,Densun,bdensunie@globo.com
664,Sapphire,Rubenov,srubenovif@ifeng.com
665,Dyann,Girardi,dgirardiig@geocities.jp
666,Winfield,Maudling,wmaudlingih@alibaba.com
667,Lucille,Bewsey,lbewseyii@issuu.com
668,Dorthy,Groucutt,dgroucuttij@columbia.edu
669,Curcio,Beri,cberiik@spotify.com
670,Claudina,Visick,cvisickil@printfriendly.com
671,Helene,Cuerda,hcuerdaim@freewebs.com
672,Alethea,Snalom,asnalomin@topsy.com
673,Malinde,Pegram,mpegramio@example.com
674,Cash,Liebmann,cliebmannip@reverbnation.com
675,Giusto,Roxburgh,groxburghiq@nps.gov
676,Bendix,Skirling,bskirlingir@microsoft.com
677,Marin,Lilleman,mlillemanis@weibo.com
678,Isidora,Peyzer,ipeyzerit@odnoklassniki.ru
679,Erastus,Leyninye,eleyninyeiu@loc.gov
680,Yancey,Blucher,yblucheriv@rediff.com
681,Jobye,Di Filippo,jdifilippoiw@amazon.co.jp
682,Gradeigh,Lincoln,glincolnix@paypal.com
683,Ester,Kellick,ekellickiy@nifty.com
684,Ned,Ruckledge,nruckledgeiz@miitbeian.gov.cn
685,Ruth,Prichet,rprichetj0@mayoclinic.com
686,Poul,Szubert,pszubertj1@ca.gov
687,Augustus,Klainman,aklainmanj2@printfriendly.com
688,Isabella,Jex,ijexj3@dot.gov
689,Therese,Gerard,tgerardj4@t.co
690,Shelly,Wratten,swrattenj5@wikimedia.org
691,Ian,Lythgoe,ilythgoej6@wufoo.com
692,Olav,Snartt,osnarttj7@hexun.com
693,Wes,Tideswell,wtideswellj8@mac.com
694,Mercie,Tainton,mtaintonj9@themeforest.net
695,Odo,Maulden,omauldenja@google.cn
696,Dougy,Aldren,daldrenjb@google.it
697,Horst,Pitford,hpitfordjc@wikimedia.org
698,Barney,Linne,blinnejd@printfriendly.com
699,Elva,Simonsen,esimonsenje@arstechnica.com
700,Melvyn,Broadberrie,mbroadberriejf@soundcloud.com
701,Janith,Bielfeldt,jbielfeldtjg@homestead.com
702,Justine,Hellmer,jhellmerjh@nba.com
703,Jacintha,Parkyns,jparkynsji@amazonaws.com
704,Allister,McDougal,amcdougaljj@wunderground.com
705,Chrisy,Gilberthorpe,cgilberthorpejk@ibm.com
706,Bertine,Haylett,bhaylettjl@odnoklassniki.ru
707,Les,Goodband,lgoodbandjm@discuz.net
708,Jana,Lea,jleajn@webmd.com
709,Modesta,Capnor,mcapnorjo@house.gov
710,Torrey,Vignal,tvignaljp@ca.gov
711,Gearard,Papa,gpapajq@bbb.org
712,Verge,Scarratt,vscarrattjr@bbb.org
713,Butch,Salery,bsaleryjs@dagondesign.com
714,Codee,Clymer,cclymerjt@statcounter.com
715,Ambrosius,Backes,abackesju@forbes.com
716,Carline,Orr,corrjv@php.net
717,Jemmie,Ryburn,jryburnjw@gizmodo.com
718,Yard,D'Aubney,ydaubneyjx@ebay.com
719,Lyndy,Extall,lextalljy@fotki.com
720,Dorey,Olekhov,dolekhovjz@gravatar.com
721,Dorothy,Shimman,dshimmank0@elpais.com
722,Gabriela,Buchan,gbuchank1@state.gov
723,Mellisa,Ramble,mramblek2@fotki.com
724,Sissy,Liffey,sliffeyk3@discuz.net
725,Dukey,Childs,dchildsk4@studiopress.com
726,Stearn,Hevey,sheveyk5@ycombinator.com
727,Tynan,McGettrick,tmcgettrickk6@purevolume.com
728,Manya,Ussher,mussherk7@constantcontact.com
729,Freda,Glencorse,fglencorsek8@vimeo.com
730,Kristoffer,Holdey,kholdeyk9@rediff.com
731,Ida,Rosenbaum,irosenbaumka@foxnews.com
732,Itch,Coughlin,icoughlinkb@mashable.com
733,Nevins,Ryde,nrydekc@ft.com
734,Thibaut,Capaldo,tcapaldokd@google.cn
735,Ragnar,Mc Combe,rmccombeke@ning.com
736,Evelyn,Standbridge,estandbridgekf@senate.gov
737,Harris,Getcliff,hgetcliffkg@biblegateway.com
738,Levey,Cansdall,lcansdallkh@edublogs.org
739,Ladonna,Milksop,lmilksopki@ask.com
740,Sharona,Stanmer,sstanmerkj@time.com
741,Anatola,Rastall,arastallkk@discuz.net
742,Melessa,Hadaway,mhadawaykl@tumblr.com
743,Rachele,Diano,rdianokm@icq.com
744,Dag,Monelle,dmonellekn@nbcnews.com
745,Gina,Clue,gclueko@t.co
746,Lynda,Youd,lyoudkp@liveinternet.ru
747,Dilan,Mc Caughan,dmccaughankq@cbsnews.com
748,Jeffie,Mantripp,jmantrippkr@livejournal.com
749,Robbyn,Pargent,rpargentks@theatlantic.com
750,Hamid,Lainton,hlaintonkt@yahoo.co.jp
751,Gerek,McKinless,gmckinlessku@whitehouse.gov
752,Esdras,Markey,emarkeykv@ted.com
753,Sibby,Gittins,sgittinskw@techcrunch.com
754,Stefa,Verriour,sverriourkx@cnbc.com
755,Dmitri,Ruzek,druzekky@apple.com
756,Emily,Keightley,ekeightleykz@youtu.be
757,Chev,Greave,cgreavel0@abc.net.au
758,Marice,Everson,meversonl1@infoseek.co.jp
759,Dorette,Colmore,dcolmorel2@prlog.org
760,Leigh,Tabourel,ltabourell3@instagram.com
761,Tadeas,Jobbing,tjobbingl4@abc.net.au
762,Phedra,Bucklan,pbucklanl5@friendfeed.com
763,Carlie,Fowlds,cfowldsl6@harvard.edu
764,Tailor,Hickenbottom,thickenbottoml7@rambler.ru
765,Graig,Iwanowicz,giwanowiczl8@aboutads.info
766,Janey,Sywell,jsywelll9@kickstarter.com
767,Wanda,Harrold,wharroldla@sohu.com
768,Kessiah,Dinjes,kdinjeslb@gmpg.org
769,Raff,Restieaux,rrestieauxlc@cbc.ca
770,Consuelo,Bloxsum,cbloxsumld@dion.ne.jp
771,Pepillo,Latehouse,platehousele@newsvine.com
772,Lianne,McTavish,lmctavishlf@goo.ne.jp
773,Darcy,Shillitoe,dshillitoelg@jigsy.com
774,Darell,Sloane,dsloanelh@prlog.org
775,Bethena,Aggs,baggsli@mozilla.com
776,Jason,Edmeades,jedmeadeslj@phpbb.com
777,Delano,Sommer,dsommerlk@wunderground.com
778,Clary,Rosenbaum,crosenbaumll@hp.com
779,Worth,Bergstram,wbergstramlm@shinystat.com
780,Dukie,Pardew,dpardewln@mayoclinic.com
781,Mechelle,Vaughan-Hughes,mvaughanhugheslo@cnn.com
782,Candide,Shelborne,cshelbornelp@symantec.com
783,Matti,Reimer,mreimerlq@comsenz.com
784,Demetris,Josskoviz,djosskovizlr@naver.com
785,Danny,Mearns,dmearnsls@odnoklassniki.ru
786,Devan,Thorndale,dthorndalelt@xrea.com
787,Darla,Clethro,dclethrolu@scribd.com
788,Martina,Cordsen,mcordsenlv@npr.org
789,Diana,Blondell,dblondelllw@gmpg.org
790,Rhiamon,Fairham,rfairhamlx@imgur.com
791,Moore,Camus,mcamusly@webeden.co.uk
792,Simone,Belden,sbeldenlz@google.fr
793,Marillin,Poxton,mpoxtonm0@dot.gov
794,Goldi,Djekic,gdjekicm1@printfriendly.com
795,Mel,Ayris,mayrism2@youku.com
796,Grata,Cowtherd,gcowtherdm3@springer.com
797,Harrison,Stanyland,hstanylandm4@desdev.cn
798,Yoko,Ouchterlony,youchterlonym5@blog.com
799,Kellen,Dansey,kdanseym6@ycombinator.com
800,Orren,O'Carran,oocarranm7@mashable.com
801,Melisent,Patesel,mpateselm8@youtu.be
802,Karyl,Evitts,kevittsm9@nbcnews.com
803,Son,Keers,skeersma@geocities.jp
804,Douglass,Lehemann,dlehemannmb@amazonaws.com
805,Sergei,Navaro,snavaromc@theatlantic.com
806,Sioux,Brenard,sbrenardmd@bandcamp.com
807,Matthaeus,McMackin,mmcmackinme@cyberchimps.com
808,Micky,Casale,mcasalemf@photobucket.com
809,Jacinta,Ruggier,jruggiermg@mediafire.com
810,Chicky,Radbond,cradbondmh@about.com
811,Albina,Godon,agodonmi@naver.com
812,York,Harradence,yharradencemj@nifty.com
813,Teador,Anstie,tanstiemk@naver.com
814,Vonny,Nevitt,vnevittml@army.mil
815,Reena,Edser,redsermm@parallels.com
816,Ephrem,Bills,ebillsmn@china.com.cn
817,Fleurette,Wastall,fwastallmo@jiathis.com
818,Selene,Dubs,sdubsmp@nifty.com
819,Abbott,Phelp,aphelpmq@chron.com
820,Robbert,Hamblin,rhamblinmr@mayoclinic.com
821,Lonnard,Monkhouse,lmonkhousems@narod.ru
822,Misti,Gabbot,mgabbotmt@miitbeian.gov.cn
823,Durward,Jope,djopemu@china.com.cn
824,Livy,Shapiro,lshapiromv@yelp.com
825,Trude,Clemson,tclemsonmw@harvard.edu
826,Annis,Bretelle,abretellemx@kickstarter.com
827,Lock,Tootell,ltootellmy@sitemeter.com
828,Yule,Boniface,ybonifacemz@mit.edu
829,Jimmie,Demicoli,jdemicolin0@ebay.co.uk
830,Sammy,Freear,sfreearn1@stumbleupon.com
831,Adora,Goater,agoatern2@ucsd.edu
832,Jerrylee,Dumbarton,jdumbartonn3@ezinearticles.com
833,Wilbert,Musgrove,wmusgroven4@prlog.org
834,Cassondra,Powrie,cpowrien5@dedecms.com
835,Pooh,Roughey,prougheyn6@wikipedia.org
836,Hayward,Grimoldby,hgrimoldbyn7@typepad.com
837,Drucy,Boow,dboown8@technorati.com
838,Ibbie,Whittle,iwhittlen9@sbwire.com
839,Jacqui,Egel,jegelna@aboutads.info
840,Reginauld,Salters,rsaltersnb@booking.com
841,Spike,Sonschein,ssonscheinnc@umich.edu
842,Husein,Whiffen,hwhiffennd@canalblog.com
843,Riccardo,Hasnip,rhasnipne@weebly.com
844,Odey,Creggan,ocreggannf@livejournal.com
845,Dominic,Aggott,daggottng@usatoday.com
846,Sissy,Losano,slosanonh@amazon.com
847,Britt,Pinder,bpinderni@slate.com
848,Susann,McCaughey,smccaugheynj@cam.ac.uk
849,Jethro,McCrann,jmccrannnk@economist.com
850,Allison,Bartolomeotti,abartolomeottinl@nature.com
851,Christoph,McMarquis,cmcmarquisnm@foxnews.com
852,Hugh,Plaschke,hplaschkenn@multiply.com
853,Arni,Klosa,aklosano@free.fr
854,Opaline,Raynard,oraynardnp@booking.com
855,Gene,Buret,gburetnq@arstechnica.com
856,Daniele,Fleay,dfleaynr@jalbum.net
857,Raddy,Trafford,rtraffordns@telegraph.co.uk
858,Una,De Beneditti,udebenedittint@nyu.edu
859,Hanna,Attenbrow,hattenbrownu@gmpg.org
860,Roley,Studd,rstuddnv@dedecms.com
861,Gallard,Penton,gpentonnw@sakura.ne.jp
862,Glenn,Akess,gakessnx@bravesites.com
863,Marcia,Suddards,msuddardsny@google.com.hk
864,Rube,Giorgione,rgiorgionenz@merriam-webster.com
865,Feodora,Jamson,fjamsono0@wiley.com
866,Elvyn,Akeherst,eakehersto1@bloglovin.com
867,Merci,Ledekker,mledekkero2@apache.org
868,Marabel,Javes,mjaveso3@sogou.com
869,Shell,Mattusevich,smattusevicho4@multiply.com
870,Miner,Manuely,mmanuelyo5@google.pl
871,Jase,Player,jplayero6@wikispaces.com
872,Corrie,Tring,ctringo7@europa.eu
873,Elwyn,Decayette,edecayetteo8@google.de
874,Sebastian,Bechley,sbechleyo9@google.ru
875,Lorilyn,Joutapavicius,ljoutapaviciusoa@house.gov
876,Colman,Welbelove,cwelbeloveob@time.com
877,Sarene,Wife,swifeoc@simplemachines.org
878,Jane,Heggison,jheggisonod@ow.ly
879,Delilah,Geharke,dgeharkeoe@studiopress.com
880,Jenna,Broschke,jbroschkeof@ask.com
881,Elsbeth,Whiten,ewhitenog@ox.ac.uk
882,Austin,Ormistone,aormistoneoh@cbslocal.com
883,Olenolin,Flacknell,oflacknelloi@addtoany.com
884,Filippa,Halbard,fhalbardoj@dailymotion.com
885,Clareta,Barron,cbarronok@jigsy.com
886,Seward,Vaneschi,svaneschiol@sitemeter.com
887,Sherm,Locarno,slocarnoom@xrea.com
888,Gage,Peddel,gpeddelon@un.org
889,Kari,Rosenfield,krosenfieldoo@github.io
890,Lynda,Lambertini,llambertiniop@indiatimes.com
891,Barrie,Boulger,bboulgeroq@msu.edu
892,Wat,Asch,waschor@adobe.com
893,Evie,Clery,ecleryos@youku.com
894,Farica,Allder,fallderot@infoseek.co.jp
895,Godard,Falshaw,gfalshawou@angelfire.com
896,Simone,Gierhard,sgierhardov@mayoclinic.com
897,Adriaens,Leger,alegerow@photobucket.com
898,Petunia,De Maine,pdemaineox@chronoengine.com
899,Dav,Baudy,dbaudyoy@cornell.edu
900,Bevon,Rodenburg,brodenburgoz@sphinn.com
901,Jesse,Mattiato,jmattiatop0@is.gd
902,Jesus,Jarad,jjaradp1@wordpress.com
903,Melisent,Artois,martoisp2@imgur.com
904,Hedda,Bingell,hbingellp3@dion.ne.jp
905,Ogdan,Geering,ogeeringp4@huffingtonpost.com
906,Dulcine,Farryan,dfarryanp5@walmart.com
907,Katharine,Fulmen,kfulmenp6@webeden.co.uk
908,D'arcy,Gedge,dgedgep7@google.fr
909,Brnaba,Tarbet,btarbetp8@oracle.com
910,Thornie,Burgon,tburgonp9@upenn.edu
911,Ringo,Mustard,rmustardpa@xing.com
912,Mathew,Scholcroft,mscholcroftpb@imdb.com
913,Darlleen,Lewcock,dlewcockpc@state.tx.us
914,Renee,Kolakowski,rkolakowskipd@fema.gov
915,Olimpia,Jouhan,ojouhanpe@accuweather.com
916,Fan,Merton,fmertonpf@chronoengine.com
917,Wernher,Dedman,wdedmanpg@studiopress.com
918,Tiffany,Colebrook,tcolebrookph@google.co.jp
919,Gennifer,Streetley,gstreetleypi@symantec.com
920,Modesty,Kem,mkempj@shop-pro.jp
921,Gwendolin,Skeech,gskeechpk@unesco.org
922,Reggie,Troctor,rtroctorpl@who.int
923,Roma,Bingley,rbingleypm@list-manage.com
924,Egan,Sheehan,esheehanpn@woothemes.com
925,Witty,Cone,wconepo@elegantthemes.com
926,Lynn,Dowzell,ldowzellpp@elpais.com
927,Sammy,Lamplugh,slamplughpq@cam.ac.uk
928,Kelly,Osbaldeston,kosbaldestonpr@canalblog.com
929,Haydon,McMurraya,hmcmurrayaps@plala.or.jp
930,Marigold,Challenor,mchallenorpt@seesaa.net
931,Faina,Troyes,ftroyespu@twitpic.com
932,Simona,Aleksankin,saleksankinpv@time.com
933,Hannis,Ladson,hladsonpw@deliciousdays.com
934,Molli,Birwhistle,mbirwhistlepx@usgs.gov
935,Stormi,Sphinxe,ssphinxepy@histats.com
936,Martica,Thomazin,mthomazinpz@w3.org
937,Gonzalo,Rean,greanq0@wiley.com
938,Curr,Cahn,ccahnq1@domainmarket.com
939,Dniren,Rowen,drowenq2@bluehost.com
940,Pennie,Gauler,pgaulerq3@hubpages.com
941,Constance,Francesconi,cfrancesconiq4@google.it
942,Jerrilee,Pinn,jpinnq5@dot.gov
943,Udale,Yven,uyvenq6@clickbank.net
944,Laurene,Water,lwaterq7@wp.com
945,Egbert,Lavrick,elavrickq8@auda.org.au
946,Daron,Benmore,dbenmoreq9@google.ca
947,Corinne,Rivlin,crivlinqa@usa.gov
948,Amalle,Ben,abenqb@disqus.com
949,Glad,McKevany,gmckevanyqc@google.it
950,Jenine,Priddle,jpriddleqd@princeton.edu
951,Brandi,Gillott,bgillottqe@icq.com
952,Eal,Peron,eperonqf@hugedomains.com
953,Georas,Dominicacci,gdominicacciqg@addtoany.com
954,Ermanno,Swainger,eswaingerqh@shop-pro.jp
955,Gabrielle,Giorgioni,ggiorgioniqi@seattletimes.com
956,Jude,Buret,jburetqj@storify.com
957,Crystal,Lince,clinceqk@jimdo.com
958,Ferdy,Clow,fclowql@newyorker.com
959,Corny,Sarath,csarathqm@wp.com
960,Dorette,Showl,dshowlqn@theguardian.com
961,Halimeda,Gaynes,hgaynesqo@technorati.com
962,Bjorn,Robez,brobezqp@eventbrite.com
963,Waring,Fillimore,wfillimoreqq@mysql.com
964,Rick,Castaner,rcastanerqr@apple.com
965,Korrie,Huke,khukeqs@barnesandnoble.com
966,Ervin,Stair,estairqt@java.com
967,Boonie,Guiducci,bguiducciqu@pagesperso-orange.fr
968,Ty,Doumenc,tdoumencqv@soundcloud.com
969,Martino,Westcarr,mwestcarrqw@accuweather.com
970,Sybille,Phebee,sphebeeqx@nba.com
971,Ario,Fawltey,afawlteyqy@jimdo.com
972,Agnese,Leggis,aleggisqz@printfriendly.com
973,Monti,Ogles,moglesr0@123-reg.co.uk
974,Sibel,Bestwick,sbestwickr1@bloglovin.com
975,Laureen,De Maine,ldemainer2@hubpages.com
976,Luz,Gallehock,lgallehockr3@cmu.edu
977,Nickola,Bradder,nbradderr4@telegraph.co.uk
978,Broderic,Laban,blabanr5@google.co.uk
979,Mikey,Kulas,mkulasr6@csmonitor.com
980,Chrissie,Duny,cdunyr7@g.co
981,Lonni,Kleinerman,lkleinermanr8@digg.com
982,Kati,Colkett,kcolkettr9@wunderground.com
983,Hedvige,Marriott,hmarriottra@nymag.com
984,Brandie,Alker,balkerrb@netscape.com
985,Waite,Coleby,wcolebyrc@e-recht24.de
986,Ettie,Leverage,eleveragerd@prlog.org
987,Sutton,Brogden,sbrogdenre@kickstarter.com
988,Marv,Bambridge,mbambridgerf@altervista.org
989,Chandra,Knapp,cknapprg@ucsd.edu
990,Torrance,Tomkiss,ttomkissrh@addtoany.com
991,Albie,Drysdall,adrysdallri@springer.com
992,Lisle,Pleass,lpleassrj@bravesites.com
993,Giustina,Mingey,gmingeyrk@nationalgeographic.com
994,Caye,Bleakley,cbleakleyrl@nbcnews.com
995,Joice,O'Canavan,jocanavanrm@columbia.edu
996,Kennan,Gleder,kglederrn@exblog.jp
997,Talyah,Readman,treadmanro@hibu.com
998,Archy,MacBean,amacbeanrp@github.com
999,Arvie,Rouby,aroubyrq@4shared.com
1000,Davidde,Sarchwell,dsarchwellrr@qq.com
