first_name,last_name,email
Nelle,Attaway,nattaway0@wikimedia.org
Yolanthe,Twidale,ytwidale1@google.com
Husein,Bockett,hbockett2@1688.com
Rosabelle,Davidou,rdavidou3@soup.io
Ryun,Bramelt,rbramelt4@blog.com
Sonny,Donson,sdonson5@samsung.com
Evvy,Mastrantone,emastrantone6@delicious.com
Elisha,Heinz,eheinz7@sohu.com
Lorianna,Cortnay,lcortnay8@hp.com
Ally,Rockall,arockall9@mail.ru
Jonie,Manuelli,jmanuellia@yellowbook.com
Wallie,Mewburn,wmewburnb@earthlink.net
Claudell,Glaysher,cglaysherc@icio.us
Jayne,O'Lennachain,jolennachaind@lycos.com
Ashien,Lange,alangee@de.vu
Gannon,Narrie,gnarrief@wp.com
Carline,Pirolini,cpirolinig@scientificamerican.com
Petronella,Dixcee,pdixceeh@irs.gov
Dannie,Suff,dsuffi@ovh.net
Morissa,Grisewood,mgrisewoodj@bravesites.com
Gerard,Mosten,gmostenk@123-reg.co.uk
Angelica,Rudwell,arudwelll@canalblog.com
Maris,Tranfield,mtranfieldm@fda.gov
Anette,Philcock,aphilcockn@php.net
Hilly,Kelledy,hkelledyo@apple.com
Charissa,Filyaev,cfilyaevp@go.com
Dougie,Dinning,ddinningq@alexa.com
Neddie,Valsler,nvalslerr@omniture.com
Courtenay,Uttridge,cuttridges@live.com
Barton,Kumar,bkumart@prnewswire.com
Valerye,Schindler,vschindleru@istockphoto.com
Rosita,Dust,rdustv@amazon.co.jp
Lynda,Petrishchev,lpetrishchevw@domainmarket.com
Elyn,Tregidga,etregidgax@networksolutions.com
Richmond,Zanicchelli,rzanicchelliy@rediff.com
Alli,Stopps,astoppsz@people.com.cn
Babb,Harhoff,bharhoff10@purevolume.com
Hanson,Fawcett,hfawcett11@gmpg.org
Sanders,Fuggle,sfuggle12@foxnews.com
Lukas,Timbridge,ltimbridge13@msu.edu
Cleopatra,Griffitts,cgriffitts14@pcworld.com
Cello,Andreini,candreini15@ebay.com
Gertruda,Burford,gburford16@baidu.com
Jamima,Fruish,jfruish17@nature.com
Carole,Dougher,cdougher18@sbwire.com
Otha,Andrin,oandrin19@hc360.com
Claudianus,Carlisi,ccarlisi1a@xinhuanet.com
Sauveur,Kember,skember1b@house.gov
Staci,De La Salle,sdelasalle1c@dyndns.org
Elwin,O'Nowlan,eonowlan1d@chron.com
Isaiah,Baudesson,ibaudesson1e@amazon.co.jp
Alejandrina,Colomb,acolomb1f@addthis.com
Pancho,Hiland,philand1g@stumbleupon.com
Dun,Searby,dsearby1h@economist.com
Lelah,Reggler,lreggler1i@g.co
Dalston,Skuse,dskuse1j@buzzfeed.com
Eldredge,Ambrogetti,eambrogetti1k@mlb.com
Nolie,Gerwood,ngerwood1l@devhub.com
Bernadine,Dibbin,bdibbin1m@slideshare.net
Kimberly,Dawton,kdawton1n@theglobeandmail.com
Sabine,Moquin,smoquin1o@washingtonpost.com
Kimberley,Farnie,kfarnie1p@paginegialle.it
Terri,Delagua,tdelagua1q@geocities.jp
Margret,Huson,mhuson1r@mac.com
Cybil,Rabbet,crabbet1s@canalblog.com
Dela,Leaburn,dleaburn1t@facebook.com
Prentice,Wellstood,pwellstood1u@latimes.com
Ardine,Ousby,aousby1v@etsy.com
Josefina,Pie,jpie1w@timesonline.co.uk
Erasmus,Spoole,espoole1x@microsoft.com
Cate,Ibbeson,cibbeson1y@google.ca
Dulci,Cornillot,dcornillot1z@sina.com.cn
Doyle,Runcie,druncie20@blinklist.com
Baxie,Kennsley,bkennsley21@shinystat.com
Rikki,Butterworth,rbutterworth22@live.com
Vanessa,Tyas,vtyas23@simplemachines.org
Chrissie,Lucey,clucey24@wikia.com
Margalit,Berisford,mberisford25@cnbc.com
Currie,Devitt,cdevitt26@is.gd
Dylan,Padefield,dpadefield27@vimeo.com
Gerome,Kivelle,gkivelle28@devhub.com
Audie,Speares,aspeares29@rakuten.co.jp
Valentine,Dislee,vdislee2a@phoca.cz
Harris,Stelli,hstelli2b@google.it
Lenora,Harrald,lharrald2c@about.me
Nikolaos,Mighele,nmighele2d@rambler.ru
Alasdair,Rubra,arubra2e@surveymonkey.com
Burt,Woodwing,bwoodwing2f@altervista.org
Adler,Hutcheson,ahutcheson2g@patch.com
Carena,O'Donohue,codonohue2h@freewebs.com
Berget,Ayshford,bayshford2i@sogou.com
Norman,Panketh,npanketh2j@craigslist.org
Alisha,Dykins,adykins2k@youtu.be
Roberto,Roe,rroe2l@webnode.com
Massimo,Posvner,mposvner2m@vistaprint.com
Woodman,Shinton,wshinton2n@about.me
Raven,Shortell,rshortell2o@comcast.net
Erv,Dmtrovic,edmtrovic2p@gnu.org
Stanford,Spilstead,sspilstead2q@howstuffworks.com
Cyril,Brazil,cbrazil2r@amazon.com
Dode,Lugden,dlugden2s@blogs.com
Vanya,Doby,vdoby2t@hostgator.com
Mella,Bunten,mbunten2u@usa.gov
Bondie,Erskin,berskin2v@washington.edu
Jerrilyn,Tomasek,jtomasek2w@elpais.com
Matthus,Hexter,mhexter2x@cnn.com
Tracee,Van der Kruis,tvanderkruis2y@goo.ne.jp
Loy,Josef,ljosef2z@51.la
Tabbi,Bromell,tbromell30@pbs.org
Shermy,Vanyard,svanyard31@purevolume.com
Andra,Densumbe,adensumbe32@netlog.com
Cathee,Simes,csimes33@noaa.gov
Alfy,Pawlicki,apawlicki34@howstuffworks.com
Marika,Blance,mblance35@army.mil
Ruttger,Opie,ropie36@scribd.com
Nani,Quarry,nquarry37@bloglovin.com
Bathsheba,Vigar,bvigar38@alibaba.com
Poul,Ameer-Beg,pameerbeg39@cnet.com
Minta,Pecht,mpecht3a@economist.com
Candi,Cashman,ccashman3b@pinterest.com
Andy,Hambleton,ahambleton3c@nba.com
Pepillo,Munkley,pmunkley3d@mac.com
Grover,Cheesworth,gcheesworth3e@elegantthemes.com
Nester,Melmoth,nmelmoth3f@altervista.org
Wilhelm,Ullyott,wullyott3g@virginia.edu
Woody,Dries,wdries3h@bloomberg.com
Mic,Feige,mfeige3i@printfriendly.com
Jonathon,Pirolini,jpirolini3j@baidu.com
Parrnell,Bauckham,pbauckham3k@domainmarket.com
Arlette,VanBrugh,avanbrugh3l@fc2.com
Silvano,Helder,shelder3m@princeton.edu
Cristabel,Baudinelli,cbaudinelli3n@paginegialle.it
Cosme,Doud,cdoud3o@cyberchimps.com
Pate,McCallam,pmccallam3p@163.com
Kayle,Matteotti,kmatteotti3q@reuters.com
Lauraine,Stroulger,lstroulger3r@google.co.uk
Fianna,Kullmann,fkullmann3s@house.gov
Elise,Stallon,estallon3t@meetup.com
Torrence,Eason,teason3u@imageshack.us
Whittaker,Tunnacliffe,wtunnacliffe3v@china.com.cn
Gaylor,Chorley,gchorley3w@163.com
Marena,Fairfoot,mfairfoot3x@cnet.com
Marlene,Jerschke,mjerschke3y@phpbb.com
Perl,Krop,pkrop3z@netlog.com
Irene,Berens,iberens40@yahoo.com
Halsy,Irving,hirving41@bizjournals.com
Melesa,Alpin,malpin42@nps.gov
Corby,Thornhill,cthornhill43@surveymonkey.com
Courtnay,Marzella,cmarzella44@ox.ac.uk
Jonas,Medler,jmedler45@friendfeed.com
Stoddard,Brandenburg,sbrandenburg46@examiner.com
Rabbi,Kleuer,rkleuer47@shop-pro.jp
Kaycee,Maskrey,kmaskrey48@last.fm
Emmit,Littlefield,elittlefield49@rediff.com
Bobette,Teasey,bteasey4a@ft.com
Allianora,Downe,adowne4b@reverbnation.com
Donny,Leech,dleech4c@sakura.ne.jp
Miguelita,Iskowicz,miskowicz4d@nsw.gov.au
Bobby,Lapre,blapre4e@yellowbook.com
Rachel,Reboulet,rreboulet4f@guardian.co.uk
Giraud,Nicolson,gnicolson4g@mediafire.com
Mateo,Haxbie,mhaxbie4h@rediff.com
Tybalt,Bulfoy,tbulfoy4i@nih.gov
Tami,Haddleston,thaddleston4j@google.nl
Georgianne,Laker,glaker4k@usatoday.com
Lowe,Playle,lplayle4l@fda.gov
Ricard,Perllman,rperllman4m@meetup.com
Grier,Monger,gmonger4n@macromedia.com
Edlin,Eley,eeley4o@google.com
Stillmann,Jarret,sjarret4p@ask.com
Zaneta,Barles,zbarles4q@buzzfeed.com
Abbye,Woolaghan,awoolaghan4r@tuttocitta.it
Alfreda,Bartolomeo,abartolomeo4s@mtv.com
Sharron,Bertelmot,sbertelmot4t@pbs.org
Eartha,Santus,esantus4u@eventbrite.com
Briana,Sedgwick,bsedgwick4v@bbc.co.uk
Nichols,Duplan,nduplan4w@edublogs.org
Purcell,Rany,prany4x@google.fr
Deanna,Booler,dbooler4y@wix.com
Cassandra,Dundredge,cdundredge4z@mlb.com
Brew,Laddle,bladdle50@so-net.ne.jp
Tonya,Lobe,tlobe51@mapy.cz
Bibbye,Le Claire,bleclaire52@merriam-webster.com
Gloriana,Crisell,gcrisell53@chron.com
Eugenie,Pietruszka,epietruszka54@digg.com
Sylvia,Doudny,sdoudny55@freewebs.com
Dorotea,Cornner,dcornner56@skyrock.com
Aluin,Slessor,aslessor57@omniture.com
Wildon,Toller,wtoller58@sogou.com
Osgood,Bosch,obosch59@nbcnews.com
Rich,Kliment,rkliment5a@mapy.cz
Pauly,Matasov,pmatasov5b@amazon.co.jp
Buffy,Quainton,bquainton5c@gov.uk
Britt,Newcomen,bnewcomen5d@google.de
Marris,Crowson,mcrowson5e@yellowpages.com
Jacklin,Vedenisov,jvedenisov5f@army.mil
Bellanca,Carpe,bcarpe5g@time.com
Reece,Pantridge,rpantridge5h@addtoany.com
Sherilyn,Sandwick,ssandwick5i@i2i.jp
Nikolos,Stittle,nstittle5j@clickbank.net
Elyssa,Toffel,etoffel5k@berkeley.edu
Clarabelle,Caves,ccaves5l@flavors.me
Amberly,McKelvie,amckelvie5m@ovh.net
Nickola,Dowe,ndowe5n@mozilla.com
Claire,Kibble,ckibble5o@oaic.gov.au
Ragnar,Tarplee,rtarplee5p@skype.com
Devora,Lidster,dlidster5q@home.pl
Adriana,Blankley,ablankley5r@eepurl.com
Daloris,Bushell,dbushell5s@dailymotion.com
Jory,Ronaghan,jronaghan5t@opera.com
Osborne,Denton,odenton5u@slideshare.net
Candice,Wherton,cwherton5v@upenn.edu
Jamie,Paniman,jpaniman5w@woothemes.com
Hale,Georgiev,hgeorgiev5x@redcross.org
Tulley,Aucock,taucock5y@comsenz.com
Rayner,Osipenko,rosipenko5z@ed.gov
Brita,Gallanders,bgallanders60@state.tx.us
Gwynne,Braidon,gbraidon61@comcast.net
Regen,Fenelow,rfenelow62@hexun.com
Margo,Fores,mfores63@ft.com
Maure,Gingold,mgingold64@godaddy.com
Lanna,Shaxby,lshaxby65@ehow.com
Jamill,Gazey,jgazey66@plala.or.jp
Pall,MacVay,pmacvay67@census.gov
Ilyse,Bonavia,ibonavia68@alexa.com
Lindsey,Cabrer,lcabrer69@bing.com
Benjie,Healings,bhealings6a@about.com
Caspar,Luciano,cluciano6b@qq.com
Dante,Floweth,dfloweth6c@ucsd.edu
Mendie,Jeens,mjeens6d@storify.com
Ruth,Bielby,rbielby6e@spiegel.de
Cammi,Yarnall,cyarnall6f@github.com
Clarance,Bravington,cbravington6g@vkontakte.ru
Waite,Allkins,wallkins6h@java.com
Issiah,McTrustrie,imctrustrie6i@howstuffworks.com
Angelia,Huyche,ahuyche6j@goo.ne.jp
Caresa,Spradbery,cspradbery6k@imgur.com
Cherie,Trevear,ctrevear6l@ameblo.jp
Damian,Lowseley,dlowseley6m@cbsnews.com
Michal,Hemeret,mhemeret6n@xing.com
Simonette,Belle,sbelle6o@ustream.tv
Mickie,Jurca,mjurca6p@spotify.com
Galina,Burness,gburness6q@cnbc.com
Costanza,Bandy,cbandy6r@smh.com.au
Doloritas,Ward,dward6s@businessweek.com
Haleigh,Dumingos,hdumingos6t@netlog.com
Christy,Falshaw,cfalshaw6u@over-blog.com
Wyn,Critcher,wcritcher6v@bloglovin.com
Gussi,Pol,gpol6w@miibeian.gov.cn
Alanah,Macvey,amacvey6x@washington.edu
Laurens,Gorusso,lgorusso6y@samsung.com
Stanwood,Alenin,salenin6z@vinaora.com
Harrie,Cuolahan,hcuolahan70@ucla.edu
Matty,Frissell,mfrissell71@irs.gov
Alex,Baumert,abaumert72@arstechnica.com
Mickie,McElane,mmcelane73@pagesperso-orange.fr
Jillane,Reeson,jreeson74@unicef.org
Tiffanie,McNalley,tmcnalley75@soundcloud.com
Hanni,Pigram,hpigram76@storify.com
Guenevere,Hackly,ghackly77@alibaba.com
Olav,Franz,ofranz78@seesaa.net
Vivien,Hyatt,vhyatt79@phpbb.com
Darnell,Rockwell,drockwell7a@dion.ne.jp
Winny,Rubinek,wrubinek7b@mail.ru
Lanni,Chantler,lchantler7c@acquirethisname.com
Melvyn,Click,mclick7d@nih.gov
Nadya,Rhydderch,nrhydderch7e@phoca.cz
Ingamar,Raden,iraden7f@epa.gov
Cecily,Meller,cmeller7g@google.nl
Dorian,Kettleson,dkettleson7h@ameblo.jp
Niels,Adamkiewicz,nadamkiewicz7i@ted.com
Rebeka,Ishaki,rishaki7j@eventbrite.com
Patrizio,Danson,pdanson7k@japanpost.jp
Gypsy,Haverson,ghaverson7l@cdbaby.com
Elston,Webb,ewebb7m@eventbrite.com
Linus,Insley,linsley7n@google.de
Christine,Stigger,cstigger7o@cbsnews.com
Ruperto,Trussman,rtrussman7p@upenn.edu
Meridel,Tindley,mtindley7q@google.pl
Rubia,Tappington,rtappington7r@photobucket.com
Michel,Raspison,mraspison7s@devhub.com
Sigismondo,Pozzo,spozzo7t@domainmarket.com
Lind,Halloran,lhalloran7u@sourceforge.net
Ellynn,Rippingall,erippingall7v@boston.com
Stacey,Peret,speret7w@vinaora.com
Erinna,McReynolds,emcreynolds7x@technorati.com
Yorker,Churcher,ychurcher7y@pinterest.com
Amalea,Lamperti,alamperti7z@blinklist.com
Claudia,Gepson,cgepson80@msu.edu
Heddi,Saint,hsaint81@ucoz.ru
Terrel,Cleverley,tcleverley82@state.tx.us
Faulkner,Landsborough,flandsborough83@dell.com
Travis,Yerrill,tyerrill84@bbc.co.uk
Vivienne,Suche,vsuche85@ocn.ne.jp
Carlene,Sandey,csandey86@un.org
Shani,Sykora,ssykora87@disqus.com
Lenora,Taynton,ltaynton88@spotify.com
Marlee,Rehn,mrehn89@amazon.co.uk
Carmina,Battin,cbattin8a@engadget.com
Britt,Idiens,bidiens8b@infoseek.co.jp
Tova,Barhems,tbarhems8c@xrea.com
Pia,Symson,psymson8d@people.com.cn
Anna-maria,Wannan,awannan8e@prlog.org
Rowena,Thomassen,rthomassen8f@timesonline.co.uk
Wit,Stirzaker,wstirzaker8g@theglobeandmail.com
Waverly,Sessuns,wsessuns8h@pcworld.com
Hanny,Plumbridge,hplumbridge8i@miitbeian.gov.cn
Joshuah,Bowater,jbowater8j@jigsy.com
Lorne,Cassels,lcassels8k@facebook.com
Nathalia,Geany,ngeany8l@home.pl
Alvan,Cowlam,acowlam8m@pbs.org
Ulrica,Staddom,ustaddom8n@friendfeed.com
Staffard,Tooth,stooth8o@unblog.fr
Fawne,Karpychev,fkarpychev8p@example.com
Rollins,Freestone,rfreestone8q@de.vu
Molly,Peatman,mpeatman8r@creativecommons.org
Bonnee,Scarse,bscarse8s@springer.com
Joye,Duchart,jduchart8t@google.com.br
Irwinn,Fell,ifell8u@nps.gov
Fionnula,Allanson,fallanson8v@google.ru
Hettie,Brierley,hbrierley8w@go.com
Andy,Suggate,asuggate8x@a8.net
Jan,Corrington,jcorrington8y@tumblr.com
Rora,Daglish,rdaglish8z@sina.com.cn
Lorrin,Humpherson,lhumpherson90@desdev.cn
Averell,Casewell,acasewell91@t-online.de
Leese,Facher,lfacher92@sakura.ne.jp
Stephan,Hacun,shacun93@canalblog.com
Powell,Garshore,pgarshore94@vistaprint.com
Bette-ann,Nodes,bnodes95@springer.com
Kaja,Jaquiss,kjaquiss96@buzzfeed.com
Jule,Tildesley,jtildesley97@cnn.com
Verine,Alyutin,valyutin98@pbs.org
Lyle,Dedrick,ldedrick99@netvibes.com
Clarabelle,Hammerberg,chammerberg9a@ted.com
Agneta,Gilchriest,agilchriest9b@mapquest.com
Deloria,Learned,dlearned9c@salon.com
Linnet,Matanin,lmatanin9d@scientificamerican.com
Mandel,Kybert,mkybert9e@answers.com
Jenine,Flecknoe,jflecknoe9f@google.com
Brandtr,Recher,brecher9g@squarespace.com
Uta,Syfax,usyfax9h@irs.gov
Simone,Posen,sposen9i@cdc.gov
Nissy,McKeating,nmckeating9j@odnoklassniki.ru
Gabe,Oliver,goliver9k@chicagotribune.com
Cliff,Stienton,cstienton9l@wix.com
Boyd,Ackland,backland9m@arstechnica.com
Iseabal,Cave,icave9n@posterous.com
Roseanna,Orange,rorange9o@ihg.com
Forster,Pleasance,fpleasance9p@huffingtonpost.com
Laverna,Chew,lchew9q@wired.com
Lory,Brimham,lbrimham9r@auda.org.au
Linda,Duffree,lduffree9s@delicious.com
Doralin,Bretherick,dbretherick9t@wiley.com
Reena,Castleton,rcastleton9u@dailymail.co.uk
Letisha,Valti,lvalti9v@europa.eu
Nadia,Demschke,ndemschke9w@nytimes.com
Dona,Morsom,dmorsom9x@dyndns.org
Akim,Grundon,agrundon9y@alibaba.com
Theresita,Shovlar,tshovlar9z@washington.edu
Antoine,Cloke,aclokea0@mysql.com
Agata,O' Hanvey,aohanveya1@intel.com
Ashlen,Greenshields,agreenshieldsa2@networkadvertising.org
Carney,Pioli,cpiolia3@cnet.com
Daffy,Biglin,dbiglina4@ebay.co.uk
Loreen,Meehan,lmeehana5@zimbio.com
Cristi,Kennon,ckennona6@cpanel.net
Kasey,Chaster,kchastera7@ucsd.edu
Gifford,Mackelworth,gmackelwortha8@springer.com
Derron,Spincks,dspincksa9@arizona.edu
Janice,Thursby,jthursbyaa@github.com
Carmine,Beveredge,cbeveredgeab@goo.ne.jp
Saleem,Van den Hof,svandenhofac@fema.gov
Boony,O'Bradane,bobradanead@earthlink.net
Mill,Udie,mudieae@geocities.com
Billye,Clouter,bclouteraf@networkadvertising.org
Mirna,Phythien,mphythienag@fastcompany.com
Rowen,MacCard,rmaccardah@paginegialle.it
Angel,Olphert,aolphertai@cafepress.com
Amalita,Humberston,ahumberstonaj@chicagotribune.com
Reeva,Abdie,rabdieak@jigsy.com
Kaye,Kopmann,kkopmannal@opera.com
Ronnie,Sedgemond,rsedgemondam@behance.net
Werner,Nibley,wnibleyan@squidoo.com
Lucias,January 1st,ljanuarystao@technorati.com
Faythe,Knowlson,fknowlsonap@sogou.com
Fransisco,Merrilees,fmerrileesaq@nifty.com
Giordano,Dowse,gdowsear@jiathis.com
Westleigh,Lindback,wlindbackas@pinterest.com
Gusty,Rutty,gruttyat@cdc.gov
Hart,Couves,hcouvesau@smugmug.com
Terrance,Pidon,tpidonav@wufoo.com
Flo,Pavlenko,fpavlenkoaw@wiley.com
Wrennie,Dewdney,wdewdneyax@ibm.com
Barret,Willcot,bwillcotay@prweb.com
Pietro,Ferne,pferneaz@rediff.com
Bailey,Raulstone,braulstoneb0@free.fr
Leonie,Kidman,lkidmanb1@creativecommons.org
Aggie,Gwalter,agwalterb2@mapquest.com
Vanessa,Newcome,vnewcomeb3@yolasite.com
Wiatt,Cardinal,wcardinalb4@marketwatch.com
Darcy,Gueste,dguesteb5@ed.gov
Johny,Brose,jbroseb6@google.cn
Erv,Doncaster,edoncasterb7@wufoo.com
Yovonnda,Maidstone,ymaidstoneb8@ow.ly
Aldon,Peppett,apeppettb9@cdc.gov
Lucita,Issakov,lissakovba@redcross.org
Paten,Benninger,pbenningerbb@ask.com
Hilde,Biddlecombe,hbiddlecombebc@g.co
Robinia,Verralls,rverrallsbd@chron.com
Waldemar,Juanes,wjuanesbe@washington.edu
Spenser,Sleep,ssleepbf@goodreads.com
Gerick,Whiffen,gwhiffenbg@wunderground.com
Francisca,Harwood,fharwoodbh@blinklist.com
Berne,MacKniely,bmacknielybi@networksolutions.com
Jasmine,Ivanchov,jivanchovbj@example.com
Elita,Charity,echaritybk@mapquest.com
Thaddus,Baytrop,tbaytropbl@timesonline.co.uk
Bengt,Lockyear,blockyearbm@simplemachines.org
Janina,Logg,jloggbn@sohu.com
Emily,Hooks,ehooksbo@flickr.com
Alexine,Whitters,awhittersbp@homestead.com
Rosetta,Devorill,rdevorillbq@cdbaby.com
Tonya,Silber,tsilberbr@twitpic.com
Vivyanne,Pascoe,vpascoebs@home.pl
Salvatore,Killby,skillbybt@wsj.com
Cacilia,Grioli,cgriolibu@pinterest.com
Milton,Forsdyke,mforsdykebv@etsy.com
Issi,Pach,ipachbw@skype.com
Benoite,Muckersie,bmuckersiebx@last.fm
Delly,Orehead,doreheadby@google.fr
Teddi,Carabine,tcarabinebz@sohu.com
Nels,Carmichael,ncarmichaelc0@tumblr.com
Terra,Maw,tmawc1@homestead.com
Gaylene,Tottman,gtottmanc2@dell.com
Dionne,Jakoubec,djakoubecc3@vistaprint.com
Kate,MacFarlane,kmacfarlanec4@businessweek.com
Cortney,Benito,cbenitoc5@symantec.com
Quillan,Seyers,qseyersc6@fastcompany.com
Cicily,Baldcock,cbaldcockc7@mtv.com
Isis,Caddy,icaddyc8@tuttocitta.it
Janeczka,Dukelow,jdukelowc9@deviantart.com
Fraser,Obington,fobingtonca@wikimedia.org
Olivero,Yardley,oyardleycb@cpanel.net
Dino,Swindall,dswindallcc@google.com.hk
Judith,Crush,jcrushcd@dailymail.co.uk
Saloma,Agnolo,sagnoloce@youku.com
Perry,Hockey,phockeycf@bloglines.com
Felike,Qualtro,fqualtrocg@ebay.com
Peggy,Spawton,pspawtonch@yellowpages.com
Millicent,Holde,mholdeci@woothemes.com
Val,Bulbeck,vbulbeckcj@printfriendly.com
Ibrahim,Moggach,imoggachck@slashdot.org
Stillman,Le Moucheux,slemoucheuxcl@taobao.com
Agustin,Jessen,ajessencm@dailymotion.com
Dorthea,Thorneley,dthorneleycn@multiply.com
Lacy,Thake,lthakeco@columbia.edu
Willa,Smiz,wsmizcp@163.com
Vita,Leser,vlesercq@tripod.com
Petronille,Viste,pvistecr@oaic.gov.au
Christabel,Pleming,cplemingcs@usatoday.com
Neile,Jedrych,njedrychct@ocn.ne.jp
Silvie,Marthen,smarthencu@webs.com
Ellene,MacGilfoyle,emacgilfoylecv@mit.edu
Artie,Dumphry,adumphrycw@illinois.edu
Correy,Bavester,cbavestercx@nyu.edu
Murvyn,Killen,mkillency@google.ca
Marylinda,Creus,mcreuscz@youtube.com
Brigham,Bronger,bbrongerd0@google.fr
Bernardo,Von Welden,bvonweldend1@noaa.gov
Shayne,Le-Good,slegoodd2@nba.com
Kippie,Bonfield,kbonfieldd3@weebly.com
Jarrid,Daily,jdailyd4@comcast.net
Gannon,MacFadin,gmacfadind5@blogspot.com
Redd,Espinoza,respinozad6@indiatimes.com
Johann,Crysell,jcryselld7@purevolume.com
Goran,Satterly,gsatterlyd8@constantcontact.com
Tallou,Cadlock,tcadlockd9@hubpages.com
Erskine,Ducker,educkerda@seesaa.net
Nell,Ceaplen,nceaplendb@goodreads.com
Zaccaria,Dobsons,zdobsonsdc@feedburner.com
Feodor,Canepe,fcanepedd@umn.edu
Chad,Bowgen,cbowgende@unc.edu
Jobey,Espadas,jespadasdf@com.com
Frayda,Gladdifh,fgladdifhdg@pen.io
Tyrone,Munsey,tmunseydh@amazon.co.uk
Ailene,Zealander,azealanderdi@reference.com
Elissa,Dudgeon,edudgeondj@va.gov
Sharona,Jacobsohn,sjacobsohndk@hubpages.com
Winfield,Khosa,wkhosadl@photobucket.com
Peadar,Quick,pquickdm@army.mil
Philomena,Bridgewater,pbridgewaterdn@dropbox.com
Forrest,Grindlay,fgrindlaydo@google.nl
Culley,Bocke,cbockedp@wp.com
Gussy,Enriquez,genriquezdq@redcross.org
Trixy,Cutmere,tcutmeredr@tripod.com
Sascha,Lidgertwood,slidgertwoodds@sohu.com
Francois,Coulter,fcoulterdt@vimeo.com
Kamillah,Rodders,kroddersdu@sakura.ne.jp
Bendicty,Harvett,bharvettdv@ning.com
Johnna,Phinnis,jphinnisdw@usda.gov
Marlon,Quainton,mquaintondx@opera.com
Kendall,Whitloe,kwhitloedy@microsoft.com
Dido,Bowe,dbowedz@opensource.org
Allayne,Milkin,amilkine0@geocities.com
Nicolea,Nassie,nnassiee1@over-blog.com
Porty,Jillions,pjillionse2@multiply.com
Lenna,Holburn,lholburne3@sakura.ne.jp
Baudoin,Gillbe,bgillbee4@barnesandnoble.com
Mischa,Clemanceau,mclemanceaue5@wordpress.com
Kara-lynn,Youthed,kyouthede6@washington.edu
Udall,Whines,uwhinese7@apple.com
Minny,Mountney,mmountneye8@google.ru
Kean,Laytham,klaythame9@miibeian.gov.cn
Marris,Roust,mroustea@tinyurl.com
Michael,Alan,malaneb@china.com.cn
Terry,Frantsev,tfrantsevec@discovery.com
Ivy,Pettett,ipettetted@globo.com
Monah,Paraman,mparamanee@seesaa.net
Elysee,O' Faherty,eofahertyef@spotify.com
Bernette,Nannini,bnanninieg@phoca.cz
Al,Heinle,aheinleeh@wikipedia.org
Sherrie,Gotliffe,sgotliffeei@noaa.gov
Renelle,Spitell,rspitellej@google.co.jp
Shannah,Byron,sbyronek@youtube.com
Winfred,Burress,wburressel@pbs.org
Bevan,Tear,btearem@cargocollective.com
Nathalie,Lerohan,nlerohanen@seattletimes.com
Aggi,Tomaszczyk,atomaszczykeo@guardian.co.uk
Ginni,Zum Felde,gzumfeldeep@businesswire.com
Lonee,Alkin,lalkineq@springer.com
Milka,Church,mchurcher@unicef.org
Terza,Gianasi,tgianasies@rediff.com
Benton,Sparrowhawk,bsparrowhawket@nhs.uk
Trevor,Morse,tmorseeu@hugedomains.com
Lorilyn,Guillon,lguillonev@tinypic.com
Emeline,Venour,evenourew@mlb.com
Kaycee,Stable,kstableex@independent.co.uk
Stephannie,Beecraft,sbeecraftey@weebly.com
Kennith,Loach,kloachez@washingtonpost.com
Jorey,Tesche,jteschef0@elpais.com
Selma,Luberti,slubertif1@ihg.com
Melicent,O'Nions,monionsf2@unblog.fr
Casey,Bolding,cboldingf3@smh.com.au
Lorrie,Harrigan,lharriganf4@mapquest.com
Burton,Vlahos,bvlahosf5@abc.net.au
Ganny,Santacrole,gsantacrolef6@symantec.com
Alexandro,Pitbladdo,apitbladdof7@topsy.com
Babita,Castelot,bcastelotf8@discuz.net
Olin,Antos,oantosf9@illinois.edu
Lynda,Rosterne,lrosternefa@un.org
Gussy,Doorly,gdoorlyfb@wired.com
Anni,Brunnen,abrunnenfc@census.gov
Bob,Stoffler,bstofflerfd@ifeng.com
Kira,Faro,kfarofe@cbslocal.com
Dahlia,Bridgewater,dbridgewaterff@ask.com
Bryant,Belcham,bbelchamfg@t-online.de
Raimundo,Karpushkin,rkarpushkinfh@google.nl
Sunshine,Kleynen,skleynenfi@jimdo.com
Gertrudis,Elnor,gelnorfj@home.pl
Germayne,Halsho,ghalshofk@mozilla.com
Joli,Mannagh,jmannaghfl@who.int
Sallyann,Mineghelli,smineghellifm@diigo.com
Reeva,Trawin,rtrawinfn@apache.org
Lizabeth,Barthram,lbarthramfo@gravatar.com
Stacia,Guidera,sguiderafp@lulu.com
Callida,Egdal,cegdalfq@1688.com
Katina,Brantzen,kbrantzenfr@stumbleupon.com
Garwin,Benne,gbennefs@bloglovin.com
Pooh,Confort,pconfortft@blogs.com
Gabriellia,Rohloff,grohlofffu@jigsy.com
Walther,McGrah,wmcgrahfv@nsw.gov.au
Angelico,Mayho,amayhofw@ca.gov
Rabbi,Ponder,rponderfx@whitehouse.gov
Michale,Sommerville,msommervillefy@marketwatch.com
Tani,Bushen,tbushenfz@utexas.edu
Basilius,Bareham,bbarehamg0@wikipedia.org
Kiri,Berisford,kberisfordg1@hhs.gov
Gillie,Partlett,gpartlettg2@answers.com
Victoir,Goodlett,vgoodlettg3@dailymail.co.uk
Sheppard,Sopper,ssopperg4@slashdot.org
Ugo,Tampling,utamplingg5@cornell.edu
Donni,Venus,dvenusg6@yale.edu
Lexine,Skerritt,lskerrittg7@simplemachines.org
Julienne,Garatty,jgarattyg8@artisteer.com
Mordy,Stedall,mstedallg9@nasa.gov
Emilie,Archbutt,earchbuttga@google.ca
Suki,Theodoris,stheodorisgb@nih.gov
Corette,Valadez,cvaladezgc@newsvine.com
Zsazsa,Wimms,zwimmsgd@a8.net
Taryn,Ewbanche,tewbanchege@blogspot.com
Tonya,Barneveld,tbarneveldgf@symantec.com
Shepard,Aindriu,saindriugg@jugem.jp
Orly,Hayton,ohaytongh@amazon.co.jp
Saundra,Pomeroy,spomeroygi@msn.com
Estrella,Evitts,eevittsgj@multiply.com
Matteo,Theakston,mtheakstongk@printfriendly.com
Kayley,Ornillos,kornillosgl@instagram.com
Carmelita,Boag,cboaggm@uiuc.edu
Sapphire,House,shousegn@imageshack.us
Eada,Jacqueminet,ejacqueminetgo@ebay.co.uk
Conchita,Hoyes,choyesgp@stanford.edu
Dalenna,Beuscher,dbeuschergq@addthis.com
Pasquale,Mattedi,pmattedigr@cam.ac.uk
Crichton,Sawdy,csawdygs@yellowbook.com
Emile,Horrod,ehorrodgt@bluehost.com
Joelie,Gowdie,jgowdiegu@house.gov
Shamus,Tapply,stapplygv@ucsd.edu
Basilius,Ravel,bravelgw@mapy.cz
Allyn,Galway,agalwaygx@timesonline.co.uk
Mavra,Harling,mharlinggy@bloomberg.com
Carleen,Hasney,chasneygz@unblog.fr
Melesa,Lyon,mlyonh0@gmpg.org
Cissy,Lawland,clawlandh1@cloudflare.com
Irma,McCreadie,imccreadieh2@cbslocal.com
Polly,Parkinson,pparkinsonh3@utexas.edu
Ariana,Skeates,askeatesh4@unblog.fr
Ashbey,Mallall,amallallh5@cmu.edu
Chase,Mold,cmoldh6@theatlantic.com
Clarabelle,le Keux,clekeuxh7@irs.gov
Clyde,MacAlroy,cmacalroyh8@usda.gov
Alvinia,Craigmyle,acraigmyleh9@cocolog-nifty.com
Elnore,Weigh,eweighha@yellowpages.com
Neely,Berthod,nberthodhb@wordpress.org
Amalee,McNab,amcnabhc@usgs.gov
Errol,Grimston,egrimstonhd@free.fr
Tucker,Paolozzi,tpaolozzihe@a8.net
Petronella,Cholomin,pcholominhf@icq.com
Thomasine,Garnett,tgarnetthg@i2i.jp
Durward,Tuckie,dtuckiehh@ucsd.edu
Drew,O'Downe,dodownehi@printfriendly.com
Flora,Isakovic,fisakovichj@arstechnica.com
Olivia,Hilland,ohillandhk@discuz.net
Melisande,Wardingley,mwardingleyhl@tinypic.com
Lauree,Andrysiak,landrysiakhm@diigo.com
Barthel,Lace,blacehn@nationalgeographic.com
Monika,Bick,mbickho@example.com
Sarita,Bibb,sbibbhp@typepad.com
Linn,Laurencot,llaurencothq@so-net.ne.jp
Richart,Pendell,rpendellhr@prnewswire.com
Chic,Donan,cdonanhs@mail.ru
Nonnah,Brusin,nbrusinht@histats.com
Bent,Djordjevic,bdjordjevichu@house.gov
Corenda,Joly,cjolyhv@altervista.org
Rhodie,Asker,raskerhw@globo.com
Sonia,Jamieson,sjamiesonhx@unesco.org
Nickie,Ritson,nritsonhy@bizjournals.com
Jordan,Doody,jdoodyhz@xing.com
Spense,Woloschinski,swoloschinskii0@mediafire.com
Ingeberg,Chess,ichessi1@wired.com
Leilah,Haldenby,lhaldenbyi2@infoseek.co.jp
Lovell,Antonik,lantoniki3@cpanel.net
Vasili,Batham,vbathami4@spiegel.de
Nels,Pincked,npinckedi5@de.vu
Darby,Castledine,dcastledinei6@bizjournals.com
Derrick,Lyptratt,dlyptratti7@narod.ru
Zackariah,Tapp,ztappi8@alibaba.com
Dorice,Benam,dbenami9@blogs.com
Ramon,Crowdson,rcrowdsonia@indiegogo.com
Rubi,Jenking,rjenkingib@vk.com
Lydie,Tumini,ltuminiic@marriott.com
Charlene,Panting,cpantingid@google.ca
Astra,Pow,apowie@spiegel.de
Dixie,Katzmann,dkatzmannif@wisc.edu
Elroy,Shwenn,eshwennig@reverbnation.com
Reuben,Dumphries,rdumphriesih@google.pl
Engracia,Cheyney,echeyneyii@merriam-webster.com
Maurise,Fendley,mfendleyij@lycos.com
Amalea,Ceney,aceneyik@free.fr
Clayson,Nolda,cnoldail@51.la
Lorain,Seedhouse,lseedhouseim@squarespace.com
Athene,Harwell,aharwellin@patch.com
Anthe,Stable,astableio@ocn.ne.jp
Glynn,Shenley,gshenleyip@weather.com
Raina,Fann,rfanniq@java.com
Vaclav,Hoxey,vhoxeyir@cnn.com
Beverlee,Culbert,bculbertis@nymag.com
Barney,Mattiassi,bmattiassiit@phpbb.com
Alvera,Targe,atargeiu@phpbb.com
Bax,Watkiss,bwatkissiv@qq.com
Marian,Purton,mpurtoniw@dagondesign.com
Teresa,Burmaster,tburmasterix@paginegialle.it
Karon,Garlee,kgarleeiy@hibu.com
Isadora,Jepperson,ijeppersoniz@slideshare.net
Thane,Lesser,tlesserj0@oracle.com
Moll,Simonel,msimonelj1@sun.com
Gabrielle,Ketteridge,gketteridgej2@latimes.com
Winny,Huchot,whuchotj3@ucsd.edu
Bruis,Stutt,bstuttj4@chronoengine.com
Sheri,Roddell,sroddellj5@bloglovin.com
Calla,Fetherby,cfetherbyj6@flavors.me
Benny,Frowd,bfrowdj7@acquirethisname.com
Davida,Rea,dreaj8@java.com
Lenora,Channing,lchanningj9@pinterest.com
Kameko,Crotty,kcrottyja@wufoo.com
Pall,Lusty,plustyjb@whitehouse.gov
Kathi,Lawly,klawlyjc@kickstarter.com
Esme,Lichtfoth,elichtfothjd@samsung.com
Sergent,Crosoer,scrosoerje@issuu.com
Grace,Blasetti,gblasettijf@google.es
Lenette,Lurriman,llurrimanjg@i2i.jp
Joelie,Wenzel,jwenzeljh@uol.com.br
Orren,O'Lochan,oolochanji@cnet.com
Jeralee,Pritchard,jpritchardjj@rakuten.co.jp
Aliza,Gallimore,agallimorejk@apple.com
Karilynn,Gosart,kgosartjl@amazon.co.uk
Flo,Napolione,fnapolionejm@columbia.edu
Jayson,Tal,jtaljn@purevolume.com
Mikel,O'Dulchonta,modulchontajo@indiegogo.com
Gusti,Lauder,glauderjp@harvard.edu
George,MacLaren,gmaclarenjq@bigcartel.com
Parnell,Leese,pleesejr@e-recht24.de
Ulrich,Richen,urichenjs@amazonaws.com
Marice,Bauld,mbauldjt@cargocollective.com
Marybeth,Doswell,mdoswellju@plala.or.jp
Gayler,Maysor,gmaysorjv@businessweek.com
Harwell,Oulner,houlnerjw@blogspot.com
Billie,Birdsall,bbirdsalljx@chicagotribune.com
Skipp,Arnaut,sarnautjy@people.com.cn
Clarinda,Macilhench,cmacilhenchjz@japanpost.jp
Henrie,Teligin,hteligink0@i2i.jp
Pia,Essex,pessexk1@hp.com
Romy,McCarver,rmccarverk2@goo.gl
Alvin,Bandy,abandyk3@twitter.com
Betteanne,Lewington,blewingtonk4@com.com
Kellby,Tombleson,ktomblesonk5@jiathis.com
Roze,Blackeby,rblackebyk6@apache.org
Barnaby,Myrtle,bmyrtlek7@dailymail.co.uk
Rosalia,Oldroyde,roldroydek8@shutterfly.com
Johnathan,Lammers,jlammersk9@sina.com.cn
Greg,Gai,ggaika@symantec.com
Carmencita,Leas,cleaskb@about.com
Eveleen,Skates,eskateskc@acquirethisname.com
Galvin,Amort,gamortkd@berkeley.edu
Anna,Ogelbe,aogelbeke@noaa.gov
Anny,Rutty,aruttykf@state.tx.us
Dav,Jedras,djedraskg@51.la
Dewey,Keysall,dkeysallkh@sciencedaily.com
Letti,Bales,lbaleski@yellowbook.com
Edan,Elfitt,eelfittkj@meetup.com
Janine,Nezey,jnezeykk@tiny.cc
Jo,Sperrett,jsperrettkl@blogspot.com
Orelle,Madison,omadisonkm@zdnet.com
Shelby,Adamsky,sadamskykn@barnesandnoble.com
Jared,Lindfors,jlindforsko@ca.gov
Evangeline,Tuckett,etuckettkp@auda.org.au
Katie,Blizard,kblizardkq@jiathis.com
Blaire,Philler,bphillerkr@deviantart.com
Ginnie,Isham,gishamks@huffingtonpost.com
Mattie,Timms,mtimmskt@seattletimes.com
Remus,Jandera,rjanderaku@cbc.ca
Ebonee,Scheffler,eschefflerkv@wikia.com
Haley,Taunton.,htauntonkw@bandcamp.com
Patric,Magowan,pmagowankx@disqus.com
Elfie,Clair,eclairky@purevolume.com
Cristal,Tabart,ctabartkz@sogou.com
Tonnie,Pietrzak,tpietrzakl0@nifty.com
Maurise,Corbridge,mcorbridgel1@ask.com
Eustacia,Lidstone,elidstonel2@cornell.edu
Sheree,Hanner,shannerl3@symantec.com
Damaris,Bruyet,dbruyetl4@e-recht24.de
Parke,Hughson,phughsonl5@tripod.com
Eadith,Morpeth,emorpethl6@abc.net.au
Robers,Seine,rseinel7@webmd.com
Becca,Kliement,bkliementl8@arizona.edu
Dreddy,Gask,dgaskl9@spotify.com
Tatiania,Dunsmuir,tdunsmuirla@irs.gov
Mauricio,Nicolls,mnicollslb@ustream.tv
Hugibert,Popplewell,hpopplewelllc@etsy.com
Reggie,Serjeant,rserjeantld@mlb.com
Cassy,Ormrod,cormrodle@admin.ch
Joni,Gatherer,jgathererlf@so-net.ne.jp
Deanna,Chipping,dchippinglg@yelp.com
Garrek,Evequot,gevequotlh@icio.us
Almira,Guirard,aguirardli@jiathis.com
Ingram,Comiskey,icomiskeylj@npr.org
Haley,Reinisch,hreinischlk@state.gov
Christyna,Das,cdasll@cpanel.net
Melitta,Topham,mtophamlm@squidoo.com
Kalina,Jakobsson,kjakobssonln@imageshack.us
Anny,Cisland,acislandlo@oaic.gov.au
Haywood,Scotchford,hscotchfordlp@yahoo.co.jp
Electra,Dofty,edoftylq@prlog.org
Merrilee,Volonte,mvolontelr@hubpages.com
Ferne,Monget,fmongetls@shop-pro.jp
Sashenka,Nana,snanalt@irs.gov
Abbott,Rendell,arendelllu@mashable.com
Liana,Tattershall,ltattershalllv@europa.eu
Kaylee,Sandford,ksandfordlw@tamu.edu
Sula,McKilroe,smckilroelx@google.com
Erasmus,Rediers,erediersly@feedburner.com
Sebastiano,Folley,sfolleylz@sciencedaily.com
Taddeo,Denizet,tdenizetm0@state.tx.us
Osbourn,Spencelayh,ospencelayhm1@answers.com
Leelah,Kochlin,lkochlinm2@ning.com
Dulsea,Handley,dhandleym3@xrea.com
Rip,Dickins,rdickinsm4@topsy.com
Trudey,Saltsberger,tsaltsbergerm5@google.com.hk
Giulietta,McVeighty,gmcveightym6@nydailynews.com
Briney,Tabbitt,btabbittm7@ibm.com
Gerrard,Menci,gmencim8@163.com
Dory,Marskell,dmarskellm9@yahoo.com
Ernestus,Eagle,eeaglema@photobucket.com
Iris,Neighbour,ineighbourmb@flickr.com
Philly,Vakhrushin,pvakhrushinmc@webnode.com
Marla,Austin,maustinmd@jugem.jp
Ham,Cattemull,hcattemullme@google.fr
Therine,Tricker,ttrickermf@ox.ac.uk
Sissie,Gonzalez,sgonzalezmg@icq.com
Faulkner,Rozzier,frozziermh@hc360.com
Cristian,Bowser,cbowsermi@vk.com
Tedman,MacCurley,tmaccurleymj@indiegogo.com
Shanna,Kitchenman,skitchenmanmk@nytimes.com
Jory,Seares,jsearesml@goo.ne.jp
Drusilla,Carette,dcarettemm@nps.gov
Billi,Eastgate,beastgatemn@unc.edu
Jolie,Freyn,jfreynmo@unblog.fr
Brannon,Dronsfield,bdronsfieldmp@harvard.edu
Krishnah,Yesenev,kyesenevmq@4shared.com
Hestia,Dunstan,hdunstanmr@symantec.com
Nixie,Rydzynski,nrydzynskims@networksolutions.com
Rog,Cowin,rcowinmt@uol.com.br
Charlie,Sheward,cshewardmu@pen.io
Eryn,Croad,ecroadmv@taobao.com
Peta,Stredder,pstreddermw@mozilla.com
Lennard,Heazel,lheazelmx@last.fm
Nicolis,Randerson,nrandersonmy@bbc.co.uk
Bink,Cheshire,bcheshiremz@over-blog.com
Rey,Yantsurev,ryantsurevn0@artisteer.com
Worth,Riba,wriban1@opera.com
Piper,Meech,pmeechn2@google.es
Katrinka,Perren,kperrenn3@dedecms.com
Nolly,Poff,npoffn4@cnet.com
Arabele,Eadmead,aeadmeadn5@china.com.cn
Eveleen,Kort,ekortn6@wikia.com
Oralia,Semour,osemourn7@ed.gov
Minnaminnie,Cornilleau,mcornilleaun8@creativecommons.org
Elsworth,Spondley,espondleyn9@slideshare.net
Jori,Gislebert,jgislebertna@baidu.com
Henrietta,Zmitrichenko,hzmitrichenkonb@va.gov
Matthew,Canham,mcanhamnc@webnode.com
Taffy,Prestedge,tprestedgend@yellowbook.com
Issi,Fidelus,ifidelusne@shop-pro.jp
Dave,Trewhella,dtrewhellanf@illinois.edu
Mellisent,Fairclough,mfaircloughng@wisc.edu
Vin,Le Lievre,vlelievrenh@timesonline.co.uk
Melinda,Alderwick,malderwickni@quantcast.com
Rori,Doonican,rdoonicannj@mail.ru
Hailee,Beney,hbeneynk@furl.net
Daisi,McIlvoray,dmcilvoraynl@psu.edu
Gian,Oliffe,goliffenm@godaddy.com
Liam,Poluzzi,lpoluzzinn@dailymotion.com
Celle,Barnardo,cbarnardono@phpbb.com
Marijn,Frood,mfroodnp@indiatimes.com
Rolando,Povall,rpovallnq@jalbum.net
Marijn,Laise,mlaisenr@seesaa.net
Odele,Branch,obranchns@alexa.com
Pammy,Borkin,pborkinnt@comcast.net
Mattie,Millett,mmillettnu@kickstarter.com
Con,Rhead,crheadnv@ucoz.com
Enid,Bugg,ebuggnw@ifeng.com
Virginia,Kibbel,vkibbelnx@comcast.net
Pier,Benoi,pbenoiny@va.gov
Georg,Spurnier,gspurniernz@chron.com
Arlyne,Fessby,afessbyo0@simplemachines.org
Erastus,Bolletti,ebollettio1@yahoo.co.jp
Adena,Deeprose,adeeproseo2@jalbum.net
Conny,Baumaier,cbaumaiero3@dell.com
Alvy,O'Heneghan,aoheneghano4@e-recht24.de
Raymund,Congreve,rcongreveo5@newyorker.com
Allie,Habershaw,ahabershawo6@ebay.com
Rourke,Blackaller,rblackallero7@usgs.gov
Karlen,Hantusch,khantuscho8@gmpg.org
Wilek,Izachik,wizachiko9@usnews.com
Sari,Sinclaire,ssinclaireoa@umich.edu
Koral,O'Grady,kogradyob@reverbnation.com
Allyce,Lowe,aloweoc@icq.com
Bil,Martinovsky,bmartinovskyod@bloglines.com
Colas,Dellar,cdellaroe@cbc.ca
Hedvige,Motten,hmottenof@discuz.net
Krispin,Barrand,kbarrandog@boston.com
Rabbi,Eslemont,reslemontoh@patch.com
Brandyn,Girkin,bgirkinoi@harvard.edu
Theo,Dingley,tdingleyoj@bluehost.com
Johannah,Ashworth,jashworthok@canalblog.com
Anny,Dauby,adaubyol@ask.com
Jasmine,Brittle,jbrittleom@wsj.com
Kin,Trengove,ktrengoveon@cnet.com
Shae,Gillet,sgilletoo@sbwire.com
Bennett,Mollindinia,bmollindiniaop@mozilla.com
Randolph,McBrearty,rmcbreartyoq@sun.com
Robbin,Hug,rhugor@ibm.com
Oliver,Amer,oameros@tripadvisor.com
Eleanor,Frape,efrapeot@tmall.com
Margeaux,Kedwell,mkedwellou@wufoo.com
Ada,Cana,acanaov@sciencedirect.com
Bartholomew,Slesser,bslesserow@shinystat.com
Ber,Vaud,bvaudox@bigcartel.com
Ida,Petruskevich,ipetruskevichoy@ocn.ne.jp
Ibbie,Mockler,imockleroz@sogou.com
Vanni,Habbema,vhabbemap0@paginegialle.it
Henryetta,Steinham,hsteinhamp1@economist.com
Lise,Poznan,lpoznanp2@youtube.com
Adelaida,Cridlan,acridlanp3@sciencedirect.com
Sibylla,Masham,smashamp4@ask.com
Christalle,Saunton,csauntonp5@yahoo.com
Kathe,McBean,kmcbeanp6@uol.com.br
Lezley,Gurton,lgurtonp7@jimdo.com
Aurel,Remington,aremingtonp8@huffingtonpost.com
Brooks,Jerromes,bjerromesp9@digg.com
Brynna,Browse,bbrowsepa@altervista.org
Archaimbaud,Rudall,arudallpb@nature.com
Carleton,Scheffel,cscheffelpc@chronoengine.com
Michale,Rossant,mrossantpd@joomla.org
Donetta,Damato,ddamatope@odnoklassniki.ru
Teresita,Schukraft,tschukraftpf@parallels.com
Elyse,Faiers,efaierspg@imdb.com
Viole,Philcock,vphilcockph@house.gov
Sauveur,Sugar,ssugarpi@homestead.com
Rudy,Kinahan,rkinahanpj@cbc.ca
Angelique,Stuchbery,astuchberypk@rediff.com
Gerard,Topaz,gtopazpl@ustream.tv
Marketa,Pelling,mpellingpm@dailymotion.com
Anthia,McGuckin,amcguckinpn@slideshare.net
Erica,Dodding,edoddingpo@i2i.jp
Hort,Trosdall,htrosdallpp@livejournal.com
Berkeley,Lille,blillepq@e-recht24.de
Winfred,Mayoh,wmayohpr@omniture.com
Alfons,Rollins,arollinsps@twitpic.com
Jacobo,Simkin,jsimkinpt@amazonaws.com
Adria,Mulroy,amulroypu@un.org
Charleen,Toll,ctollpv@creativecommons.org
Rina,Kidwell,rkidwellpw@house.gov
Nichols,Bratten,nbrattenpx@deviantart.com
Wendye,Aymerich,waymerichpy@blogspot.com
Shirl,Moncur,smoncurpz@google.co.uk
Marita,Dunbobbin,mdunbobbinq0@woothemes.com
Fanny,MacAughtrie,fmacaughtrieq1@tripod.com
Waldemar,Putnam,wputnamq2@chicagotribune.com
Agnese,Starbeck,astarbeckq3@earthlink.net
Euphemia,Ropkes,eropkesq4@nymag.com
Melesa,Schole,mscholeq5@tumblr.com
Charo,Wingfield,cwingfieldq6@aol.com
Devlen,Splevings,dsplevingsq7@cisco.com
Maurene,Cream,mcreamq8@ted.com
Anderson,O'Rowane,aorowaneq9@mapy.cz
Cecil,Muzzillo,cmuzzilloqa@ustream.tv
Ward,Reilinger,wreilingerqb@apple.com
Julianne,Kurt,jkurtqc@etsy.com
Barde,Trusslove,btrussloveqd@sina.com.cn
Antonius,Howle,ahowleqe@tamu.edu
Kris,Gartery,kgarteryqf@ovh.net
Tadio,Palombi,tpalombiqg@cpanel.net
Veradis,Lavery,vlaveryqh@rambler.ru
Alard,Lingner,alingnerqi@networksolutions.com
Debby,Nappin,dnappinqj@goodreads.com
Leontyne,Gibben,lgibbenqk@typepad.com
Jarred,Melrose,jmelroseql@hugedomains.com
Tansy,Mathelin,tmathelinqm@ycombinator.com
Lelia,Burrel,lburrelqn@mozilla.org
Geralda,Trengrouse,gtrengrouseqo@hud.gov
King,Yude,kyudeqp@answers.com
Daveta,Ashard,dashardqq@theguardian.com
Bernette,Riccard,briccardqr@ocn.ne.jp
Angeline,Cawthery,acawtheryqs@123-reg.co.uk
Freda,McRobb,fmcrobbqt@ed.gov
Rickie,Margach,rmargachqu@walmart.com
Karole,Messum,kmessumqv@aol.com
Rad,Scotting,rscottingqw@wp.com
Toby,Hounihan,thounihanqx@samsung.com
Brita,Brunt,bbruntqy@mozilla.org
Binny,Bakey,bbakeyqz@walmart.com
Tova,Matveiko,tmatveikor0@so-net.ne.jp
Reese,Bicheno,rbichenor1@time.com
Sharia,Welling,swellingr2@addtoany.com
Thom,Christofol,tchristofolr3@va.gov
Ossie,Ferneyhough,oferneyhoughr4@telegraph.co.uk
Tessy,Sabben,tsabbenr5@princeton.edu
Emlyn,Sprackling,espracklingr6@ca.gov
Gabe,Friett,gfriettr7@youtu.be
Clifford,Elener,celenerr8@slashdot.org
Kane,Gebb,kgebbr9@ow.ly
Marinna,Settle,msettlera@blogspot.com
Brandais,Weddeburn,bweddeburnrb@goo.gl
Redford,Nelthorp,rnelthorprc@reuters.com
Chickie,Aylmer,caylmerrd@miitbeian.gov.cn
Cherri,MacCarrick,cmaccarrickre@fema.gov
Jens,Reggler,jregglerrf@thetimes.co.uk
Daria,Abramof,dabramofrg@linkedin.com
Solomon,Dulany,sdulanyrh@biblegateway.com
Antonina,Brumen,abrumenri@chicagotribune.com
Alden,Slay,aslayrj@multiply.com
Kevan,Umfrey,kumfreyrk@phpbb.com
Blane,Clues,bcluesrl@people.com.cn
Irwin,Falkinder,ifalkinderrm@goo.ne.jp
Ole,Maydwell,omaydwellrn@earthlink.net
Marlyn,Maylam,mmaylamro@cnbc.com
Lanae,Beranek,lberanekrp@nyu.edu
Madalyn,Oller,mollerrq@bravesites.com
Barnie,Grassi,bgrassirr@arizona.edu
