id,first_name,last_name,email
1,Spence,Shelly,sshelly0@reverbnation.com
2,Burton,Maskell,bmaskell1@yellowpages.com
3,Bastien,Mundford,bmundford2@chronoengine.com
4,Sherrie,Malan,smalan3@tmall.com
5,Algernon,Croose,acroose4@smh.com.au
6,Grier,Tomaini,gtomaini5@usatoday.com
7,Floris,Lathey,flathey6@nih.gov
8,Mart,Evans,mevans7@gov.uk
9,Nannie,Teague,nteague8@ed.gov
10,Prinz,Camamill,pcamamill9@php.net
11,Kort,Boutcher,kboutchera@marketwatch.com
12,Arlena,Wehner,awehnerb@ezinearticles.com
13,Bev,Bevan,bbevanc@about.me
14,Rozina,Redbourn,rredbournd@usa.gov
15,Ardys,Trimble,atrimblee@imdb.com
16,Dorothee,Gillings,dgillingsf@amazon.de
17,Keith,Boult,kboultg@stanford.edu
18,Katine,McAlpine,kmcalpineh@simplemachines.org
19,Cindy,Larby,clarbyi@earthlink.net
20,Gabriel,Siggery,gsiggeryj@paginegialle.it
21,Wallie,Mechic,wmechick@latimes.com
22,Annmarie,Swires,aswiresl@etsy.com
23,Babette,Capstaff,bcapstaffm@cbc.ca
24,Free,Cousans,fcousansn@bluehost.com
25,Beaufort,Lebrun,blebruno@miitbeian.gov.cn
26,Rafferty,Stebbings,rstebbingsp@nasa.gov
27,Laural,Daws,ldawsq@fotki.com
28,Mariska,Hendrix,mhendrixr@ihg.com
29,Tanny,Cassar,tcassars@bbb.org
30,Burtie,Davidovich,bdavidovicht@theguardian.com
31,Stafford,Pestor,spestoru@gravatar.com
32,Hedwiga,Eltringham,heltringhamv@mayoclinic.com
33,Talya,Lisle,tlislew@unicef.org
34,Hewie,Lawly,hlawlyx@amazon.co.uk
35,Gayle,Edington,gedingtony@buzzfeed.com
36,Editha,Cluderay,ecluderayz@fotki.com
37,Annecorinne,O'Connolly,aoconnolly10@tinypic.com
38,Levin,Climar,lclimar11@slideshare.net
39,Montague,Feehery,mfeehery12@hatena.ne.jp
40,Ruggiero,Glavin,rglavin13@t.co
41,Costa,Nutley,cnutley14@stanford.edu
42,Fifi,Burry,fburry15@microsoft.com
43,Skippy,Bus,sbus16@mysql.com
44,Elane,Clohisey,eclohisey17@elegantthemes.com
45,Rosanna,Castagnet,rcastagnet18@geocities.jp
46,Elroy,Maliffe,emaliffe19@marriott.com
47,Mitchell,Lorrimer,mlorrimer1a@linkedin.com
48,Tobit,Han,than1b@symantec.com
49,Kristal,Hanks,khanks1c@lycos.com
50,Natala,Hallybone,nhallybone1d@spotify.com
51,Carny,Malley,cmalley1e@altervista.org
52,Antoine,Pidgin,apidgin1f@so-net.ne.jp
53,Gottfried,Brabon,gbrabon1g@npr.org
54,Shir,Pierro,spierro1h@nymag.com
55,Arman,Borsnall,aborsnall1i@amazon.co.uk
56,Marja,Baumer,mbaumer1j@berkeley.edu
57,Andriette,Bussons,abussons1k@ezinearticles.com
58,Ralf,Splaven,rsplaven1l@miibeian.gov.cn
59,Rhodia,Batteson,rbatteson1m@oakley.com
60,Daffie,Edlington,dedlington1n@google.ca
61,Meridel,Tours,mtours1o@miibeian.gov.cn
62,Ransell,Maleby,rmaleby1p@infoseek.co.jp
63,Davine,Sawnwy,dsawnwy1q@t.co
64,Winni,Krysztofowicz,wkrysztofowicz1r@shareasale.com
65,Cobbie,Leverton,cleverton1s@youku.com
66,Kathie,Richfield,krichfield1t@jugem.jp
67,Cate,Copland,ccopland1u@tuttocitta.it
68,Valry,Trett,vtrett1v@dion.ne.jp
69,Nalani,Canny,ncanny1w@mail.ru
70,Adelaida,Ceyssen,aceyssen1x@princeton.edu
71,Wadsworth,Guinan,wguinan1y@usa.gov
72,Gavrielle,Mulvy,gmulvy1z@umn.edu
73,Lurline,Pichan,lpichan20@dyndns.org
74,Quinn,Daud,qdaud21@symantec.com
75,Doria,Francom,dfrancom22@tinyurl.com
76,Modesta,Portch,mportch23@yolasite.com
77,Zahara,Girton,zgirton24@dyndns.org
78,Val,MacGinney,vmacginney25@oaic.gov.au
79,Alexandrina,Crut,acrut26@toplist.cz
80,Randee,Arington,rarington27@multiply.com
81,Tabatha,Witcomb,twitcomb28@storify.com
82,Estele,McNiff,emcniff29@google.es
83,Orran,Stroulger,ostroulger2a@tuttocitta.it
84,Patrice,Carson,pcarson2b@dion.ne.jp
85,Margette,Van Oort,mvanoort2c@unblog.fr
86,Torrey,Zellmer,tzellmer2d@issuu.com
87,Percy,Horsburgh,phorsburgh2e@wikia.com
88,Candie,Runnett,crunnett2f@elegantthemes.com
89,Nappy,Gadesby,ngadesby2g@drupal.org
90,Berni,Rhymer,brhymer2h@cargocollective.com
91,Cristionna,Gini,cgini2i@cbslocal.com
92,Grady,Bonder,gbonder2j@umn.edu
93,Ethelin,Sharpless,esharpless2k@squidoo.com
94,Janean,Westgate,jwestgate2l@barnesandnoble.com
95,Ivett,Cronkshaw,icronkshaw2m@wired.com
96,Gordon,Scocroft,gscocroft2n@cocolog-nifty.com
97,Chaddy,Prestedge,cprestedge2o@chron.com
98,Valentine,Skea,vskea2p@123-reg.co.uk
99,Daniella,Hassen,dhassen2q@tinypic.com
100,Austin,Luggar,aluggar2r@cocolog-nifty.com
101,Reggie,Di Biasi,rdibiasi2s@cbc.ca
102,Ev,Exell,eexell2t@uiuc.edu
103,Burton,Gilhool,bgilhool2u@clickbank.net
104,Raquel,Leffek,rleffek2v@bing.com
105,Brenn,Errol,berrol2w@weebly.com
106,Ermentrude,Bromehed,ebromehed2x@list-manage.com
107,Gordy,Kunat,gkunat2y@pbs.org
108,Magdalen,Cuckoo,mcuckoo2z@mlb.com
109,Stanley,McDonough,smcdonough30@goo.gl
110,Pippo,Bixley,pbixley31@odnoklassniki.ru
111,Diannne,Kelner,dkelner32@va.gov
112,Jarid,Hollerin,jhollerin33@state.gov
113,Mateo,Derill,mderill34@nasa.gov
114,Hube,Rubinovitch,hrubinovitch35@virginia.edu
115,Marisa,Collet,mcollet36@reddit.com
116,Luciana,Purchase,lpurchase37@tiny.cc
117,Lianna,Lugton,llugton38@dion.ne.jp
118,Hewie,Adamik,hadamik39@parallels.com
119,Elwira,Beney,ebeney3a@sourceforge.net
120,Nicki,Thornewell,nthornewell3b@gravatar.com
121,Dewain,Starte,dstarte3c@harvard.edu
122,Elonore,Celler,eceller3d@reverbnation.com
123,Almeda,Fintoph,afintoph3e@zdnet.com
124,Kelli,Reinhardt,kreinhardt3f@imdb.com
125,Abby,Bainton,abainton3g@examiner.com
126,Eugenia,Abelson,eabelson3h@toplist.cz
127,Janessa,Nabarro,jnabarro3i@hp.com
128,Mordecai,Farncombe,mfarncombe3j@usnews.com
129,Avivah,Marunchak,amarunchak3k@photobucket.com
130,Rochester,Davydochkin,rdavydochkin3l@facebook.com
131,Albrecht,Suddick,asuddick3m@arstechnica.com
132,Mamie,Garvie,mgarvie3n@springer.com
133,Nickolai,Extance,nextance3o@ebay.co.uk
134,Brent,McGuire,bmcguire3p@imdb.com
135,Luca,Cleynman,lcleynman3q@vinaora.com
136,Dede,Mattsson,dmattsson3r@mediafire.com
137,Devin,McWhirter,dmcwhirter3s@ezinearticles.com
138,Erv,Buckby,ebuckby3t@photobucket.com
139,Sasha,Dorow,sdorow3u@people.com.cn
140,Clara,Labrom,clabrom3v@dedecms.com
141,Lesley,Fazakerley,lfazakerley3w@house.gov
142,Calypso,Fray,cfray3x@jimdo.com
143,Hermann,Duinkerk,hduinkerk3y@go.com
144,Edouard,Guinane,eguinane3z@statcounter.com
145,Terrel,Caseri,tcaseri40@umn.edu
146,Valene,Goadby,vgoadby41@upenn.edu
147,Judith,Smurfitt,jsmurfitt42@51.la
148,Ruy,Sherlock,rsherlock43@tumblr.com
149,Diarmid,Dayes,ddayes44@house.gov
150,Marjory,Sparhawk,msparhawk45@scientificamerican.com
151,Deidre,Hudless,dhudless46@lulu.com
152,Law,Lakenden,llakenden47@jiathis.com
153,Hamlin,Pursglove,hpursglove48@bloglines.com
154,Ola,Mullenger,omullenger49@disqus.com
155,Shep,Gladdis,sgladdis4a@weather.com
156,Vladimir,Towson,vtowson4b@edublogs.org
157,Ly,Haycroft,lhaycroft4c@4shared.com
158,Carolynn,Nuzzetti,cnuzzetti4d@state.gov
159,Merrill,Vauter,mvauter4e@shareasale.com
160,Ginni,Fishlock,gfishlock4f@t.co
161,Joyous,Garlinge,jgarlinge4g@furl.net
162,Nadiya,Hastin,nhastin4h@histats.com
163,Alfie,Gritsaev,agritsaev4i@netvibes.com
164,Peggy,Tzar,ptzar4j@vk.com
165,Matilde,Bourhill,mbourhill4k@indiegogo.com
166,Warren,Channing,wchanning4l@live.com
167,Danny,Roscamps,droscamps4m@wix.com
168,Maudie,Emerton,memerton4n@arstechnica.com
169,Modesta,Alldridge,malldridge4o@cbslocal.com
170,Luella,Trammel,ltrammel4p@mail.ru
171,Chas,Courtney,ccourtney4q@msn.com
172,Haywood,Tierney,htierney4r@examiner.com
173,Lexie,Stevens,lstevens4s@upenn.edu
174,Lavinia,Hecks,lhecks4t@eepurl.com
175,Ted,Reames,treames4u@apache.org
176,Lucinda,Comazzo,lcomazzo4v@reddit.com
177,Avictor,Muncer,amuncer4w@odnoklassniki.ru
178,Efren,Trinbey,etrinbey4x@eepurl.com
179,Demott,Arendsen,darendsen4y@paginegialle.it
180,Fancy,Agnew,fagnew4z@craigslist.org
181,Crissie,Searight,csearight50@patch.com
182,Jacky,Stanex,jstanex51@xinhuanet.com
183,Elberta,Jeyes,ejeyes52@samsung.com
184,Charis,Reedy,creedy53@booking.com
185,Sebastian,Witter,switter54@xing.com
186,Antoine,Bannister,abannister55@abc.net.au
187,Wallache,Dionisi,wdionisi56@de.vu
188,Lilla,Pregel,lpregel57@howstuffworks.com
189,Clarence,Cumbers,ccumbers58@businessweek.com
190,Tucker,Simione,tsimione59@nyu.edu
191,Ema,Duke,eduke5a@scribd.com
192,Dorian,Yakushkev,dyakushkev5b@spiegel.de
193,Helenelizabeth,Bierling,hbierling5c@tamu.edu
194,Stevena,Valder,svalder5d@si.edu
195,Mari,Scampion,mscampion5e@fda.gov
196,Georgiana,Gethins,ggethins5f@mayoclinic.com
197,Antoinette,Hazeldine,ahazeldine5g@fda.gov
198,Josh,Bidnall,jbidnall5h@topsy.com
199,Arabele,Malden,amalden5i@sourceforge.net
200,Moselle,Hanaby,mhanaby5j@discuz.net
201,Silvana,Nason,snason5k@joomla.org
202,Casandra,Mensler,cmensler5l@webeden.co.uk
203,Jennifer,Maletratt,jmaletratt5m@discuz.net
204,Sharl,Cuskery,scuskery5n@infoseek.co.jp
205,Codi,Stanlack,cstanlack5o@sitemeter.com
206,Mordy,Blyth,mblyth5p@cocolog-nifty.com
207,Willette,Stickel,wstickel5q@soundcloud.com
208,Verge,Hatcher,vhatcher5r@craigslist.org
209,Jason,Tocque,jtocque5s@usgs.gov
210,Borden,Fearney,bfearney5t@exblog.jp
211,Ulrike,Milbourne,umilbourne5u@mozilla.com
212,Lara,Endacott,lendacott5v@sphinn.com
213,Glenden,Guildford,gguildford5w@globo.com
214,Darsey,Meiner,dmeiner5x@chicagotribune.com
215,Virgie,Kelcey,vkelcey5y@miibeian.gov.cn
216,Pattin,Stackbridge,pstackbridge5z@howstuffworks.com
217,Dian,Coggen,dcoggen60@xing.com
218,Haleigh,Hanington,hhanington61@homestead.com
219,Kip,Raithby,kraithby62@creativecommons.org
220,Alic,Swinglehurst,aswinglehurst63@unblog.fr
221,Charissa,Towns,ctowns64@reddit.com
222,Carolyn,Merriday,cmerriday65@dmoz.org
223,Keith,Tadman,ktadman66@netlog.com
224,Julio,Cellier,jcellier67@arizona.edu
225,Vania,Crumley,vcrumley68@tinypic.com
226,Guthrie,Paxeford,gpaxeford69@kickstarter.com
227,Gretta,Canellas,gcanellas6a@mlb.com
228,Elane,Kliment,ekliment6b@hostgator.com
229,Arlen,Potzold,apotzold6c@theatlantic.com
230,Claudian,Tabor,ctabor6d@arizona.edu
231,Joshuah,Corley,jcorley6e@ucoz.com
232,Bendite,Duigenan,bduigenan6f@ucla.edu
233,Laney,Le Teve,lleteve6g@theatlantic.com
234,Sabrina,Glanfield,sglanfield6h@blog.com
235,Chane,Goodspeed,cgoodspeed6i@facebook.com
236,Babbie,D'Alesco,bdalesco6j@paypal.com
237,Derward,Afonso,dafonso6k@forbes.com
238,Rakel,Agett,ragett6l@census.gov
239,Fernande,Gilbanks,fgilbanks6m@theglobeandmail.com
240,Davie,Heineke,dheineke6n@ucoz.com
241,Lee,Mix,lmix6o@apple.com
242,Audra,Elsby,aelsby6p@twitpic.com
243,Barby,Seiter,bseiter6q@quantcast.com
244,Justis,Swinbourne,jswinbourne6r@about.me
245,Glad,Fawdrey,gfawdrey6s@cpanel.net
246,Alyce,Clemmensen,aclemmensen6t@abc.net.au
247,Hallsy,Terlinden,hterlinden6u@smh.com.au
248,Trip,Orgen,torgen6v@ucsd.edu
249,Annis,Sherrett,asherrett6w@yale.edu
250,Brianna,Durling,bdurling6x@chronoengine.com
251,Irene,Philpott,iphilpott6y@diigo.com
252,Redford,McGinnis,rmcginnis6z@yelp.com
253,Donny,Signorelli,dsignorelli70@shareasale.com
254,Gael,Van der Daal,gvanderdaal71@dell.com
255,Filberte,Donnison,fdonnison72@google.com.au
256,Maddie,Duffree,mduffree73@miitbeian.gov.cn
257,Jozef,Desseine,jdesseine74@hugedomains.com
258,Selena,Starr,sstarr75@1und1.de
259,Josephina,McConnulty,jmcconnulty76@scientificamerican.com
260,Jarret,Sparshott,jsparshott77@unesco.org
261,Darsie,Jeggo,djeggo78@discovery.com
262,Jacquelin,Clemens,jclemens79@mtv.com
263,Almire,Whitecross,awhitecross7a@livejournal.com
264,Jacquette,Barens,jbarens7b@uiuc.edu
265,Ches,Stetson,cstetson7c@canalblog.com
266,Rollins,Rash,rrash7d@google.com.hk
267,Kathryn,Conkie,kconkie7e@t.co
268,Tommi,Huson,thuson7f@sun.com
269,Suellen,Jamme,sjamme7g@last.fm
270,Allina,Grunwald,agrunwald7h@wix.com
271,Wynnie,Hobson,whobson7i@imageshack.us
272,Hill,Girvan,hgirvan7j@constantcontact.com
273,Kalli,Ramsell,kramsell7k@census.gov
274,Belicia,Cuttelar,bcuttelar7l@myspace.com
275,Gayle,McMakin,gmcmakin7m@xrea.com
276,Adria,Domenici,adomenici7n@spiegel.de
277,Dirk,Teasey,dteasey7o@google.nl
278,Vanny,Joliffe,vjoliffe7p@webs.com
279,Milena,Wadworth,mwadworth7q@webs.com
280,Gris,Boards,gboards7r@bbb.org
281,Wynne,Linebarger,wlinebarger7s@sciencedirect.com
282,Jere,Chanders,jchanders7t@dell.com
283,Luce,Dradey,ldradey7u@ftc.gov
284,Moss,Putman,mputman7v@hhs.gov
285,Willard,Tollfree,wtollfree7w@scribd.com
286,Lance,Dangl,ldangl7x@imdb.com
287,Mayor,Beange,mbeange7y@weebly.com
288,Hazlett,Iorio,hiorio7z@columbia.edu
289,Donalt,Curless,dcurless80@woothemes.com
290,Sibley,McIlmurray,smcilmurray81@cornell.edu
291,Marna,Heugh,mheugh82@dell.com
292,David,Lorking,dlorking83@histats.com
293,Algernon,Etherington,aetherington84@bizjournals.com
294,Marietta,Kimblen,mkimblen85@time.com
295,Riannon,Budibent,rbudibent86@mail.ru
296,Kanya,Mowsdale,kmowsdale87@a8.net
297,Cooper,Trees,ctrees88@instagram.com
298,Ranique,Rampton,rrampton89@samsung.com
299,Deirdre,Grgic,dgrgic8a@posterous.com
300,Alric,Welch,awelch8b@examiner.com
301,Teresa,Betz,tbetz8c@statcounter.com
302,Harri,Harler,hharler8d@narod.ru
303,Orly,Van Eeden,ovaneeden8e@cpanel.net
304,Ilario,Simms,isimms8f@networksolutions.com
305,Dario,Switzer,dswitzer8g@tmall.com
306,Murvyn,Dewfall,mdewfall8h@dailymotion.com
307,Percy,Dudbridge,pdudbridge8i@nbcnews.com
308,Gussie,Tapley,gtapley8j@nhs.uk
309,Boris,Kop,bkop8k@t.co
310,Noellyn,Linggood,nlinggood8l@creativecommons.org
311,Rourke,Grint,rgrint8m@yandex.ru
312,Sarah,Wackett,swackett8n@wufoo.com
313,Meghan,Yendall,myendall8o@sogou.com
314,Vidovik,Oxenbury,voxenbury8p@psu.edu
315,Nerissa,Harbert,nharbert8q@pagesperso-orange.fr
316,Bear,Hudspeth,bhudspeth8r@feedburner.com
317,Ondrea,Ackerman,oackerman8s@webmd.com
318,Cynthie,Kubik,ckubik8t@123-reg.co.uk
319,Leia,Treneman,ltreneman8u@last.fm
320,Torre,Duddell,tduddell8v@flickr.com
321,Megen,Brecher,mbrecher8w@miitbeian.gov.cn
322,Katherina,Cosbey,kcosbey8x@amazon.co.jp
323,Maximilianus,Red,mred8y@nps.gov
324,Juliet,Rickaby,jrickaby8z@ebay.co.uk
325,Cheslie,Cranham,ccranham90@flavors.me
326,Leilah,Torrance,ltorrance91@msn.com
327,Berke,Filippozzi,bfilippozzi92@ca.gov
328,Caril,Meers,cmeers93@nbcnews.com
329,Herman,Boskell,hboskell94@earthlink.net
330,Maximilian,Dougill,mdougill95@xing.com
331,Georgianna,Feeny,gfeeny96@usda.gov
332,Prentice,Bess,pbess97@state.gov
333,Curr,Novis,cnovis98@etsy.com
334,Hayley,Fowgies,hfowgies99@uol.com.br
335,Anatol,Spratt,aspratt9a@kickstarter.com
336,Jena,Ambrogiotti,jambrogiotti9b@photobucket.com
337,Ephrayim,George,egeorge9c@washingtonpost.com
338,Merilyn,Ickovits,mickovits9d@shareasale.com
339,Addison,Semiras,asemiras9e@imgur.com
340,Mariel,McSparran,mmcsparran9f@vimeo.com
341,Farica,Ragate,fragate9g@example.com
342,Elvin,Jeves,ejeves9h@youtube.com
343,Fernande,Marwick,fmarwick9i@networksolutions.com
344,Ramsey,Piggot,rpiggot9j@bbc.co.uk
345,Abba,Bergeau,abergeau9k@trellian.com
346,Thibaud,Bartosiak,tbartosiak9l@php.net
347,Faustine,Sheriff,fsheriff9m@nbcnews.com
348,Ashil,Allsobrook,aallsobrook9n@sciencedirect.com
349,Renaldo,Duesbury,rduesbury9o@gmpg.org
350,Valentijn,Sands,vsands9p@house.gov
351,Rosamond,Cundict,rcundict9q@blogspot.com
352,Kain,Omand,komand9r@google.fr
353,Rhodia,Gagg,rgagg9s@opensource.org
354,Amargo,McEvilly,amcevilly9t@hc360.com
355,Mirelle,Giraudot,mgiraudot9u@desdev.cn
356,Dore,Spark,dspark9v@pbs.org
357,Vilma,Skepper,vskepper9w@time.com
358,Karylin,Keating,kkeating9x@blogger.com
359,Jonie,Scrimshaw,jscrimshaw9y@reference.com
360,Tremayne,Levens,tlevens9z@symantec.com
361,Loise,Spellissy,lspellissya0@youku.com
362,Carolyn,Rome,cromea1@blogger.com
363,Perle,Wall,pwalla2@indiatimes.com
364,Rosaleen,Wass,rwassa3@deliciousdays.com
365,Nelie,Wraggs,nwraggsa4@nifty.com
366,Bary,Pickwell,bpickwella5@cloudflare.com
367,Welsh,Pine,wpinea6@mozilla.org
368,Corbin,Tuckey,ctuckeya7@sitemeter.com
369,Kilian,Eales,kealesa8@cisco.com
370,Roanne,Tremonte,rtremontea9@elpais.com
371,Winnah,Barron,wbarronaa@hibu.com
372,Odie,Haines,ohainesab@cafepress.com
373,Korry,Eseler,keselerac@go.com
374,Aubrie,Baynam,abaynamad@google.de
375,Yvonne,de Castelain,ydecastelainae@cdbaby.com
376,Ker,O'Currane,kocurraneaf@yolasite.com
377,Andres,Harragin,aharraginag@who.int
378,Bunnie,MacArd,bmacardah@newsvine.com
379,Darlene,MacConnechie,dmacconnechieai@fotki.com
380,Niko,Body,nbodyaj@github.com
381,Katina,Brech,kbrechak@stanford.edu
382,Zebedee,Guilliland,zguillilandal@zdnet.com
383,Jenni,Petroselli,jpetroselliam@senate.gov
384,Patty,Pither,ppitheran@army.mil
385,Merridie,Exeter,mexeterao@webmd.com
386,Elly,Belsham,ebelshamap@imdb.com
387,Julian,Dofty,jdoftyaq@gravatar.com
388,Terza,Dukelow,tdukelowar@usatoday.com
389,Hakim,Grummitt,hgrummittas@behance.net
390,Nolana,Brachell,nbrachellat@google.com
391,Rosene,Kubiczek,rkubiczekau@sfgate.com
392,Kris,Di Gregorio,kdigregorioav@printfriendly.com
393,Casie,Birbeck,cbirbeckaw@google.com
394,Norris,Paolucci,npaolucciax@ifeng.com
395,Moe,Ygoe,mygoeay@odnoklassniki.ru
396,Inger,Mompesson,imompessonaz@histats.com
397,Oby,Eicheler,oeichelerb0@ifeng.com
398,Oliver,Darth,odarthb1@google.pl
399,Ransom,Doghartie,rdoghartieb2@china.com.cn
400,Linette,Buche,lbucheb3@t.co
401,Brade,Garman,bgarmanb4@qq.com
402,Archie,Nice,aniceb5@aol.com
403,Francesco,Stert,fstertb6@sun.com
404,Lauretta,Syddall,lsyddallb7@rediff.com
405,Haskel,Gepson,hgepsonb8@shutterfly.com
406,Neddie,Amies,namiesb9@mapquest.com
407,Saunderson,Delyth,sdelythba@histats.com
408,Maude,Slater,mslaterbb@howstuffworks.com
409,Janeva,Rangall,jrangallbc@blogtalkradio.com
410,Olenka,Calderon,ocalderonbd@skype.com
411,Timotheus,McCrohon,tmccrohonbe@imdb.com
412,Florrie,Simla,fsimlabf@mayoclinic.com
413,Robina,Seakings,rseakingsbg@i2i.jp
414,Fern,Forgie,fforgiebh@joomla.org
415,Tremayne,Strettell,tstrettellbi@marriott.com
416,Clyve,Poulton,cpoultonbj@ft.com
417,Adrian,Chessel,achesselbk@slate.com
418,Von,Kensley,vkensleybl@flavors.me
419,Artemus,Cromly,acromlybm@printfriendly.com
420,Lurline,Paggitt,lpaggittbn@google.com
421,Winslow,Knowlman,wknowlmanbo@wix.com
422,Shauna,Burgill,sburgillbp@1und1.de
423,Johnath,Cadwell,jcadwellbq@vk.com
424,Kerri,Sylett,ksylettbr@usgs.gov
425,Ivette,Linner,ilinnerbs@hostgator.com
426,Mady,Sharvell,msharvellbt@cmu.edu
427,Scarface,Beaumont,sbeaumontbu@abc.net.au
428,Yetty,Lyfe,ylyfebv@hibu.com
429,Devon,Gwinn,dgwinnbw@unc.edu
430,Sadie,Gamil,sgamilbx@aol.com
431,Jabez,Cabel,jcabelby@weather.com
432,Claudetta,Canto,ccantobz@dot.gov
433,Rogers,Richardon,rrichardonc0@gravatar.com
434,Melissa,Whittington,mwhittingtonc1@squidoo.com
435,Moise,Oolahan,moolahanc2@usnews.com
436,Darya,Tillett,dtillettc3@pagesperso-orange.fr
437,Delly,Sertin,dsertinc4@w3.org
438,Rog,Cramp,rcrampc5@scribd.com
439,Archie,Dogg,adoggc6@usda.gov
440,Di,Von Hindenburg,dvonhindenburgc7@jalbum.net
441,Flinn,Wilse,fwilsec8@ox.ac.uk
442,Marjory,Saward,msawardc9@vk.com
443,Tomlin,Tait,ttaitca@marketwatch.com
444,Estevan,Kobera,ekoberacb@umich.edu
445,Louis,Lunt,lluntcc@engadget.com
446,Meryl,Taye,mtayecd@fotki.com
447,Aaren,Mallender,amallenderce@tinypic.com
448,Cheston,Rospars,crosparscf@tmall.com
449,Siana,Macvey,smacveycg@utexas.edu
450,Neal,Castrillo,ncastrilloch@nps.gov
451,Thatch,Giacopelo,tgiacopeloci@baidu.com
452,Brock,Reen,breencj@wired.com
453,Susanna,Dawbery,sdawberyck@ifeng.com
454,Paolina,Pawfoot,ppawfootcl@behance.net
455,Penn,Wenderott,pwenderottcm@eepurl.com
456,Neill,Lorenzetto,nlorenzettocn@ask.com
457,Hazel,Jaffra,hjaffraco@geocities.com
458,Vitoria,Fossey,vfosseycp@yahoo.com
459,Selinda,Rawcliffe,srawcliffecq@cmu.edu
460,Emmaline,Apps,eappscr@youtube.com
461,Sherlock,Champkins,schampkinscs@time.com
462,Daisie,Chirm,dchirmct@illinois.edu
463,Marty,Loveridge,mloveridgecu@sourceforge.net
464,Andres,Nelmes,anelmescv@symantec.com
465,Fields,Imlen,fimlencw@youtu.be
466,Mitzi,Millson,mmillsoncx@imdb.com
467,Jodi,Pepye,jpepyecy@smugmug.com
468,Saundra,Szymanski,sszymanskicz@sfgate.com
469,Carlita,Staning,cstaningd0@edublogs.org
470,Anna,Hunter,ahunterd1@alibaba.com
471,Tadeas,Tummond,ttummondd2@fda.gov
472,Rici,Suero,rsuerod3@nifty.com
473,Lillian,Colbertson,lcolbertsond4@archive.org
474,Lukas,Searchfield,lsearchfieldd5@marriott.com
475,Amalie,Woollhead,awoollheadd6@cargocollective.com
476,Verine,Baseley,vbaseleyd7@jugem.jp
477,Anastasie,McGiff,amcgiffd8@lulu.com
478,Murray,Huggins,mhugginsd9@e-recht24.de
479,Quinton,Rattery,qratteryda@nyu.edu
480,Goober,Bartod,gbartoddb@yelp.com
481,Gleda,Goldthorpe,ggoldthorpedc@creativecommons.org
482,Hamlin,Ward,hwarddd@hao123.com
483,Andrew,Wahner,awahnerde@simplemachines.org
484,Coleman,Prichard,cpricharddf@omniture.com
485,Aubrey,Keats,akeatsdg@github.io
486,Jory,Slorance,jslorancedh@salon.com
487,Jeth,Rogerot,jrogerotdi@aol.com
488,Arthur,Haddleston,ahaddlestondj@google.com.au
489,Stanislas,Tembridge,stembridgedk@tripadvisor.com
490,Melonie,Wauchope,mwauchopedl@pinterest.com
491,Lamont,Biffin,lbiffindm@trellian.com
492,Stavros,Winsper,swinsperdn@wunderground.com
493,Anabel,Patzelt,apatzeltdo@skyrock.com
494,Gerri,Pashba,gpashbadp@wordpress.com
495,Correy,Crown,ccrowndq@eepurl.com
496,Kayley,Michal,kmichaldr@geocities.com
497,Caitlin,Conyers,cconyersds@vk.com
498,Anatole,Frost,afrostdt@ox.ac.uk
499,Galvin,Daborn,gdaborndu@github.com
500,Glynis,Smallridge,gsmallridgedv@census.gov
501,Gwynne,Degoey,gdegoeydw@walmart.com
502,Vernice,De Gouy,vdegouydx@pagesperso-orange.fr
503,Una,Leivesley,uleivesleydy@xrea.com
504,Curr,Issacson,cissacsondz@skyrock.com
505,Thomasine,Stampe,tstampee0@desdev.cn
506,Brynna,Maulden,bmauldene1@nps.gov
507,Buddie,Wragge,bwraggee2@de.vu
508,Ursala,Jaukovic,ujaukovice3@boston.com
509,Deva,Fludder,dfluddere4@vkontakte.ru
510,Haroun,Archley,harchleye5@epa.gov
511,Perren,Aldis,paldise6@4shared.com
512,Bobbee,MacParland,bmacparlande7@salon.com
513,Arlyne,Le Quesne,alequesnee8@photobucket.com
514,Arabela,Vittle,avittlee9@goo.gl
515,Elyssa,Destouche,edestoucheea@twitpic.com
516,Doti,Mennear,dmenneareb@berkeley.edu
517,Cherey,Kubica,ckubicaec@engadget.com
518,Tabby,Hawke,thawkeed@ow.ly
519,Gav,Rodden,groddenee@google.pl
520,Henrik,Fydoe,hfydoeef@symantec.com
521,Natka,Haberfield,nhaberfieldeg@networksolutions.com
522,Sean,Drabble,sdrabbleeh@php.net
523,Bil,Chrstine,bchrstineei@eepurl.com
524,Kristina,Tortoishell,ktortoishellej@typepad.com
525,Karla,Fischer,kfischerek@huffingtonpost.com
526,Drugi,Trinkwon,dtrinkwonel@reuters.com
527,Spense,Ommundsen,sommundsenem@amazon.de
528,Alvan,Bearn,abearnen@twitter.com
529,Darb,Haxby,dhaxbyeo@topsy.com
530,Rufus,Sentance,rsentanceep@thetimes.co.uk
531,Lyndsay,Ronisch,lronischeq@netscape.com
532,Maryanne,Grigorushkin,mgrigorushkiner@w3.org
533,Beverlie,Hilldrop,bhilldropes@ovh.net
534,Octavia,Shire,oshireet@reddit.com
535,Tamma,Wildman,twildmaneu@vk.com
536,Niles,Allsup,nallsupev@clickbank.net
537,Romain,Hickeringill,rhickeringillew@gmpg.org
538,Royce,Benezeit,rbenezeitex@nsw.gov.au
539,Tristam,Rathe,tratheey@hugedomains.com
540,Damaris,Parkeson,dparkesonez@mapy.cz
541,Lida,Pepys,lpepysf0@lycos.com
542,Patrizius,Pilbeam,ppilbeamf1@eepurl.com
543,Dexter,Chasson,dchassonf2@amazon.de
544,Hesther,Ferrand,hferrandf3@wikipedia.org
545,Janetta,Cosslett,jcosslettf4@mail.ru
546,Gaylene,Rens,grensf5@livejournal.com
547,Layne,John,ljohnf6@wiley.com
548,Tera,Murtimer,tmurtimerf7@shareasale.com
549,Regina,Renihan,rrenihanf8@ning.com
550,George,Klebes,gklebesf9@disqus.com
551,Whit,Dallan,wdallanfa@wikipedia.org
552,Aldon,Camis,acamisfb@prweb.com
553,Brewster,Breede,bbreedefc@mozilla.org
554,Malorie,Hayth,mhaythfd@biglobe.ne.jp
555,Rayner,Feathers,rfeathersfe@zdnet.com
556,Brunhilde,McBrady,bmcbradyff@cpanel.net
557,Ronna,Dyers,rdyersfg@zdnet.com
558,Abigale,Bartak,abartakfh@yahoo.co.jp
559,Maureene,Havis,mhavisfi@slideshare.net
560,Rodge,London,rlondonfj@opera.com
561,Umberto,Pheby,uphebyfk@soundcloud.com
562,Stoddard,Hollington,shollingtonfl@dion.ne.jp
563,Pamella,Bartelli,pbartellifm@1688.com
564,Zach,Lewknor,zlewknorfn@multiply.com
565,Helga,Dodamead,hdodameadfo@newyorker.com
566,Jerrilee,Noli,jnolifp@prnewswire.com
567,Tye,Washbrook,twashbrookfq@businesswire.com
568,Carmencita,Nijssen,cnijssenfr@sciencedirect.com
569,Leslie,Slowley,lslowleyfs@angelfire.com
570,Sayer,Ovill,sovillft@statcounter.com
571,Corenda,Wyche,cwychefu@oracle.com
572,Enrika,Stetson,estetsonfv@imgur.com
573,Fred,Wofenden,fwofendenfw@acquirethisname.com
574,Sammy,Heatlie,sheatliefx@google.fr
575,Susette,Durdle,sdurdlefy@engadget.com
576,Carole,Servante,cservantefz@cnbc.com
577,Dermot,Forton,dfortong0@salon.com
578,Quinlan,Durdle,qdurdleg1@typepad.com
579,Idette,Fidgett,ifidgettg2@va.gov
580,Marge,Bann,mbanng3@discovery.com
581,Marna,Lindop,mlindopg4@tmall.com
582,Garland,McAllen,gmcalleng5@typepad.com
583,Lauryn,Riddel,lriddelg6@columbia.edu
584,Mahalia,Saxton,msaxtong7@reverbnation.com
585,Holmes,Satchell,hsatchellg8@jugem.jp
586,Fanchette,Pappi,fpappig9@arstechnica.com
587,Harald,Oakden,hoakdenga@businessweek.com
588,Smith,Wailes,swailesgb@eventbrite.com
589,Whitney,Mehmet,wmehmetgc@clickbank.net
590,Dionis,O'Lehane,dolehanegd@chron.com
591,Phaedra,Frake,pfrakege@hhs.gov
592,Wilfred,Asher,washergf@shinystat.com
593,Emmerich,Spanton,espantongg@apache.org
594,Tobie,Lyman,tlymangh@vkontakte.ru
595,Moll,Chalkly,mchalklygi@cocolog-nifty.com
596,Jobyna,Ailmer,jailmergj@rakuten.co.jp
597,Knox,Phython,kphythongk@over-blog.com
598,Sylvia,Larret,slarretgl@washington.edu
599,Sid,Yorkston,syorkstongm@last.fm
600,Tessi,Klewer,tklewergn@multiply.com
601,Leanna,Urey,lureygo@twitpic.com
602,Anica,Delacourt,adelacourtgp@marriott.com
603,Brita,Withams,bwithamsgq@g.co
604,Darren,Aphale,daphalegr@rakuten.co.jp
605,Philippe,Grinishin,pgrinishings@free.fr
606,Ania,Craufurd,acraufurdgt@photobucket.com
607,Emmalynne,Marriot,emarriotgu@ed.gov
608,Phillie,Swane,pswanegv@gmpg.org
609,Myra,Sugars,msugarsgw@businessweek.com
610,Fax,Soigoux,fsoigouxgx@virginia.edu
611,Nannette,Fowley,nfowleygy@xing.com
612,Wallie,Dowzell,wdowzellgz@about.com
613,Evie,Fleet,efleeth0@technorati.com
614,Adey,Swigg,aswiggh1@redcross.org
615,Laural,Worrill,lworrillh2@google.pl
616,Libbey,Hughson,lhughsonh3@newsvine.com
617,Gwyneth,Hawkett,ghawketth4@list-manage.com
618,Ingra,Storrar,istorrarh5@globo.com
619,Dolly,Madigan,dmadiganh6@microsoft.com
620,Cathee,Keelin,ckeelinh7@narod.ru
621,Rutter,Arpur,rarpurh8@examiner.com
622,Keven,Goldwater,kgoldwaterh9@vistaprint.com
623,Rancell,Justun,rjustunha@newyorker.com
624,Anabella,Andresser,aandresserhb@fastcompany.com
625,Otho,Gindghill,ogindghillhc@time.com
626,Marcelia,Gretton,mgrettonhd@deliciousdays.com
627,Aarika,Tzar,atzarhe@pagesperso-orange.fr
628,Julienne,Bente,jbentehf@tamu.edu
629,Muhammad,Alliston,mallistonhg@plala.or.jp
630,Konrad,Lindblom,klindblomhh@nationalgeographic.com
631,Ede,Callaghan,ecallaghanhi@people.com.cn
632,Erastus,Jobbins,ejobbinshj@google.co.uk
633,Normand,Halsted,nhalstedhk@msn.com
634,Bidget,Acres,bacreshl@devhub.com
635,Peggie,Muddicliffe,pmuddicliffehm@ow.ly
636,Arleta,Alpe,aalpehn@ycombinator.com
637,Morgen,Longhirst,mlonghirstho@abc.net.au
638,Alwyn,Lantuffe,alantuffehp@ucoz.ru
639,Phaidra,Cocher,pcocherhq@prlog.org
640,Dido,Berget,dbergethr@blinklist.com
641,Sophi,Gaveltone,sgaveltonehs@adobe.com
642,Starlin,Povah,spovahht@dmoz.org
643,Ezri,Boyan,eboyanhu@spotify.com
644,Tallulah,Studdal,tstuddalhv@printfriendly.com
645,Cinda,Edward,cedwardhw@tumblr.com
646,Phyllida,Hincks,phinckshx@economist.com
647,Lemmie,May,lmayhy@ebay.com
648,Ignacio,Guerrier,iguerrierhz@seattletimes.com
649,Aube,Raphael,araphaeli0@kickstarter.com
650,Nev,Florey,nfloreyi1@mayoclinic.com
651,Tierney,Bolley,tbolleyi2@businessinsider.com
652,Clarine,Vannoort,cvannoorti3@irs.gov
653,Marcellina,Kunath,mkunathi4@upenn.edu
654,Nevins,Guillot,nguilloti5@digg.com
655,Buffy,Kench,bkenchi6@cbc.ca
656,Dory,Saurat,dsaurati7@google.ca
657,Corilla,Crush,ccrushi8@acquirethisname.com
658,Esme,Froggatt,efroggatti9@moonfruit.com
659,Ingaberg,Lamble,ilambleia@mail.ru
660,Korie,Luckes,kluckesib@mit.edu
661,Luis,Fincher,lfincheric@xing.com
662,Normand,Merriman,nmerrimanid@reverbnation.com
663,Gasparo,Hoys,ghoysie@marriott.com
664,Sunny,MacQueen,smacqueenif@discovery.com
665,Petronella,Fountaine,pfountaineig@drupal.org
666,Debby,Stoving,dstovingih@baidu.com
667,Nanete,Ritchie,nritchieii@miitbeian.gov.cn
668,Michaella,Ganing,mganingij@fastcompany.com
669,Gwendolen,Matiewe,gmatieweik@csmonitor.com
670,Elene,Wannop,ewannopil@slideshare.net
671,Freda,Spoerl,fspoerlim@google.ru
672,Arther,Minero,amineroin@nsw.gov.au
673,Kristos,Gimenez,kgimenezio@amazonaws.com
674,Maryl,Stollenhof,mstollenhofip@sourceforge.net
675,Saunders,Somerbell,ssomerbelliq@indiegogo.com
676,Kelcy,Vergine,kvergineir@cbc.ca
677,Anastassia,Tortis,atortisis@paginegialle.it
678,Benedict,Osmant,bosmantit@uiuc.edu
679,Cloe,Wymer,cwymeriu@irs.gov
680,Jaime,Mortell,jmortelliv@nyu.edu
681,Leland,Vondra,lvondraiw@shop-pro.jp
682,Viva,Leupold,vleupoldix@fc2.com
683,Luke,Vesty,lvestyiy@linkedin.com
684,Drusilla,Annwyl,dannwyliz@ebay.co.uk
685,Shaine,Castel,scastelj0@alexa.com
686,Dulciana,Blacktin,dblacktinj1@amazon.co.jp
687,Cinderella,Rugiero,crugieroj2@domainmarket.com
688,Nicky,Howton,nhowtonj3@tinypic.com
689,Wyndham,Ingliss,winglissj4@prlog.org
690,Laraine,Boodle,lboodlej5@shareasale.com
691,Jaimie,Garland,jgarlandj6@berkeley.edu
692,Lief,Gounot,lgounotj7@hostgator.com
693,Rowen,Scobbie,rscobbiej8@adobe.com
694,Bamby,Tester,btesterj9@ow.ly
695,Shell,Noir,snoirja@ftc.gov
696,Guillemette,Klement,gklementjb@virginia.edu
697,Ann-marie,Itzakovitz,aitzakovitzjc@bravesites.com
698,Edsel,Scini,escinijd@hexun.com
699,Ced,Orniz,cornizje@rakuten.co.jp
700,Edouard,Jarmain,ejarmainjf@accuweather.com
701,Myrtice,Skirling,mskirlingjg@google.co.jp
702,Arielle,Witsey,awitseyjh@reference.com
703,Adela,Brizell,abrizellji@nymag.com
704,Natala,Bunch,nbunchjj@prweb.com
705,Devora,Nimmo,dnimmojk@ning.com
706,Godart,Hartil,ghartiljl@diigo.com
707,Roby,Lindstedt,rlindstedtjm@youku.com
708,Celisse,Pandya,cpandyajn@qq.com
709,Erda,Lovelace,elovelacejo@domainmarket.com
710,Samson,Arnaldy,sarnaldyjp@nyu.edu
711,Melvin,Inkles,minklesjq@virginia.edu
712,Tiebold,MacAscaidh,tmacascaidhjr@yale.edu
713,Quintana,Sinnat,qsinnatjs@ftc.gov
714,Arman,Lissandrini,alissandrinijt@nps.gov
715,Constantia,Talbot,ctalbotju@marketwatch.com
716,Corny,Backler,cbacklerjv@dell.com
717,Dell,Caslane,dcaslanejw@nhs.uk
718,Randie,Blunsen,rblunsenjx@google.ca
719,Englebert,Blaksland,eblakslandjy@go.com
720,Noell,Jenckes,njenckesjz@yahoo.com
721,Ardella,Frayling,afraylingk0@youku.com
722,Rickie,Spry,rspryk1@yellowbook.com
723,Elena,Jell,ejellk2@nature.com
724,Berny,McKearnen,bmckearnenk3@sogou.com
725,Armin,Blumer,ablumerk4@odnoklassniki.ru
726,Batsheva,Mooring,bmooringk5@microsoft.com
727,Odelinda,Bertl,obertlk6@arizona.edu
728,Kym,Vallintine,kvallintinek7@gnu.org
729,Verine,Clemes,vclemesk8@cmu.edu
730,Nerty,Twentyman,ntwentymank9@mayoclinic.com
731,Hakeem,Bromehed,hbromehedka@simplemachines.org
732,Tootsie,Bourgeois,tbourgeoiskb@cbslocal.com
733,Quentin,Ridgewell,qridgewellkc@devhub.com
734,Lenee,Alentyev,lalentyevkd@msn.com
735,Stefanie,Langston,slangstonke@delicious.com
736,Eunice,Harkin,eharkinkf@plala.or.jp
737,Gabbie,Hirtz,ghirtzkg@redcross.org
738,Addie,Norgan,anorgankh@harvard.edu
739,Matthiew,Semmence,msemmenceki@usda.gov
740,Loria,Harcus,lharcuskj@marriott.com
741,Horatius,Splevings,hsplevingskk@cbslocal.com
742,Ryan,Gorbell,rgorbellkl@webmd.com
743,Leah,D'Elias,ldeliaskm@nationalgeographic.com
744,Jere,Slucock,jslucockkn@cam.ac.uk
745,Janaya,Stansbury,jstansburyko@reddit.com
746,Linette,Steart,lsteartkp@economist.com
747,Eachelle,Latchmore,elatchmorekq@live.com
748,Tabbie,Castagnasso,tcastagnassokr@people.com.cn
749,Gibb,Iacobini,giacobiniks@psu.edu
750,Ada,Gouthier,agouthierkt@infoseek.co.jp
751,Deeanne,Thorndycraft,dthorndycraftku@lycos.com
752,Abbey,Trimmill,atrimmillkv@mozilla.org
753,Hollis,Ruberti,hrubertikw@hostgator.com
754,Margaux,Ruhben,mruhbenkx@g.co
755,Edy,Sturr,esturrky@mtv.com
756,Klemens,Moehle,kmoehlekz@desdev.cn
757,Magdalena,Finding,mfindingl0@multiply.com
758,Trina,Samarth,tsamarthl1@blogger.com
759,Izzy,Shillingford,ishillingfordl2@mysql.com
760,Antonie,McSporrin,amcsporrinl3@globo.com
761,Gris,Tiley,gtileyl4@europa.eu
762,Tara,Jenkyn,tjenkynl5@artisteer.com
763,Charlena,Eddins,ceddinsl6@geocities.jp
764,Torin,Derrick,tderrickl7@aboutads.info
765,Goddart,Allred,gallredl8@sphinn.com
766,Ellsworth,Dorie,edoriel9@oracle.com
767,Morty,Wingar,mwingarla@hp.com
768,Bonny,Ferraraccio,bferraracciolb@icq.com
769,Jory,Mucklow,jmucklowlc@sogou.com
770,Lavena,Byrd,lbyrdld@columbia.edu
771,Fraze,Layland,flaylandle@blogspot.com
772,Burke,Moggle,bmogglelf@google.com.hk
773,Karine,MacGillespie,kmacgillespielg@dropbox.com
774,Adorne,Tupp,atupplh@google.ca
775,Luce,Gianulli,lgianullili@theatlantic.com
776,Grant,Skeemer,gskeemerlj@unc.edu
777,Eugine,Butler,ebutlerlk@photobucket.com
778,Suzi,Jesse,sjessell@pbs.org
779,Eldon,Barten,ebartenlm@lulu.com
780,Halli,Kennedy,hkennedyln@youtu.be
781,Justis,Peggram,jpeggramlo@oakley.com
782,Harriott,Boult,hboultlp@parallels.com
783,Cassie,Baxstair,cbaxstairlq@bloglines.com
784,Harrie,Haton,hhatonlr@edublogs.org
785,Giuseppe,Sumnall,gsumnallls@pbs.org
786,Carmon,Peirson,cpeirsonlt@webnode.com
787,Kassi,Thewys,kthewyslu@toplist.cz
788,Emmy,Dunan,edunanlv@purevolume.com
789,Ignacio,Kembry,ikembrylw@zdnet.com
790,Laurel,Boake,lboakelx@woothemes.com
791,Winni,Filippi,wfilippily@earthlink.net
792,Christa,Winspire,cwinspirelz@oakley.com
793,Jannelle,Prattin,jprattinm0@prweb.com
794,Romonda,Hayle,rhaylem1@mapquest.com
795,Karney,Poulden,kpouldenm2@goodreads.com
796,Emma,Meddings,emeddingsm3@mayoclinic.com
797,Nicoli,Bouchard,nbouchardm4@fotki.com
798,West,Mustard,wmustardm5@shutterfly.com
799,Constantia,Aliman,calimanm6@liveinternet.ru
800,Leonid,Hayton,lhaytonm7@is.gd
801,Jade,Ferreira,jferreiram8@wix.com
802,Teresa,Gobeaux,tgobeauxm9@abc.net.au
803,Reube,Doogan,rdooganma@so-net.ne.jp
804,Nichol,Hovie,nhoviemb@unc.edu
805,Iago,Whall,iwhallmc@dion.ne.jp
806,Kathi,Clapison,kclapisonmd@dailymail.co.uk
807,Chrysa,Hearsey,chearseyme@berkeley.edu
808,Bonny,Tellenbroker,btellenbrokermf@si.edu
809,Victor,Izchaki,vizchakimg@csmonitor.com
810,Erinna,Weitzel,eweitzelmh@shutterfly.com
811,Vikki,Frissell,vfrissellmi@webeden.co.uk
812,Felike,Screach,fscreachmj@dropbox.com
813,Druci,Pellant,dpellantmk@google.de
814,Zebedee,Peddar,zpeddarml@patch.com
815,Arlena,Kitney,akitneymm@typepad.com
816,Antony,Benezet,abenezetmn@sina.com.cn
817,Javier,Gallon,jgallonmo@state.gov
818,Sashenka,Georghiou,sgeorghioump@devhub.com
819,Val,McElwee,vmcelweemq@netvibes.com
820,Estevan,Riseley,eriseleymr@free.fr
821,Viki,Rubertis,vrubertisms@google.com.hk
822,Steve,Shakesbye,sshakesbyemt@nymag.com
823,Alejandra,Kabisch,akabischmu@technorati.com
824,Aron,Denes,adenesmv@psu.edu
825,Diarmid,Landis,dlandismw@stanford.edu
826,Amby,Ochterlony,aochterlonymx@xing.com
827,Ashlee,Eallis,aeallismy@europa.eu
828,Hedvige,Eilers,heilersmz@qq.com
829,Celestyn,Side,csiden0@cloudflare.com
830,Bernie,Croose,bcroosen1@cbslocal.com
831,Egon,Duchesne,educhesnen2@furl.net
832,Amandi,Prewer,aprewern3@nba.com
833,Diann,Edgar,dedgarn4@mysql.com
834,Consolata,Bamber,cbambern5@weather.com
835,Latisha,Swigg,lswiggn6@answers.com
836,Tedd,Stobie,tstobien7@bigcartel.com
837,Johna,McCleod,jmccleodn8@xrea.com
838,Maureen,Barlass,mbarlassn9@woothemes.com
839,Sutton,Mixon,smixonna@reference.com
840,Osbourn,Stiller,ostillernb@mysql.com
841,Dolley,Oxborough,doxboroughnc@patch.com
842,Chiquia,Clarson,cclarsonnd@reverbnation.com
843,Alberik,Munro,amunrone@devhub.com
844,Mateo,MacKellen,mmackellennf@census.gov
845,Jaclyn,Drees,jdreesng@buzzfeed.com
846,Rhody,Harbron,rharbronnh@dell.com
847,Sylas,Davids,sdavidsni@usgs.gov
848,Ruby,Lancastle,rlancastlenj@cbsnews.com
849,Ermanno,Tootin,etootinnk@upenn.edu
850,Mirella,Blitz,mblitznl@adobe.com
851,Tiff,Eastwell,teastwellnm@umn.edu
852,Clarie,Derobert,cderobertnn@apple.com
853,Norry,Frill,nfrillno@stumbleupon.com
854,Andi,Rothwell,arothwellnp@blogger.com
855,Alexina,Rubertelli,arubertellinq@wikia.com
856,Alwin,Meah,ameahnr@ycombinator.com
857,Raul,Trudgeon,rtrudgeonns@google.fr
858,Judon,Ivankovic,jivankovicnt@e-recht24.de
859,Lambert,de Quincey,ldequinceynu@biglobe.ne.jp
860,Marmaduke,Brakespear,mbrakespearnv@alexa.com
861,Gilly,Haversham,ghavershamnw@jimdo.com
862,Marjie,Layzell,mlayzellnx@patch.com
863,Ozzy,Creek,ocreekny@youtube.com
864,Stacia,Curedell,scuredellnz@last.fm
865,Stefano,Auguste,saugusteo0@fc2.com
866,Andi,Dreger,adregero1@apache.org
867,Helene,Stribbling,hstribblingo2@quantcast.com
868,Xenia,O'Connell,xoconnello3@marriott.com
869,Killie,Irons,kironso4@narod.ru
870,Chelsy,O' Byrne,cobyrneo5@dailymail.co.uk
871,Tilda,Knotton,tknottono6@friendfeed.com
872,Roz,Pretsell,rpretsello7@trellian.com
873,Bren,Silverlock,bsilverlocko8@ted.com
874,Spike,Authers,sautherso9@wp.com
875,Helga,Andri,handrioa@msu.edu
876,Anderea,McGow,amcgowob@amazonaws.com
877,Doro,Faldoe,dfaldoeoc@ovh.net
878,Oliviero,Dorton,odortonod@unblog.fr
879,Sigismundo,Stoney,sstoneyoe@weather.com
880,Elmira,Maddin,emaddinof@fotki.com
881,Anderson,Sieghard,asieghardog@freewebs.com
882,Ferris,Harrinson,fharrinsonoh@tinyurl.com
883,Fancie,Salzen,fsalzenoi@fastcompany.com
884,Pernell,Woodroffe,pwoodroffeoj@diigo.com
885,Sol,Blanden,sblandenok@alibaba.com
886,Prissie,Margeram,pmargeramol@opera.com
887,Elfreda,Purrier,epurrierom@woothemes.com
888,Riki,Rymmer,rrymmeron@163.com
889,Joelynn,Retter,jretteroo@columbia.edu
890,Dew,Napolione,dnapolioneop@usa.gov
891,Emilie,Meaney,emeaneyoq@statcounter.com
892,Juliann,Calderwood,jcalderwoodor@disqus.com
893,Alexandros,MacCardle,amaccardleos@sfgate.com
894,Rahal,Paddington,rpaddingtonot@4shared.com
895,Moll,Kesper,mkesperou@usda.gov
896,Hamil,Trustey,htrusteyov@un.org
897,Melanie,Cubley,mcubleyow@feedburner.com
898,Nevin,Guiden,nguidenox@google.com.hk
899,Rory,Pickwell,rpickwelloy@si.edu
900,Drud,de Villier,ddevillieroz@qq.com
901,Deena,Lupton,dluptonp0@ow.ly
902,Anabel,Sagg,asaggp1@foxnews.com
903,Chandal,Gammet,cgammetp2@google.co.jp
904,Travis,Guerry,tguerryp3@meetup.com
905,Reade,Beach,rbeachp4@walmart.com
906,Tabitha,Yellop,tyellopp5@ibm.com
907,Hilary,Karpe,hkarpep6@networksolutions.com
908,Anne-corinne,Dakhno,adakhnop7@home.pl
909,Pattie,Sissot,psissotp8@abc.net.au
910,Stacy,Shadbolt,sshadboltp9@sakura.ne.jp
911,Vlad,Glewe,vglewepa@chicagotribune.com
912,Bellina,Gore,bgorepb@a8.net
913,Ches,Malins,cmalinspc@cafepress.com
914,Arvy,Affuso,aaffusopd@berkeley.edu
915,Alex,Hobgen,ahobgenpe@squarespace.com
916,Sterling,Storre,sstorrepf@trellian.com
917,Arabelle,Lant,alantpg@mysql.com
918,Bernie,Debling,bdeblingph@springer.com
919,Eddie,Kemston,ekemstonpi@mozilla.com
920,Donella,Gorgler,dgorglerpj@sina.com.cn
921,Billy,Haig,bhaigpk@xrea.com
922,Sascha,Eastbury,seastburypl@sciencedirect.com
923,Casie,Discombe,cdiscombepm@dailymotion.com
924,Barbi,Karel,bkarelpn@rakuten.co.jp
925,Jan,Biaggioni,jbiaggionipo@indiegogo.com
926,Krista,Pippin,kpippinpp@tmall.com
927,Sherwin,Ayree,sayreepq@toplist.cz
928,Steve,Boner,sbonerpr@imageshack.us
929,Laurie,Arnson,larnsonps@baidu.com
930,Jewell,Newark,jnewarkpt@disqus.com
931,Catie,Henzley,chenzleypu@examiner.com
932,Aggy,Stebbings,astebbingspv@hao123.com
933,Sheryl,Mauditt,smaudittpw@mayoclinic.com
934,Daffi,Bowle,dbowlepx@sitemeter.com
935,Emelina,Gladstone,egladstonepy@wordpress.org
936,Iago,Dobbinson,idobbinsonpz@mysql.com
937,Rip,Orange,rorangeq0@cornell.edu
938,Norri,Thrift,nthriftq1@fastcompany.com
939,Wiley,Dahill,wdahillq2@vkontakte.ru
940,Muffin,Magne,mmagneq3@tumblr.com
941,Lissa,Hinnerk,lhinnerkq4@google.co.uk
942,Dalila,Barkly,dbarklyq5@bbb.org
943,Philippa,Beloe,pbeloeq6@webeden.co.uk
944,Antonina,Plover,aploverq7@cbslocal.com
945,Curt,Fowles,cfowlesq8@msu.edu
946,Jermain,Muldoon,jmuldoonq9@drupal.org
947,Hattie,Jerson,hjersonqa@slate.com
948,Rinaldo,Lattimer,rlattimerqb@about.com
949,Patrizio,Pirrone,ppirroneqc@freewebs.com
950,Terrill,Quarterman,tquartermanqd@lycos.com
951,Rossy,Wann,rwannqe@scribd.com
952,Hesther,Blacktin,hblacktinqf@pen.io
953,Inez,Carik,icarikqg@live.com
954,Vyky,Strewther,vstrewtherqh@tuttocitta.it
955,Marisa,Ambrosini,mambrosiniqi@rakuten.co.jp
956,Carina,Andersson,canderssonqj@va.gov
957,Charis,Oxbe,coxbeqk@odnoklassniki.ru
958,Gabriellia,Kellar,gkellarql@timesonline.co.uk
959,Harriot,Watterson,hwattersonqm@sphinn.com
960,Joan,Hartas,jhartasqn@odnoklassniki.ru
961,Sibbie,Putterill,sputterillqo@netlog.com
962,Craggy,Gonnel,cgonnelqp@chron.com
963,Loydie,Lillicrap,llillicrapqq@furl.net
964,Saxon,Cleugh,scleughqr@comcast.net
965,Lorena,Carnoghan,lcarnoghanqs@bloglines.com
966,Parnell,Lumox,plumoxqt@naver.com
967,Martainn,Wheaton,mwheatonqu@spotify.com
968,Kelli,Henrique,khenriqueqv@barnesandnoble.com
969,Lula,Emmines,lemminesqw@edublogs.org
970,Frannie,Goolding,fgooldingqx@purevolume.com
971,Marlene,Shearman,mshearmanqy@dot.gov
972,Gareth,Shout,gshoutqz@springer.com
973,Maximilien,Sager,msagerr0@bing.com
974,Esme,Plott,eplottr1@hhs.gov
975,Brannon,Gumery,bgumeryr2@amazon.co.jp
976,Sigismondo,Lawie,slawier3@amazon.com
977,Tracy,Walklott,twalklottr4@merriam-webster.com
978,Kip,Abba,kabbar5@amazon.com
979,Leicester,Millier,lmillierr6@youtube.com
980,Northrop,McPhelimey,nmcphelimeyr7@fotki.com
981,Kendall,Guerner,kguernerr8@nih.gov
982,Jayme,Stiegars,jstiegarsr9@amazonaws.com
983,Kimberlyn,Tithecott,ktithecottra@weebly.com
984,Verine,Dur,vdurrb@marriott.com
985,Madalyn,Conen,mconenrc@t-online.de
986,Abelard,Biddiss,abiddissrd@ebay.com
987,Arluene,Sigsworth,asigsworthre@mapy.cz
988,Wenda,Sleford,wslefordrf@wikia.com
989,Rossy,Etherson,rethersonrg@google.com.au
990,Mireielle,Blune,mblunerh@amazon.de
991,Fletch,Breit,fbreitri@tripadvisor.com
992,Morna,Streather,mstreatherrj@chicagotribune.com
993,Susann,Tunnock,stunnockrk@noaa.gov
994,Ave,Crebott,acrebottrl@ezinearticles.com
995,Darby,Bartaletti,dbartalettirm@nydailynews.com
996,Fawne,Kirwin,fkirwinrn@indiatimes.com
997,Harriett,McLorinan,hmclorinanro@macromedia.com
998,Charis,Rubega,crubegarp@wunderground.com
999,Junia,Rimer,jrimerrq@liveinternet.ru
1000,Aylmar,Kinglesyd,akinglesydrr@loc.gov
