id,first_name,last_name,email
1,Simona,Taaffe,staaffe0@google.de
2,Alon,Heinel,aheinel1@si.edu
3,Laurene,Viel,lviel2@chron.com
4,Vernen,Balazot,vbalazot3@quantcast.com
5,Annabelle,Corderoy,acorderoy4@usa.gov
6,Lucien,Takkos,ltakkos5@cnbc.com
7,Thorndike,Hazart,thazart6@wikimedia.org
8,Davita,Copestick,dcopestick7@dailymotion.com
9,Lamont,Tunnacliffe,ltunnacliffe8@ucsd.edu
10,Chloris,Anniwell,canniwell9@squarespace.com
11,Adlai,Graeber,agraebera@archive.org
12,Ceil,Jeske,cjeskeb@joomla.org
13,Karlan,Notley,knotleyc@gnu.org
14,Nickie,Shrieve,nshrieved@free.fr
15,Flossie,Plumtree,fplumtreee@unicef.org
16,Emelia,Arnaudet,earnaudetf@pbs.org
17,Starla,Curgenven,scurgenveng@yolasite.com
18,Karlik,Hegg,kheggh@army.mil
19,Costa,Copas,ccopasi@bloglovin.com
20,Thain,Goney,tgoneyj@soup.io
21,Darius,Creelman,dcreelmank@gnu.org
22,Melody,Boulden,mbouldenl@nih.gov
23,Rafaellle,Goodrum,rgoodrumm@shutterfly.com
24,Harris,Winterton,hwintertonn@ning.com
25,Gideon,Haydock,ghaydocko@elegantthemes.com
26,Vivyan,Bentham,vbenthamp@si.edu
27,Manon,Belchamp,mbelchampq@nba.com
28,Pietrek,Bremen,pbremenr@de.vu
29,Rebecca,Treuge,rtreuges@storify.com
30,Diane-marie,Medina,dmedinat@storify.com
31,Monro,Ricard,mricardu@macromedia.com
32,Stavro,Adao,sadaov@ezinearticles.com
33,Bessy,Tregidgo,btregidgow@technorati.com
34,Quincy,Dunne,qdunnex@intel.com
35,Fergus,Overlow,foverlowy@xinhuanet.com
36,Kally,Croote,kcrootez@icio.us
37,Jeramie,Rippon,jrippon10@vk.com
38,Elisabet,Curbishley,ecurbishley11@utexas.edu
39,Blanca,Whittuck,bwhittuck12@qq.com
40,Vaughn,Phettis,vphettis13@printfriendly.com
41,Devy,Kinningley,dkinningley14@sourceforge.net
42,Krissy,Cumberland,kcumberland15@blogspot.com
43,Pansie,Pennick,ppennick16@whitehouse.gov
44,Heda,Fosdyke,hfosdyke17@wordpress.org
45,Deloria,McHan,dmchan18@i2i.jp
46,Lizabeth,Worg,lworg19@google.ca
47,Benedicta,Oneil,boneil1a@skyrock.com
48,Shalne,Nodes,snodes1b@wordpress.org
49,Drusie,Rudledge,drudledge1c@thetimes.co.uk
50,Ivett,Hort,ihort1d@dell.com
51,Devinne,McLernon,dmclernon1e@pagesperso-orange.fr
52,Ainslee,Colbertson,acolbertson1f@irs.gov
53,Toinette,Pixton,tpixton1g@engadget.com
54,Torrey,O'Malley,tomalley1h@themeforest.net
55,Raynell,Erwin,rerwin1i@sourceforge.net
56,Aldwin,Philipsohn,aphilipsohn1j@godaddy.com
57,Erhard,Farncombe,efarncombe1k@va.gov
58,Conney,McLice,cmclice1l@lulu.com
59,Frazer,Ruddock,fruddock1m@over-blog.com
60,Costanza,Senten,csenten1n@elegantthemes.com
61,Maura,Ortell,mortell1o@flavors.me
62,Harbert,Leask,hleask1p@yahoo.co.jp
63,Toma,Pietri,tpietri1q@reuters.com
64,Augustine,Grimme,agrimme1r@free.fr
65,Orrin,Stollsteimer,ostollsteimer1s@friendfeed.com
66,Frants,Swan,fswan1t@freewebs.com
67,Charin,Craddy,ccraddy1u@baidu.com
68,Robinson,Arnall,rarnall1v@ask.com
69,Brewster,Brinklow,bbrinklow1w@mail.ru
70,Deeann,O'Farrell,dofarrell1x@berkeley.edu
71,Julianne,McKellen,jmckellen1y@accuweather.com
72,Erik,Forson,eforson1z@bbc.co.uk
73,Leshia,Pieter,lpieter20@hp.com
74,Montague,Ivannikov,mivannikov21@bigcartel.com
75,Alicia,Elford,aelford22@diigo.com
76,Hurley,Aldgate,haldgate23@un.org
77,Starr,Stouther,sstouther24@state.gov
78,Will,Tait,wtait25@nasa.gov
79,Noland,Howel,nhowel26@timesonline.co.uk
80,Broderick,Choffin,bchoffin27@narod.ru
81,Brion,Naisby,bnaisby28@themeforest.net
82,Josiah,Luciani,jluciani29@ihg.com
83,Aeriela,Gumley,agumley2a@1und1.de
84,Eveleen,Pearsall,epearsall2b@diigo.com
85,Veronika,Carine,vcarine2c@webnode.com
86,Karrie,McGauhy,kmcgauhy2d@moonfruit.com
87,Opaline,Aizikov,oaizikov2e@angelfire.com
88,Ardis,Badcock,abadcock2f@rakuten.co.jp
89,Louisette,Lanney,llanney2g@webmd.com
90,Hilliary,Malpas,hmalpas2h@newsvine.com
91,Anallise,Dell,adell2i@weather.com
92,Vernor,Artiss,vartiss2j@cisco.com
93,Valle,Fleetham,vfleetham2k@examiner.com
94,Nathanael,Balhatchet,nbalhatchet2l@51.la
95,Northrop,Dimmack,ndimmack2m@archive.org
96,Devon,Lamers,dlamers2n@marriott.com
97,Esma,Valero,evalero2o@patch.com
98,Ardath,Knell,aknell2p@baidu.com
99,Julianna,Olpin,jolpin2q@ucoz.com
100,Blanche,Spinola,bspinola2r@europa.eu
101,Bertrando,Hugonet,bhugonet2s@dell.com
102,Charleen,Gay,cgay2t@behance.net
103,Aleece,MacKeller,amackeller2u@telegraph.co.uk
104,Jessamyn,Liles,jliles2v@adobe.com
105,Pattie,Warne,pwarne2w@pcworld.com
106,Kizzee,Day,kday2x@harvard.edu
107,Abbie,Washington,awashington2y@rakuten.co.jp
108,Daisy,Dodd,ddodd2z@fotki.com
109,Rudy,Knottley,rknottley30@reuters.com
110,Marchall,Mitie,mmitie31@patch.com
111,Norbie,Lewtey,nlewtey32@youtube.com
112,Humberto,Maslin,hmaslin33@nymag.com
113,Brannon,Nesey,bnesey34@microsoft.com
114,Tandi,Nielson,tnielson35@jimdo.com
115,Rozele,Moyes,rmoyes36@discovery.com
116,Erroll,Clowney,eclowney37@house.gov
117,Marielle,Rambadt,mrambadt38@ed.gov
118,Vail,Maso,vmaso39@vimeo.com
119,Christiana,Featenby,cfeatenby3a@reverbnation.com
120,Easter,Matyashev,ematyashev3b@si.edu
121,Lulita,Wyard,lwyard3c@cdc.gov
122,Rafaela,Gowlett,rgowlett3d@drupal.org
123,Shermy,Bertolaccini,sbertolaccini3e@telegraph.co.uk
124,Paulina,Spaldin,pspaldin3f@toplist.cz
125,Cassi,Lorking,clorking3g@cornell.edu
126,Augustin,Synnot,asynnot3h@yale.edu
127,Ambrose,Grocott,agrocott3i@goodreads.com
128,Krystal,Coushe,kcoushe3j@noaa.gov
129,Barbra,Parrish,bparrish3k@g.co
130,Honey,Gange,hgange3l@gizmodo.com
131,Hertha,Cranmore,hcranmore3m@wordpress.com
132,Michail,Punchard,mpunchard3n@phpbb.com
133,Clemmie,Arnaldy,carnaldy3o@flavors.me
134,Bridgette,Penhalewick,bpenhalewick3p@tiny.cc
135,Shaw,Ansty,sansty3q@archive.org
136,Cesare,Matveiko,cmatveiko3r@indiatimes.com
137,Isac,Miguel,imiguel3s@vkontakte.ru
138,Timi,Shitliff,tshitliff3t@engadget.com
139,Lucias,Crippill,lcrippill3u@loc.gov
140,Nadia,Giroldo,ngiroldo3v@harvard.edu
141,Bern,Cossans,bcossans3w@google.es
142,Marketa,Brealey,mbrealey3x@tinypic.com
143,Laney,Siegertsz,lsiegertsz3y@hugedomains.com
144,Jody,Stealy,jstealy3z@cnn.com
145,Revkah,Aspinwall,raspinwall40@yale.edu
146,Markus,Jamson,mjamson41@i2i.jp
147,Kerby,Spurryer,kspurryer42@cocolog-nifty.com
148,Ford,Bonafant,fbonafant43@fema.gov
149,Annie,Brewerton,abrewerton44@nba.com
150,Yankee,Hempshall,yhempshall45@scientificamerican.com
151,Adaline,Briatt,abriatt46@bloglines.com
152,Hurley,Fery,hfery47@nymag.com
153,Lauralee,Jansa,ljansa48@yahoo.co.jp
154,Wilhelmina,Frogley,wfrogley49@japanpost.jp
155,Linzy,Belford,lbelford4a@chron.com
156,Wenonah,Hedges,whedges4b@t-online.de
157,Willow,Van Der Vlies,wvandervlies4c@newyorker.com
158,Laney,Westover,lwestover4d@usgs.gov
159,Agosto,Cattemull,acattemull4e@blinklist.com
160,Perrine,Essel,pessel4f@trellian.com
161,Wyndham,Beeston,wbeeston4g@cisco.com
162,Mirna,Sharpe,msharpe4h@barnesandnoble.com
163,Giacomo,Batey,gbatey4i@timesonline.co.uk
164,Elton,Gantlett,egantlett4j@dropbox.com
165,Parrnell,Allans,pallans4k@uiuc.edu
166,Fabio,Scala,fscala4l@list-manage.com
167,Fields,Pendlebery,fpendlebery4m@admin.ch
168,Solomon,Bulford,sbulford4n@admin.ch
169,Marj,MacCallester,mmaccallester4o@yolasite.com
170,Kinnie,Camacho,kcamacho4p@redcross.org
171,Edee,Scamadine,escamadine4q@mayoclinic.com
172,Wyatt,Pargent,wpargent4r@google.com.hk
173,Hobart,Bohey,hbohey4s@va.gov
174,Rhody,Keppin,rkeppin4t@noaa.gov
175,Germaine,Brodway,gbrodway4u@bbc.co.uk
176,Ariel,Troillet,atroillet4v@tmall.com
177,Zahara,Swetland,zswetland4w@dyndns.org
178,Ivy,Ackeroyd,iackeroyd4x@tiny.cc
179,Row,Scowcroft,rscowcroft4y@soup.io
180,Ulysses,Selwin,uselwin4z@businessweek.com
181,Melantha,Dyet,mdyet50@scientificamerican.com
182,Julie,Stanmer,jstanmer51@ed.gov
183,Sascha,Caesmans,scaesmans52@artisteer.com
184,Elspeth,Praill,epraill53@oakley.com
185,Frazier,Stutte,fstutte54@bizjournals.com
186,Georgeanne,Franzettoini,gfranzettoini55@opera.com
187,Bellanca,Rosa,brosa56@upenn.edu
188,Ulises,Probat,uprobat57@yale.edu
189,Vernor,Gorghetto,vgorghetto58@is.gd
190,Tamar,Wear,twear59@hp.com
191,Alessandro,Dorre,adorre5a@creativecommons.org
192,Ginny,Menauteau,gmenauteau5b@joomla.org
193,Lizette,Simmell,lsimmell5c@bloomberg.com
194,Golda,Tomasicchio,gtomasicchio5d@addtoany.com
195,Jammie,MacNab,jmacnab5e@statcounter.com
196,Lorilee,Duckham,lduckham5f@addthis.com
197,Berri,Gander,bgander5g@princeton.edu
198,Damon,Dyke,ddyke5h@furl.net
199,Sinclare,Kisting,skisting5i@sina.com.cn
200,Vallie,Steckings,vsteckings5j@princeton.edu
201,Nicko,Cinavas,ncinavas5k@loc.gov
202,Ario,Bruff,abruff5l@wikia.com
203,Dusty,Lemery,dlemery5m@woothemes.com
204,Gracie,Amoss,gamoss5n@ft.com
205,Emmy,Quarmby,equarmby5o@naver.com
206,Jorge,Yaknov,jyaknov5p@meetup.com
207,Annie,Crabtree,acrabtree5q@etsy.com
208,Eliza,Whenham,ewhenham5r@hatena.ne.jp
209,Ninette,Blacket,nblacket5s@omniture.com
210,Georgie,Ratcliffe,gratcliffe5t@seattletimes.com
211,Karlis,Clurow,kclurow5u@comsenz.com
212,Stephannie,Ertelt,sertelt5v@acquirethisname.com
213,Astrid,Masic,amasic5w@creativecommons.org
214,Avis,Sesons,asesons5x@vinaora.com
215,Natassia,Pamplin,npamplin5y@aboutads.info
216,Saundra,Treven,streven5z@goo.gl
217,Josee,Moneti,jmoneti60@bloglines.com
218,Felic,Ruddin,fruddin61@hhs.gov
219,Donal,Spellward,dspellward62@cisco.com
220,Rey,Stambridge,rstambridge63@springer.com
221,Brittan,Godfery,bgodfery64@vimeo.com
222,Foster,Hainsworth,fhainsworth65@chronoengine.com
223,Anthiathia,Shalders,ashalders66@tripod.com
224,Charisse,Autie,cautie67@youtu.be
225,Sauveur,Gerger,sgerger68@ebay.co.uk
226,Klarrisa,Pontin,kpontin69@technorati.com
227,Dallon,Mountjoy,dmountjoy6a@toplist.cz
228,Karrie,Ithell,kithell6b@nydailynews.com
229,Johnathon,Shevlin,jshevlin6c@hugedomains.com
230,Andonis,O'Quin,aoquin6d@eventbrite.com
231,Vinita,Duhig,vduhig6e@google.pl
232,Jacquette,MacGaughy,jmacgaughy6f@sfgate.com
233,Hurlee,Whimpenny,hwhimpenny6g@phoca.cz
234,Rudolf,Gladdolph,rgladdolph6h@tinyurl.com
235,Arlin,McInulty,amcinulty6i@theguardian.com
236,Bertrando,Colebourn,bcolebourn6j@sphinn.com
237,Claudette,Cogan,ccogan6k@odnoklassniki.ru
238,Constantin,Milmith,cmilmith6l@elegantthemes.com
239,Mari,Eilhermann,meilhermann6m@prlog.org
240,Ambros,Lenard,alenard6n@drupal.org
241,Taddeo,Harmant,tharmant6o@hostgator.com
242,Mayne,Chatters,mchatters6p@symantec.com
243,Iago,Crasswell,icrasswell6q@nsw.gov.au
244,Brien,Elcoate,belcoate6r@merriam-webster.com
245,Rubi,Neenan,rneenan6s@list-manage.com
246,Maurene,Widocks,mwidocks6t@wikipedia.org
247,Chrisse,Paunton,cpaunton6u@forbes.com
248,Josephine,Patkin,jpatkin6v@springer.com
249,Wren,McVitie,wmcvitie6w@dion.ne.jp
250,Vitoria,O'Glessane,voglessane6x@google.nl
251,Celestine,Cousen,ccousen6y@squidoo.com
252,Drona,Eadie,deadie6z@nbcnews.com
253,Goran,Abdon,gabdon70@tmall.com
254,Kirsteni,Darling,kdarling71@indiatimes.com
255,Fernande,Stroyan,fstroyan72@slate.com
256,Renado,Gascoigne,rgascoigne73@storify.com
257,Marissa,Bullick,mbullick74@mapquest.com
258,Daniele,Spain,dspain75@dropbox.com
259,Sheryl,Withur,swithur76@shareasale.com
260,Hillel,Durant,hdurant77@bizjournals.com
261,Lebbie,Handyside,lhandyside78@blog.com
262,Binni,Willarton,bwillarton79@hatena.ne.jp
263,Betty,Cahey,bcahey7a@cdc.gov
264,Napoleon,Wratten,nwratten7b@answers.com
265,Cirillo,Kyd,ckyd7c@tinypic.com
266,Adoree,Guilloux,aguilloux7d@sohu.com
267,Chanda,Bladge,cbladge7e@netvibes.com
268,Dougie,Gozard,dgozard7f@nifty.com
269,Annadiana,Ratke,aratke7g@networksolutions.com
270,Alric,Bavage,abavage7h@gizmodo.com
271,Bradney,Jorcke,bjorcke7i@multiply.com
272,Ulrike,Abbott,uabbott7j@multiply.com
273,Katrina,Pariso,kpariso7k@4shared.com
274,Nariko,Tebbs,ntebbs7l@w3.org
275,Artie,Fuxman,afuxman7m@pbs.org
276,Yoshi,Kettlestring,ykettlestring7n@redcross.org
277,Guglielma,Sawkin,gsawkin7o@freewebs.com
278,Mata,Walden,mwalden7p@wikispaces.com
279,Bridie,Offin,boffin7q@ft.com
280,Alissa,How to preserve,ahowtopreserve7r@unc.edu
281,Olia,Brahms,obrahms7s@storify.com
282,Kristofer,Fiddiman,kfiddiman7t@ted.com
283,Robinet,Sparrow,rsparrow7u@geocities.com
284,Jecho,Rowler,jrowler7v@nyu.edu
285,Angus,Emblem,aemblem7w@a8.net
286,Magdalen,Neale,mneale7x@un.org
287,Fredericka,Keel,fkeel7y@usgs.gov
288,Yvette,Duesberry,yduesberry7z@privacy.gov.au
289,Philippe,Boddy,pboddy80@gmpg.org
290,Haily,Briton,hbriton81@seattletimes.com
291,Devland,Crighton,dcrighton82@wp.com
292,Peggy,Tosdevin,ptosdevin83@berkeley.edu
293,Heriberto,Hardey,hhardey84@redcross.org
294,Bertina,Hyder,bhyder85@imdb.com
295,Darlene,Abrahmovici,dabrahmovici86@nps.gov
296,Joyann,Moulson,jmoulson87@fotki.com
297,Leicester,Mouland,lmouland88@wired.com
298,Sibyl,Scardifield,sscardifield89@constantcontact.com
299,Tynan,Skahill,tskahill8a@eepurl.com
300,Mark,Di Francesco,mdifrancesco8b@friendfeed.com
301,Phedra,Danilewicz,pdanilewicz8c@mediafire.com
302,Felice,Jacobowitz,fjacobowitz8d@dot.gov
303,Cale,Matyatin,cmatyatin8e@soup.io
304,Lexine,Hansana,lhansana8f@prnewswire.com
305,Dacy,Ambrosetti,dambrosetti8g@storify.com
306,Tan,Stable,tstable8h@apple.com
307,Damara,Murfin,dmurfin8i@diigo.com
308,Jeri,Ryburn,jryburn8j@i2i.jp
309,Godfree,De Maine,gdemaine8k@wikia.com
310,Cass,Corkitt,ccorkitt8l@un.org
311,Margaretha,Land,mland8m@godaddy.com
312,Benoite,Orfeur,borfeur8n@studiopress.com
313,Dorine,Wellsman,dwellsman8o@toplist.cz
314,Whit,Travis,wtravis8p@ucoz.com
315,Frasco,Folomkin,ffolomkin8q@weather.com
316,Mercedes,Bogie,mbogie8r@soundcloud.com
317,Eadith,Arntzen,earntzen8s@dell.com
318,Gannon,Sallery,gsallery8t@vk.com
319,Merle,Book,mbook8u@sourceforge.net
320,Margi,Brou,mbrou8v@chicagotribune.com
321,Jobie,Mully,jmully8w@prnewswire.com
322,Idell,Wilacot,iwilacot8x@marriott.com
323,Danika,Michie,dmichie8y@shop-pro.jp
324,Brig,Beevis,bbeevis8z@g.co
325,Cynthie,Clerc,cclerc90@spotify.com
326,Jarrad,Stallybrass,jstallybrass91@elpais.com
327,Diena,Summerscales,dsummerscales92@hao123.com
328,Dee,Stanyland,dstanyland93@psu.edu
329,Emilio,McFadin,emcfadin94@rakuten.co.jp
330,Law,Jeans,ljeans95@apache.org
331,Yehudi,Phifer,yphifer96@over-blog.com
332,Bordy,Stallard,bstallard97@miitbeian.gov.cn
333,Konrad,Ruzek,kruzek98@intel.com
334,Astrid,Goghin,agoghin99@youtube.com
335,Carmina,Addyman,caddyman9a@1688.com
336,Carolyn,Hawford,chawford9b@independent.co.uk
337,Nicolette,Bilverstone,nbilverstone9c@accuweather.com
338,Christoffer,Rasell,crasell9d@instagram.com
339,Michel,Kempton,mkempton9e@usda.gov
340,Diana,Fardy,dfardy9f@wordpress.com
341,Nady,Broadist,nbroadist9g@japanpost.jp
342,Clemens,Dobrowolski,cdobrowolski9h@miitbeian.gov.cn
343,Shannah,Boyne,sboyne9i@addtoany.com
344,Hamlin,Jeal,hjeal9j@ebay.co.uk
345,Zachary,Stonebanks,zstonebanks9k@comcast.net
346,Hazlett,O'Dempsey,hodempsey9l@java.com
347,Malorie,Harrold,mharrold9m@umich.edu
348,Culver,Keunemann,ckeunemann9n@admin.ch
349,Merrielle,Kenwell,mkenwell9o@addthis.com
350,Yetty,Byrnes,ybyrnes9p@foxnews.com
351,Eduardo,Grigorkin,egrigorkin9q@admin.ch
352,Ryley,Clayill,rclayill9r@wufoo.com
353,Cassius,Brittain,cbrittain9s@msn.com
354,Zorine,Blasl,zblasl9t@bravesites.com
355,Bendick,O'Siaghail,bosiaghail9u@list-manage.com
356,Star,Schwandermann,sschwandermann9v@nytimes.com
357,Roze,Denham,rdenham9w@purevolume.com
358,Parry,Salle,psalle9x@cyberchimps.com
359,Corilla,Ingamells,cingamells9y@mac.com
360,Roslyn,Tillett,rtillett9z@wikipedia.org
361,Melina,Gaggen,mgaggena0@blogger.com
362,Cosmo,Peto,cpetoa1@prlog.org
363,Britney,Pull,bpulla2@telegraph.co.uk
364,Wilbert,Frome,wfromea3@dmoz.org
365,Nyssa,Angerstein,nangersteina4@jimdo.com
366,Morissa,Trott,mtrotta5@spotify.com
367,Lenore,Wakes,lwakesa6@google.de
368,Boyd,Bellie,bbelliea7@accuweather.com
369,Halsy,Ruos,hruosa8@mtv.com
370,Bengt,Enright,benrighta9@wp.com
371,Brody,Danielou,bdanielouaa@dailymail.co.uk
372,Kath,Birtwistle,kbirtwistleab@squidoo.com
373,Bevon,Hazeltine,bhazeltineac@sourceforge.net
374,Ambros,Duce,aducead@tripod.com
375,Pail,McGookin,pmcgookinae@umn.edu
376,Lucilia,Petrecz,lpetreczaf@prweb.com
377,Ingunna,Joost,ijoostag@posterous.com
378,Drusi,Baildon,dbaildonah@vk.com
379,Albert,Faughey,afaugheyai@elpais.com
380,Jaquelyn,Brixey,jbrixeyaj@xing.com
381,Lin,Godridge,lgodridgeak@amazon.co.jp
382,Jaimie,Moncrieffe,jmoncrieffeal@myspace.com
383,Hannie,Harbord,hharbordam@apache.org
384,Elihu,Tackle,etacklean@columbia.edu
385,Haydon,Bilbee,hbilbeeao@mlb.com
386,Carlina,Armin,carminap@so-net.ne.jp
387,Fleming,Bromby,fbrombyaq@discovery.com
388,Demetrius,Ashwood,dashwoodar@zimbio.com
389,Faun,Ochterlony,fochterlonyas@stumbleupon.com
390,Zebedee,Nealey,znealeyat@seattletimes.com
391,Edeline,Shearmer,eshearmerau@gravatar.com
392,Keelia,Callery,kcalleryav@irs.gov
393,Sarena,Spain,sspainaw@shutterfly.com
394,Benedicta,Ramelot,bramelotax@51.la
395,Sherie,McNeigh,smcneighay@wikipedia.org
396,Manuel,Rickerby,mrickerbyaz@biglobe.ne.jp
397,Celina,Alcorn,calcornb0@naver.com
398,Ofelia,Grace,ograceb1@elegantthemes.com
399,Josselyn,Sweet,jsweetb2@php.net
400,Kathleen,Cocking,kcockingb3@state.gov
401,Sianna,Broe,sbroeb4@ucsd.edu
402,Georgeta,Raisbeck,graisbeckb5@topsy.com
403,Liv,Croft,lcroftb6@senate.gov
404,Sella,Hart,shartb7@live.com
405,Flori,Marians,fmariansb8@loc.gov
406,Babs,Borman,bbormanb9@symantec.com
407,Ruthy,Gabby,rgabbyba@wufoo.com
408,Bert,Pirazzi,bpirazzibb@dot.gov
409,Camila,Zouch,czouchbc@admin.ch
410,Laurent,Pearse,lpearsebd@over-blog.com
411,Agneta,Blood,abloodbe@java.com
412,Bordy,Bellany,bbellanybf@seattletimes.com
413,Isacco,Margaritelli,imargaritellibg@sciencedirect.com
414,Sutherlan,Mulrooney,smulrooneybh@wix.com
415,Joseph,Meus,jmeusbi@issuu.com
416,Kyrstin,Fillan,kfillanbj@tinypic.com
417,Alexina,Heaphy,aheaphybk@sun.com
418,Cherilyn,Milberry,cmilberrybl@flickr.com
419,Janeta,Gargett,jgargettbm@issuu.com
420,Karola,Feldmus,kfeldmusbn@businessinsider.com
421,Leonie,Myner,lmynerbo@meetup.com
422,Thorstein,Heinreich,theinreichbp@privacy.gov.au
423,Leeland,Boutellier,lboutellierbq@jigsy.com
424,Rafaela,Parren,rparrenbr@nymag.com
425,Linn,Padkin,lpadkinbs@mozilla.org
426,Bobbye,Maddick,bmaddickbt@globo.com
427,Emmy,Korpal,ekorpalbu@prnewswire.com
428,Fergus,Tropman,ftropmanbv@sciencedaily.com
429,Kennan,Fowlston,kfowlstonbw@digg.com
430,Pincas,Hutchcraft,phutchcraftbx@chronoengine.com
431,Lyndell,Upex,lupexby@home.pl
432,Obadiah,Depport,odepportbz@usnews.com
433,Paulie,Tatem,ptatemc0@marketwatch.com
434,Celestia,Beamish,cbeamishc1@drupal.org
435,Curtice,Stenett,cstenettc2@skyrock.com
436,Basile,Baldam,bbaldamc3@ftc.gov
437,Ketti,Dmitrovic,kdmitrovicc4@51.la
438,Toma,Yeaman,tyeamanc5@bing.com
439,Aridatha,Crann,acrannc6@dedecms.com
440,Maggee,Headon,mheadonc7@noaa.gov
441,Oren,Dur,odurc8@amazon.de
442,Winnie,Dews,wdewsc9@tuttocitta.it
443,Piper,Stanworth,pstanworthca@privacy.gov.au
444,Brittaney,Gepheart,bgepheartcb@vistaprint.com
445,Simonne,McNelly,smcnellycc@goo.ne.jp
446,Tremaine,Kervin,tkervincd@google.co.jp
447,Kelli,Godsil,kgodsilce@army.mil
448,Gerri,Spohr,gspohrcf@tiny.cc
449,Kelila,Gilbane,kgilbanecg@plala.or.jp
450,Emmit,Templeman,etemplemanch@shareasale.com
451,Ellene,Pratten,eprattenci@spotify.com
452,Tania,Peracco,tperaccocj@youtu.be
453,Ansel,Telezhkin,atelezhkinck@hhs.gov
454,Emma,Eary,eearycl@tuttocitta.it
455,Dayna,Creese,dcreesecm@pbs.org
456,Dredi,Duferie,dduferiecn@uol.com.br
457,Vidovic,Capoun,vcapounco@umich.edu
458,Sam,Coxhead,scoxheadcp@scientificamerican.com
459,Garrott,Kilby,gkilbycq@google.com.br
460,Abagail,cornhill,acornhillcr@yelp.com
461,Marybelle,Stave,mstavecs@blinklist.com
462,Berry,Cantwell,bcantwellct@vkontakte.ru
463,Hendrick,Dmitrienko,hdmitrienkocu@blogger.com
464,Raynard,Linkin,rlinkincv@cbsnews.com
465,Rancell,Dessaur,rdessaurcw@prlog.org
466,Boigie,Antham,banthamcx@cyberchimps.com
467,Payton,Blythin,pblythincy@purevolume.com
468,Guntar,Tyce,gtycecz@baidu.com
469,Dee,Thams,dthamsd0@dailymail.co.uk
470,Maddi,Scopes,mscopesd1@so-net.ne.jp
471,Inna,Ricards,iricardsd2@china.com.cn
472,Sheilah,Jammes,sjammesd3@fda.gov
473,Elvin,Puttock,eputtockd4@51.la
474,Joleen,Sill,jsilld5@wisc.edu
475,Felice,Odom,fodomd6@trellian.com
476,Shanie,Bocking,sbockingd7@omniture.com
477,Yance,Werny,ywernyd8@foxnews.com
478,Winnifred,Narracott,wnarracottd9@independent.co.uk
479,Martin,Seiter,mseiterda@prweb.com
480,Lotte,Brandom,lbrandomdb@nba.com
481,Lauritz,Heineking,lheinekingdc@discovery.com
482,Trent,Tilburn,ttilburndd@un.org
483,Nerti,Muffin,nmuffinde@jiathis.com
484,Roosevelt,Hrus,rhrusdf@usa.gov
485,Gamaliel,Paget,gpagetdg@mac.com
486,Charo,Cayser,ccayserdh@trellian.com
487,Jayme,O'Hear,joheardi@pcworld.com
488,Derward,Foan,dfoandj@vkontakte.ru
489,Madeleine,Minshaw,mminshawdk@aol.com
490,Benoite,Shallcross,bshallcrossdl@gizmodo.com
491,Montague,De La Haye,mdelahayedm@symantec.com
492,Kanya,Blankman,kblankmandn@bloomberg.com
493,Adlai,Pickavant,apickavantdo@uol.com.br
494,Ricardo,Cubin,rcubindp@storify.com
495,Jacqui,Mongain,jmongaindq@scientificamerican.com
496,Shanda,Tilbey,stilbeydr@facebook.com
497,Cindie,Reese,creeseds@seesaa.net
498,Eleen,Lodford,elodforddt@redcross.org
499,Gwendolen,Hearnah,ghearnahdu@lulu.com
500,Zaria,Bessant,zbessantdv@ning.com
501,Dallas,Sherebrooke,dsherebrookedw@webnode.com
502,Renate,Lofty,rloftydx@tripod.com
503,Randolf,Meigh,rmeighdy@sitemeter.com
504,Claudetta,Ragles,craglesdz@google.com.br
505,Pam,Cringle,pcringlee0@chronoengine.com
506,Ferguson,Ewell,fewelle1@w3.org
507,Ronica,Dickinson,rdickinsone2@forbes.com
508,Abdul,Bert,aberte3@bigcartel.com
509,Timothea,Milward,tmilwarde4@sitemeter.com
510,Lauralee,Hargreaves,lhargreavese5@princeton.edu
511,Blakelee,McDavitt,bmcdavitte6@microsoft.com
512,Alexa,Scoterbosh,ascoterboshe7@smugmug.com
513,Hulda,Sandiland,hsandilande8@merriam-webster.com
514,Gilbert,Routledge,groutledgee9@marketwatch.com
515,Loydie,Terbeek,lterbeekea@elpais.com
516,Emelyne,Courtes,ecourteseb@usa.gov
517,Melva,Naismith,mnaismithec@php.net
518,Colan,Seiffert,cseifferted@sciencedaily.com
519,Zondra,Miner,zmineree@chronoengine.com
520,Nelson,Posner,nposneref@technorati.com
521,Marius,Navarro,mnavarroeg@icio.us
522,Bronson,Spawton,bspawtoneh@facebook.com
523,Baird,Belliard,bbelliardei@netlog.com
524,Leola,Casson,lcassonej@omniture.com
525,Hermann,Noah,hnoahek@tripod.com
526,Reynolds,McGlade,rmcgladeel@elpais.com
527,Alex,Kolyagin,akolyaginem@constantcontact.com
528,Shandeigh,Bitten,sbittenen@canalblog.com
529,Brendon,Kleinhausen,bkleinhauseneo@rakuten.co.jp
530,Harmonie,Hartigan,hhartiganep@nsw.gov.au
531,Amelita,Cullimore,acullimoreeq@odnoklassniki.ru
532,Thane,Lefeaver,tlefeaverer@cyberchimps.com
533,Leopold,D'Errico,lderricoes@sciencedirect.com
534,Brook,Elves,belveset@people.com.cn
535,Siffre,Turneux,sturneuxeu@businesswire.com
536,Bronny,Rosina,brosinaev@google.pl
537,Sofie,Janacek,sjanacekew@e-recht24.de
538,Bette-ann,Ropkes,bropkesex@opera.com
539,Norris,Tarpey,ntarpeyey@shinystat.com
540,Rolland,Rothman,rrothmanez@newsvine.com
541,Calida,Alexandersson,calexanderssonf0@quantcast.com
542,Lionello,Tebbutt,ltebbuttf1@zimbio.com
543,Seth,Trousdale,strousdalef2@huffingtonpost.com
544,Alleen,Jeffrey,ajeffreyf3@printfriendly.com
545,Ailey,Corter,acorterf4@cisco.com
546,Devan,Rylands,drylandsf5@godaddy.com
547,Edie,Danilchev,edanilchevf6@people.com.cn
548,Miguela,Goldis,mgoldisf7@independent.co.uk
549,Marylinda,Noli,mnolif8@disqus.com
550,Judi,Livett,jlivettf9@hhs.gov
551,Ardene,Petel,apetelfa@jiathis.com
552,Zonnya,Sivorn,zsivornfb@list-manage.com
553,Codee,Gidney,cgidneyfc@bbb.org
554,Milzie,Brownsey,mbrownseyfd@hostgator.com
555,Salli,Savile,ssavilefe@microsoft.com
556,Ynez,De Simoni,ydesimoniff@phoca.cz
557,Cordie,McQueen,cmcqueenfg@dot.gov
558,Mareah,Girdlestone,mgirdlestonefh@sun.com
559,Vernen,Doxey,vdoxeyfi@opera.com
560,Keri,aManger,kamangerfj@ask.com
561,Evie,Stoacley,estoacleyfk@hatena.ne.jp
562,Cherey,Basezzi,cbasezzifl@nature.com
563,Dill,Cayser,dcayserfm@mac.com
564,Josh,Hartell,jhartellfn@jigsy.com
565,Dyan,Rintoul,drintoulfo@diigo.com
566,Ulysses,Ricard,uricardfp@sourceforge.net
567,Shawnee,Scothorne,sscothornefq@plala.or.jp
568,Carlynne,Prestige,cprestigefr@hud.gov
569,Sibelle,Ciccarello,sciccarellofs@ed.gov
570,Aurore,Devenish,adevenishft@nhs.uk
571,Beatrice,Bertrand,bbertrandfu@weather.com
572,Berry,Bridson,bbridsonfv@usda.gov
573,Cristal,Hugo,chugofw@slashdot.org
574,Jeannette,Kornyshev,jkornyshevfx@msn.com
575,Fielding,Bonicelli,fbonicellify@cocolog-nifty.com
576,Leandra,Piecha,lpiechafz@etsy.com
577,Bunny,Studeart,bstudeartg0@google.es
578,Stanton,Rawlins,srawlinsg1@businessinsider.com
579,Sophey,McCritchie,smccritchieg2@sourceforge.net
580,Orton,Dowman,odowmang3@time.com
581,Emlyn,Bickersteth,ebickerstethg4@i2i.jp
582,Zola,Maymond,zmaymondg5@taobao.com
583,Valerie,Scutter,vscutterg6@surveymonkey.com
584,Loretta,Blue,lblueg7@bizjournals.com
585,Arly,Fortman,afortmang8@google.cn
586,Branden,Shillinglaw,bshillinglawg9@cnbc.com
587,Ilene,Willoughby,iwilloughbyga@yale.edu
588,Ferdinande,Crasswell,fcrasswellgb@miibeian.gov.cn
589,Daphene,Colquitt,dcolquittgc@examiner.com
590,Tye,McGilvray,tmcgilvraygd@unc.edu
591,Swen,Beldon,sbeldonge@webmd.com
592,Wendye,Bantick,wbantickgf@amazon.de
593,Jasen,Murdy,jmurdygg@cbsnews.com
594,Alisander,Stood,astoodgh@sun.com
595,Isidora,Bagnal,ibagnalgi@sbwire.com
596,Nelli,Jeskins,njeskinsgj@intel.com
597,Shellie,Ivashkin,sivashkingk@behance.net
598,Ashbey,Crimpe,acrimpegl@apple.com
599,Dorette,Lush,dlushgm@ycombinator.com
600,Titos,Argontt,targonttgn@liveinternet.ru
601,Berkeley,Fylan,bfylango@naver.com
602,Barbie,Grain,bgraingp@bbb.org
603,Julian,Streatley,jstreatleygq@jugem.jp
604,Toddie,Hares,tharesgr@geocities.com
605,Elisha,Sears,esearsgs@nbcnews.com
606,Consuelo,Moralis,cmoralisgt@yandex.ru
607,Killie,Wasielewski,kwasielewskigu@netvibes.com
608,Burlie,Neely,bneelygv@mapy.cz
609,Roseanne,Collet,rcolletgw@europa.eu
610,Ryun,Grinishin,rgrinishingx@wikimedia.org
611,Arielle,Bevington,abevingtongy@shareasale.com
612,Hedi,Mcsarry,hmcsarrygz@apache.org
613,Anastassia,Cranmere,acranmereh0@umn.edu
614,Giovanna,Matasov,gmatasovh1@yahoo.co.jp
615,Jean,Durrell,jdurrellh2@webs.com
616,Breanne,Robken,brobkenh3@unesco.org
617,Gustie,Cornely,gcornelyh4@webs.com
618,Dagmar,Haggath,dhaggathh5@huffingtonpost.com
619,Guss,Marston,gmarstonh6@smh.com.au
620,Ronald,Riley,rrileyh7@squidoo.com
621,Lillian,Jakoubec,ljakoubech8@issuu.com
622,Fax,Manoch,fmanochh9@ed.gov
623,Sergio,Prestie,sprestieha@dropbox.com
624,Pen,Browncey,pbrownceyhb@istockphoto.com
625,Arlee,Adelsberg,aadelsberghc@army.mil
626,Helsa,Vaune,hvaunehd@thetimes.co.uk
627,Michaelina,Loeber,mloeberhe@qq.com
628,Honor,Bacher,hbacherhf@miitbeian.gov.cn
629,Cirstoforo,Camus,ccamushg@ucoz.com
630,Emmy,Lougheed,elougheedhh@xinhuanet.com
631,Kinsley,Rainsden,krainsdenhi@unblog.fr
632,Valdemar,Sherrocks,vsherrockshj@nbcnews.com
633,Concordia,Lammiman,clammimanhk@wix.com
634,Michaelina,Kohlerman,mkohlermanhl@usatoday.com
635,Arley,O'Hannen,aohannenhm@taobao.com
636,Gilles,Withnall,gwithnallhn@amazonaws.com
637,Agosto,Tonkes,atonkesho@house.gov
638,Doy,Acaster,dacasterhp@devhub.com
639,Rosina,Uman,rumanhq@google.es
640,Chad,Syme,csymehr@samsung.com
641,Bernard,Leetham,bleethamhs@networkadvertising.org
642,Laural,Glasard,lglasardht@jimdo.com
643,Doti,Speak,dspeakhu@columbia.edu
644,Rafaelia,Tompion,rtompionhv@cdbaby.com
645,Shea,Burdass,sburdasshw@illinois.edu
646,Al,Watmore,awatmorehx@shop-pro.jp
647,Nancy,Masden,nmasdenhy@indiatimes.com
648,Crystie,Fayers,cfayershz@reference.com
649,Mariette,Dorrity,mdorrityi0@microsoft.com
650,Rikki,Southgate,rsouthgatei1@amazon.com
651,Crystie,Jurs,cjursi2@discuz.net
652,Shell,Mynott,smynotti3@timesonline.co.uk
653,Lusa,Lycett,llycetti4@ask.com
654,Sherrie,Prantl,sprantli5@bizjournals.com
655,Demetris,Cornborough,dcornboroughi6@sun.com
656,Mayne,Sitford,msitfordi7@123-reg.co.uk
657,Salvador,Adel,sadeli8@lulu.com
658,Rosene,Wabey,rwabeyi9@ucoz.com
659,Urbain,Shillum,ushillumia@dot.gov
660,Marillin,Jendricke,mjendrickeib@creativecommons.org
661,Maggi,Rymill,mrymillic@scientificamerican.com
662,Kittie,Syrie,ksyrieid@pcworld.com
663,Cash,Winch,cwinchie@google.de
664,Noe,Weatherdon,nweatherdonif@paypal.com
665,Chas,Shanley,cshanleyig@weebly.com
666,Ardra,Abramowsky,aabramowskyih@hc360.com
667,Fallon,Cuardall,fcuardallii@hatena.ne.jp
668,Care,Hedgeman,chedgemanij@noaa.gov
669,Evan,Lavelle,elavelleik@sitemeter.com
670,Betteann,Lowden,blowdenil@exblog.jp
671,Knox,Muffett,kmuffettim@tiny.cc
672,Binky,Ricardon,bricardonin@sourceforge.net
673,Lorilee,Vandenhoff,lvandenhoffio@histats.com
674,Seward,Haffner,shaffnerip@furl.net
675,Linette,Mille,lmilleiq@adobe.com
676,Merlina,Garriock,mgarriockir@whitehouse.gov
677,Prince,Girardet,pgirardetis@dailymotion.com
678,Parsifal,Hamments,phammentsit@engadget.com
679,Yvonne,Cluderay,ycluderayiu@arizona.edu
680,Darby,Trevithick,dtrevithickiv@mtv.com
681,Jonas,Lovstrom,jlovstromiw@ow.ly
682,Kimmi,Hallgate,khallgateix@cornell.edu
683,Leo,Priddis,lpriddisiy@clickbank.net
684,Olva,Spowart,ospowartiz@sohu.com
685,Tracy,Gianetti,tgianettij0@biglobe.ne.jp
686,Brenda,Bain,bbainj1@google.nl
687,Hadleigh,Leftbridge,hleftbridgej2@about.com
688,Donetta,Leyband,dleybandj3@privacy.gov.au
689,Lyssa,Colbourne,lcolbournej4@rediff.com
690,Myrtia,Corsan,mcorsanj5@ovh.net
691,Yvor,Cowlas,ycowlasj6@ovh.net
692,Brooks,Bohlin,bbohlinj7@tripod.com
693,Sidoney,Wistance,swistancej8@vk.com
694,Gilbertina,Abbets,gabbetsj9@bravesites.com
695,Daryn,Brock,dbrockja@mtv.com
696,Maureen,Martinuzzi,mmartinuzzijb@yahoo.com
697,Ronny,Gratrix,rgratrixjc@hibu.com
698,Sukey,Bartle,sbartlejd@home.pl
699,Brittani,Biggam,bbiggamje@virginia.edu
700,Marrissa,Preble,mpreblejf@freewebs.com
701,Amalea,Bestwall,abestwalljg@uiuc.edu
702,Quinlan,Cadney,qcadneyjh@marriott.com
703,Levey,Speir,lspeirji@illinois.edu
704,Page,Danson,pdansonjj@princeton.edu
705,Delinda,D'Onise,ddonisejk@mozilla.com
706,Morris,Aloshechkin,maloshechkinjl@techcrunch.com
707,Lina,Donnell,ldonnelljm@tmall.com
708,Craig,Alves,calvesjn@mac.com
709,Shelly,Paynton,spayntonjo@google.com
710,Gilli,Fitt,gfittjp@mysql.com
711,Brendon,Edgcombe,bedgcombejq@taobao.com
712,Marita,Looks,mlooksjr@ihg.com
713,Carmina,Beekmann,cbeekmannjs@umich.edu
714,Richmond,Brouwer,rbrouwerjt@geocities.jp
715,Maible,St. Paul,mstpaulju@yahoo.com
716,Augusto,Krishtopaittis,akrishtopaittisjv@sfgate.com
717,Dorotea,Roache,droachejw@ucoz.com
718,Vinnie,Remmer,vremmerjx@google.ru
719,Andonis,Gridon,agridonjy@networksolutions.com
720,Carlee,Mountfort,cmountfortjz@surveymonkey.com
721,Susie,Wordington,swordingtonk0@upenn.edu
722,Shel,Selkirk,sselkirkk1@xinhuanet.com
723,Guenevere,Jilliss,gjillissk2@xing.com
724,Jerry,Ewles,jewlesk3@vkontakte.ru
725,Neddy,Menichi,nmenichik4@vimeo.com
726,Lindsay,Gaine of England,lgaineofenglandk5@home.pl
727,Charlot,Pawlicki,cpawlickik6@cafepress.com
728,Cirstoforo,Burghall,cburghallk7@about.me
729,Esdras,Guymer,eguymerk8@bravesites.com
730,Delia,Alexsandrovich,dalexsandrovichk9@nyu.edu
731,Alana,Catherick,acatherickka@home.pl
732,Myrna,Puffett,mpuffettkb@soup.io
733,Edeline,Burchmore,eburchmorekc@trellian.com
734,Cordula,Bodechon,cbodechonkd@huffingtonpost.com
735,Brantley,Mepsted,bmepstedke@about.com
736,Hasty,Godsal,hgodsalkf@myspace.com
737,Tiff,Durbin,tdurbinkg@rediff.com
738,Gerty,Berry,gberrykh@php.net
739,Alphonse,Etienne,aetienneki@zdnet.com
740,Elroy,Rockwill,erockwillkj@exblog.jp
741,Lorry,Warham,lwarhamkk@tmall.com
742,Mason,Grollmann,mgrollmannkl@deviantart.com
743,Mirabella,Serraillier,mserraillierkm@dion.ne.jp
744,Svend,Jannequin,sjannequinkn@shutterfly.com
745,Nathanial,Rochford,nrochfordko@mozilla.com
746,Zachery,Gallihaulk,zgallihaulkkp@dot.gov
747,Florrie,Smallbone,fsmallbonekq@jalbum.net
748,Joni,Dugan,jdugankr@xinhuanet.com
749,Dorolisa,Hathaway,dhathawayks@senate.gov
750,Clemmy,Sember,csemberkt@usa.gov
751,Leonerd,Sybry,lsybryku@imdb.com
752,Alysia,Linstead,alinsteadkv@surveymonkey.com
753,Elga,Boldt,eboldtkw@com.com
754,Stefano,Yakobovitz,syakobovitzkx@illinois.edu
755,Deanna,Clare,dclareky@webmd.com
756,Tibold,Wingfield,twingfieldkz@last.fm
757,Chrysler,Caldicott,ccaldicottl0@csmonitor.com
758,Titos,Lammerts,tlammertsl1@acquirethisname.com
759,Jerad,Elcox,jelcoxl2@huffingtonpost.com
760,Hilary,Spiers,hspiersl3@sphinn.com
761,Hubie,Dumbelton,hdumbeltonl4@ezinearticles.com
762,Bondie,Czajka,bczajkal5@gizmodo.com
763,Jillie,Devey,jdeveyl6@google.it
764,Orran,Dibdale,odibdalel7@yandex.ru
765,Moe,Cornbell,mcornbelll8@chron.com
766,Ola,Light,olightl9@dion.ne.jp
767,Carin,Szwarc,cszwarcla@tripod.com
768,Joy,Clemmens,jclemmenslb@ocn.ne.jp
769,Margot,Taylor,mtaylorlc@diigo.com
770,Budd,Hanne,bhanneld@nba.com
771,Margeaux,McVittie,mmcvittiele@zimbio.com
772,Shena,Ellar,sellarlf@tinypic.com
773,Arni,Launchbury,alaunchburylg@blogtalkradio.com
774,Kristos,Scoggin,kscogginlh@nbcnews.com
775,Edgardo,Dermott,edermottli@weebly.com
776,Sheilah,Cheal,scheallj@paginegialle.it
777,Alla,Havelin,ahavelinlk@apache.org
778,Eduardo,Omand,eomandll@washingtonpost.com
779,Dareen,Nottle,dnottlelm@prlog.org
780,Riobard,Taborre,rtaborreln@usda.gov
781,Gianna,Outram,goutramlo@cbsnews.com
782,Piggy,Staggs,pstaggslp@live.com
783,Theodore,Pieper,tpieperlq@ycombinator.com
784,Ephraim,Tolussi,etolussilr@rambler.ru
785,Aida,Simoneton,asimonetonls@si.edu
786,Mona,Yea,myealt@clickbank.net
787,Alexi,Pavel,apavellu@mayoclinic.com
788,Lindy,Lewin,llewinlv@tripod.com
789,Janaya,Charlewood,jcharlewoodlw@pcworld.com
790,Valle,Rosenqvist,vrosenqvistlx@dailymotion.com
791,Pearline,Charlot,pcharlotly@ocn.ne.jp
792,Natka,Windross,nwindrosslz@ibm.com
793,Cassi,Nestor,cnestorm0@huffingtonpost.com
794,Sande,Sandford,ssandfordm1@acquirethisname.com
795,Grier,Brager,gbragerm2@walmart.com
796,Briny,Manoch,bmanochm3@phpbb.com
797,Odell,Micklewright,omicklewrightm4@huffingtonpost.com
798,Isa,Moxsom,imoxsomm5@ebay.com
799,Sarajane,Crookes,scrookesm6@histats.com
800,Swen,Marshal,smarshalm7@illinois.edu
801,Adam,Ryburn,aryburnm8@stumbleupon.com
802,Marylou,Hendron,mhendronm9@bloglines.com
803,Fara,Hainge,fhaingema@netlog.com
804,Alica,Burkman,aburkmanmb@arstechnica.com
805,Jacques,Hallybone,jhallybonemc@bloomberg.com
806,Dorthea,Mitroshinov,dmitroshinovmd@gizmodo.com
807,Rora,Pulsford,rpulsfordme@gravatar.com
808,Julissa,Flight,jflightmf@addthis.com
809,Isac,Forty,ifortymg@histats.com
810,Marcella,Aspole,maspolemh@ocn.ne.jp
811,Peadar,Marquot,pmarquotmi@jalbum.net
812,Tod,Trevarthen,ttrevarthenmj@com.com
813,Sergeant,Haucke,shauckemk@comcast.net
814,Nathanial,Barnwille,nbarnwilleml@wikia.com
815,Roi,Towne,rtownemm@fema.gov
816,Kore,Neaverson,kneaversonmn@cargocollective.com
817,Merl,Easbie,measbiemo@wiley.com
818,Jaclin,Bernini,jberninimp@nationalgeographic.com
819,Astrix,Littleproud,alittleproudmq@mysql.com
820,Irwin,Wildsmith,iwildsmithmr@mashable.com
821,Vinny,Cohan,vcohanms@prlog.org
822,Bran,Jereatt,bjereattmt@facebook.com
823,Hamlin,Smitherman,hsmithermanmu@vinaora.com
824,Laurene,Boydle,lboydlemv@cnn.com
825,Bobbye,Waldron,bwaldronmw@quantcast.com
826,Daveta,Swadlinge,dswadlingemx@usgs.gov
827,Jerri,Librey,jlibreymy@yahoo.co.jp
828,Philipa,Ineson,pinesonmz@thetimes.co.uk
829,Guilbert,Godby,ggodbyn0@harvard.edu
830,Gray,Orkney,gorkneyn1@storify.com
831,Jarrad,McMurthy,jmcmurthyn2@webeden.co.uk
832,Roby,Roller,rrollern3@dailymail.co.uk
833,Alta,Spikins,aspikinsn4@bravesites.com
834,Mozes,Tallant,mtallantn5@toplist.cz
835,Liv,Bursell,lburselln6@marketwatch.com
836,Andreas,Hazlehurst,ahazlehurstn7@wiley.com
837,Pat,Ayres,payresn8@last.fm
838,Mel,Thwaite,mthwaiten9@bigcartel.com
839,Wrennie,Garces,wgarcesna@illinois.edu
840,Lynnett,MacCarroll,lmaccarrollnb@vistaprint.com
841,Myrwyn,Simonnot,msimonnotnc@cisco.com
842,Loise,Pullar,lpullarnd@zdnet.com
843,Adiana,Passman,apassmanne@tinyurl.com
844,Taite,Braundt,tbraundtnf@discovery.com
845,Kipper,Dockray,kdockrayng@wordpress.com
846,Johnna,Elion,jelionnh@sphinn.com
847,Clemmy,Tirte,ctirteni@intel.com
848,Abran,Grigoli,agrigolinj@nsw.gov.au
849,Derrick,Morrice,dmorricenk@yellowpages.com
850,Maribel,Belham,mbelhamnl@blogtalkradio.com
851,Arabelle,Lansberry,alansberrynm@miibeian.gov.cn
852,Orson,Romayn,oromaynnn@dedecms.com
853,Kandy,Osmond,kosmondno@berkeley.edu
854,Wylma,Lansley,wlansleynp@google.ca
855,Dick,Boak,dboaknq@ibm.com
856,Sharona,Lapere,slaperenr@homestead.com
857,Theresita,Handsheart,thandsheartns@creativecommons.org
858,Cooper,Vick,cvicknt@alibaba.com
859,Petey,Alenichicov,palenichicovnu@ovh.net
860,Emogene,Stickland,esticklandnv@constantcontact.com
861,Rickard,Dewing,rdewingnw@vistaprint.com
862,Lise,Hunday,lhundaynx@nps.gov
863,Cesar,Enns,cennsny@example.com
864,Mic,Follet,mfolletnz@drupal.org
865,Emmalyn,Foale,efoaleo0@friendfeed.com
866,Rheta,Stanwix,rstanwixo1@sogou.com
867,Elisabetta,Izaks,eizakso2@google.ca
868,Catherine,McKinstry,cmckinstryo3@soup.io
869,Jarvis,Dommersen,jdommerseno4@blog.com
870,Cammie,Ivanovic,civanovico5@artisteer.com
871,Joli,Corstorphine,jcorstorphineo6@ft.com
872,Ferrell,Clever,fclevero7@who.int
873,Barbara,Dines,bdineso8@studiopress.com
874,Shirleen,Loren,sloreno9@shutterfly.com
875,Cahra,Bilam,cbilamoa@tripod.com
876,Rosco,Fowlie,rfowlieob@earthlink.net
877,Corina,Georgel,cgeorgeloc@admin.ch
878,Nikki,Muggleton,nmuggletonod@devhub.com
879,Allene,Yesipov,ayesipovoe@youku.com
880,Nevil,Origin,noriginof@sphinn.com
881,Cissy,Sauvan,csauvanog@imageshack.us
882,Coriss,Papierz,cpapierzoh@mozilla.org
883,Bebe,Toppin,btoppinoi@mapquest.com
884,Wilow,Hospital,whospitaloj@wp.com
885,Velma,Swinfen,vswinfenok@sciencedirect.com
886,Alix,Cunnane,acunnaneol@hp.com
887,Onfre,Haskins,ohaskinsom@smh.com.au
888,Carry,Daice,cdaiceon@nifty.com
889,Christina,Shall,cshalloo@toplist.cz
890,Emelen,Rivallant,erivallantop@zimbio.com
891,Ezmeralda,Yearns,eyearnsoq@vk.com
892,Denis,Simyson,dsimysonor@baidu.com
893,Zacharie,Penwright,zpenwrightos@jigsy.com
894,Alasdair,Ollerhad,aollerhadot@europa.eu
895,Cleveland,Stedall,cstedallou@mozilla.com
896,Olin,Merry,omerryov@mit.edu
897,Bradly,Stopford,bstopfordow@unesco.org
898,Terri,Croux,tcrouxox@booking.com
899,Arlyne,Cowdry,acowdryoy@unesco.org
900,Retha,Andreix,randreixoz@nbcnews.com
901,Adan,Dalliwater,adalliwaterp0@apache.org
902,Brandais,Kuhndel,bkuhndelp1@drupal.org
903,Adelice,Busswell,abusswellp2@163.com
904,Delila,Lismer,dlismerp3@de.vu
905,Kaiser,Cagan,kcaganp4@wix.com
906,L;urette,Aymer,laymerp5@sun.com
907,Hallsy,Corneille,hcorneillep6@nsw.gov.au
908,Isaak,Groven,igrovenp7@jiathis.com
909,Lissa,Ferries,lferriesp8@hubpages.com
910,Merry,Bowick,mbowickp9@amazon.co.uk
911,Kingston,Roser,kroserpa@weibo.com
912,Liam,Bohler,lbohlerpb@nifty.com
913,Reade,Ivanishev,rivanishevpc@msn.com
914,Peggie,Sivess,psivesspd@latimes.com
915,Nichols,Banke,nbankepe@forbes.com
916,Morris,Bryceson,mbrycesonpf@tinypic.com
917,Gweneth,Truluck,gtruluckpg@blogs.com
918,Lian,Balwin,lbalwinph@accuweather.com
919,Gabriel,Bellany,gbellanypi@woothemes.com
920,Tiphany,Bushill,tbushillpj@princeton.edu
921,Sutherlan,MacDonagh,smacdonaghpk@upenn.edu
922,Nelson,Bruckmann,nbruckmannpl@mozilla.org
923,Cherry,Garlee,cgarleepm@edublogs.org
924,Marieann,Nobes,mnobespn@imageshack.us
925,Kristian,Teather,kteatherpo@com.com
926,Mattias,Radloff,mradloffpp@comsenz.com
927,Ronalda,Milvarnie,rmilvarniepq@hhs.gov
928,Natalee,Jewess,njewesspr@networksolutions.com
929,Sascha,Hammonds,shammondsps@theglobeandmail.com
930,Mil,Hendonson,mhendonsonpt@washingtonpost.com
931,Alfonso,Gasnell,agasnellpu@mapquest.com
932,Jolynn,Mardall,jmardallpv@ed.gov
933,Lora,Rumming,lrummingpw@xing.com
934,Mattheus,Gaukroger,mgaukrogerpx@deliciousdays.com
935,Guthry,Wales,gwalespy@friendfeed.com
936,Stephani,Stovold,sstovoldpz@netlog.com
937,Aland,Divisek,adivisekq0@example.com
938,Svend,Manderson,smandersonq1@hud.gov
939,Early,Frackiewicz,efrackiewiczq2@sciencedaily.com
940,Luelle,Held,lheldq3@virginia.edu
941,Xylia,Pechacek,xpechacekq4@acquirethisname.com
942,Sabina,Piddlehinton,spiddlehintonq5@yandex.ru
943,Torre,Stredwick,tstredwickq6@linkedin.com
944,Rosamond,Dufoure,rdufoureq7@mit.edu
945,Jojo,Simony,jsimonyq8@cnet.com
946,Mel,Steven,mstevenq9@123-reg.co.uk
947,Berny,Rohan,brohanqa@facebook.com
948,Arly,Grandham,agrandhamqb@businessweek.com
949,Norah,Vernau,nvernauqc@nps.gov
950,Sallee,Scarffe,sscarffeqd@addthis.com
951,Jeanelle,Beszant,jbeszantqe@china.com.cn
952,Lauri,Cinderey,lcindereyqf@eepurl.com
953,Germaine,Ahearne,gahearneqg@yahoo.co.jp
954,Stesha,Vasilyev,svasilyevqh@ow.ly
955,Jeremie,Losselyong,jlosselyongqi@miibeian.gov.cn
956,Bondy,Northover,bnorthoverqj@oaic.gov.au
957,Duke,Battersby,dbattersbyqk@creativecommons.org
958,Miquela,Huitson,mhuitsonql@google.es
959,Val,Akehurst,vakehurstqm@dailymotion.com
960,Eran,Capun,ecapunqn@ca.gov
961,Hildy,Tschirschky,htschirschkyqo@moonfruit.com
962,Lazar,Whether,lwhetherqp@google.co.uk
963,Bree,Le Maitre,blemaitreqq@irs.gov
964,Hally,Rings,hringsqr@marketwatch.com
965,Humphrey,Thexton,hthextonqs@cbslocal.com
966,Shayne,Hillyatt,shillyattqt@zimbio.com
967,Glen,Teesdale,gteesdalequ@ted.com
968,Eldredge,McGlone,emcgloneqv@webmd.com
969,Dasya,Tomadoni,dtomadoniqw@csmonitor.com
970,Madlin,Tebbit,mtebbitqx@ucla.edu
971,Melly,Naisbet,mnaisbetqy@edublogs.org
972,Hendrick,Scamal,hscamalqz@infoseek.co.jp
973,Drusilla,Vernall,dvernallr0@last.fm
974,Wynn,Scourge,wscourger1@wp.com
975,Loydie,Ayshford,layshfordr2@typepad.com
976,Asa,Spaight,aspaightr3@so-net.ne.jp
977,Henka,Zimmer,hzimmerr4@kickstarter.com
978,Adelice,Lockier,alockierr5@php.net
979,Valentine,Jurca,vjurcar6@msn.com
980,Sauncho,Glendza,sglendzar7@spiegel.de
981,Georgeta,Bowley,gbowleyr8@tumblr.com
982,Pammie,Crane,pcraner9@java.com
983,Derek,Stolberger,dstolbergerra@thetimes.co.uk
984,Devin,Origin,doriginrb@illinois.edu
985,Callida,Jennemann,cjennemannrc@free.fr
986,Saba,Klus,sklusrd@irs.gov
987,Heinrik,Zambonini,hzamboninire@arizona.edu
988,Wildon,Northfield,wnorthfieldrf@goodreads.com
989,Garold,McIvor,gmcivorrg@prlog.org
990,Barclay,Cuttler,bcuttlerrh@spiegel.de
991,Stacee,Keitch,skeitchri@netlog.com
992,Cherey,Hedylstone,chedylstonerj@cnbc.com
993,Algernon,Skym,askymrk@jugem.jp
994,Laurette,Koomar,lkoomarrl@joomla.org
995,Clarette,Folomin,cfolominrm@gov.uk
996,Bobine,Dukelow,bdukelowrn@artisteer.com
997,Vidovik,Howarth,vhowarthro@rediff.com
998,Reuven,Hyams,rhyamsrp@ted.com
999,Sutherlan,Tofanini,stofaninirq@issuu.com
1000,Hannie,Pirouet,hpirouetrr@youtu.be
