id,first_name,last_name,email
1,Bella,Noweak,bnoweak0@cocolog-nifty.com
2,Susanna,Lisimore,slisimore1@cam.ac.uk
3,Carson,Lukacs,clukacs2@cornell.edu
4,Ronnie,Cripin,rcripin3@cpanel.net
5,Alfie,Bryning,abryning4@hud.gov
6,Erskine,Strachan,estrachan5@craigslist.org
7,Rayner,Illston,rillston6@hostgator.com
8,Lianna,Skuse,lskuse7@biglobe.ne.jp
9,Abby,Chidgey,achidgey8@usda.gov
10,Kaiser,Klossmann,kklossmann9@paypal.com
11,Reggi,Clymo,rclymoa@mapquest.com
12,Isa,Perelli,iperellib@boston.com
13,Ansley,McGettigan,amcgettiganc@phpbb.com
14,Levin,Baudasso,lbaudassod@nytimes.com
15,Loree,Vahl,lvahle@github.io
16,Alick,Lehrian,alehrianf@desdev.cn
17,Paxon,Quiddihy,pquiddihyg@springer.com
18,Christi,Meedendorpe,cmeedendorpeh@free.fr
19,Jemimah,Toop,jtoopi@fastcompany.com
20,Reginald,Louisot,rlouisotj@noaa.gov
21,Torry,Broszkiewicz,tbroszkiewiczk@walmart.com
22,Lotte,Frankcombe,lfrankcombel@google.com.hk
23,Horton,Haresnaip,hharesnaipm@wsj.com
24,Nikos,Hartness,nhartnessn@sbwire.com
25,Candie,Kemmis,ckemmiso@wikipedia.org
26,Odilia,Balderston,obalderstonp@ycombinator.com
27,Vite,Strong,vstrongq@google.de
28,Scot,Domb,sdombr@reuters.com
29,Homerus,Durant,hdurants@aboutads.info
30,Denise,Collumbell,dcollumbellt@rakuten.co.jp
31,Faunie,Moring,fmoringu@gizmodo.com
32,Gertruda,McIlveen,gmcilveenv@walmart.com
33,Reginald,Stutter,rstutterw@ucsd.edu
34,Brandi,Durrant,bdurrantx@mapquest.com
35,Quinn,Beasley,qbeasleyy@booking.com
36,Carilyn,Rowswell,crowswellz@virginia.edu
37,Lindy,Lippett,llippett10@flickr.com
38,Scott,Marien,smarien11@geocities.com
39,Cordi,Slatcher,cslatcher12@canalblog.com
40,Darcie,Bowring,dbowring13@aol.com
41,Merrilee,Railton,mrailton14@icio.us
42,Genia,Athy,gathy15@intel.com
43,Rorie,Jenson,rjenson16@taobao.com
44,Shandeigh,Moverley,smoverley17@ezinearticles.com
45,Earle,Larner,elarner18@hubpages.com
46,Agustin,Ungaretti,aungaretti19@storify.com
47,Thurston,Dimmer,tdimmer1a@wisc.edu
48,Kristofer,Sneesby,ksneesby1b@latimes.com
49,Violet,Powner,vpowner1c@devhub.com
50,Halimeda,Maddrell,hmaddrell1d@free.fr
51,Micki,Kolczynski,mkolczynski1e@apple.com
52,Kanya,Andryushchenko,kandryushchenko1f@miitbeian.gov.cn
53,Juditha,Vassel,jvassel1g@springer.com
54,Olwen,Woodson,owoodson1h@paypal.com
55,Beltran,Tremathick,btremathick1i@xrea.com
56,Nobie,Davio,ndavio1j@virginia.edu
57,Dulci,Marzelli,dmarzelli1k@naver.com
58,Malvin,Bolzen,mbolzen1l@google.cn
59,Heath,Alenichev,halenichev1m@chronoengine.com
60,Yanaton,Gadman,ygadman1n@technorati.com
61,Freeman,Verchambre,fverchambre1o@seesaa.net
62,Robbie,Comettoi,rcomettoi1p@auda.org.au
63,Dorolisa,Khomishin,dkhomishin1q@usatoday.com
64,Omar,Caseborne,ocaseborne1r@unblog.fr
65,Anatollo,Hampstead,ahampstead1s@cnet.com
66,Alia,Yeabsley,ayeabsley1t@google.co.jp
67,Muffin,Amorine,mamorine1u@irs.gov
68,Davis,Fownes,dfownes1v@google.com
69,Aundrea,Ferney,aferney1w@nifty.com
70,Geri,Camelia,gcamelia1x@privacy.gov.au
71,Crosby,Arondel,carondel1y@jigsy.com
72,Tatiana,Julian,tjulian1z@cyberchimps.com
73,Lauri,Stratley,lstratley20@netlog.com
74,Fabe,Moro,fmoro21@tmall.com
75,Carolan,Roderighi,croderighi22@ehow.com
76,Jakob,Crowthe,jcrowthe23@dell.com
77,Costa,Milmore,cmilmore24@goodreads.com
78,Kristoffer,Calcott,kcalcott25@pcworld.com
79,Johnna,Etuck,jetuck26@imgur.com
80,Sherm,Scoyne,sscoyne27@spotify.com
81,Mikey,Dimitriev,mdimitriev28@abc.net.au
82,Luz,Libbe,llibbe29@nih.gov
83,Sarajane,Feely,sfeely2a@naver.com
84,Neale,Bradder,nbradder2b@apple.com
85,Margo,Beamont,mbeamont2c@hatena.ne.jp
86,Fee,Rainger,frainger2d@yelp.com
87,Dillon,Pavlov,dpavlov2e@vk.com
88,Ermentrude,Redihalgh,eredihalgh2f@posterous.com
89,Shari,Lesslie,slesslie2g@simplemachines.org
90,Marcella,Ventham,mventham2h@ameblo.jp
91,Claudina,Baddiley,cbaddiley2i@china.com.cn
92,Fanchette,Luetchford,fluetchford2j@biglobe.ne.jp
93,Heddi,Restall,hrestall2k@bloomberg.com
94,Andreana,Tibols,atibols2l@digg.com
95,Ganny,Kapelhof,gkapelhof2m@china.com.cn
96,Nolana,Fairfoul,nfairfoul2n@sun.com
97,Fair,McWhorter,fmcwhorter2o@ca.gov
98,Corney,Verissimo,cverissimo2p@so-net.ne.jp
99,Gnni,Rosin,grosin2q@canalblog.com
100,Osbourn,Cassedy,ocassedy2r@youtube.com
101,Ansley,Adderson,aadderson2s@cloudflare.com
102,Demott,Lawly,dlawly2t@baidu.com
103,Hunfredo,McGray,hmcgray2u@indiatimes.com
104,Brandais,Curdell,bcurdell2v@linkedin.com
105,Margette,Egle,megle2w@nih.gov
106,Craggy,Jillett,cjillett2x@pen.io
107,Paco,Hulett,phulett2y@fda.gov
108,Caron,Haisell,chaisell2z@bbb.org
109,Edith,Macbane,emacbane30@sun.com
110,Wendall,Clibbery,wclibbery31@time.com
111,Maible,Bengoechea,mbengoechea32@wp.com
112,Marwin,Balden,mbalden33@europa.eu
113,Sauveur,Bloomfield,sbloomfield34@huffingtonpost.com
114,Randee,Bocken,rbocken35@eepurl.com
115,Weston,Tuley,wtuley36@marriott.com
116,Joice,Grubb,jgrubb37@hatena.ne.jp
117,Verna,Rouchy,vrouchy38@adobe.com
118,La verne,Heffron,lheffron39@washington.edu
119,Lenette,Devey,ldevey3a@reuters.com
120,Gerard,Vallender,gvallender3b@yellowbook.com
121,Doreen,Lofty,dlofty3c@ibm.com
122,Waiter,Tartt,wtartt3d@usgs.gov
123,Meir,Wellesley,mwellesley3e@pen.io
124,Alvira,Jaze,ajaze3f@delicious.com
125,Gabey,Dachey,gdachey3g@trellian.com
126,Gran,Huddleston,ghuddleston3h@sciencedaily.com
127,Ann,Lardiner,alardiner3i@bloomberg.com
128,Madge,Westcar,mwestcar3j@example.com
129,Catharine,Huskinson,chuskinson3k@google.fr
130,Mason,Codling,mcodling3l@google.com.br
131,Charline,Hornbuckle,chornbuckle3m@com.com
132,Ethel,Harpur,eharpur3n@nifty.com
133,Jemmy,Jell,jjell3o@mlb.com
134,Benedict,MacKaile,bmackaile3p@cmu.edu
135,Morlee,Zavattieri,mzavattieri3q@dion.ne.jp
136,Ava,Sandilands,asandilands3r@fotki.com
137,Harriette,Roubottom,hroubottom3s@weibo.com
138,Gennifer,Hutley,ghutley3t@canalblog.com
139,Albert,Janda,ajanda3u@mashable.com
140,Chevy,Obey,cobey3v@1und1.de
141,Dallas,Newlove,dnewlove3w@bigcartel.com
142,Costa,Harpur,charpur3x@sun.com
143,Reinold,Lanon,rlanon3y@mozilla.com
144,Lorenzo,Hardwell,lhardwell3z@phpbb.com
145,Velma,Durek,vdurek40@studiopress.com
146,Consalve,Espinola,cespinola41@dropbox.com
147,Niles,Halwell,nhalwell42@hexun.com
148,Paolina,Bolwell,pbolwell43@census.gov
149,Orelle,Merwe,omerwe44@comcast.net
150,Victoria,McNickle,vmcnickle45@gmpg.org
151,Pat,Blackett,pblackett46@behance.net
152,Vladamir,Jewks,vjewks47@tinyurl.com
153,Abie,St. Clair,astclair48@myspace.com
154,Wilfrid,Druitt,wdruitt49@friendfeed.com
155,Magdalene,Ganter,mganter4a@baidu.com
156,Hurlee,Pinkney,hpinkney4b@blogspot.com
157,Caroline,Treagust,ctreagust4c@ucoz.ru
158,Arnuad,Keating,akeating4d@privacy.gov.au
159,Ruy,Akehurst,rakehurst4e@slashdot.org
160,Leigh,Arkell,larkell4f@technorati.com
161,Kipp,Gomes,kgomes4g@themeforest.net
162,Harriett,Handover,hhandover4h@desdev.cn
163,Rodrick,Maryman,rmaryman4i@rediff.com
164,Siegfried,Korneev,skorneev4j@cam.ac.uk
165,Carri,Jancso,cjancso4k@oakley.com
166,Rod,Smallpiece,rsmallpiece4l@independent.co.uk
167,Roarke,Colquite,rcolquite4m@indiegogo.com
168,Rickard,Domenget,rdomenget4n@mlb.com
169,Paulina,Beagley,pbeagley4o@dion.ne.jp
170,Jeffie,Fitzsymon,jfitzsymon4p@webs.com
171,Beltran,Barkworth,bbarkworth4q@yahoo.com
172,Martha,Carnier,mcarnier4r@vimeo.com
173,Nerti,Rubinsaft,nrubinsaft4s@cmu.edu
174,Deonne,Shall,dshall4t@adobe.com
175,Marlene,Coldham,mcoldham4u@wordpress.org
176,Horten,De Launde,hdelaunde4v@vimeo.com
177,Peadar,Douthwaite,pdouthwaite4w@guardian.co.uk
178,Ricca,Eaves,reaves4x@storify.com
179,Katherina,Sparkwell,ksparkwell4y@ucla.edu
180,Claudette,Grioli,cgrioli4z@123-reg.co.uk
181,Sean,Nason,snason50@barnesandnoble.com
182,Pooh,Dorgon,pdorgon51@cocolog-nifty.com
183,Andy,Bourgourd,abourgourd52@weibo.com
184,Brigham,Dethloff,bdethloff53@multiply.com
185,Margret,Erie,merie54@cisco.com
186,Ephrem,O' Mara,eomara55@hp.com
187,Janaye,Jarrel,jjarrel56@ftc.gov
188,Johnny,Durnall,jdurnall57@163.com
189,Sherlocke,Gardner,sgardner58@discuz.net
190,Selena,Gudger,sgudger59@wordpress.com
191,Seana,Boyack,sboyack5a@zdnet.com
192,Kelsey,Whitnell,kwhitnell5b@tripadvisor.com
193,Agosto,Mandres,amandres5c@parallels.com
194,Lanae,Tetford,ltetford5d@apple.com
195,Farica,Fawthrop,ffawthrop5e@about.com
196,Cherin,Gleave,cgleave5f@photobucket.com
197,Darill,Hryniewicz,dhryniewicz5g@devhub.com
198,Brook,Muldowney,bmuldowney5h@infoseek.co.jp
199,Josi,Breckin,jbreckin5i@squidoo.com
200,Sauncho,Headly,sheadly5j@xinhuanet.com
201,Laird,Bunson,lbunson5k@marriott.com
202,Adela,Dymock,adymock5l@goodreads.com
203,Laurent,Hollow,lhollow5m@harvard.edu
204,Toni,Ebertz,tebertz5n@dailymail.co.uk
205,Emlynne,Andrivot,eandrivot5o@dot.gov
206,Susette,Illing,silling5p@microsoft.com
207,Blake,Martinson,bmartinson5q@java.com
208,Sean,Ortiger,sortiger5r@flavors.me
209,Terri,Wonfor,twonfor5s@so-net.ne.jp
210,Leigh,Safell,lsafell5t@sohu.com
211,Kimberlyn,Alway,kalway5u@princeton.edu
212,Jonie,Fildery,jfildery5v@va.gov
213,Adair,Eberz,aeberz5w@phpbb.com
214,Tiphani,Haszard,thaszard5x@privacy.gov.au
215,Irvine,Korlat,ikorlat5y@4shared.com
216,Margo,Berrisford,mberrisford5z@census.gov
217,Nelle,Moyce,nmoyce60@drupal.org
218,Zacharie,Lathaye,zlathaye61@cnbc.com
219,Carole,Flowith,cflowith62@printfriendly.com
220,Montague,O'Lunny,molunny63@sitemeter.com
221,Atalanta,Pietron,apietron64@clickbank.net
222,Culver,Abdie,cabdie65@mozilla.org
223,Gladys,Sharkey,gsharkey66@flavors.me
224,Nessi,Astlatt,nastlatt67@photobucket.com
225,Wilek,Niblo,wniblo68@chron.com
226,Claresta,Abbs,cabbs69@cisco.com
227,Loren,Cornthwaite,lcornthwaite6a@sina.com.cn
228,Krishna,Picker,kpicker6b@economist.com
229,Melisse,Dearle-Palser,mdearlepalser6c@msn.com
230,Kylila,Dobrowolny,kdobrowolny6d@nih.gov
231,Ernie,Djurkovic,edjurkovic6e@cargocollective.com
232,Melosa,Whistance,mwhistance6f@last.fm
233,Mallorie,Di Biagio,mdibiagio6g@bloglines.com
234,Klaus,Lackinton,klackinton6h@livejournal.com
235,Fernando,Curr,fcurr6i@a8.net
236,Carin,Furst,cfurst6j@smh.com.au
237,Delphinia,Domel,ddomel6k@ed.gov
238,Bert,Heisman,bheisman6l@e-recht24.de
239,Antonia,Tribell,atribell6m@ibm.com
240,Karilynn,Micklem,kmicklem6n@uiuc.edu
241,Ritchie,Lasham,rlasham6o@com.com
242,Rebecca,Klaussen,rklaussen6p@alibaba.com
243,August,Loeber,aloeber6q@virginia.edu
244,Gar,Rimmington,grimmington6r@npr.org
245,Elsinore,Rein,erein6s@zimbio.com
246,Jesselyn,O'Sherrin,josherrin6t@nps.gov
247,Elicia,Gregoire,egregoire6u@macromedia.com
248,Paddie,Riply,priply6v@wikipedia.org
249,Trudie,Leese,tleese6w@engadget.com
250,Cosmo,Gagin,cgagin6x@bandcamp.com
251,Velvet,Grichukhanov,vgrichukhanov6y@blogs.com
252,Louis,MacGaughey,lmacgaughey6z@nps.gov
253,Roanna,Truse,rtruse70@adobe.com
254,Brockie,Isted,bisted71@slashdot.org
255,Everett,Ebdin,eebdin72@ning.com
256,Aeriell,Curzon,acurzon73@archive.org
257,Gracie,Itzkovwich,gitzkovwich74@youku.com
258,Shellie,Stut,sstut75@elegantthemes.com
259,Bartolomeo,Wyett,bwyett76@sciencedaily.com
260,Alfie,Aslen,aaslen77@prweb.com
261,Kenyon,Girdlestone,kgirdlestone78@usgs.gov
262,Osbourn,Durban,odurban79@canalblog.com
263,Vina,Alam,valam7a@ow.ly
264,Halsey,Thal,hthal7b@vk.com
265,Jerry,Pulver,jpulver7c@ox.ac.uk
266,Vanna,Haughian,vhaughian7d@dailymotion.com
267,Antoinette,Lillow,alillow7e@diigo.com
268,Delano,MacKissack,dmackissack7f@theatlantic.com
269,Lorenzo,Quinet,lquinet7g@oracle.com
270,Elbert,Aked,eaked7h@wordpress.com
271,Tilly,Blacker,tblacker7i@washington.edu
272,Goddard,Weiner,gweiner7j@usgs.gov
273,Lisette,Bavidge,lbavidge7k@msu.edu
274,Dimitry,Mowat,dmowat7l@desdev.cn
275,Maiga,Schiementz,mschiementz7m@samsung.com
276,Waneta,Eddicott,weddicott7n@upenn.edu
277,Idell,Caverhill,icaverhill7o@acquirethisname.com
278,Salli,Pudge,spudge7p@samsung.com
279,Maureen,Rounsefell,mrounsefell7q@google.nl
280,Fannie,Cluet,fcluet7r@whitehouse.gov
281,Cheri,Matthessen,cmatthessen7s@reuters.com
282,Harlie,Solesbury,hsolesbury7t@stumbleupon.com
283,Enrique,Moncreiff,emoncreiff7u@opensource.org
284,Leonerd,Franklyn,lfranklyn7v@fc2.com
285,Westbrook,Hessel,whessel7w@hud.gov
286,Gwyneth,Ellerey,gellerey7x@aboutads.info
287,Ulysses,Dollard,udollard7y@marriott.com
288,Karlen,Murrill,kmurrill7z@drupal.org
289,Dietrich,Ghiroldi,dghiroldi80@tinyurl.com
290,Bond,Chomicki,bchomicki81@baidu.com
291,Michell,Staton,mstaton82@china.com.cn
292,Robb,Owenson,rowenson83@google.ca
293,Demetrius,Suthworth,dsuthworth84@de.vu
294,Phebe,Currell,pcurrell85@bloomberg.com
295,Emmalynne,Casotti,ecasotti86@nasa.gov
296,Karita,Casero,kcasero87@google.nl
297,Glynnis,Caneo,gcaneo88@oakley.com
298,Leah,Elvey,lelvey89@theatlantic.com
299,Mariejeanne,Iacomini,miacomini8a@google.ca
300,Ches,Levy,clevy8b@live.com
301,Joete,Yeardley,jyeardley8c@kickstarter.com
302,Aylmar,Pelfer,apelfer8d@bing.com
303,Glenden,Edie,gedie8e@techcrunch.com
304,Joanna,Astall,jastall8f@dagondesign.com
305,Wallis,Currey,wcurrey8g@constantcontact.com
306,Joceline,Sewell,jsewell8h@mit.edu
307,Clerissa,MacGarrity,cmacgarrity8i@w3.org
308,Filmer,Deroche,fderoche8j@google.fr
309,Mireille,Faithorn,mfaithorn8k@yale.edu
310,Lilias,Knill,lknill8l@mapy.cz
311,Wynn,Andrioletti,wandrioletti8m@bravesites.com
312,Forest,Grindley,fgrindley8n@is.gd
313,Tades,Giovanazzi,tgiovanazzi8o@psu.edu
314,Lauraine,Kirckman,lkirckman8p@dailymotion.com
315,Zoe,Garden,zgarden8q@indiatimes.com
316,Ulick,Roth,uroth8r@cpanel.net
317,Valentina,Adhams,vadhams8s@meetup.com
318,Rudolf,Caird,rcaird8t@springer.com
319,Kellby,Look,klook8u@skyrock.com
320,Clemmie,Ousbie,cousbie8v@google.it
321,Horten,Kremer,hkremer8w@mediafire.com
322,Waldon,Puden,wpuden8x@altervista.org
323,Kristoffer,Penelli,kpenelli8y@free.fr
324,Hillary,Guyer,hguyer8z@tuttocitta.it
325,Chance,Sygrove,csygrove90@friendfeed.com
326,Valentijn,Agus,vagus91@hp.com
327,Gena,Dury,gdury92@nps.gov
328,Freddy,McIndrew,fmcindrew93@dell.com
329,Winnie,Chrichton,wchrichton94@technorati.com
330,Staford,Nichol,snichol95@answers.com
331,Jaye,Munnings,jmunnings96@booking.com
332,Barnebas,Sewter,bsewter97@facebook.com
333,Maxie,Milburn,mmilburn98@washingtonpost.com
334,Tades,Lemmen,tlemmen99@opera.com
335,Perrine,Grelka,pgrelka9a@umn.edu
336,Connor,Kacheller,ckacheller9b@google.nl
337,Rhodie,Walaron,rwalaron9c@phpbb.com
338,Carolina,Gairdner,cgairdner9d@addthis.com
339,Stephanus,Lehrian,slehrian9e@businessweek.com
340,Jehu,Loblie,jloblie9f@ustream.tv
341,Efren,Allibon,eallibon9g@alibaba.com
342,Troy,Hadaway,thadaway9h@umn.edu
343,Gael,Gothard,ggothard9i@engadget.com
344,Kris,Dedham,kdedham9j@free.fr
345,Evered,Caulier,ecaulier9k@sciencedirect.com
346,Mattias,Hartas,mhartas9l@disqus.com
347,Deidre,Runciman,drunciman9m@cnn.com
348,Iris,Selkirk,iselkirk9n@ft.com
349,Krissy,Bushen,kbushen9o@tmall.com
350,Owen,Desborough,odesborough9p@google.it
351,Nicolas,Wallbridge,nwallbridge9q@hubpages.com
352,Merell,Guyer,mguyer9r@ow.ly
353,April,Moine,amoine9s@about.com
354,Michale,Lenchenko,mlenchenko9t@tinyurl.com
355,Brear,Easdon,beasdon9u@tiny.cc
356,Weston,Woolner,wwoolner9v@exblog.jp
357,Ruperto,Lantoph,rlantoph9w@ibm.com
358,Townie,Fanner,tfanner9x@huffingtonpost.com
359,Marinna,Byway,mbyway9y@spiegel.de
360,Port,Singleton,psingleton9z@oakley.com
361,Cyrillus,Aldis,caldisa0@51.la
362,Kara,Buzine,kbuzinea1@trellian.com
363,Murry,Toffoletto,mtoffolettoa2@unc.edu
364,Webster,Pryer,wpryera3@sakura.ne.jp
365,Magdalene,Washington,mwashingtona4@disqus.com
366,Wildon,Schooley,wschooleya5@nbcnews.com
367,Odille,Tipens,otipensa6@themeforest.net
368,Dael,Gonnely,dgonnelya7@cbc.ca
369,Maggee,Duddle,mduddlea8@dailymail.co.uk
370,Julita,Rudloff,jrudloffa9@baidu.com
371,Agnes,Sevin,asevinaa@tiny.cc
372,Celka,Arnaudet,carnaudetab@businessinsider.com
373,Avrom,Skoughman,askoughmanac@gravatar.com
374,Katerina,Hockell,khockellad@wikimedia.org
375,Ronda,Hawler,rhawlerae@photobucket.com
376,Amelita,Lardeux,alardeuxaf@cbc.ca
377,Michal,Izatson,mizatsonag@salon.com
378,Dominic,Duckers,dduckersah@exblog.jp
379,Ellery,Howling,ehowlingai@is.gd
380,Tarah,Gorusso,tgorussoaj@spotify.com
381,Ailis,Urlin,aurlinak@eepurl.com
382,Temple,Groves,tgrovesal@eventbrite.com
383,Kirsten,McIntee,kmcinteeam@about.com
384,Cathy,Tumelty,ctumeltyan@flavors.me
385,Queenie,Etherson,qethersonao@naver.com
386,Letta,Hearfield,lhearfieldap@mtv.com
387,Paolo,Youdell,pyoudellaq@dyndns.org
388,Jaymie,Brindley,jbrindleyar@taobao.com
389,Cash,Pickton,cpicktonas@oaic.gov.au
390,Sharia,Richley,srichleyat@cdbaby.com
391,Joseito,Bugdall,jbugdallau@blogger.com
392,Consalve,Tennison,ctennisonav@ehow.com
393,Logan,Shatliff,lshatliffaw@reverbnation.com
394,Algernon,Hallin,ahallinax@google.ca
395,April,Abotson,aabotsonay@symantec.com
396,Beltran,Yallop,byallopaz@comcast.net
397,Hobie,Kynett,hkynettb0@hexun.com
398,Mame,Durban,mdurbanb1@mayoclinic.com
399,Mikey,Bidnall,mbidnallb2@washington.edu
400,Rafaellle,Belward,rbelwardb3@salon.com
401,Odilia,Aldrick,oaldrickb4@linkedin.com
402,Tibold,Kahen,tkahenb5@yahoo.co.jp
403,Arlan,Holbarrow,aholbarrowb6@amazon.de
404,Dorey,Bernon,dbernonb7@furl.net
405,Trace,Worrall,tworrallb8@yandex.ru
406,Clayborn,Anfonsi,canfonsib9@wunderground.com
407,Anatole,Bussey,abusseyba@homestead.com
408,Ariella,Childerhouse,achilderhousebb@jiathis.com
409,Gabey,Horbath,ghorbathbc@cbsnews.com
410,Obidiah,Godfree,ogodfreebd@php.net
411,Haywood,Gilluley,hgilluleybe@unc.edu
412,Tirrell,Zaczek,tzaczekbf@springer.com
413,Delora,Oldred,doldredbg@accuweather.com
414,Rosina,Rissom,rrissombh@xinhuanet.com
415,Brunhilde,Aron,baronbi@free.fr
416,Cordi,Blincowe,cblincowebj@photobucket.com
417,Catriona,Leal,clealbk@meetup.com
418,Osborne,Villaron,ovillaronbl@goo.ne.jp
419,Rab,Greaser,rgreaserbm@paypal.com
420,Betteanne,Gritton,bgrittonbn@google.ru
421,Riccardo,Worsell,rworsellbo@acquirethisname.com
422,Merrilee,Hamby,mhambybp@w3.org
423,Ilaire,Wessing,iwessingbq@arstechnica.com
424,Caroline,Mallows,cmallowsbr@usgs.gov
425,Aurie,Hobbing,ahobbingbs@google.cn
426,Shelby,Triner,strinerbt@hubpages.com
427,Redford,Woolaghan,rwoolaghanbu@booking.com
428,Reese,Downing,rdowningbv@ucoz.ru
429,Jabez,Castagne,jcastagnebw@macromedia.com
430,Rosa,Ortelt,rorteltbx@loc.gov
431,Kelwin,Ruggier,kruggierby@hubpages.com
432,Alexandre,Bang,abangbz@i2i.jp
433,Blakeley,Serot,bserotc0@google.ca
434,Colver,Fussey,cfusseyc1@ehow.com
435,Marylinda,Swatman,mswatmanc2@rambler.ru
436,Elnar,Pendrill,ependrillc3@instagram.com
437,Asia,Tomaselli,atomasellic4@rakuten.co.jp
438,Nils,Skeggs,nskeggsc5@techcrunch.com
439,Audi,Wilkie,awilkiec6@cnet.com
440,Lisle,Pogg,lpoggc7@creativecommons.org
441,Dael,Bing,dbingc8@weather.com
442,Nataline,Tesimon,ntesimonc9@etsy.com
443,Tobe,Ziemens,tziemensca@thetimes.co.uk
444,Salli,Frankcomb,sfrankcombcb@umn.edu
445,Stevena,Binks,sbinkscc@japanpost.jp
446,Roda,Willoughby,rwilloughbycd@addtoany.com
447,Dare,Agett,dagettce@ask.com
448,Alex,Scrase,ascrasecf@ft.com
449,Ashby,Henstone,ahenstonecg@gravatar.com
450,Farrand,McCory,fmccorych@angelfire.com
451,Consuelo,Vango,cvangoci@edublogs.org
452,Timmie,MacAughtrie,tmacaughtriecj@wp.com
453,Christye,Meco,cmecock@unblog.fr
454,Bud,Struthers,bstrutherscl@alibaba.com
455,Kerrie,Bloore,kbloorecm@mac.com
456,Ertha,McCreath,emccreathcn@feedburner.com
457,Ringo,Tink,rtinkco@e-recht24.de
458,Carrol,Hattersley,chattersleycp@webnode.com
459,Leona,Clingoe,lclingoecq@linkedin.com
460,Anna-diane,Donaho,adonahocr@mit.edu
461,Boniface,Kerner,bkernercs@spiegel.de
462,Harland,Benn,hbennct@usnews.com
463,Auria,Ponting,apontingcu@ca.gov
464,Damita,Jeppe,djeppecv@statcounter.com
465,Drake,Bax,dbaxcw@indiegogo.com
466,Rip,Mattiazzo,rmattiazzocx@mac.com
467,Holly,Reightley,hreightleycy@tripadvisor.com
468,Iormina,Abbati,iabbaticz@themeforest.net
469,Amble,Boig,aboigd0@shop-pro.jp
470,Sonni,Luckey,sluckeyd1@nifty.com
471,Danice,Tapping,dtappingd2@github.com
472,Willie,Titford,wtitfordd3@surveymonkey.com
473,Gaye,Kingdom,gkingdomd4@xrea.com
474,Hilario,Holstein,hholsteind5@discovery.com
475,Deloris,Grimwood,dgrimwoodd6@webeden.co.uk
476,Moore,Hebblewhite,mhebblewhited7@printfriendly.com
477,Pris,Earry,pearryd8@sohu.com
478,Siusan,Pattrick,spattrickd9@rambler.ru
479,Matias,Ellingworth,mellingworthda@a8.net
480,Les,Loudwell,lloudwelldb@w3.org
481,Meggy,Honig,mhonigdc@simplemachines.org
482,Templeton,Fligg,tfliggdd@bloglines.com
483,Collin,Shovelton,cshoveltonde@accuweather.com
484,Creighton,MacGruer,cmacgruerdf@epa.gov
485,Rebecka,Keepe,rkeepedg@github.com
486,Leanna,Watting,lwattingdh@discuz.net
487,Thorin,Enevold,tenevolddi@weibo.com
488,Niccolo,Whithalgh,nwhithalghdj@wikipedia.org
489,Lise,Allwell,lallwelldk@myspace.com
490,Sherwin,Cloutt,sclouttdl@hibu.com
491,Mikaela,Gownge,mgowngedm@epa.gov
492,Trina,Flea,tfleadn@pagesperso-orange.fr
493,Jeramey,Ditty,jdittydo@opera.com
494,Erin,McGourty,emcgourtydp@soundcloud.com
495,Ulla,MacCroary,umaccroarydq@vistaprint.com
496,Christoper,Beckhouse,cbeckhousedr@twitpic.com
497,Tatum,Muldowney,tmuldowneyds@mysql.com
498,Moses,Aldie,maldiedt@apache.org
499,Dode,McCarroll,dmccarrolldu@sakura.ne.jp
500,Orbadiah,Prattington,oprattingtondv@hp.com
501,Damiano,Melbourne,dmelbournedw@amazon.de
502,Malvina,Bissiker,mbissikerdx@jigsy.com
503,Marj,Crips,mcripsdy@over-blog.com
504,Thatch,Tiuit,ttiuitdz@addtoany.com
505,Talya,Kleeborn,tkleeborne0@va.gov
506,Redford,Tuckie,rtuckiee1@forbes.com
507,Malcolm,Hyde,mhydee2@surveymonkey.com
508,Jarrad,Edelston,jedelstone3@cdbaby.com
509,Gill,Elvish,gelvishe4@scribd.com
510,Rocky,Moorman,rmoormane5@weather.com
511,Gilligan,Hambly,ghamblye6@clickbank.net
512,Annamaria,Sygrove,asygrovee7@youtube.com
513,Allianora,McConnal,amcconnale8@youtu.be
514,Miguela,Abrahami,mabrahamie9@columbia.edu
515,Jacqueline,Giannazzi,jgiannazziea@skyrock.com
516,Mortie,Ingray,mingrayeb@ebay.co.uk
517,Curr,Studders,cstuddersec@cbc.ca
518,Vilma,Folder,vfoldered@uiuc.edu
519,Mitzi,Gerber,mgerberee@microsoft.com
520,Holli,I'anson,hiansonef@tripadvisor.com
521,Bernarr,Cockshot,bcockshoteg@cpanel.net
522,Aleda,Dmitrovic,admitroviceh@sbwire.com
523,Ralf,Kleinmintz,rkleinmintzei@virginia.edu
524,Kameko,Moriarty,kmoriartyej@wufoo.com
525,Elizabet,Domleo,edomleoek@edublogs.org
526,Artair,Rizzotto,arizzottoel@arstechnica.com
527,Chiquia,Gasgarth,cgasgarthem@tmall.com
528,Bab,Hartill,bhartillen@abc.net.au
529,Allen,Boulstridge,aboulstridgeeo@archive.org
530,Wallache,Shirt,wshirtep@howstuffworks.com
531,Addi,Broderick,abroderickeq@parallels.com
532,Roz,Daville,rdavilleer@theguardian.com
533,Valaree,Finnigan,vfinniganes@newsvine.com
534,Almira,Struijs,astruijset@umn.edu
535,Lolly,Janowicz,ljanowiczeu@blog.com
536,Gilda,Mackness,gmacknessev@springer.com
537,Nannette,Devon,ndevonew@ox.ac.uk
538,Vernon,Gartenfeld,vgartenfeldex@ehow.com
539,Salomon,Maud,smaudey@telegraph.co.uk
540,Franciska,Haizelden,fhaizeldenez@springer.com
541,Emmeline,Rastrick,erastrickf0@sun.com
542,Melissa,Spellworth,mspellworthf1@pcworld.com
543,Saleem,Cordon,scordonf2@hibu.com
544,Dallas,Lots,dlotsf3@earthlink.net
545,Noah,Canon,ncanonf4@shutterfly.com
546,Eolande,Argont,eargontf5@instagram.com
547,Davy,Agglio,daggliof6@umich.edu
548,Igor,Jaan,ijaanf7@plala.or.jp
549,Dalt,Tiddeman,dtiddemanf8@163.com
550,Lise,Nower,lnowerf9@earthlink.net
551,Beckie,Maypole,bmaypolefa@hostgator.com
552,Sherrie,Yvon,syvonfb@storify.com
553,Emily,Pyburn,epyburnfc@msu.edu
554,Inez,Doughty,idoughtyfd@bloglovin.com
555,Elisabeth,Jozsika,ejozsikafe@ft.com
556,Haydon,Osbourne,hosbourneff@jimdo.com
557,Tammy,Parnall,tparnallfg@cornell.edu
558,Jenny,Mitchelmore,jmitchelmorefh@behance.net
559,Chrystel,Sciusscietto,csciussciettofi@mapy.cz
560,Stacee,Caves,scavesfj@hubpages.com
561,Burr,Oaks,boaksfk@cyberchimps.com
562,Herold,Closs,hclossfl@goo.ne.jp
563,Mira,Nadin,mnadinfm@liveinternet.ru
564,Francklin,Longshaw,flongshawfn@barnesandnoble.com
565,Jose,Toolin,jtoolinfo@addthis.com
566,Carolan,Laingmaid,claingmaidfp@dmoz.org
567,Annora,Normavell,anormavellfq@indiatimes.com
568,Tamarra,Hallowell,thallowellfr@biblegateway.com
569,Jeremie,Priest,jpriestfs@imdb.com
570,Nikolai,Iacavone,niacavoneft@theguardian.com
571,Arte,Poland,apolandfu@nyu.edu
572,Tommie,Upstone,tupstonefv@mysql.com
573,Vivienne,Burdass,vburdassfw@discuz.net
574,Waverley,Buggy,wbuggyfx@arstechnica.com
575,Kissie,Juorio,kjuoriofy@opensource.org
576,Wes,Brimman,wbrimmanfz@bravesites.com
577,Alysa,Iston,aistong0@who.int
578,Oralie,Scimonelli,oscimonellig1@marketwatch.com
579,Fidole,Pinckstone,fpinckstoneg2@seesaa.net
580,Corie,Yellop,cyellopg3@t-online.de
581,Ignatius,Knowler,iknowlerg4@aboutads.info
582,Eileen,Blaxter,eblaxterg5@vk.com
583,Anetta,Beeze,abeezeg6@wunderground.com
584,Hyman,Lethbury,hlethburyg7@nature.com
585,Nance,Doctor,ndoctorg8@nasa.gov
586,Vanna,Sissland,vsisslandg9@narod.ru
587,Kattie,Majury,kmajuryga@multiply.com
588,Nananne,Rodger,nrodgergb@narod.ru
589,Natty,Gianolini,ngianolinigc@jalbum.net
590,Ruttger,Milland,rmillandgd@reddit.com
591,Irwin,Allans,iallansge@dailymotion.com
592,Christophe,Clail,cclailgf@smh.com.au
593,Gratia,Dubber,gdubbergg@hud.gov
594,Lita,Vallerine,lvallerinegh@free.fr
595,Dierdre,Ellins,dellinsgi@wsj.com
596,Doretta,Chislett,dchislettgj@pcworld.com
597,Arlen,Porcas,aporcasgk@patch.com
598,Emmye,Illidge,eillidgegl@hugedomains.com
599,Sibyl,Rummings,srummingsgm@army.mil
600,Ev,Harrismith,eharrismithgn@accuweather.com
601,Janna,Pidgen,jpidgengo@reference.com
602,Darelle,Betke,dbetkegp@comsenz.com
603,Verina,Satterfitt,vsatterfittgq@instagram.com
604,Bonnibelle,O'Lagen,bolagengr@illinois.edu
605,Othilia,Reveland,orevelandgs@go.com
606,Micki,Wigfield,mwigfieldgt@apple.com
607,Hasty,Proudley,hproudleygu@linkedin.com
608,Frieda,Shadwick,fshadwickgv@cloudflare.com
609,Griffie,Killford,gkillfordgw@pen.io
610,Carma,Label,clabelgx@pcworld.com
611,Lia,Mussard,lmussardgy@pbs.org
612,Patrizia,Crose,pcrosegz@ning.com
613,Corbett,Cuxon,ccuxonh0@usnews.com
614,Grier,Broinlich,gbroinlichh1@ucoz.ru
615,Karen,Bris,kbrish2@discuz.net
616,Molli,Duns,mdunsh3@sitemeter.com
617,Nerte,Danilin,ndanilinh4@wisc.edu
618,Claudina,Batterbee,cbatterbeeh5@msu.edu
619,Oralla,Raycroft,oraycrofth6@google.co.uk
620,Britt,Prettyjohns,bprettyjohnsh7@paginegialle.it
621,Robbi,Trobridge,rtrobridgeh8@cdc.gov
622,Roxi,Worthington,rworthingtonh9@chronoengine.com
623,Graig,Windle,gwindleha@irs.gov
624,Milty,Louth,mlouthhb@google.de
625,Fara,Cakes,fcakeshc@wired.com
626,Frederico,Maffione,fmaffionehd@seesaa.net
627,Xerxes,McNern,xmcnernhe@berkeley.edu
628,Wallis,Orcott,worcotthf@mashable.com
629,Sashenka,Pryce,sprycehg@facebook.com
630,King,Febvre,kfebvrehh@engadget.com
631,Davide,Kingett,dkingetthi@imageshack.us
632,Marj,Brimfield,mbrimfieldhj@com.com
633,Agace,Whittenbury,awhittenburyhk@typepad.com
634,Emilio,Nott,enotthl@webeden.co.uk
635,Cullen,Pentecust,cpentecusthm@jalbum.net
636,Seamus,Maroney,smaroneyhn@ezinearticles.com
637,Faina,Goodison,fgoodisonho@ning.com
638,Christiano,Verdon,cverdonhp@npr.org
639,Keen,Thody,kthodyhq@state.gov
640,Maude,Elmore,melmorehr@cdc.gov
641,Niki,Will,nwillhs@ihg.com
642,Dora,Jeffers,djeffersht@ted.com
643,Lauree,Twinberrow,ltwinberrowhu@themeforest.net
644,Beale,O'Howbane,bohowbanehv@washingtonpost.com
645,Sydney,Longhi,slonghihw@discovery.com
646,Win,Gealle,wgeallehx@free.fr
647,Deedee,Children,dchildrenhy@tripod.com
648,Bernardo,Neylon,bneylonhz@examiner.com
649,Roxi,Kane,rkanei0@fastcompany.com
650,Jarib,Goricke,jgorickei1@yahoo.co.jp
651,Helen-elizabeth,Stitch,hstitchi2@who.int
652,Ariella,Fradson,afradsoni3@blinklist.com
653,Nathan,Linzee,nlinzeei4@joomla.org
654,Piggy,Iacovino,piacovinoi5@cnn.com
655,Alfons,Goode,agoodei6@google.it
656,Windham,McCawley,wmccawleyi7@comcast.net
657,Lezlie,Gonsalvez,lgonsalvezi8@purevolume.com
658,Giff,Biasioli,gbiasiolii9@sbwire.com
659,Liz,Russon,lrussonia@theguardian.com
660,Maddy,Firle,mfirleib@so-net.ne.jp
661,Larisa,Iannelli,liannelliic@ed.gov
662,Philly,Greger,pgregerid@fastcompany.com
663,Josey,Offin,joffinie@oaic.gov.au
664,Brandais,McGreary,bmcgrearyif@senate.gov
665,Winonah,McOwan,wmcowanig@yahoo.co.jp
666,Katha,Laxen,klaxenih@dailymotion.com
667,Fairlie,Noller,fnollerii@blog.com
668,Newton,Hartill,nhartillij@hhs.gov
669,Avictor,Joron,ajoronik@amazon.com
670,Vite,Jery,vjeryil@arstechnica.com
671,Stillman,Petriello,spetrielloim@latimes.com
672,Mareah,Twinn,mtwinnin@stanford.edu
673,Christie,Houlson,choulsonio@pinterest.com
674,Cull,Trimmell,ctrimmellip@about.me
675,Shepard,Trice,striceiq@woothemes.com
676,Keefer,Gillmore,kgillmoreir@photobucket.com
677,Nicoline,Marquet,nmarquetis@sfgate.com
678,Louella,Thoumas,lthoumasit@imdb.com
679,Sula,Wych,swychiu@51.la
680,Roxanne,Swidenbank,rswidenbankiv@yelp.com
681,Alvy,Croall,acroalliw@go.com
682,Hendrika,Harrison,hharrisonix@blog.com
683,Alvera,Losemann,alosemanniy@ustream.tv
684,Claire,Nannizzi,cnannizziiz@google.nl
685,Fredek,Epilet,fepiletj0@sciencedirect.com
686,Eduard,Cuffin,ecuffinj1@mail.ru
687,Valera,Grewer,vgrewerj2@google.cn
688,Leroy,Chiechio,lchiechioj3@stanford.edu
689,Evita,Kordovani,ekordovanij4@omniture.com
690,Shannah,McKelvey,smckelveyj5@hugedomains.com
691,Goldie,Cuskery,gcuskeryj6@istockphoto.com
692,Moyra,Hucks,mhucksj7@shareasale.com
693,Corey,Bradie,cbradiej8@reverbnation.com
694,Brandy,Passler,bpasslerj9@ifeng.com
695,Fletch,Charker,fcharkerja@tinypic.com
696,Morie,Pettecrew,mpettecrewjb@japanpost.jp
697,Lisha,Blissett,lblissettjc@techcrunch.com
698,Candie,Woodsford,cwoodsfordjd@lulu.com
699,Wiley,Blevin,wblevinje@mozilla.com
700,Patricia,Markussen,pmarkussenjf@cpanel.net
701,Sheeree,Brake,sbrakejg@livejournal.com
702,Zollie,Eyree,zeyreejh@freewebs.com
703,Dara,Moxom,dmoxomji@myspace.com
704,Bran,Mowle,bmowlejj@github.io
705,Friederike,Omrod,fomrodjk@examiner.com
706,Hattie,Braid,hbraidjl@netvibes.com
707,Had,Sweed,hsweedjm@github.com
708,Rubin,Downie,rdowniejn@surveymonkey.com
709,Belvia,Waylett,bwaylettjo@newyorker.com
710,Nev,Cammis,ncammisjp@cisco.com
711,Leopold,Nolton,lnoltonjq@ca.gov
712,Jay,Heustice,jheusticejr@unblog.fr
713,Wye,Lamball,wlamballjs@facebook.com
714,Candida,Kasher,ckasherjt@latimes.com
715,Feliza,Rubinivitz,frubinivitzju@devhub.com
716,Prisca,Deetlefs,pdeetlefsjv@mac.com
717,Drucy,Lorman,dlormanjw@smh.com.au
718,Erskine,Speenden,espeendenjx@nbcnews.com
719,Ewen,Clifford,ecliffordjy@jalbum.net
720,Inness,Scamerden,iscamerdenjz@free.fr
721,Christin,Hagstone,chagstonek0@moonfruit.com
722,Blake,Hugk,bhugkk1@spotify.com
723,Dominica,Derricoat,dderricoatk2@xing.com
724,Hinda,Stealy,hstealyk3@shutterfly.com
725,Angeline,Keel,akeelk4@columbia.edu
726,Ruben,Earley,rearleyk5@army.mil
727,Alexandros,Wickes,awickesk6@ucla.edu
728,Marty,Caffin,mcaffink7@zimbio.com
729,Earlie,Druitt,edruittk8@weibo.com
730,Margarethe,Riall,mriallk9@archive.org
731,Wainwright,Clotworthy,wclotworthyka@latimes.com
732,Evangeline,Martignoni,emartignonikb@simplemachines.org
733,Ferris,Bubbear,fbubbearkc@thetimes.co.uk
734,Niel,Mycock,nmycockkd@com.com
735,Delila,Attride,dattrideke@gmpg.org
736,Sallie,Robarts,srobartskf@indiegogo.com
737,Dominique,Leidecker,dleideckerkg@ed.gov
738,Elisabeth,Ladbury,eladburykh@hp.com
739,Corliss,Kimbell,ckimbellki@craigslist.org
740,Sophronia,Donavan,sdonavankj@redcross.org
741,Alverta,Andras,aandraskk@about.com
742,Danit,Eake,deakekl@va.gov
743,Durand,Dannell,ddannellkm@cpanel.net
744,Kenyon,Gland,kglandkn@virginia.edu
745,Teodorico,Rois,troisko@studiopress.com
746,Matilda,Pascow,mpascowkp@disqus.com
747,Clyde,Feenan,cfeenankq@mozilla.com
748,Alvis,Najara,anajarakr@gnu.org
749,Lena,Dedman,ldedmanks@who.int
750,Dian,Kervin,dkervinkt@google.de
751,Davide,Castleman,dcastlemanku@ning.com
752,Tiffani,Biffen,tbiffenkv@loc.gov
753,Portia,Snoxill,psnoxillkw@dion.ne.jp
754,Lelah,Blight,lblightkx@desdev.cn
755,Verene,Pynner,vpynnerky@narod.ru
756,Bogart,Schimann,bschimannkz@yale.edu
757,Krista,Ruskin,kruskinl0@naver.com
758,Reina,Maleck,rmaleckl1@wisc.edu
759,Dina,Woolland,dwoollandl2@twitter.com
760,Goldia,Boanas,gboanasl3@opera.com
761,Mylo,Vescovo,mvescovol4@privacy.gov.au
762,Lina,Syncke,lsynckel5@bloglines.com
763,Lilah,Theseira,ltheseiral6@yelp.com
764,Alisha,Widdowes,awiddowesl7@bizjournals.com
765,Desmund,Phelps,dphelpsl8@amazonaws.com
766,Minette,McConnal,mmcconnall9@networksolutions.com
767,Kitti,St. Aubyn,kstaubynla@google.nl
768,Murry,Giggs,mgiggslb@narod.ru
769,Lonny,Bellini,lbellinilc@mysql.com
770,Dacie,Colnett,dcolnettld@theatlantic.com
771,Reid,Loiterton,rloitertonle@miitbeian.gov.cn
772,Cherish,Ianittello,cianittellolf@goo.ne.jp
773,Hakeem,Koeppke,hkoeppkelg@shop-pro.jp
774,Olivette,Marsie,omarsielh@nasa.gov
775,Nester,Redier,nredierli@samsung.com
776,Brian,Rubert,brubertlj@arstechnica.com
777,Wini,Koubek,wkoubeklk@about.me
778,Randa,Mellonby,rmellonbyll@businessinsider.com
779,Shandeigh,Mosedill,smosedilllm@is.gd
780,Benjie,Hardman,bhardmanln@newsvine.com
781,Zane,Androletti,zandrolettilo@hostgator.com
782,Camala,Hillitt,chillittlp@printfriendly.com
783,Peg,McGinley,pmcginleylq@surveymonkey.com
784,Eleanora,Brenneke,ebrennekelr@deliciousdays.com
785,Fleurette,Sisley,fsisleyls@parallels.com
786,Dud,Nowaczyk,dnowaczyklt@opera.com
787,Caresa,Harcase,charcaselu@mail.ru
788,Ashleigh,Seares,aseareslv@cnn.com
789,Belicia,Hillum,bhillumlw@shutterfly.com
790,Stanly,Bettam,sbettamlx@jiathis.com
791,Hugo,Sprowson,hsprowsonly@blogger.com
792,Bette-ann,Hawes,bhaweslz@amazonaws.com
793,Brady,Burnett,bburnettm0@cbc.ca
794,Vanda,Schade,vschadem1@un.org
795,Quentin,Stranaghan,qstranaghanm2@sina.com.cn
796,Neils,Immings,nimmingsm3@irs.gov
797,Johan,McTurley,jmcturleym4@facebook.com
798,Rozalin,Pauling,rpaulingm5@pen.io
799,Judah,Kingsnorth,jkingsnorthm6@msu.edu
800,Bartholomeus,Feeney,bfeeneym7@bizjournals.com
801,Violante,Tuison,vtuisonm8@nyu.edu
802,Mitchell,Coventon,mcoventonm9@phpbb.com
803,Karine,Videler,kvidelerma@amazonaws.com
804,Benton,Eouzan,beouzanmb@narod.ru
805,Dur,Shrubsall,dshrubsallmc@senate.gov
806,Kim,Stennine,kstenninemd@cdc.gov
807,Jakie,Pearsall,jpearsallme@patch.com
808,Friederike,Kunat,fkunatmf@spotify.com
809,Thomasina,Grigorio,tgrigoriomg@bloomberg.com
810,Ulberto,Hardwich,uhardwichmh@ning.com
811,Niven,Dobbins,ndobbinsmi@163.com
812,Meridith,Roxbrough,mroxbroughmj@who.int
813,Hamish,McDonell,hmcdonellmk@dell.com
814,Horacio,Knott,hknottml@themeforest.net
815,Beltran,Chestney,bchestneymm@elpais.com
816,Rycca,Hinzer,rhinzermn@blogs.com
817,Leila,Skatcher,lskatchermo@home.pl
818,Mario,Bangiard,mbangiardmp@cnet.com
819,Sharron,Garvie,sgarviemq@marriott.com
820,Ethelbert,Sonnenschein,esonnenscheinmr@tumblr.com
821,Leonore,Rhule,lrhulems@indiatimes.com
822,Hank,Astle,hastlemt@irs.gov
823,Elvera,Vinick,evinickmu@flavors.me
824,Rachel,Codling,rcodlingmv@dailymail.co.uk
825,Valene,Hickinbottom,vhickinbottommw@typepad.com
826,Shoshana,Tarbert,starbertmx@twitpic.com
827,Eydie,Itzkovwitch,eitzkovwitchmy@va.gov
828,Nadean,Grattage,ngrattagemz@tmall.com
829,Claribel,Conningham,cconninghamn0@ted.com
830,Myrvyn,Pimlott,mpimlottn1@nyu.edu
831,Blane,Cookney,bcookneyn2@nationalgeographic.com
832,Kali,Annice,kannicen3@t-online.de
833,Oralla,Ugo,ougon4@goo.ne.jp
834,Val,Glanert,vglanertn5@cloudflare.com
835,Aimee,Brimacombe,abrimacomben6@uiuc.edu
836,Demetris,Wrettum,dwrettumn7@naver.com
837,Brad,McTerrelly,bmcterrellyn8@europa.eu
838,Clarie,Rosenboim,crosenboimn9@apple.com
839,Orbadiah,Petran,opetranna@illinois.edu
840,Selle,Duddle,sduddlenb@twitter.com
841,Mattias,Burke,mburkenc@imdb.com
842,Rosene,Munson,rmunsonnd@chronoengine.com
843,Grove,Blackbourn,gblackbournne@arizona.edu
844,Dory,Cator,dcatornf@mapquest.com
845,Livvie,Pitcaithly,lpitcaithlyng@dmoz.org
846,Ernesto,Mabbe,emabbenh@livejournal.com
847,Isidore,Leopold,ileopoldni@google.com.hk
848,Philip,Foynes,pfoynesnj@thetimes.co.uk
849,Dulci,Hatterslay,dhatterslaynk@google.com
850,Augy,Showen,ashowennl@nih.gov
851,Merrili,Gianullo,mgianullonm@wunderground.com
852,Michaela,Lightollers,mlightollersnn@lycos.com
853,Bondon,Cowser,bcowserno@issuu.com
854,Francis,Landy,flandynp@tinyurl.com
855,Witty,Reder,wredernq@vk.com
856,Gunar,Splevings,gsplevingsnr@wp.com
857,Bren,Husband,bhusbandns@cafepress.com
858,Nonna,Huetson,nhuetsonnt@who.int
859,Fredelia,Chessman,fchessmannu@sourceforge.net
860,Rosabella,Sperry,rsperrynv@va.gov
861,Rebekkah,Foxen,rfoxennw@about.com
862,Cyrillus,Moretto,cmorettonx@netlog.com
863,Merilyn,Hobbing,mhobbingny@si.edu
864,Minna,Ochterlony,mochterlonynz@nytimes.com
865,Ranique,Brunnstein,rbrunnsteino0@nytimes.com
866,Valentina,Standish,vstandisho1@scientificamerican.com
867,Reiko,Lambol,rlambolo2@ucsd.edu
868,Gay,Labrow,glabrowo3@google.co.uk
869,Cesar,Bagshawe,cbagshaweo4@booking.com
870,Avril,Pattlel,apattlelo5@wunderground.com
871,Birgitta,Addinall,baddinallo6@dedecms.com
872,Hercules,Fragino,hfraginoo7@archive.org
873,Mattie,Cherry,mcherryo8@purevolume.com
874,Edd,Matashkin,ematashkino9@blogs.com
875,Felizio,Spellacy,fspellacyoa@woothemes.com
876,Dani,Montrose,dmontroseob@amazon.de
877,Jamie,Trendle,jtrendleoc@parallels.com
878,Ulla,Lehrmann,ulehrmannod@merriam-webster.com
879,Kelsi,Worboy,kworboyoe@biblegateway.com
880,Pearline,Peskett,ppeskettof@latimes.com
881,Pandora,Couldwell,pcouldwellog@si.edu
882,Rivkah,Swanne,rswanneoh@youku.com
883,Ludovika,Kyngdon,lkyngdonoi@networksolutions.com
884,Daryn,Broggio,dbroggiooj@canalblog.com
885,Braden,Annes,bannesok@google.co.jp
886,Heddie,Le Page,hlepageol@instagram.com
887,Klemens,Frame,kframeom@toplist.cz
888,Mic,Rapelli,mrapellion@booking.com
889,Nev,Dearnaley,ndearnaleyoo@ow.ly
890,Sallee,Marlor,smarlorop@bigcartel.com
891,Oren,Slisby,oslisbyoq@paypal.com
892,Hervey,Golborne,hgolborneor@huffingtonpost.com
893,Whitney,Ferrario,wferrarioos@washington.edu
894,Ranee,Giffon,rgiffonot@businessinsider.com
895,Maddi,McGovern,mmcgovernou@wikia.com
896,Evangeline,Hamblett,ehamblettov@cbslocal.com
897,Cybill,Glaserman,cglasermanow@list-manage.com
898,Georges,Hopfner,ghopfnerox@is.gd
899,Marysa,Gillum,mgillumoy@bloomberg.com
900,Ollie,Heaselgrave,oheaselgraveoz@google.it
901,Bradley,Servante,bservantep0@biblegateway.com
902,Ode,Scollan,oscollanp1@adobe.com
903,Maureene,Tarte,mtartep2@mayoclinic.com
904,Valli,Radclyffe,vradclyffep3@google.fr
905,Emelda,Pinel,epinelp4@sourceforge.net
906,Jaymie,Ziems,jziemsp5@1und1.de
907,Kaila,Vell,kvellp6@multiply.com
908,Kendall,Gargett,kgargettp7@technorati.com
909,Irvine,Gammet,igammetp8@army.mil
910,Carolynn,Berndtsson,cberndtssonp9@topsy.com
911,Erinn,Gatherer,egathererpa@dot.gov
912,Aurel,Grindall,agrindallpb@smh.com.au
913,Evaleen,Grigoryov,egrigoryovpc@kickstarter.com
914,Davidson,Croom,dcroompd@who.int
915,Christoffer,Locker,clockerpe@instagram.com
916,Randall,Pascho,rpaschopf@naver.com
917,Lombard,McLukie,lmclukiepg@google.es
918,Shepperd,Sear,ssearph@comcast.net
919,Arni,Zukierman,azukiermanpi@forbes.com
920,Glendon,Goodacre,ggoodacrepj@ca.gov
921,Berkeley,Purvis,bpurvispk@geocities.com
922,Holly,Coleson,hcolesonpl@ehow.com
923,Tobin,Clinning,tclinningpm@opensource.org
924,Kalina,Sibille,ksibillepn@istockphoto.com
925,Zorana,Fulham,zfulhampo@moonfruit.com
926,Jeanie,Witchell,jwitchellpp@infoseek.co.jp
927,Perceval,Ivanikov,pivanikovpq@ucoz.com
928,Kate,Chave,kchavepr@google.es
929,Cordie,Demchen,cdemchenps@ftc.gov
930,Harmonie,Sumption,hsumptionpt@yellowpages.com
931,Sallyanne,Seefus,sseefuspu@latimes.com
932,Fredric,Drayn,fdraynpv@ihg.com
933,Mab,Bocock,mbocockpw@shutterfly.com
934,Zabrina,Fenn,zfennpx@blogs.com
935,Chickie,Colcutt,ccolcuttpy@a8.net
936,Adaline,Lemar,alemarpz@creativecommons.org
937,Wendi,Cinelli,wcinelliq0@gizmodo.com
938,Alexander,Isaak,aisaakq1@cornell.edu
939,Keenan,Surfleet,ksurfleetq2@miibeian.gov.cn
940,Tamma,Hendonson,thendonsonq3@shinystat.com
941,Aldous,Belden,abeldenq4@flickr.com
942,Levi,Petrolli,lpetrolliq5@cafepress.com
943,Bryn,Gillice,bgilliceq6@woothemes.com
944,Tobie,Cradoc,tcradocq7@chronoengine.com
945,Travis,Liccardo,tliccardoq8@google.it
946,Zackariah,Meah,zmeahq9@bluehost.com
947,Gabriel,Gobolos,ggobolosqa@pbs.org
948,Nanny,Bolte,nbolteqb@msu.edu
949,Vivyan,Brownsett,vbrownsettqc@homestead.com
950,Catherine,Storah,cstorahqd@timesonline.co.uk
951,Valenka,Gawne,vgawneqe@reverbnation.com
952,Eadie,Boosey,ebooseyqf@canalblog.com
953,Dorena,Pochet,dpochetqg@netvibes.com
954,Gradey,Cluitt,gcluittqh@surveymonkey.com
955,Ettie,Favela,efavelaqi@seesaa.net
956,Joseph,Biernat,jbiernatqj@google.nl
957,Magdalene,Lydiatt,mlydiattqk@arstechnica.com
958,Betta,Withinshaw,bwithinshawql@shutterfly.com
959,Bess,Glendinning,bglendinningqm@sphinn.com
960,Yetta,Malham,ymalhamqn@wunderground.com
961,Garner,Sainthill,gsainthillqo@dell.com
962,Marshal,Redparth,mredparthqp@springer.com
963,Pearline,Lightwing,plightwingqq@bizjournals.com
964,Garrick,Daud,gdaudqr@webnode.com
965,Brendan,Fryers,bfryersqs@pinterest.com
966,Patricia,Plewman,pplewmanqt@marriott.com
967,Dominic,Rennix,drennixqu@cloudflare.com
968,Bryan,Emblem,bemblemqv@pagesperso-orange.fr
969,Jerrome,Kinch,jkinchqw@github.io
970,Timi,Copestake,tcopestakeqx@webmd.com
971,Adella,Doonican,adoonicanqy@barnesandnoble.com
972,Rand,Searby,rsearbyqz@wordpress.org
973,Elsie,Fennelow,efennelowr0@amazonaws.com
974,Myrta,Pibworth,mpibworthr1@cafepress.com
975,Lucita,Boerderman,lboerdermanr2@domainmarket.com
976,Guenevere,Baly,gbalyr3@alexa.com
977,Colan,Lyal,clyalr4@parallels.com
978,Nicolina,Cairney,ncairneyr5@t-online.de
979,Lucina,Borrowman,lborrowmanr6@bravesites.com
980,Baxter,Lathan,blathanr7@pen.io
981,Sylvester,Shildrake,sshildraker8@blogger.com
982,Karena,Vernalls,kvernallsr9@harvard.edu
983,Lois,Berrecloth,lberreclothra@spiegel.de
984,Dani,Gedney,dgedneyrb@nydailynews.com
985,Dody,Eilhart,deilhartrc@walmart.com
986,Merralee,Glanders,mglandersrd@shinystat.com
987,Bernadene,Farrier,bfarrierre@wp.com
988,Chiquita,Cockshot,ccockshotrf@foxnews.com
989,Suzy,Ludwell,sludwellrg@cdc.gov
990,Falkner,Posnette,fposnetterh@upenn.edu
991,Kenneth,Crighten,kcrightenri@prweb.com
992,Trip,Forre,tforrerj@jugem.jp
993,Luise,Dalyell,ldalyellrk@amazonaws.com
994,Jenn,Kastel,jkastelrl@reddit.com
995,Bartie,Fernao,bfernaorm@163.com
996,Geneva,Surcomb,gsurcombrn@google.co.jp
997,Margalit,Dawkins,mdawkinsro@dot.gov
998,Stefania,Parlour,sparlourrp@latimes.com
999,Hall,Shepstone,hshepstonerq@unicef.org
1000,Bobbye,Dalbey,bdalbeyrr@gmpg.org
