id,first_name,last_name,email
1,Jackquelin,Gaggen,jgaggen0@unblog.fr
2,Monique,Haccleton,mhaccleton1@constantcontact.com
3,Mahmud,Congreave,mcongreave2@mail.ru
4,Marice,Wickie,mwickie3@networksolutions.com
5,Tanney,McWhan,tmcwhan4@spiegel.de
6,Gusty,Pinsent,gpinsent5@gnu.org
7,Chere,Fletham,cfletham6@opera.com
8,Rasla,Carragher,rcarragher7@smh.com.au
9,Chloe,Cornbill,ccornbill8@opensource.org
10,Stoddard,McIlvaney,smcilvaney9@mozilla.org
11,Bradan,Blenkensop,bblenkensopa@nhs.uk
12,Cleo,Dunphy,cdunphyb@si.edu
13,Hadley,Dougary,hdougaryc@angelfire.com
14,Chrystal,Mutch,cmutchd@booking.com
15,Melosa,Abramovicz,mabramovicze@tinyurl.com
16,Diane-marie,Cordoba,dcordobaf@phoca.cz
17,Romona,Challicombe,rchallicombeg@cisco.com
18,Erika,Goodhay,egoodhayh@yolasite.com
19,Celinka,Dymick,cdymicki@techcrunch.com
20,Elvina,Gulleford,egullefordj@t.co
21,Kit,Featherston,kfeatherstonk@tmall.com
22,Dimitri,Bellam,dbellaml@fema.gov
23,Reid,Leatherland,rleatherlandm@slideshare.net
24,Luis,Torfin,ltorfinn@ycombinator.com
25,Ronna,Hudd,rhuddo@naver.com
26,Madelyn,Belton,mbeltonp@themeforest.net
27,Pernell,Onraet,ponraetq@narod.ru
28,Loydie,Jorgensen,ljorgensenr@yolasite.com
29,Nerita,Addenbrooke,naddenbrookes@webs.com
30,Addie,Mulderrig,amulderrigt@youtu.be
31,Gar,Plitz,gplitzu@xrea.com
32,Sydelle,Mutimer,smutimerv@tmall.com
33,Mayne,Nutbeam,mnutbeamw@sun.com
34,Major,Massimi,mmassimix@cnbc.com
35,Myrtia,Maden,mmadeny@arizona.edu
36,Cyrus,Vasyagin,cvasyaginz@craigslist.org
37,Joshia,Jephcote,jjephcote10@java.com
38,Dody,Dunabie,ddunabie11@tripod.com
39,Leanora,Patel,lpatel12@amazonaws.com
40,Marabel,Sealy,msealy13@tiny.cc
41,Sari,Jenicke,sjenicke14@theguardian.com
42,Graeme,Dametti,gdametti15@mayoclinic.com
43,Clementina,Jannaway,cjannaway16@posterous.com
44,Rasla,Booler,rbooler17@mapy.cz
45,Guthrey,Keizman,gkeizman18@networkadvertising.org
46,Juliette,Hullot,jhullot19@istockphoto.com
47,Alexandro,Asif,aasif1a@addtoany.com
48,Nerta,Matusovsky,nmatusovsky1b@boston.com
49,Jayson,Side,jside1c@wunderground.com
50,Ida,Heintze,iheintze1d@chicagotribune.com
51,Leeanne,Seston,lseston1e@salon.com
52,Vanny,Noakes,vnoakes1f@cocolog-nifty.com
53,West,Brydson,wbrydson1g@twitpic.com
54,Miles,Cambden,mcambden1h@sbwire.com
55,Kristopher,Gowans,kgowans1i@umn.edu
56,Derrik,Scarasbrick,dscarasbrick1j@360.cn
57,Laina,Walls,lwalls1k@ox.ac.uk
58,Georgie,Ashley,gashley1l@usgs.gov
59,Teri,Prowse,tprowse1m@ycombinator.com
60,Rafaela,Timmis,rtimmis1n@yellowpages.com
61,Karlan,Guidi,kguidi1o@tripod.com
62,May,McEnhill,mmcenhill1p@altervista.org
63,Pen,Tapp,ptapp1q@cbc.ca
64,Aubree,Richly,arichly1r@artisteer.com
65,Faith,Drawmer,fdrawmer1s@infoseek.co.jp
66,Gisella,Chettoe,gchettoe1t@so-net.ne.jp
67,Carlyn,Landells,clandells1u@mac.com
68,Noelyn,Elwel,nelwel1v@guardian.co.uk
69,Bobby,Newcom,bnewcom1w@toplist.cz
70,Allsun,Beynkn,abeynkn1x@360.cn
71,Risa,Flintuff,rflintuff1y@hhs.gov
72,Alica,Bittany,abittany1z@fastcompany.com
73,Tymon,Althorp,talthorp20@ebay.com
74,Cordy,Goodnow,cgoodnow21@hc360.com
75,Siegfried,Hefford,shefford22@hp.com
76,Joycelin,Mosedall,jmosedall23@europa.eu
77,Lindsy,Hairyes,lhairyes24@webmd.com
78,Juieta,Doone,jdoone25@omniture.com
79,Jacquelin,Leddie,jleddie26@so-net.ne.jp
80,Brittne,Garrand,bgarrand27@nifty.com
81,Kimmi,Huban,khuban28@arizona.edu
82,Quentin,McCosker,qmccosker29@uiuc.edu
83,Rosalinde,Bridgement,rbridgement2a@dot.gov
84,Odille,Semrad,osemrad2b@biblegateway.com
85,Luther,Hoyt,lhoyt2c@ucoz.ru
86,Bessy,Curror,bcurror2d@rediff.com
87,Royal,Donett,rdonett2e@4shared.com
88,Brose,Mitskevich,bmitskevich2f@google.co.uk
89,Christian,Matuszyk,cmatuszyk2g@list-manage.com
90,Clayborn,Maryon,cmaryon2h@arstechnica.com
91,Kristy,Linscott,klinscott2i@microsoft.com
92,Rriocard,Sale,rsale2j@ebay.co.uk
93,Fedora,Hasted,fhasted2k@de.vu
94,Jeanna,MacConnal,jmacconnal2l@myspace.com
95,Matty,Tamburi,mtamburi2m@dagondesign.com
96,Waite,Quiddihy,wquiddihy2n@wsj.com
97,Rosana,Gilley,rgilley2o@discuz.net
98,Rudolfo,Tibbotts,rtibbotts2p@ebay.com
99,Austen,Skeats,askeats2q@engadget.com
100,Rosemonde,Fickling,rfickling2r@hud.gov
101,Elsy,Inchbald,einchbald2s@mtv.com
102,Norma,Aymer,naymer2t@mayoclinic.com
103,Dell,Autrie,dautrie2u@cbsnews.com
104,Jerald,Scutching,jscutching2v@ameblo.jp
105,Jocelyne,Pettingall,jpettingall2w@github.io
106,Shae,Garbutt,sgarbutt2x@1688.com
107,Cordi,Heenan,cheenan2y@altervista.org
108,Tome,Posselow,tposselow2z@indiatimes.com
109,Ewen,Jeanes,ejeanes30@mashable.com
110,Babbie,Trewett,btrewett31@xing.com
111,Ahmad,Banat,abanat32@exblog.jp
112,Ardelis,Heyfield,aheyfield33@wordpress.org
113,Stewart,Touret,stouret34@japanpost.jp
114,Timmie,Beardwood,tbeardwood35@example.com
115,Jackqueline,Drayson,jdrayson36@ebay.co.uk
116,Nobie,Scrivner,nscrivner37@istockphoto.com
117,Kelcy,Alfuso,kalfuso38@boston.com
118,Leandra,Vigours,lvigours39@cafepress.com
119,Burr,Ranscome,branscome3a@google.co.jp
120,Elmira,De Vaar,edevaar3b@simplemachines.org
121,Lemmie,Morison,lmorison3c@buzzfeed.com
122,Annalise,Cawthra,acawthra3d@businessinsider.com
123,Dun,Peepall,dpeepall3e@wix.com
124,Chickie,Kettlestringes,ckettlestringes3f@sciencedirect.com
125,Ettie,Heminsley,eheminsley3g@eepurl.com
126,Netta,Hamman,nhamman3h@g.co
127,Teressa,Ryrie,tryrie3i@ifeng.com
128,Moselle,Plover,mplover3j@baidu.com
129,Carroll,Keppy,ckeppy3k@indiegogo.com
130,Carmine,Proudlock,cproudlock3l@uol.com.br
131,Harley,Connachan,hconnachan3m@state.gov
132,Veda,Coo,vcoo3n@ow.ly
133,Jessie,Stair,jstair3o@seesaa.net
134,Dolores,Laurentino,dlaurentino3p@feedburner.com
135,Tedi,Tichner,ttichner3q@pen.io
136,Corny,Blackler,cblackler3r@boston.com
137,Eda,Bartens,ebartens3s@rambler.ru
138,Saidee,Vincent,svincent3t@ask.com
139,Querida,Pengelly,qpengelly3u@themeforest.net
140,Sybilla,Cahalan,scahalan3v@exblog.jp
141,Amalie,Woodrooffe,awoodrooffe3w@army.mil
142,Beret,Beaze,bbeaze3x@uol.com.br
143,Locke,Wadhams,lwadhams3y@weibo.com
144,Clary,Athersmith,cathersmith3z@sina.com.cn
145,Concordia,Kear,ckear40@loc.gov
146,Benita,Meiner,bmeiner41@tinypic.com
147,Shani,Shill,sshill42@microsoft.com
148,Delmar,Cuer,dcuer43@sohu.com
149,Faun,Mowne,fmowne44@addtoany.com
150,Glori,Goldspink,ggoldspink45@usa.gov
151,Arthur,Bullock,abullock46@wikimedia.org
152,Talia,Rutherforth,trutherforth47@dagondesign.com
153,Jess,Luke,jluke48@squarespace.com
154,Emalia,Abrahamsen,eabrahamsen49@boston.com
155,Tudor,Balham,tbalham4a@stanford.edu
156,Jamal,Skull,jskull4b@umich.edu
157,Oralla,Darrel,odarrel4c@pen.io
158,Adrian,Rivenzon,arivenzon4d@i2i.jp
159,Carola,Organer,corganer4e@hexun.com
160,Lauralee,Pariso,lpariso4f@shutterfly.com
161,Dorry,Goozee,dgoozee4g@xrea.com
162,Beaufort,Warricker,bwarricker4h@intel.com
163,Donnamarie,Riggs,driggs4i@parallels.com
164,Brandon,Dye,bdye4j@scribd.com
165,Jo ann,Sell,jsell4k@barnesandnoble.com
166,Ahmad,Chenery,achenery4l@pinterest.com
167,Kalinda,Brickdale,kbrickdale4m@t-online.de
168,Carrissa,Everington,ceverington4n@ocn.ne.jp
169,Leonanie,Doumerque,ldoumerque4o@sogou.com
170,Corbie,Gaffney,cgaffney4p@ucoz.ru
171,Carny,Nunn,cnunn4q@dyndns.org
172,Gareth,Gumly,ggumly4r@ibm.com
173,Zsa zsa,Erangy,zerangy4s@squidoo.com
174,Emiline,Trattles,etrattles4t@loc.gov
175,Angie,Cottam,acottam4u@ehow.com
176,Monro,Pengelley,mpengelley4v@comsenz.com
177,Nadya,Strugnell,nstrugnell4w@ow.ly
178,Kayley,Sellwood,ksellwood4x@i2i.jp
179,Vonni,Bumphrey,vbumphrey4y@blog.com
180,Carlynn,Rickasse,crickasse4z@google.com.au
181,Liana,Cassell,lcassell50@latimes.com
182,Stephie,Eyer,seyer51@blogspot.com
183,Eydie,Craker,ecraker52@i2i.jp
184,Katerine,Douthwaite,kdouthwaite53@paypal.com
185,Fraze,Nanuccioi,fnanuccioi54@whitehouse.gov
186,Lannie,De Michele,ldemichele55@privacy.gov.au
187,Leupold,Mordey,lmordey56@nydailynews.com
188,Justine,Noakes,jnoakes57@jiathis.com
189,Brigid,Willgress,bwillgress58@privacy.gov.au
190,Katalin,McQuie,kmcquie59@plala.or.jp
191,Sherm,Ditter,sditter5a@state.tx.us
192,Daphene,Schuster,dschuster5b@rambler.ru
193,Lucas,Bransom,lbransom5c@fc2.com
194,Evonne,Bladder,ebladder5d@cloudflare.com
195,Tiebold,Rotlauf,trotlauf5e@prnewswire.com
196,Conny,Stonary,cstonary5f@privacy.gov.au
197,Guy,Gringley,ggringley5g@princeton.edu
198,Ginevra,Goreisr,ggoreisr5h@illinois.edu
199,Dallon,Diben,ddiben5i@kickstarter.com
200,Alena,Siviter,asiviter5j@google.com.br
201,Chen,Escolme,cescolme5k@ebay.co.uk
202,Swen,Drejer,sdrejer5l@parallels.com
203,Jordain,Dinkin,jdinkin5m@apple.com
204,Drake,Hawkslee,dhawkslee5n@elegantthemes.com
205,Avrit,Bellwood,abellwood5o@nature.com
206,Patric,Pittel,ppittel5p@unicef.org
207,Asa,Sterrie,asterrie5q@comcast.net
208,Haleigh,Presland,hpresland5r@privacy.gov.au
209,Susannah,Armitage,sarmitage5s@ucoz.ru
210,Fay,Gibbs,fgibbs5t@cloudflare.com
211,Julie,Hamp,jhamp5u@stumbleupon.com
212,Leena,Ninnoli,lninnoli5v@time.com
213,Boot,Olivas,bolivas5w@ameblo.jp
214,Janessa,Stode,jstode5x@google.com
215,Issi,Perigeaux,iperigeaux5y@spotify.com
216,Eddy,Dolan,edolan5z@people.com.cn
217,Gerik,Payfoot,gpayfoot60@biblegateway.com
218,Agnese,Samsin,asamsin61@icio.us
219,Lavinia,Cardoso,lcardoso62@cnet.com
220,Juanita,Prenty,jprenty63@cbsnews.com
221,Audy,Langeren,alangeren64@csmonitor.com
222,Anselm,Degoey,adegoey65@japanpost.jp
223,Darius,Orrin,dorrin66@people.com.cn
224,Cody,Brinsden,cbrinsden67@livejournal.com
225,Clemence,Labusch,clabusch68@unblog.fr
226,Seana,Constantine,sconstantine69@hc360.com
227,Merola,Selesnick,mselesnick6a@diigo.com
228,Coretta,Itzkovici,citzkovici6b@sourceforge.net
229,Fairleigh,Persehouse,fpersehouse6c@etsy.com
230,Kylila,Rosengart,krosengart6d@dion.ne.jp
231,Ibrahim,McNeil,imcneil6e@patch.com
232,Celestia,Doulden,cdoulden6f@wiley.com
233,Geralda,Romaines,gromaines6g@umn.edu
234,Bertrando,Hibling,bhibling6h@cyberchimps.com
235,Pancho,Quinsee,pquinsee6i@nsw.gov.au
236,Danie,Stolle,dstolle6j@globo.com
237,Humfrid,MacKain,hmackain6k@cnn.com
238,Biron,Duckinfield,bduckinfield6l@people.com.cn
239,Lenka,Pecey,lpecey6m@live.com
240,Anya,Adamsson,aadamsson6n@chronoengine.com
241,Diandra,Noraway,dnoraway6o@imdb.com
242,Karla,Linklet,klinklet6p@dropbox.com
243,Pavia,Dungay,pdungay6q@omniture.com
244,Lenard,Kinsett,lkinsett6r@smh.com.au
245,Emalee,Exell,eexell6s@mail.ru
246,Bradney,Iacobassi,biacobassi6t@lulu.com
247,Rheta,Suatt,rsuatt6u@yahoo.com
248,Egan,Lindeboom,elindeboom6v@usda.gov
249,Hayley,Jeandon,hjeandon6w@chicagotribune.com
250,Trent,Van der Beken,tvanderbeken6x@jiathis.com
251,Willow,Yitzhak,wyitzhak6y@storify.com
252,Gwenore,Pruce,gpruce6z@ftc.gov
253,Kary,Tandy,ktandy70@123-reg.co.uk
254,Carleen,Zanelli,czanelli71@sciencedaily.com
255,Emelen,Feltham,efeltham72@slashdot.org
256,Gardy,Chardin,gchardin73@washingtonpost.com
257,Cletis,Milazzo,cmilazzo74@scientificamerican.com
258,Hanni,Chinge de Hals,hchingedehals75@themeforest.net
259,Edgar,Vick,evick76@sfgate.com
260,Hester,Dogg,hdogg77@boston.com
261,Englebert,Hassard,ehassard78@sourceforge.net
262,D'arcy,Matschek,dmatschek79@nhs.uk
263,Ellene,Hexter,ehexter7a@taobao.com
264,Oliver,Nicholes,onicholes7b@google.pl
265,Onida,Bulloch,obulloch7c@opensource.org
266,Nero,Blaydon,nblaydon7d@histats.com
267,Salvador,Schapiro,sschapiro7e@ftc.gov
268,Trev,Fouldes,tfouldes7f@prweb.com
269,Chancey,Aggiss,caggiss7g@furl.net
270,Eliza,Keohane,ekeohane7h@amazon.co.uk
271,Christabella,Little,clittle7i@weebly.com
272,Alexandre,Origin,aorigin7j@jimdo.com
273,Lovell,Huxley,lhuxley7k@arstechnica.com
274,Izzy,Salatino,isalatino7l@weebly.com
275,Ashely,Dwerryhouse,adwerryhouse7m@123-reg.co.uk
276,Elena,Housego,ehousego7n@people.com.cn
277,Phillip,Tague,ptague7o@merriam-webster.com
278,Nanni,Grafhom,ngrafhom7p@dmoz.org
279,Herbie,Paprotny,hpaprotny7q@pen.io
280,Ari,Muschette,amuschette7r@weebly.com
281,Morry,Gloster,mgloster7s@desdev.cn
282,Alina,Jenne,ajenne7t@xing.com
283,Gasparo,Gypson,ggypson7u@digg.com
284,Zechariah,Follet,zfollet7v@gravatar.com
285,Teri,Castille,tcastille7w@ezinearticles.com
286,Cristal,Carsey,ccarsey7x@buzzfeed.com
287,Roosevelt,Carlens,rcarlens7y@shareasale.com
288,Trista,Mulvey,tmulvey7z@lycos.com
289,Adan,Lang,alang80@wufoo.com
290,Arielle,Kealey,akealey81@people.com.cn
291,Berget,Derl,bderl82@goo.ne.jp
292,Maxie,Ellett,mellett83@jalbum.net
293,Else,Santoro,esantoro84@nba.com
294,Gray,Castilljo,gcastilljo85@comsenz.com
295,Mellisent,Corbett,mcorbett86@cnbc.com
296,Broddy,Renzo,brenzo87@reddit.com
297,Merle,Sandon,msandon88@sakura.ne.jp
298,Rutter,Slot,rslot89@ezinearticles.com
299,Lois,Brimelow,lbrimelow8a@hibu.com
300,Rutter,Ferenc,rferenc8b@nationalgeographic.com
301,Marcello,Jesson,mjesson8c@printfriendly.com
302,Buck,Redolfi,bredolfi8d@imgur.com
303,Doy,Beckham,dbeckham8e@creativecommons.org
304,Auria,Lithgow,alithgow8f@bbb.org
305,Flem,Cursey,fcursey8g@who.int
306,Cleavland,Blaxill,cblaxill8h@earthlink.net
307,Abbye,Gidney,agidney8i@weibo.com
308,Kathy,Durnin,kdurnin8j@mozilla.org
309,Lari,Pingstone,lpingstone8k@surveymonkey.com
310,Dyann,Jolliman,djolliman8l@wired.com
311,Babs,Sobieski,bsobieski8m@google.es
312,Germain,Pavett,gpavett8n@fema.gov
313,Philis,Lonergan,plonergan8o@guardian.co.uk
314,Selestina,Cust,scust8p@sciencedirect.com
315,Elbertina,Lobb,elobb8q@1und1.de
316,Lorianna,McNirlan,lmcnirlan8r@shareasale.com
317,Brett,Buttery,bbuttery8s@nba.com
318,Hermine,Aaron,haaron8t@dion.ne.jp
319,Dwain,Vinten,dvinten8u@csmonitor.com
320,Lonni,Lyvon,llyvon8v@youtu.be
321,Jacky,Patrono,jpatrono8w@fotki.com
322,Randene,Puzey,rpuzey8x@dell.com
323,Kameko,Rainy,krainy8y@sina.com.cn
324,Bethanne,Rooke,brooke8z@amazon.co.jp
325,Angie,Steutly,asteutly90@oracle.com
326,Dylan,Stickens,dstickens91@usnews.com
327,Daphne,Mortimer,dmortimer92@opera.com
328,Felicity,Warbey,fwarbey93@ning.com
329,Martha,O'Crotty,mocrotty94@issuu.com
330,Andra,Marder,amarder95@naver.com
331,Mathe,Caldroni,mcaldroni96@theguardian.com
332,Christopher,Elden,celden97@simplemachines.org
333,Marni,Ruddick,mruddick98@a8.net
334,Jefferey,Maycey,jmaycey99@constantcontact.com
335,Paulie,Obington,pobington9a@arstechnica.com
336,Gill,Dederick,gdederick9b@bloglines.com
337,Brewer,Comberbeach,bcomberbeach9c@redcross.org
338,Fiona,Healks,fhealks9d@themeforest.net
339,Kirbee,Giorgeschi,kgiorgeschi9e@i2i.jp
340,Aridatha,Brockhurst,abrockhurst9f@bandcamp.com
341,Verna,Barensen,vbarensen9g@51.la
342,Grace,McSperron,gmcsperron9h@earthlink.net
343,Steve,Snadden,ssnadden9i@themeforest.net
344,Hercules,Jeanequin,hjeanequin9j@berkeley.edu
345,Rosmunda,Bunny,rbunny9k@gnu.org
346,Shela,Naulty,snaulty9l@xinhuanet.com
347,Olly,Gallelli,ogallelli9m@imgur.com
348,Lorenzo,Slaymaker,lslaymaker9n@meetup.com
349,Brady,Staig,bstaig9o@wisc.edu
350,Martguerita,Allso,mallso9p@salon.com
351,Kelby,Lean,klean9q@cafepress.com
352,Clio,Abthorpe,cabthorpe9r@bbb.org
353,Marty,Sudron,msudron9s@hud.gov
354,Glendon,Gavaran,ggavaran9t@businessinsider.com
355,Livvyy,Maslen,lmaslen9u@bbc.co.uk
356,Ernaline,Southerell,esoutherell9v@bloglines.com
357,Cornelle,Sleney,csleney9w@nifty.com
358,Ash,Prendiville,aprendiville9x@mozilla.org
359,Gare,Prisk,gprisk9y@hp.com
360,Angelle,Prandy,aprandy9z@usgs.gov
361,Tersina,Hinckesman,thinckesmana0@ameblo.jp
362,Rhody,Barenskie,rbarenskiea1@pen.io
363,Ammamaria,Langforth,alangfortha2@spiegel.de
364,Robby,Troctor,rtroctora3@tinyurl.com
365,Kristoffer,Bazoche,kbazochea4@reuters.com
366,Mara,Bourdis,mbourdisa5@miibeian.gov.cn
367,Dix,Canto,dcantoa6@123-reg.co.uk
368,Letti,Gwilliams,lgwilliamsa7@sciencedaily.com
369,Eduard,Murphy,emurphya8@wordpress.org
370,Antonino,Boyack,aboyacka9@goo.ne.jp
371,Bil,Eglese,begleseaa@indiatimes.com
372,Electra,Loosley,eloosleyab@sina.com.cn
373,Jonathan,McConway,jmcconwayac@dropbox.com
374,Jacqui,Abbets,jabbetsad@360.cn
375,Randene,Atthowe,ratthoweae@alibaba.com
376,Cash,Cullrford,ccullrfordaf@e-recht24.de
377,Jacky,MacCafferky,jmaccafferkyag@woothemes.com
378,Cinnamon,MacLardie,cmaclardieah@twitpic.com
379,Kathryn,Frenzel;,kfrenzelai@wikipedia.org
380,Borg,Goolden,bgooldenaj@china.com.cn
381,Hastings,Demeza,hdemezaak@engadget.com
382,Hillel,Cinderey,hcindereyal@ucsd.edu
383,Bonnibelle,Lettson,blettsonam@taobao.com
384,Carr,Krook,ckrookan@bbc.co.uk
385,Devy,Benting,dbentingao@ezinearticles.com
386,Nerita,Mullin,nmullinap@parallels.com
387,Shelley,Glenny,sglennyaq@tripadvisor.com
388,Prentiss,Blunden,pblundenar@tamu.edu
389,Terence,Kerfut,tkerfutas@paginegialle.it
390,Chan,Lindermann,clindermannat@shinystat.com
391,Hussein,Formigli,hformigliau@privacy.gov.au
392,Zack,Balle,zballeav@ning.com
393,Velma,Geake,vgeakeaw@google.nl
394,Robbi,Castagneri,rcastagneriax@cmu.edu
395,Paloma,Southan,psouthanay@stanford.edu
396,Collette,Bichard,cbichardaz@opensource.org
397,Maitilde,Lourens,mlourensb0@squarespace.com
398,Noami,Scullion,nscullionb1@linkedin.com
399,Marmaduke,Lever,mleverb2@mozilla.com
400,Eve,Spino,espinob3@businesswire.com
401,Stefa,McEntagart,smcentagartb4@zimbio.com
402,Mady,Rowles,mrowlesb5@feedburner.com
403,Maxy,Dragoe,mdragoeb6@google.com
404,Maurise,Chevis,mchevisb7@wunderground.com
405,Ronny,Tukely,rtukelyb8@hubpages.com
406,Bridget,MacPaden,bmacpadenb9@yellowbook.com
407,Dodie,Posten,dpostenba@zimbio.com
408,Michelina,Drinan,mdrinanbb@forbes.com
409,Iorgo,Writtle,iwrittlebc@meetup.com
410,Erda,Costall,ecostallbd@taobao.com
411,Mora,MacKomb,mmackombbe@columbia.edu
412,Isidro,Penniall,ipenniallbf@wufoo.com
413,Waverley,Debrick,wdebrickbg@ucla.edu
414,Marcy,Wisdom,mwisdombh@joomla.org
415,Oby,Kelloch,okellochbi@imdb.com
416,Adan,Everitt,aeverittbj@example.com
417,Filberte,Proske,fproskebk@hubpages.com
418,Mick,Gergely,mgergelybl@auda.org.au
419,Evyn,Loveland,elovelandbm@blogspot.com
420,Susette,Hanratty,shanrattybn@mlb.com
421,Millie,Blance,mblancebo@utexas.edu
422,Sherri,Costi,scostibp@canalblog.com
423,Frederica,Allibone,fallibonebq@omniture.com
424,Teador,Greiswood,tgreiswoodbr@illinois.edu
425,Leonore,Haggarty,lhaggartybs@wikimedia.org
426,Elisha,Birkmyre,ebirkmyrebt@stanford.edu
427,Odey,Dunkerley,odunkerleybu@bbc.co.uk
428,Herby,Shotbolt,hshotboltbv@e-recht24.de
429,Norah,Wheatland,nwheatlandbw@theatlantic.com
430,Vale,Burchnall,vburchnallbx@dmoz.org
431,Bruce,Boutellier,bboutellierby@irs.gov
432,Amalee,Brownlie,abrownliebz@artisteer.com
433,Janifer,Wrightam,jwrightamc0@baidu.com
434,Brock,Jinda,bjindac1@illinois.edu
435,Rawley,Niaves,rniavesc2@yahoo.com
436,Betsy,Lefeuvre,blefeuvrec3@stumbleupon.com
437,Branden,Osmond,bosmondc4@imageshack.us
438,Luce,Osbiston,losbistonc5@prweb.com
439,Lyon,Sparshott,lsparshottc6@jalbum.net
440,Terry,Essberger,tessbergerc7@ovh.net
441,Rachelle,Fozard,rfozardc8@cocolog-nifty.com
442,Dennie,Ritchley,dritchleyc9@unesco.org
443,Alf,Heeney,aheeneyca@cisco.com
444,Giusto,Dronsfield,gdronsfieldcb@about.com
445,Derward,Skittrell,dskittrellcc@bravesites.com
446,Neile,Connow,nconnowcd@joomla.org
447,De,Bleddon,dbleddonce@lulu.com
448,Deane,Baruch,dbaruchcf@woothemes.com
449,Lauraine,Yelland,lyellandcg@liveinternet.ru
450,Vitia,Cossum,vcossumch@cam.ac.uk
451,Bogart,Dabernott,bdabernottci@google.ca
452,Matthiew,Towersey,mtowerseycj@bbc.co.uk
453,Klarika,Legrice,klegriceck@alexa.com
454,Barnard,Dyzart,bdyzartcl@php.net
455,Dacia,Arstingall,darstingallcm@columbia.edu
456,Iggie,Spohr,ispohrcn@usnews.com
457,Amitie,Pipet,apipetco@ox.ac.uk
458,Jens,Sillick,jsillickcp@nih.gov
459,Alexis,Adamsen,aadamsencq@virginia.edu
460,Prinz,Stanmer,pstanmercr@ucoz.ru
461,Ives,MacAlpine,imacalpinecs@mapy.cz
462,Clywd,Itzchaky,citzchakyct@wsj.com
463,Kattie,Queree,kquereecu@harvard.edu
464,Jacquetta,Vakhrushev,jvakhrushevcv@wordpress.com
465,Shane,Wadly,swadlycw@boston.com
466,Elenore,Pointin,epointincx@jimdo.com
467,Gordan,Laying,glayingcy@theguardian.com
468,Biddy,Rimell,brimellcz@discuz.net
469,Flory,Claasen,fclaasend0@tmall.com
470,Alejandro,Klausen,aklausend1@un.org
471,Liza,Bilbrey,lbilbreyd2@cpanel.net
472,Erl,Matthiae,ematthiaed3@reuters.com
473,Hestia,Straw,hstrawd4@wikipedia.org
474,Ring,MacRury,rmacruryd5@squidoo.com
475,Thor,Pellington,tpellingtond6@cmu.edu
476,Eimile,Symes,esymesd7@dot.gov
477,Bliss,Hirtz,bhirtzd8@jigsy.com
478,Darda,Blything,dblythingd9@lulu.com
479,Guillaume,Etheridge,getheridgeda@nifty.com
480,Jany,Tesauro,jtesaurodb@flavors.me
481,Nonie,Faulkes,nfaulkesdc@dmoz.org
482,Eduardo,Jurczak,ejurczakdd@ask.com
483,Nancy,Moncrefe,nmoncrefede@vinaora.com
484,Granthem,Walkey,gwalkeydf@studiopress.com
485,Aprilette,Freake,afreakedg@artisteer.com
486,Vanessa,O'Connolly,voconnollydh@mac.com
487,Reece,Noraway,rnorawaydi@dmoz.org
488,Trstram,Horsefield,thorsefielddj@weebly.com
489,Sibylla,Aberchirder,saberchirderdk@livejournal.com
490,Gabriello,Danskine,gdanskinedl@clickbank.net
491,Eba,Crosoer,ecrosoerdm@aol.com
492,Edgar,Evenden,eevendendn@mail.ru
493,Coraline,Von Oertzen,cvonoertzendo@pagesperso-orange.fr
494,Jessey,Wolseley,jwolseleydp@engadget.com
495,Alden,Fance,afancedq@plala.or.jp
496,Jayme,Paskerful,jpaskerfuldr@cnbc.com
497,Teddy,Manz,tmanzds@businessweek.com
498,Moreen,Luff,mluffdt@tamu.edu
499,Carlyn,Meak,cmeakdu@hexun.com
500,Pennie,Scollick,pscollickdv@hud.gov
501,Hersh,Windybank,hwindybankdw@omniture.com
502,Ennis,Duthy,eduthydx@state.tx.us
503,Martie,Victoria,mvictoriady@blinklist.com
504,Michail,Jankin,mjankindz@behance.net
505,Angelita,Calendar,acalendare0@mac.com
506,Benjamen,Cowen,bcowene1@admin.ch
507,Caitrin,Kummerlowe,ckummerlowee2@storify.com
508,Davin,Barthelemy,dbarthelemye3@naver.com
509,Dunc,Beadnell,dbeadnelle4@discuz.net
510,Dorris,Grills,dgrillse5@parallels.com
511,Livia,Dovidian,ldovidiane6@networksolutions.com
512,Archibald,Bisp,abispe7@posterous.com
513,Marty,Nerheny,mnerhenye8@theatlantic.com
514,Daveta,Secker,dseckere9@mtv.com
515,Wallis,Zanioletti,wzaniolettiea@bravesites.com
516,Beauregard,Domelow,bdomeloweb@google.es
517,Tibold,Fenny,tfennyec@cbslocal.com
518,Cortie,Keast,ckeasted@drupal.org
519,Rozamond,Twells,rtwellsee@yelp.com
520,Yvette,Millberg,ymillbergef@tuttocitta.it
521,Reeba,Counter,rcountereg@reddit.com
522,Priscella,Kingzet,pkingzeteh@intel.com
523,Franklyn,Marking,fmarkingei@geocities.com
524,Hazlett,Dartnell,hdartnellej@globo.com
525,Estevan,Boyne,eboyneek@un.org
526,Latia,Ferrandez,lferrandezel@joomla.org
527,Barton,Maunder,bmaunderem@w3.org
528,Aubrette,Sukbhans,asukbhansen@omniture.com
529,Rock,Gossage,rgossageeo@de.vu
530,Eba,Shelper,eshelperep@unesco.org
531,Reginald,Wolfenden,rwolfendeneq@blogs.com
532,Appolonia,Lessmare,alessmareer@army.mil
533,Garry,Verzey,gverzeyes@bloglovin.com
534,Carey,Tash,ctashet@archive.org
535,Rowena,Piecha,rpiechaeu@loc.gov
536,Kenon,Chantree,kchantreeev@ask.com
537,Faydra,Rogier,frogierew@4shared.com
538,Lin,Baldrey,lbaldreyex@statcounter.com
539,Cal,Stouther,cstoutherey@pen.io
540,Raddy,Maypole,rmaypoleez@ovh.net
541,Sidonia,Burnip,sburnipf0@hao123.com
542,Blakeley,Mingo,bmingof1@xrea.com
543,Giustino,Rockcliff,grockclifff2@sfgate.com
544,Barn,Hollindale,bhollindalef3@github.io
545,Kylie,Dosedale,kdosedalef4@hp.com
546,Kania,Ormston,kormstonf5@cisco.com
547,Elfreda,Beck,ebeckf6@i2i.jp
548,Gerhard,Ayrton,gayrtonf7@ed.gov
549,Jolyn,Winchcombe,jwinchcombef8@addthis.com
550,Kimberley,Pinkie,kpinkief9@pbs.org
551,Lise,Edmeads,ledmeadsfa@telegraph.co.uk
552,Irita,Filmer,ifilmerfb@biblegateway.com
553,Ali,Renouf,arenouffc@patch.com
554,Mellicent,Gaylord,mgaylordfd@mapquest.com
555,Maryl,Rawcliffe,mrawcliffefe@nps.gov
556,Iris,Apedaile,iapedaileff@topsy.com
557,Germaine,Purchon,gpurchonfg@indiatimes.com
558,Bernie,Fouch,bfouchfh@fema.gov
559,Shaina,Buzza,sbuzzafi@vinaora.com
560,Kariotta,Cancott,kcancottfj@moonfruit.com
561,Kathy,Riccio,kricciofk@topsy.com
562,Berne,Wickey,bwickeyfl@npr.org
563,Hilde,Setter,hsetterfm@deliciousdays.com
564,Garreth,Stonhard,gstonhardfn@cisco.com
565,Kimbra,Moir,kmoirfo@delicious.com
566,Alisander,Hawe,ahawefp@hc360.com
567,Rodrique,Mylan,rmylanfq@booking.com
568,Ignatius,Scheffel,ischeffelfr@tiny.cc
569,Alanah,Zienkiewicz,azienkiewiczfs@google.it
570,Hannis,Kilty,hkiltyft@skype.com
571,Novelia,Meekin,nmeekinfu@i2i.jp
572,Rufe,Galer,rgalerfv@tripadvisor.com
573,Kamila,Mitchenson,kmitchensonfw@princeton.edu
574,Shaw,Camili,scamilifx@themeforest.net
575,Agneta,Masey,amaseyfy@4shared.com
576,Anett,Becke,abeckefz@google.de
577,Marie-ann,Austwick,maustwickg0@infoseek.co.jp
578,Miriam,Bravington,mbravingtong1@dailymail.co.uk
579,Guthrie,Francesco,gfrancescog2@imgur.com
580,Devonne,Zupa,dzupag3@amazon.co.uk
581,Maddy,Thatcham,mthatchamg4@taobao.com
582,Kynthia,Fripp,kfrippg5@oracle.com
583,Hilly,Wilce,hwilceg6@stanford.edu
584,D'arcy,Keysel,dkeyselg7@latimes.com
585,Tito,Apedaile,tapedaileg8@cargocollective.com
586,Katey,Wistance,kwistanceg9@skype.com
587,Virgilio,Mathie,vmathiega@unblog.fr
588,Gretal,Scare,gscaregb@arstechnica.com
589,Cordell,Feldhuhn,cfeldhuhngc@dagondesign.com
590,Antons,Brachell,abrachellgd@pcworld.com
591,Constancia,Nisbith,cnisbithge@ifeng.com
592,Kally,Juzek,kjuzekgf@nba.com
593,Rutter,Briston,rbristongg@themeforest.net
594,Bobina,Pude,bpudegh@biglobe.ne.jp
595,Brunhilde,Jolland,bjollandgi@oaic.gov.au
596,Alix,Melan,amelangj@yellowpages.com
597,Koral,Strangward,kstrangwardgk@hostgator.com
598,Malcolm,Sinton,msintongl@oracle.com
599,Bryan,Ledgerton,bledgertongm@tinyurl.com
600,Christiano,Welchman,cwelchmangn@cdc.gov
601,Hilario,Mushet,hmushetgo@mediafire.com
602,Lexi,Vaadeland,lvaadelandgp@storify.com
603,Goddard,Guidoni,gguidonigq@seesaa.net
604,Jerald,Chazelas,jchazelasgr@springer.com
605,Mechelle,Aizic,maizicgs@wikipedia.org
606,Kory,Dugue,kduguegt@de.vu
607,Zsazsa,Orleton,zorletongu@t-online.de
608,Nedda,Tennant,ntennantgv@unicef.org
609,Ciel,Tomasek,ctomasekgw@cornell.edu
610,Willette,Shuttell,wshuttellgx@thetimes.co.uk
611,Crichton,Pont,cpontgy@ovh.net
612,Biddy,Strood,bstroodgz@networksolutions.com
613,Joanie,Wissby,jwissbyh0@virginia.edu
614,Guthry,Domingues,gdominguesh1@alexa.com
615,Ephrayim,Wilstead,ewilsteadh2@ovh.net
616,Claudina,Dorey,cdoreyh3@un.org
617,Ferd,Harburtson,fharburtsonh4@sciencedirect.com
618,Junina,Tembridge,jtembridgeh5@liveinternet.ru
619,Rene,Brookzie,rbrookzieh6@w3.org
620,Antonio,Keijser,akeijserh7@unesco.org
621,Tabbie,Gyde,tgydeh8@pbs.org
622,Northrop,Pina,npinah9@about.me
623,Waneta,Bruckner,wbrucknerha@bigcartel.com
624,Rolland,Simmons,rsimmonshb@youtube.com
625,Bathsheba,Barfitt,bbarfitthc@shutterfly.com
626,Arlina,Press,apresshd@businessinsider.com
627,Atlanta,Gaythor,agaythorhe@twitter.com
628,Puff,Sprosson,psprossonhf@hao123.com
629,Allx,Bartosik,abartosikhg@rediff.com
630,Koren,Labat,klabathh@weibo.com
631,Oswald,Ewbach,oewbachhi@wordpress.org
632,Roddie,Ply,rplyhj@biblegateway.com
633,Ranee,Morten,rmortenhk@phoca.cz
634,Delcine,Esseby,dessebyhl@myspace.com
635,Tann,Monkleigh,tmonkleighhm@bing.com
636,Carol,MacGarvey,cmacgarveyhn@about.com
637,Bink,Guiet,bguietho@dot.gov
638,Georgina,Balazs,gbalazshp@amazon.co.uk
639,Giacinta,Chartres,gchartreshq@naver.com
640,Dorree,Hulles,dhulleshr@eventbrite.com
641,Clim,Ratter,cratterhs@mysql.com
642,Fernanda,Curado,fcuradoht@webnode.com
643,Hedwig,Brou,hbrouhu@arstechnica.com
644,Vanya,Flobert,vfloberthv@skype.com
645,Barn,Strongitharm,bstrongitharmhw@mysql.com
646,Maybelle,Geach,mgeachhx@github.io
647,Ogdon,Ackers,oackershy@google.cn
648,Ode,MacAvaddy,omacavaddyhz@hibu.com
649,Austin,Wride,awridei0@rediff.com
650,Laurianne,Shakesby,lshakesbyi1@goo.ne.jp
651,Cecilla,Bulgen,cbulgeni2@umn.edu
652,Vail,Gieves,vgievesi3@usa.gov
653,Brook,Farmery,bfarmeryi4@discuz.net
654,Cindi,Rummin,crummini5@disqus.com
655,Pennie,Birrell,pbirrelli6@ameblo.jp
656,Ingemar,Pidcock,ipidcocki7@washington.edu
657,Rockwell,Sharrocks,rsharrocksi8@macromedia.com
658,Nicolle,Rolston,nrolstoni9@friendfeed.com
659,Rickie,Ongin,ronginia@arstechnica.com
660,Maggy,Morrid,mmorridib@blogger.com
661,Fitzgerald,Blondelle,fblondelleic@jiathis.com
662,Katharyn,Espinel,kespinelid@japanpost.jp
663,Denney,Suller,dsullerie@cbc.ca
664,Ashlin,Bartell,abartellif@illinois.edu
665,Lauraine,Beaver,lbeaverig@sohu.com
666,Joline,Vischi,jvischiih@symantec.com
667,Gamaliel,Zelake,gzelakeii@time.com
668,Shelden,Threadkell,sthreadkellij@tmall.com
669,Ivan,Capron,icapronik@edublogs.org
670,Lucais,Gathercoal,lgathercoalil@cnet.com
671,Willy,Burrow,wburrowim@hao123.com
672,Emilie,Dunge,edungein@studiopress.com
673,Glenine,Ovendon,govendonio@webmd.com
674,Cassandry,Hadlow,chadlowip@technorati.com
675,Giulio,Di Biasio,gdibiasioiq@purevolume.com
676,Alix,Wick,awickir@opensource.org
677,Nevil,Vanyakin,nvanyakinis@alexa.com
678,Nydia,Lisett,nlisettit@cbslocal.com
679,Nehemiah,Apdell,napdelliu@dyndns.org
680,Fabio,Micheli,fmicheliiv@com.com
681,Amble,Conradie,aconradieiw@myspace.com
682,Elianora,Londer,elonderix@fastcompany.com
683,Devon,Booy,dbooyiy@cdbaby.com
684,Sheri,Gillott,sgillottiz@about.com
685,Elli,Mouncey,emounceyj0@about.com
686,Emmaline,Childs,echildsj1@icq.com
687,Tandie,Maccrie,tmaccriej2@salon.com
688,Barthel,Thickpenny,bthickpennyj3@free.fr
689,Gena,Edgecumbe,gedgecumbej4@purevolume.com
690,Keary,Litton,klittonj5@mapy.cz
691,Jackson,Cordell,jcordellj6@hhs.gov
692,Gay,Willimott,gwillimottj7@fema.gov
693,Marthe,Needham,mneedhamj8@hao123.com
694,Emmanuel,Blumson,eblumsonj9@tumblr.com
695,Thornie,Downing,tdowningja@posterous.com
696,Paola,Black,pblackjb@tiny.cc
697,Evvy,Veare,evearejc@123-reg.co.uk
698,Brunhilde,Twiname,btwinamejd@de.vu
699,Gwyn,Kissack,gkissackje@cargocollective.com
700,Kelcey,Tye,ktyejf@google.com.hk
701,Delcine,Lowdham,dlowdhamjg@flavors.me
702,Nomi,Jervoise,njervoisejh@ask.com
703,Sharla,Tathacott,stathacottji@xrea.com
704,Hazel,Han,hhanjj@bing.com
705,Rubie,Winsborrow,rwinsborrowjk@webmd.com
706,Abbey,Georgeau,ageorgeaujl@discuz.net
707,Trula,MacNess,tmacnessjm@nhs.uk
708,Kean,Kopf,kkopfjn@vk.com
709,Elora,Weeks,eweeksjo@sphinn.com
710,Debora,Arnaez,darnaezjp@nba.com
711,Fernanda,Atton,fattonjq@sitemeter.com
712,Dalt,Featherstonhaugh,dfeatherstonhaughjr@opera.com
713,Carmella,Bikker,cbikkerjs@yellowpages.com
714,Kenton,Roeby,kroebyjt@github.io
715,Shayne,Meadmore,smeadmoreju@godaddy.com
716,Elysia,Devita,edevitajv@surveymonkey.com
717,Brander,Eades,beadesjw@theatlantic.com
718,Libbey,Crighten,lcrightenjx@goodreads.com
719,Henrieta,Courtenay,hcourtenayjy@biblegateway.com
720,Peder,McFeate,pmcfeatejz@weibo.com
721,Darcey,Jaram,djaramk0@globo.com
722,Deloria,Pastor,dpastork1@privacy.gov.au
723,Calv,Penketh,cpenkethk2@hhs.gov
724,Muffin,Borman,mbormank3@naver.com
725,Oralia,Ashe,oashek4@imageshack.us
726,Coretta,Steffens,csteffensk5@canalblog.com
727,Ernie,Traut,etrautk6@51.la
728,Curry,Skaife,cskaifek7@omniture.com
729,Shay,Hulke,shulkek8@ucoz.ru
730,Symon,Foskett,sfoskettk9@youtu.be
731,Gene,Seeney,gseeneyka@weebly.com
732,Rici,McCaughran,rmccaughrankb@loc.gov
733,Thacher,Britcher,tbritcherkc@tamu.edu
734,Kasey,Decourt,kdecourtkd@csmonitor.com
735,Oates,Ambrus,oambruske@paginegialle.it
736,Reinaldo,Halfhyde,rhalfhydekf@vinaora.com
737,Corabelle,Ranyell,cranyellkg@wordpress.com
738,Lauren,Patching,lpatchingkh@chicagotribune.com
739,Eilis,Genery,egeneryki@alibaba.com
740,Lurette,Canavan,lcanavankj@freewebs.com
741,Gusella,Di Domenico,gdidomenicokk@merriam-webster.com
742,Spenser,Mayes,smayeskl@jiathis.com
743,Larissa,Baulcombe,lbaulcombekm@yandex.ru
744,Juanita,Duny,jdunykn@uol.com.br
745,Barrett,O'Heffernan,boheffernanko@bandcamp.com
746,Cher,Bate,cbatekp@ustream.tv
747,Roxana,Rockey,rrockeykq@mediafire.com
748,Adrianne,Prandini,aprandinikr@ustream.tv
749,Mac,Aldam,maldamks@cisco.com
750,Nial,Marriott,nmarriottkt@usa.gov
751,Hersh,Seman,hsemanku@exblog.jp
752,Salomon,Rosenhaupt,srosenhauptkv@sourceforge.net
753,Fanni,Reyes,freyeskw@dion.ne.jp
754,Livy,Whilder,lwhilderkx@blogs.com
755,Dorette,Braker,dbrakerky@google.co.jp
756,Persis,Farrent,pfarrentkz@phpbb.com
757,Fraser,Marriott,fmarriottl0@cocolog-nifty.com
758,Rodrigo,Afield,rafieldl1@addtoany.com
759,Kevina,Gleave,kgleavel2@irs.gov
760,Fionnula,Marian,fmarianl3@youtu.be
761,Sandro,Desvignes,sdesvignesl4@smh.com.au
762,Cathryn,Grenter,cgrenterl5@google.ru
763,Sylvia,Radclyffe,sradclyffel6@hhs.gov
764,Lisetta,Tremathack,ltremathackl7@gmpg.org
765,Lainey,Thorburn,lthorburnl8@blogspot.com
766,Armand,Itter,aitterl9@sciencedaily.com
767,Letty,Silverman,lsilvermanla@pen.io
768,Bent,Hiscoke,bhiscokelb@behance.net
769,Carol-jean,Potteril,cpotterillc@com.com
770,Deva,Chugg,dchuggld@cbc.ca
771,Vally,Finn,vfinnle@google.co.uk
772,Ardath,Cockaday,acockadaylf@nps.gov
773,Clovis,Baynard,cbaynardlg@google.com.br
774,Wendell,Askie,waskielh@biblegateway.com
775,Faye,Sellar,fsellarli@hud.gov
776,Albrecht,Roll,arolllj@joomla.org
777,Adey,Harbron,aharbronlk@wix.com
778,Avis,Bonallack,abonallackll@dailymail.co.uk
779,Arny,Flint,aflintlm@nsw.gov.au
780,Efren,Glavin,eglavinln@rediff.com
781,Olympe,Roostan,oroostanlo@hao123.com
782,Carmen,Claire,cclairelp@ezinearticles.com
783,Fleming,Dunnico,fdunnicolq@mac.com
784,Chrysa,Malek,cmaleklr@yellowpages.com
785,Mair,Reede,mreedels@yale.edu
786,Gnni,Lavell,glavelllt@wikipedia.org
787,Dale,Montfort,dmontfortlu@nba.com
788,Gavin,Maskrey,gmaskreylv@nifty.com
789,Clemence,Salaman,csalamanlw@t-online.de
790,Nate,Cotes,ncoteslx@chicagotribune.com
791,Madella,Scud,mscudly@cnbc.com
792,Chen,Borthram,cborthramlz@usatoday.com
793,Nicky,Clement,nclementm0@macromedia.com
794,Gerty,Carragher,gcarragherm1@taobao.com
795,Vitia,Willgoss,vwillgossm2@yale.edu
796,Pansie,Skylett,pskylettm3@tinypic.com
797,Else,Ivashintsov,eivashintsovm4@mtv.com
798,Averell,Vellacott,avellacottm5@spiegel.de
799,Josselyn,Barnson,jbarnsonm6@123-reg.co.uk
800,Minerva,Danis,mdanism7@msu.edu
801,Etan,Possell,epossellm8@nsw.gov.au
802,Mahmoud,Elizabeth,melizabethm9@msu.edu
803,Sutherland,Bachs,sbachsma@patch.com
804,Richmound,Robardley,rrobardleymb@imgur.com
805,Margalo,Roy,mroymc@howstuffworks.com
806,Elita,Puddephatt,epuddephattmd@slideshare.net
807,Helenelizabeth,Roaf,hroafme@europa.eu
808,Paulie,Pickerell,ppickerellmf@facebook.com
809,Jobina,Dengate,jdengatemg@thetimes.co.uk
810,Anni,Yeudall,ayeudallmh@google.es
811,Midge,Brightling,mbrightlingmi@uol.com.br
812,Emyle,Parades,eparadesmj@github.io
813,Vance,Chene,vchenemk@hexun.com
814,Judi,Kielt,jkieltml@kickstarter.com
815,Stu,Leedes,sleedesmm@amazon.co.jp
816,Blanch,Attree,battreemn@creativecommons.org
817,Glyn,Tanman,gtanmanmo@unblog.fr
818,Fredra,Kenna,fkennamp@whitehouse.gov
819,Russ,Tyres,rtyresmq@lulu.com
820,Marlin,Heilds,mheildsmr@1und1.de
821,Emmey,Owers,eowersms@harvard.edu
822,Fanni,Cluney,fcluneymt@sun.com
823,Faith,Haime,fhaimemu@state.tx.us
824,Suzette,Waterdrinker,swaterdrinkermv@people.com.cn
825,Cassy,Haskins,chaskinsmw@zimbio.com
826,Rosabelle,Hassekl,rhasseklmx@marketwatch.com
827,Allayne,Killwick,akillwickmy@webeden.co.uk
828,Christie,Glencross,cglencrossmz@pen.io
829,Ned,Relf,nrelfn0@tiny.cc
830,Curtis,Beldon,cbeldonn1@techcrunch.com
831,Anselma,De Giorgio,adegiorgion2@google.co.uk
832,Cully,Gravie,cgravien3@edublogs.org
833,Debor,Standell,dstandelln4@creativecommons.org
834,Martino,Avrahamian,mavrahamiann5@livejournal.com
835,Laney,Wanklyn,lwanklynn6@slashdot.org
836,Jody,Doram,jdoramn7@smugmug.com
837,Merissa,Clawsley,mclawsleyn8@biblegateway.com
838,Sheffield,De Brett,sdebrettn9@webeden.co.uk
839,Duane,Haine,dhainena@taobao.com
840,Launce,Slaten,lslatennb@list-manage.com
841,Blancha,Verlander,bverlandernc@sfgate.com
842,Reggis,Scragg,rscraggnd@discovery.com
843,Godwin,Sappell,gsappellne@blogtalkradio.com
844,Damiano,Breens,dbreensnf@clickbank.net
845,Creigh,Sutch,csutchng@ovh.net
846,Janith,Avramovitz,javramovitznh@imdb.com
847,Tades,Calvie,tcalvieni@newyorker.com
848,Bobette,McKimmey,bmckimmeynj@csmonitor.com
849,Mario,Scholig,mscholignk@fda.gov
850,Ralph,Bonicelli,rbonicellinl@ebay.co.uk
851,Martin,Garrish,mgarrishnm@nsw.gov.au
852,Cordelie,Gosnold,cgosnoldnn@fotki.com
853,Dorolisa,Miliffe,dmiliffeno@storify.com
854,Lenard,Don,ldonnp@tuttocitta.it
855,Had,Kruszelnicki,hkruszelnickinq@gravatar.com
856,Osborn,Vauter,ovauternr@princeton.edu
857,Gloriana,Batch,gbatchns@google.com.br
858,Louie,MacCosty,lmaccostynt@mac.com
859,Fitzgerald,Papps,fpappsnu@1und1.de
860,Leonore,Trevascus,ltrevascusnv@constantcontact.com
861,Vernor,Crabb,vcrabbnw@pagesperso-orange.fr
862,Jarred,Wards,jwardsnx@addtoany.com
863,Alberik,Dougliss,adouglissny@newsvine.com
864,Emelina,Pieterick,epietericknz@moonfruit.com
865,Elfie,Surplice,esurpliceo0@engadget.com
866,Mylo,Dosdell,mdosdello1@loc.gov
867,Rori,Pleven,rpleveno2@blog.com
868,Margette,Seaman,mseamano3@reddit.com
869,Dian,Shawell,dshawello4@mail.ru
870,Derick,Mallindine,dmallindineo5@yolasite.com
871,Velma,Gheraldi,vgheraldio6@cisco.com
872,Gregoor,Shirlaw,gshirlawo7@cornell.edu
873,Teodoro,Cole,tcoleo8@newsvine.com
874,Margareta,Kluge,mklugeo9@phpbb.com
875,Tallie,Ivasechko,tivasechkooa@ftc.gov
876,Bronnie,Satford,bsatfordob@china.com.cn
877,Dolly,Adolfson,dadolfsonoc@dropbox.com
878,Tootsie,Dumbrall,tdumbrallod@time.com
879,Minor,Mantle,mmantleoe@google.cn
880,Cally,Hamblen,chamblenof@techcrunch.com
881,Judi,Husher,jhusherog@biglobe.ne.jp
882,Tabatha,Arling,tarlingoh@sfgate.com
883,Iggie,Altimas,ialtimasoi@google.fr
884,Ailyn,Mochar,amocharoj@constantcontact.com
885,Tobit,Shipsey,tshipseyok@jigsy.com
886,Lucio,Bogace,lbogaceol@feedburner.com
887,Lilias,Volonte,lvolonteom@comcast.net
888,Broddy,Freeborne,bfreeborneon@dion.ne.jp
889,Clarance,Fadden,cfaddenoo@earthlink.net
890,Rikki,Boskell,rboskellop@cnet.com
891,Clementia,Brocklehurst,cbrocklehurstoq@vkontakte.ru
892,Elisabet,Coyne,ecoyneor@cbslocal.com
893,Tove,Meenehan,tmeenehanos@yellowbook.com
894,Teodoro,Fesby,tfesbyot@github.io
895,Bernadette,Horsewood,bhorsewoodou@yale.edu
896,Friederike,Klagge,fklaggeov@prlog.org
897,Idalina,Egginson,iegginsonow@kickstarter.com
898,Whittaker,Moulster,wmoulsterox@mlb.com
899,Alfie,Skerm,askermoy@etsy.com
900,Eal,Blazek,eblazekoz@narod.ru
901,Jobi,Daughton,jdaughtonp0@jalbum.net
902,Jess,MacCosto,jmaccostop1@gravatar.com
903,Beverley,Hulks,bhulksp2@hp.com
904,Itch,Radford,iradfordp3@pcworld.com
905,Jeri,Red,jredp4@noaa.gov
906,Deanne,Matuszewski,dmatuszewskip5@java.com
907,Frazier,Baildon,fbaildonp6@quantcast.com
908,Althea,Davis,adavisp7@globo.com
909,Dyanne,Gossage,dgossagep8@ed.gov
910,Jules,Endacott,jendacottp9@i2i.jp
911,Chancey,Hodjetts,chodjettspa@bluehost.com
912,Claudius,Coton,ccotonpb@printfriendly.com
913,Hillel,Castelow,hcastelowpc@wikia.com
914,Burnaby,Aseef,baseefpd@google.ca
915,Silvain,Spieck,sspieckpe@privacy.gov.au
916,Dianemarie,Sillis,dsillispf@dell.com
917,Berkley,Gwynn,bgwynnpg@ca.gov
918,Dion,Rapelli,drapelliph@businessinsider.com
919,Sapphira,Danson,sdansonpi@reuters.com
920,Glenn,Creasy,gcreasypj@mapquest.com
921,Hagan,Kuhnel,hkuhnelpk@hexun.com
922,Zared,Meffin,zmeffinpl@google.nl
923,Estell,Biggar,ebiggarpm@yale.edu
924,Michel,Gibbon,mgibbonpn@about.com
925,Ryann,MacNalley,rmacnalleypo@themeforest.net
926,Hartwell,Flattman,hflattmanpp@barnesandnoble.com
927,Aura,Hatherley,ahatherleypq@delicious.com
928,Adolf,Divisek,adivisekpr@hugedomains.com
929,Libbi,Ripper,lripperps@phoca.cz
930,Cherida,Montague,cmontaguept@ftc.gov
931,Alphonso,Lody,alodypu@jimdo.com
932,Lona,Janout,ljanoutpv@wikia.com
933,Vincent,Pittham,vpitthampw@umn.edu
934,Gustaf,Wilkisson,gwilkissonpx@wikimedia.org
935,Millie,Siley,msileypy@nih.gov
936,Verene,Sully,vsullypz@washingtonpost.com
937,Stafani,Beert,sbeertq0@google.nl
938,Liz,Sellers,lsellersq1@examiner.com
939,Garret,Badrock,gbadrockq2@de.vu
940,Dore,Davydochkin,ddavydochkinq3@wisc.edu
941,Sylvester,Slateford,sslatefordq4@discovery.com
942,Faulkner,Cheetham,fcheethamq5@examiner.com
943,Andra,Phettiplace,aphettiplaceq6@fotki.com
944,Daryn,Tidey,dtideyq7@bluehost.com
945,Thadeus,Van Brug,tvanbrugq8@whitehouse.gov
946,Saba,Ault,saultq9@examiner.com
947,Gussy,Schops,gschopsqa@businesswire.com
948,Conway,Caukill,ccaukillqb@arstechnica.com
949,Adolf,Grisley,agrisleyqc@webmd.com
950,Helenka,Skoate,hskoateqd@mlb.com
951,Addy,Scorer,ascorerqe@house.gov
952,Agathe,Trewhela,atrewhelaqf@quantcast.com
953,Shanta,Hasel,shaselqg@google.pl
954,Royce,Maddie,rmaddieqh@wufoo.com
955,Goraud,Cobleigh,gcobleighqi@xinhuanet.com
956,Everett,Moxted,emoxtedqj@diigo.com
957,Desmund,Tillard,dtillardqk@indiatimes.com
958,Hector,Lammas,hlammasql@adobe.com
959,Laurie,Garthside,lgarthsideqm@alibaba.com
960,Debee,Kiebes,dkiebesqn@usa.gov
961,Dyana,Fernely,dfernelyqo@rediff.com
962,Dorrie,Scrowby,dscrowbyqp@mozilla.com
963,Carrol,Santus,csantusqq@umich.edu
964,Florrie,Castellet,fcastelletqr@ustream.tv
965,Fredra,Urwen,furwenqs@devhub.com
966,Elka,Fellibrand,efellibrandqt@dell.com
967,Sharity,Jachtym,sjachtymqu@hibu.com
968,Celia,Garfath,cgarfathqv@imdb.com
969,Olvan,Landrick,olandrickqw@quantcast.com
970,Josephine,Robroe,jrobroeqx@examiner.com
971,Isak,Paulat,ipaulatqy@youtube.com
972,Catlin,MacGrath,cmacgrathqz@msu.edu
973,Joletta,Schultes,jschultesr0@opensource.org
974,Fletcher,Davidesco,fdavidescor1@tripod.com
975,Winnah,Kearford,wkearfordr2@jalbum.net
976,Cully,Tysack,ctysackr3@ebay.com
977,Farleigh,Hannan,fhannanr4@ucoz.com
978,Ernest,Wildman,ewildmanr5@state.gov
979,Jacquenetta,Dran,jdranr6@narod.ru
980,Fritz,Schneidau,fschneidaur7@oakley.com
981,Jessa,Szapiro,jszapiror8@latimes.com
982,Garrek,Weinmann,gweinmannr9@toplist.cz
983,Verena,Dominguez,vdominguezra@guardian.co.uk
984,Minette,Mastrantone,mmastrantonerb@nbcnews.com
985,Les,Agutter,lagutterrc@sciencedirect.com
986,Adelaide,Bonnick,abonnickrd@wp.com
987,Stavro,Maghull,smaghullre@reverbnation.com
988,Isiahi,Coning,iconingrf@baidu.com
989,Sigismond,Gaskoin,sgaskoinrg@cpanel.net
990,Lindy,Newlan,lnewlanrh@constantcontact.com
991,Denny,Broadberry,dbroadberryri@hexun.com
992,Jordan,Gallehawk,jgallehawkrj@indiatimes.com
993,Granthem,Feldbrin,gfeldbrinrk@tuttocitta.it
994,Dorelia,Marchbank,dmarchbankrl@jimdo.com
995,Erl,McKnish,emcknishrm@com.com
996,Alida,Halwood,ahalwoodrn@senate.gov
997,Lanae,Brecher,lbrecherro@topsy.com
998,Julietta,Swinyard,jswinyardrp@prnewswire.com
999,Sherry,Milstead,smilsteadrq@blogger.com
1000,Pietrek,Curdell,pcurdellrr@reference.com
