first_name,last_name,email
Marcelle,Franiak,mfraniak0@naver.com
Arlie,Halfhyde,ahalfhyde1@tiny.cc
Sherwynd,Di Bartolomeo,sdibartolomeo2@discovery.com
Laurice,Ife,life3@msu.edu
Robyn,Bydaway,rbydaway4@tinypic.com
Tim,Clayill,tclayill5@digg.com
Laurie,Madsen,lmadsen6@irs.gov
Padriac,Colton,pcolton7@bizjournals.com
Paulie,Labbet,plabbet8@telegraph.co.uk
Bond,Dossantos,bdossantos9@admin.ch
Clemmie,Bosson,cbossona@hibu.com
Smitty,Ruprecht,sruprechtb@naver.com
Derwin,De Ath,ddeathc@unc.edu
Codie,Letford,cletfordd@hugedomains.com
Rosa,Coldridge,rcoldridgee@unc.edu
Cathee,Pietruschka,cpietruschkaf@thetimes.co.uk
Constanta,Rebichon,crebichong@cyberchimps.com
Eran,Kordt,ekordth@google.ca
Ula,Guyers,uguyersi@tmall.com
Dionysus,Dudbridge,ddudbridgej@japanpost.jp
Vasili,Morgon,vmorgonk@pen.io
Silvanus,Craft,scraftl@technorati.com
Shay,Shackelton,sshackeltonm@miitbeian.gov.cn
Federico,Camerana,fcameranan@salon.com
Gilemette,Winsley,gwinsleyo@psu.edu
Essie,Masdon,emasdonp@accuweather.com
Dot,Dennant,ddennantq@earthlink.net
Jade,Shakspeare,jshakspearer@bigcartel.com
Lester,Eldredge,leldredges@plala.or.jp
Salomon,Canfield,scanfieldt@cbsnews.com
Jolyn,Tole,jtoleu@mayoclinic.com
Cull,Birnie,cbirniev@slate.com
Linet,Sibille,lsibillew@blogspot.com
Miranda,Collin,mcollinx@freewebs.com
Lyndel,Elby,lelbyy@mapquest.com
Northrop,Antushev,nantushevz@samsung.com
Irena,Scarf,iscarf10@vinaora.com
Rutledge,Podd,rpodd11@typepad.com
Rodi,Rampley,rrampley12@chron.com
Magdaia,Baigent,mbaigent13@aol.com
Llewellyn,Polendine,lpolendine14@dell.com
Paulo,Lude,plude15@senate.gov
Marlane,Jobke,mjobke16@nyu.edu
Dell,Cocks,dcocks17@statcounter.com
Darryl,Sansum,dsansum18@nytimes.com
Helen-elizabeth,Genicke,hgenicke19@angelfire.com
Adore,Winwood,awinwood1a@posterous.com
Kennedy,Toffts,ktoffts1b@mac.com
Coleman,Stroban,cstroban1c@indiatimes.com
Farrell,Duckels,fduckels1d@over-blog.com
Dion,Leamon,dleamon1e@blogtalkradio.com
Urson,Codner,ucodner1f@oakley.com
Issi,Ianetti,iianetti1g@wikia.com
Aime,Wiggington,awiggington1h@chicagotribune.com
Fields,Bradbury,fbradbury1i@nasa.gov
Immanuel,Langman,ilangman1j@comcast.net
Carie,Trew,ctrew1k@newsvine.com
Isidore,Beswick,ibeswick1l@livejournal.com
Paolina,Isacoff,pisacoff1m@sogou.com
Olga,Bernholt,obernholt1n@topsy.com
Ula,Schlagtmans,uschlagtmans1o@51.la
Fergus,Pahlsson,fpahlsson1p@fda.gov
Sayer,Vidgeon,svidgeon1q@pen.io
Aline,Damsell,adamsell1r@xinhuanet.com
Sigismondo,Huzzey,shuzzey1s@thetimes.co.uk
Levi,Liebrecht,lliebrecht1t@123-reg.co.uk
Kelcy,Broomfield,kbroomfield1u@un.org
Augusto,Dow,adow1v@example.com
Collie,Graalmans,cgraalmans1w@businesswire.com
Maudie,Gonning,mgonning1x@newsvine.com
Vallie,Yakunin,vyakunin1y@instagram.com
Butch,Szymoni,bszymoni1z@live.com
Cullin,Leadstone,cleadstone20@xrea.com
Olva,Korneichik,okorneichik21@ca.gov
Lilian,O' Faherty,lofaherty22@imageshack.us
Lissi,Rizzolo,lrizzolo23@4shared.com
Luella,Valsler,lvalsler24@nationalgeographic.com
Kyla,Bangiard,kbangiard25@google.co.uk
Lynn,Cousans,lcousans26@dailymail.co.uk
Arley,McVity,amcvity27@w3.org
Cyrill,Hugonet,chugonet28@delicious.com
Birgit,Jacketts,bjacketts29@china.com.cn
Lane,Lightman,llightman2a@chicagotribune.com
Ninon,MacFie,nmacfie2b@sun.com
Rosalinde,Fenton,rfenton2c@timesonline.co.uk
Peyton,Moyler,pmoyler2d@biblegateway.com
Tish,Joynson,tjoynson2e@drupal.org
Vilhelmina,Skocroft,vskocroft2f@devhub.com
Tobye,Cicetti,tcicetti2g@cnn.com
Isadora,Varvell,ivarvell2h@wordpress.org
Janessa,Norledge,jnorledge2i@ifeng.com
Chelsy,Millyard,cmillyard2j@google.co.uk
Mellisa,Leeburn,mleeburn2k@fc2.com
Gonzales,Jeratt,gjeratt2l@51.la
Trent,Ganning,tganning2m@shareasale.com
Carmen,Carrier,ccarrier2n@e-recht24.de
Sosanna,Doornbos,sdoornbos2o@bloglovin.com
Oliver,Tilburn,otilburn2p@domainmarket.com
Mitchel,Lambell,mlambell2q@wordpress.org
Christoper,Hancill,chancill2r@washington.edu
Kalila,Sanbrooke,ksanbrooke2s@accuweather.com
Kippy,Gowdridge,kgowdridge2t@reuters.com
Dwain,Waggatt,dwaggatt2u@edublogs.org
Lexi,Jewis,ljewis2v@xing.com
Andrey,Hawkwood,ahawkwood2w@unblog.fr
Merrielle,Bizzey,mbizzey2x@irs.gov
Lu,Bruford,lbruford2y@alibaba.com
Rawley,McClymond,rmcclymond2z@deviantart.com
Timmie,Wallman,twallman30@tumblr.com
Myrtice,Ismead,mismead31@irs.gov
Doloritas,Thirst,dthirst32@squarespace.com
Orelia,Erratt,oerratt33@google.cn
Jacquenette,Pyford,jpyford34@bandcamp.com
Taddeusz,MacPaik,tmacpaik35@slate.com
Cesar,Pocock,cpocock36@sbwire.com
Bradan,Danilin,bdanilin37@salon.com
Odey,McLafferty,omclafferty38@dot.gov
Raynard,Armstrong,rarmstrong39@bbb.org
Yorke,Ballentime,yballentime3a@fotki.com
Davie,Barkshire,dbarkshire3b@seesaa.net
Carlita,Gartenfeld,cgartenfeld3c@nasa.gov
Sully,Eite,seite3d@miitbeian.gov.cn
Hakeem,Matthiesen,hmatthiesen3e@dedecms.com
Felice,Glendining,fglendining3f@mapy.cz
Shelli,Laval,slaval3g@dyndns.org
Annetta,Kubis,akubis3h@hexun.com
Romeo,Mawd,rmawd3i@google.es
Kaylyn,Byrne,kbyrne3j@java.com
Giana,Yegorov,gyegorov3k@ask.com
Agathe,Casley,acasley3l@weather.com
Harriet,McShirie,hmcshirie3m@cargocollective.com
Shaina,Ranscomb,sranscomb3n@nbcnews.com
Annamarie,Sholem,asholem3o@un.org
Kinna,Mitham,kmitham3p@npr.org
Farleigh,Vickar,fvickar3q@photobucket.com
Stacie,Pachmann,spachmann3r@github.io
Kerrie,Robinett,krobinett3s@i2i.jp
Corabella,Ellul,cellul3t@earthlink.net
Scottie,Gilbane,sgilbane3u@cnet.com
Wit,MacElroy,wmacelroy3v@springer.com
Skipper,McClay,smcclay3w@oaic.gov.au
Aldon,Garrison,agarrison3x@chicagotribune.com
Guillermo,Greenham,ggreenham3y@dagondesign.com
Jessalin,Tomsu,jtomsu3z@seattletimes.com
Kizzie,Simonitto,ksimonitto40@de.vu
Rosalyn,Peete,rpeete41@forbes.com
Rina,Jeves,rjeves42@harvard.edu
Blythe,Fernier,bfernier43@google.it
Myrvyn,Frichley,mfrichley44@360.cn
Marsha,Milesap,mmilesap45@hibu.com
Alis,Spinige,aspinige46@columbia.edu
Glenine,Feldman,gfeldman47@paypal.com
Courtenay,Old,cold48@amazon.de
Kelly,Philpots,kphilpots49@geocities.jp
Celestia,Novello,cnovello4a@noaa.gov
Stu,Berthot,sberthot4b@t-online.de
Sigismondo,Scogings,sscogings4c@devhub.com
Alexia,Cubuzzi,acubuzzi4d@flavors.me
Charyl,Henric,chenric4e@squidoo.com
Karlis,Balbeck,kbalbeck4f@woothemes.com
Ashley,Rippen,arippen4g@ycombinator.com
Thekla,Yeatman,tyeatman4h@msn.com
Douglas,Marien,dmarien4i@rambler.ru
Thor,Schuelcke,tschuelcke4j@zdnet.com
Kristina,Wholesworth,kwholesworth4k@scientificamerican.com
George,Bukac,gbukac4l@amazon.co.jp
Marybelle,Deboick,mdeboick4m@a8.net
Zarla,Dennick,zdennick4n@wp.com
Fleurette,Spiby,fspiby4o@noaa.gov
Wait,Meredith,wmeredith4p@netvibes.com
Hillel,Bing,hbing4q@reverbnation.com
Sutton,Baptist,sbaptist4r@tamu.edu
Alanna,Hayler,ahayler4s@typepad.com
Jodie,Kehoe,jkehoe4t@google.com.hk
Kelila,Westfalen,kwestfalen4u@e-recht24.de
Annnora,Barenskie,abarenskie4v@trellian.com
Beverlie,Sertin,bsertin4w@answers.com
Roseline,Wabey,rwabey4x@istockphoto.com
Quintilla,Cleife,qcleife4y@google.de
Minnie,Bigham,mbigham4z@microsoft.com
Babita,Kondrachenko,bkondrachenko50@ihg.com
Buddy,Galsworthy,bgalsworthy51@nba.com
Reina,Armitage,rarmitage52@dropbox.com
Louie,Borles,lborles53@fotki.com
Lindsay,Gately,lgately54@fastcompany.com
Anson,Fuzzard,afuzzard55@rakuten.co.jp
Jourdain,Gissing,jgissing56@pbs.org
Robin,Shalloo,rshalloo57@joomla.org
Aida,Craighall,acraighall58@harvard.edu
Whitaker,Lindley,wlindley59@prlog.org
Pascal,Mee,pmee5a@histats.com
Clementine,Norcock,cnorcock5b@domainmarket.com
Jennica,Breeze,jbreeze5c@kickstarter.com
Jozef,Brave,jbrave5d@usgs.gov
Mattie,Pascall,mpascall5e@feedburner.com
Adrianne,De Lisle,adelisle5f@ning.com
Catherine,Skakunas,cskakunas5g@scribd.com
Jan,Stanistrete,jstanistrete5h@independent.co.uk
Alys,Labusquiere,alabusquiere5i@trellian.com
Frederica,Merwood,fmerwood5j@nps.gov
Selene,Cockrill,scockrill5k@ed.gov
Dewey,Shory,dshory5l@mayoclinic.com
Claudio,Oller,coller5m@ebay.com
Sherwood,Braisher,sbraisher5n@tripadvisor.com
Roxy,McDermott-Row,rmcdermottrow5o@canalblog.com
Cleavland,Collymore,ccollymore5p@reddit.com
Demetris,Handaside,dhandaside5q@google.nl
Nolie,Dodman,ndodman5r@surveymonkey.com
Crin,Pott,cpott5s@people.com.cn
Anjela,Swepson,aswepson5t@usgs.gov
Robin,Soeiro,rsoeiro5u@slate.com
Guillaume,Roelofsen,groelofsen5v@flavors.me
Nichol,Ferschke,nferschke5w@rakuten.co.jp
Kristel,Padkin,kpadkin5x@dedecms.com
Roselle,Halmkin,rhalmkin5y@chron.com
Jake,Rulten,jrulten5z@mtv.com
Brittney,Huff,bhuff60@istockphoto.com
Sara-ann,Anslow,sanslow61@usda.gov
Bernadene,Zanussii,bzanussii62@imgur.com
Marie-jeanne,Durdy,mdurdy63@ibm.com
Ichabod,Kildea,ikildea64@ucoz.com
Jsandye,Cunningham,jcunningham65@people.com.cn
Priscilla,Elies,pelies66@rakuten.co.jp
Kalvin,Ickovitz,kickovitz67@hc360.com
Gwendolyn,Titchen,gtitchen68@slate.com
Pail,McConnachie,pmcconnachie69@gov.uk
Kanya,Nazaret,knazaret6a@vinaora.com
Genevieve,Roxbee,groxbee6b@comcast.net
Jon,Dominick,jdominick6c@bigcartel.com
Thornton,Sans,tsans6d@meetup.com
Noel,Cowland,ncowland6e@feedburner.com
Gray,Wimpey,gwimpey6f@ebay.co.uk
Reiko,Kubicek,rkubicek6g@tripadvisor.com
Ninetta,Brunsen,nbrunsen6h@marriott.com
Una,Tatteshall,utatteshall6i@reference.com
Henryetta,Beardsdale,hbeardsdale6j@diigo.com
Tanya,Gorler,tgorler6k@latimes.com
Fernandina,McLarnon,fmclarnon6l@blogs.com
Feodor,Bryenton,fbryenton6m@exblog.jp
Lindsy,Mitchall,lmitchall6n@blogtalkradio.com
Keslie,Jarrold,kjarrold6o@slate.com
Elle,Jordi,ejordi6p@reuters.com
Arlene,Mandifield,amandifield6q@tmall.com
Ewen,Karpinski,ekarpinski6r@mayoclinic.com
Dew,Gribble,dgribble6s@cdbaby.com
Debbie,Clixby,dclixby6t@cargocollective.com
Rosita,Lebrun,rlebrun6u@hc360.com
Willyt,Madders,wmadders6v@techcrunch.com
Mel,Gogay,mgogay6w@cdc.gov
Faydra,Jellett,fjellett6x@cyberchimps.com
Berri,O' Flaherty,boflaherty6y@mysql.com
Darrin,Yukhnov,dyukhnov6z@liveinternet.ru
Jareb,Crevy,jcrevy70@diigo.com
Jerrie,Cristofor,jcristofor71@biglobe.ne.jp
Abramo,Rioch,arioch72@issuu.com
Tracee,Inchley,tinchley73@newsvine.com
Kizzee,Ianiello,kianiello74@booking.com
Daron,Moyles,dmoyles75@usa.gov
Jacky,Lillecrop,jlillecrop76@nymag.com
Annabel,Haston,ahaston77@patch.com
Cyndi,Skillen,cskillen78@dell.com
Holli,Rydeard,hrydeard79@ezinearticles.com
Fara,Corwin,fcorwin7a@foxnews.com
Merridie,Lewty,mlewty7b@gmpg.org
Hollyanne,Rude,hrude7c@soundcloud.com
Micaela,Silverthorne,msilverthorne7d@t-online.de
Heywood,Faithorn,hfaithorn7e@hhs.gov
Rycca,Cheyenne,rcheyenne7f@uiuc.edu
Aldridge,Loalday,aloalday7g@uiuc.edu
Engelbert,Penrice,epenrice7h@nifty.com
Herold,McPike,hmcpike7i@imdb.com
Marietta,Nozzolinii,mnozzolinii7j@ask.com
John,Koeppe,jkoeppe7k@army.mil
Roberta,Forcer,rforcer7l@usgs.gov
Ambrosi,Brothwell,abrothwell7m@nydailynews.com
Ted,Manley,tmanley7n@over-blog.com
Dewie,Grasser,dgrasser7o@amazon.de
Elfie,Shoreson,eshoreson7p@loc.gov
Ramona,Sherbrook,rsherbrook7q@china.com.cn
Ceil,Wimlett,cwimlett7r@independent.co.uk
Toinette,Ridulfo,tridulfo7s@digg.com
Kelcy,Molan,kmolan7t@gov.uk
Stefania,Stoffersen,sstoffersen7u@aol.com
Bobbee,Hadye,bhadye7v@imageshack.us
Paula,Semken,psemken7w@elegantthemes.com
Correy,Craigg,ccraigg7x@istockphoto.com
Welsh,Daunter,wdaunter7y@mediafire.com
Noelani,Taylot,ntaylot7z@arizona.edu
Othello,Attwell,oattwell80@fema.gov
Adolphe,Millea,amillea81@princeton.edu
Julie,Delany,jdelany82@nymag.com
Evangelina,Mityakov,emityakov83@reuters.com
Paulo,Kos,pkos84@artisteer.com
Jemmie,Gorden,jgorden85@surveymonkey.com
Licha,Reyes,lreyes86@odnoklassniki.ru
Mirella,Raittie,mraittie87@hud.gov
Gregoor,Nickolls,gnickolls88@slashdot.org
Zulema,Benit,zbenit89@japanpost.jp
Kassie,Brotherwood,kbrotherwood8a@dion.ne.jp
Emmalee,Davenport,edavenport8b@ihg.com
Lynette,Battson,lbattson8c@harvard.edu
Daisi,Ucceli,ducceli8d@dell.com
Germayne,Yurkiewicz,gyurkiewicz8e@ted.com
Thorndike,Crippill,tcrippill8f@wix.com
Martguerita,McQuaker,mmcquaker8g@storify.com
Michelina,St Clair,mstclair8h@youku.com
Garth,Wilmut,gwilmut8i@domainmarket.com
Chadd,Cheale,ccheale8j@histats.com
Evangelia,Seary,eseary8k@yahoo.co.jp
Maurie,Scotchbrook,mscotchbrook8l@naver.com
Sidonnie,Stoving,sstoving8m@nifty.com
Noe,Beresford,nberesford8n@slideshare.net
Ulrikaumeko,Bamlett,ubamlett8o@friendfeed.com
Sindee,Richardsson,srichardsson8p@nydailynews.com
Gratiana,Fernant,gfernant8q@php.net
Alan,Enright,aenright8r@desdev.cn
Merrily,Krink,mkrink8s@google.co.uk
Melesa,Carson,mcarson8t@phoca.cz
Valle,Boulds,vboulds8u@ted.com
Rozele,Crackett,rcrackett8v@linkedin.com
Bing,MacCaughen,bmaccaughen8w@nytimes.com
Jen,Murrell,jmurrell8x@un.org
Desiree,Bann,dbann8y@tumblr.com
Blair,Demougeot,bdemougeot8z@dagondesign.com
Euell,McGuggy,emcguggy90@wordpress.com
Nolly,Gurnee,ngurnee91@patch.com
Massimo,Andriessen,mandriessen92@cpanel.net
Jannel,Ewells,jewells93@theglobeandmail.com
Clerkclaude,Ruddock,cruddock94@histats.com
Benetta,Skacel,bskacel95@dmoz.org
Alexandre,Ilyinski,ailyinski96@histats.com
Aubrette,Fetherby,afetherby97@china.com.cn
Emile,Maestrini,emaestrini98@ocn.ne.jp
Brietta,Farrington,bfarrington99@seattletimes.com
Cornelle,Weedenburg,cweedenburg9a@cdbaby.com
Beverie,Todaro,btodaro9b@nhs.uk
Farlay,Cullotey,fcullotey9c@vinaora.com
Ryan,Hearsum,rhearsum9d@xrea.com
Jeffry,Vaggers,jvaggers9e@cloudflare.com
Onfroi,Beldan,obeldan9f@chron.com
Orsa,Drewry,odrewry9g@blogger.com
Inez,Gavigan,igavigan9h@icq.com
Gigi,Grindley,ggrindley9i@phpbb.com
Madalyn,Peaple,mpeaple9j@goo.ne.jp
Rowena,Bradberry,rbradberry9k@wikimedia.org
Aldon,Sennett,asennett9l@google.co.jp
Clemente,Bassingden,cbassingden9m@godaddy.com
Dione,Bramelt,dbramelt9n@artisteer.com
Amerigo,Hamfleet,ahamfleet9o@rediff.com
Stanislaus,Langcaster,slangcaster9p@china.com.cn
Fabian,Bantham,fbantham9q@tinyurl.com
Oona,Sebborn,osebborn9r@ow.ly
Florencia,Rotherham,frotherham9s@prlog.org
Caroljean,Posnette,cposnette9t@nature.com
Kyle,Boliver,kboliver9u@netvibes.com
Gayel,Stive,gstive9v@usda.gov
Henry,Rivel,hrivel9w@rediff.com
Oralee,Ofield,oofield9x@dyndns.org
Lenard,Handrick,lhandrick9y@flavors.me
Kayne,Goforth,kgoforth9z@multiply.com
Moyra,Boniface,mbonifacea0@printfriendly.com
Sibel,Farlow,sfarlowa1@liveinternet.ru
Kurt,Silly,ksillya2@meetup.com
Twila,Bispo,tbispoa3@zdnet.com
Ferris,Mahmood,fmahmooda4@zdnet.com
Rubia,Verty,rvertya5@bandcamp.com
Allissa,Brayshaw,abrayshawa6@smh.com.au
Prentiss,Hunnam,phunnama7@netscape.com
Ardella,Dovermann,adovermanna8@who.int
Carmita,Wigmore,cwigmorea9@w3.org
Corry,Swayte,cswayteaa@mediafire.com
Marya,Well,mwellab@umich.edu
April,Rihanek,arihanekac@cdc.gov
Drusie,Galton,dgaltonad@sina.com.cn
Desiree,Shelsher,dshelsherae@usnews.com
Sig,Alejandro,salejandroaf@arizona.edu
Cherianne,Braunston,cbraunstonag@slideshare.net
Nicky,Wiffler,nwifflerah@google.pl
Niles,Norfolk,nnorfolkai@cpanel.net
Nettie,Tredgold,ntredgoldaj@prnewswire.com
Leyla,Drejer,ldrejerak@theguardian.com
Frederik,Hatje,fhatjeal@hao123.com
Gloriana,Bloxsom,gbloxsomam@shinystat.com
Justina,Di Iorio,jdiiorioan@webmd.com
Myrle,Verrill,mverrillao@cornell.edu
Brendin,Maryin,bmaryinap@gizmodo.com
Nina,Plant,nplantaq@simplemachines.org
Caressa,Spurier,cspurierar@census.gov
Fawne,Muddicliffe,fmuddicliffeas@bbc.co.uk
Lock,Eversley,leversleyat@icio.us
Elva,Beaconsall,ebeaconsallau@paginegialle.it
Feodor,Winscom,fwinscomav@omniture.com
Kassandra,Olver,kolveraw@mlb.com
Arnie,Smoughton,asmoughtonax@t-online.de
Quent,Dolling,qdollingay@forbes.com
Leora,Andrejevic,landrejevicaz@digg.com
Consalve,Kamall,ckamallb0@japanpost.jp
Pollyanna,Piris,ppirisb1@si.edu
Bearnard,Height,bheightb2@bandcamp.com
Biron,Kibbee,bkibbeeb3@omniture.com
Stanleigh,Del Dello,sdeldellob4@vkontakte.ru
George,Ledner,glednerb5@usnews.com
Leela,McAmish,lmcamishb6@dion.ne.jp
Myriam,Simion,msimionb7@diigo.com
Cleon,Sackey,csackeyb8@elpais.com
Corbie,Airdrie,cairdrieb9@forbes.com
Golda,Glancy,gglancyba@deliciousdays.com
Quill,Bineham,qbinehambb@wiley.com
Tasha,Tavernor,ttavernorbc@infoseek.co.jp
Mag,Iddons,middonsbd@usda.gov
Karisa,Dell Casa,kdellcasabe@samsung.com
Gipsy,Goulder,ggoulderbf@yandex.ru
Norman,Aiskrigg,naiskriggbg@behance.net
Ainslee,Dacres,adacresbh@bluehost.com
Milt,Geane,mgeanebi@ihg.com
Tonie,Minucci,tminuccibj@biglobe.ne.jp
Dorothee,Berrick,dberrickbk@fotki.com
Zach,Titheridge,ztitheridgebl@uiuc.edu
Gertie,Domnin,gdomninbm@sohu.com
Aubert,Schollick,aschollickbn@cnet.com
Florrie,Lumbly,flumblybo@furl.net
Reuben,Pinkett,rpinkettbp@blinklist.com
Sargent,Banane,sbananebq@liveinternet.ru
Merilyn,Anyene,manyenebr@shop-pro.jp
Ambrose,Shawley,ashawleybs@blinklist.com
Rebekah,Roughley,rroughleybt@phpbb.com
Vinita,Kingaby,vkingabybu@eepurl.com
Stanislaus,Brettor,sbrettorbv@toplist.cz
Krysta,Barnsdall,kbarnsdallbw@vk.com
Thomasa,McShee,tmcsheebx@about.com
Gery,Cristofori,gcristoforiby@uol.com.br
Gizela,Denkel,gdenkelbz@icio.us
Arline,Cescot,acescotc0@economist.com
Perceval,Casino,pcasinoc1@examiner.com
Zeb,Bour,zbourc2@domainmarket.com
Kissie,Cowl,kcowlc3@cbc.ca
Dorrie,Bridywater,dbridywaterc4@desdev.cn
Mattias,Harmston,mharmstonc5@redcross.org
Kayley,Brosini,kbrosinic6@domainmarket.com
Garland,Deam,gdeamc7@seesaa.net
Maribelle,Hartwell,mhartwellc8@msn.com
Simmonds,Vargas,svargasc9@so-net.ne.jp
Adrien,Jefferies,ajefferiesca@artisteer.com
Shelbi,Maxwaile,smaxwailecb@flavors.me
Minetta,Springtorp,mspringtorpcc@blogspot.com
Hy,Kohnemann,hkohnemanncd@slideshare.net
Abe,De Malchar,ademalcharce@flickr.com
Wang,Crowne,wcrownecf@google.com.br
Zolly,Hardware,zhardwarecg@nasa.gov
Saleem,Edeler,sedelerch@wunderground.com
Adrian,Tomaschke,atomaschkeci@washingtonpost.com
Matthias,Fayter,mfaytercj@is.gd
Carlin,Copley,ccopleyck@netvibes.com
Lay,Underhill,lunderhillcl@dyndns.org
Wallache,Gorvette,wgorvettecm@51.la
Charmion,Callingham,ccallinghamcn@opera.com
Ondrea,Foord,ofoordco@over-blog.com
Rebbecca,Dallander,rdallandercp@loc.gov
Gaultiero,Carlsson,gcarlssoncq@opensource.org
Bibi,Pavluk,bpavlukcr@myspace.com
Joelie,O'Dulchonta,jodulchontacs@disqus.com
Hamilton,Sirmon,hsirmonct@quantcast.com
Yule,Chagg,ychaggcu@quantcast.com
Mella,Rielly,mriellycv@vinaora.com
Vevay,Souza,vsouzacw@businessinsider.com
Darcee,Ickowics,dickowicscx@myspace.com
Tanney,Benninck,tbenninckcy@infoseek.co.jp
Leeland,Hartburn,lhartburncz@constantcontact.com
Weston,Kemble,wkembled0@elpais.com
Kaylyn,Feyer,kfeyerd1@ca.gov
Merle,Thwaites,mthwaitesd2@webs.com
Celinda,Sitlington,csitlingtond3@telegraph.co.uk
Augustus,Dewis,adewisd4@geocities.com
Algernon,Tomes,atomesd5@theatlantic.com
Israel,Low,ilowd6@cdbaby.com
Lynnett,Kemery,lkemeryd7@nsw.gov.au
Austin,Paull,apaulld8@spotify.com
Kristos,Horsted,khorstedd9@aboutads.info
Ede,Waryk,ewarykda@sciencedaily.com
Ashby,Buswell,abuswelldb@yellowpages.com
Harri,Ciciura,hciciuradc@creativecommons.org
Penni,Hirth,phirthdd@wordpress.com
Rodney,McCole,rmccolede@dion.ne.jp
Manda,Fetters,mfettersdf@nbcnews.com
Free,Felder,ffelderdg@trellian.com
Hyacinthe,Bagwell,hbagwelldh@weather.com
Georgiana,Marchment,gmarchmentdi@nhs.uk
Merrily,Wattingham,mwattinghamdj@pbs.org
Inglebert,Baughan,ibaughandk@dion.ne.jp
Bar,Eshmade,beshmadedl@nymag.com
Ula,Pashley,upashleydm@weather.com
Eadmund,Vasilenko,evasilenkodn@slideshare.net
Rockie,Sutty,rsuttydo@oracle.com
Lucais,Klouz,lklouzdp@google.pl
Lexis,Snoddon,lsnoddondq@newsvine.com
Cyndie,Greenrodd,cgreenrodddr@bloomberg.com
Filide,Woolsey,fwoolseyds@mapquest.com
Tallie,Roulston,troulstondt@macromedia.com
Aharon,Crimmins,acrimminsdu@altervista.org
Darelle,Petrov,dpetrovdv@addtoany.com
Johan,MacIlurick,jmacilurickdw@bigcartel.com
Aurlie,McKelvey,amckelveydx@oaic.gov.au
Carolynn,Korneichik,ckorneichikdy@sakura.ne.jp
May,Cookney,mcookneydz@360.cn
Lesly,Pentycross,lpentycrosse0@yahoo.co.jp
Elita,Antoniazzi,eantoniazzie1@comsenz.com
Elinor,Sainthill,esainthille2@behance.net
Erie,Staines,estainese3@google.pl
Jocelin,Goodbourn,jgoodbourne4@google.pl
Jennette,Gerrans,jgerranse5@yellowbook.com
Salomon,Cayette,scayettee6@comcast.net
Rachelle,Woodhead,rwoodheade7@hc360.com
Homerus,Hagan,hhagane8@linkedin.com
Dorice,Wainwright,dwainwrighte9@aboutads.info
Lisabeth,Corneck,lcorneckea@zimbio.com
Alvy,Jefferies,ajefferieseb@pinterest.com
Evan,Ackenhead,eackenheadec@hao123.com
Derwin,Hadaway,dhadawayed@webmd.com
Jan,Palffrey,jpalffreyee@bandcamp.com
Cheston,Bletcher,cbletcheref@biblegateway.com
Iorgos,Blakeney,iblakeneyeg@google.cn
Kiri,Jagels,kjagelseh@samsung.com
Georgianna,Wickrath,gwickrathei@irs.gov
Donna,Carillo,dcarilloej@livejournal.com
Vittorio,Maunders,vmaundersek@ca.gov
Kate,Domonkos,kdomonkosel@marriott.com
Berthe,Rochewell,brochewellem@toplist.cz
Guinna,Copping,gcoppingen@smugmug.com
Hyatt,Pinckney,hpinckneyeo@yahoo.com
Catriona,Haddick,chaddickep@yahoo.com
Leoine,Burkinshaw,lburkinshaweq@whitehouse.gov
Babara,Chuter,bchuterer@yellowbook.com
Lorrin,Gladbeck,lgladbeckes@bbc.co.uk
Mike,Valsler,mvalsleret@hc360.com
Walsh,Hatherall,whatheralleu@i2i.jp
Lucais,Aleksankin,laleksankinev@newyorker.com
Annabelle,Dagg,adaggew@fotki.com
Alexandro,Fancett,afancettex@github.io
Sawyere,Prebble,sprebbleey@pen.io
Merrick,Currell,mcurrellez@cpanel.net
Demott,Heasly,dheaslyf0@nydailynews.com
Tyson,Duggary,tduggaryf1@spotify.com
Micaela,Ebbutt,mebbuttf2@1und1.de
Twila,Attrey,tattreyf3@oaic.gov.au
Curtis,Winchcomb,cwinchcombf4@yandex.ru
Panchito,Coste,pcostef5@unc.edu
Bing,Jacqueme,bjacquemef6@slate.com
Almeta,Jandak,ajandakf7@bigcartel.com
Malissa,Mulheron,mmulheronf8@kickstarter.com
Angelico,Lombard,alombardf9@washington.edu
Ainslee,Wareing,awareingfa@google.ru
Brynne,Hallybone,bhallybonefb@prlog.org
Marillin,Keeley,mkeeleyfc@friendfeed.com
Pembroke,Doody,pdoodyfd@stanford.edu
Halimeda,Shord,hshordfe@cyberchimps.com
Betti,Dufer,bduferff@google.co.uk
Didi,Berens,dberensfg@tiny.cc
Myer,Fenty,mfentyfh@cmu.edu
Lethia,Mattingson,lmattingsonfi@wikimedia.org
Wake,Bendelow,wbendelowfj@accuweather.com
Thibaud,Libbey,tlibbeyfk@cbslocal.com
Stephine,Rean,sreanfl@alexa.com
Izzy,Bonnavant,ibonnavantfm@illinois.edu
Malina,Meneely,mmeneelyfn@microsoft.com
Christal,Cometto,ccomettofo@army.mil
Kellen,Barnish,kbarnishfp@jugem.jp
Silvie,Cowoppe,scowoppefq@nba.com
Binni,Wibberley,bwibberleyfr@comcast.net
Arvy,Pinchbeck,apinchbeckfs@parallels.com
Joshua,Baldam,jbaldamft@xrea.com
Audrey,Matuszyk,amatuszykfu@umich.edu
Cherin,Paddie,cpaddiefv@oaic.gov.au
Theodore,Hutchence,thutchencefw@nba.com
Leeland,O'Kinneally,lokinneallyfx@digg.com
Burty,Theodoris,btheodorisfy@multiply.com
Earlie,Barus,ebarusfz@mapy.cz
Odilia,MacEllen,omacelleng0@wsj.com
Ardenia,Reisenstein,areisensteing1@ezinearticles.com
Pier,Danilyuk,pdanilyukg2@woothemes.com
Omero,Loughton,oloughtong3@cargocollective.com
Arthur,Blunsen,ablunseng4@sina.com.cn
Osborne,Hatfield,ohatfieldg5@irs.gov
Donnie,Megainey,dmegaineyg6@yahoo.co.jp
Deloria,Masdon,dmasdong7@google.ru
Con,Grayley,cgrayleyg8@blinklist.com
Deborah,Chilton,dchiltong9@nature.com
Eva,Trasler,etraslerga@youku.com
Nike,MacGinlay,nmacginlaygb@cloudflare.com
Bell,Castellanos,bcastellanosgc@seattletimes.com
Merilee,Anstie,manstiegd@google.com.au
Johannes,Walenta,jwalentage@usatoday.com
Dennet,Bierman,dbiermangf@shinystat.com
Loy,Goodred,lgoodredgg@tumblr.com
Rachelle,Sedwick,rsedwickgh@mozilla.org
Rochette,Critcher,rcritchergi@tuttocitta.it
Joni,McMenamie,jmcmenamiegj@twitter.com
Melisandra,Broyd,mbroydgk@people.com.cn
Lisette,Blandamore,lblandamoregl@cnet.com
Winston,Bolwell,wbolwellgm@sciencedaily.com
Prince,Hubback,phubbackgn@google.de
Walt,Kauschke,wkauschkego@reverbnation.com
Weider,Rentalll,wrentalllgp@buzzfeed.com
Helyn,Toulson,htoulsongq@bbc.co.uk
Donal,Kernar,dkernargr@foxnews.com
Adrienne,Gudge,agudgegs@wisc.edu
Aldous,Yeudall,ayeudallgt@smugmug.com
Deni,Anthiftle,danthiftlegu@harvard.edu
Rosaleen,Kershow,rkershowgv@ted.com
Roxy,Glover,rglovergw@phpbb.com
Modesta,Havesides,mhavesidesgx@mit.edu
Manon,Heffy,mheffygy@over-blog.com
Celesta,Charette,ccharettegz@github.com
Verna,Dudin,vdudinh0@cnet.com
Hermia,Howson,hhowsonh1@symantec.com
Alice,Biermatowicz,abiermatowiczh2@dropbox.com
Marillin,Mardee,mmardeeh3@odnoklassniki.ru
Jeanine,Goulbourn,jgoulbournh4@odnoklassniki.ru
Bee,Mellings,bmellingsh5@forbes.com
Odele,Heinke,oheinkeh6@123-reg.co.uk
Darleen,Harrod,dharrodh7@fema.gov
Mona,Gilpin,mgilpinh8@shinystat.com
Donnajean,Langtree,dlangtreeh9@mapquest.com
Skip,Gebbe,sgebbeha@spotify.com
Anastassia,Dikle,adiklehb@newsvine.com
Olivia,Asp,oasphc@uol.com.br
Elden,Gaythwaite,egaythwaitehd@theguardian.com
Karl,St. Clair,kstclairhe@yandex.ru
Merissa,Di Pietro,mdipietrohf@alexa.com
Salmon,Dimitrescu,sdimitrescuhg@nih.gov
Barb,Ive,bivehh@lycos.com
Finn,Stellin,fstellinhi@deliciousdays.com
Bobette,Loughead,blougheadhj@dion.ne.jp
Langsdon,Wraight,lwraighthk@pinterest.com
Caresa,Czapla,cczaplahl@businessinsider.com
Blaine,Jamme,bjammehm@wisc.edu
Laura,Drew,ldrewhn@linkedin.com
Ettore,Halpin,ehalpinho@webnode.com
Griselda,Geator,ggeatorhp@umn.edu
Del,Charpling,dcharplinghq@google.ca
Frasco,Tarquini,ftarquinihr@shop-pro.jp
Karie,Covotti,kcovottihs@mysql.com
Dedra,Josifovitz,djosifovitzht@army.mil
Bibbie,Pulman,bpulmanhu@guardian.co.uk
Bird,Lamplough,blamploughhv@ucsd.edu
Byram,Cowen,bcowenhw@wp.com
Tracey,Rekes,trekeshx@redcross.org
Glendon,Corselles,gcorselleshy@fastcompany.com
Tobi,Hacon,thaconhz@hexun.com
Frazier,Hastie,fhastiei0@msu.edu
Brier,Toomey,btoomeyi1@google.it
Ashlie,Luno,alunoi2@buzzfeed.com
Caryl,Arblaster,carblasteri3@myspace.com
Clarita,Manueli,cmanuelii4@fotki.com
Garek,Houdhury,ghoudhuryi5@cam.ac.uk
Nichols,Wardhough,nwardhoughi6@cdbaby.com
Deni,Humphris,dhumphrisi7@google.com.hk
Rosabelle,Hunton,rhuntoni8@umn.edu
Stacee,Broadbridge,sbroadbridgei9@eventbrite.com
Celia,McKintosh,cmckintoshia@multiply.com
Nannie,Kinder,nkinderib@mlb.com
Jermain,Frarey,jfrareyic@ehow.com
Reid,Clapshaw,rclapshawid@sun.com
Jorge,Jewell,jjewellie@google.cn
Hatty,Ivankovic,hivankovicif@mail.ru
Marni,Mishaw,mmishawig@boston.com
Stirling,Paice,spaiceih@example.com
Leicester,Eim,leimii@globo.com
Susi,Gricewood,sgricewoodij@is.gd
Hedi,Ranfield,hranfieldik@deliciousdays.com
Loretta,Morales,lmoralesil@irs.gov
Welsh,Dullingham,wdullinghamim@amazon.co.uk
Susette,Slowly,sslowlyin@foxnews.com
Elijah,Bimrose,ebimroseio@nasa.gov
Odelia,Curedell,ocuredellip@ebay.co.uk
Melita,Hearnden,mhearndeniq@usa.gov
Aeriel,Langman,alangmanir@diigo.com
Tonie,Pellingar,tpellingaris@stanford.edu
Clayborne,Scopyn,cscopynit@forbes.com
Brander,Morrant,bmorrantiu@cbc.ca
Budd,Kleanthous,bkleanthousiv@smh.com.au
Jo ann,Trahair,jtrahairiw@smh.com.au
Nolly,Weinham,nweinhamix@prnewswire.com
Vanna,Olivelli,volivelliiy@spiegel.de
Tine,Hedden,theddeniz@mashable.com
Blair,Maydway,bmaydwayj0@pinterest.com
Ethelred,Suddick,esuddickj1@howstuffworks.com
Stanislaw,Giacomoni,sgiacomonij2@51.la
Mikol,Coughlan,mcoughlanj3@vimeo.com
Orv,Brands,obrandsj4@washingtonpost.com
Oates,Basilone,obasilonej5@aol.com
Zonnya,Davio,zdavioj6@go.com
Queenie,Clout,qcloutj7@canalblog.com
Halsey,Ussher,hussherj8@uol.com.br
Colin,Azam,cazamj9@miibeian.gov.cn
Daveta,BoHlingolsen,dbohlingolsenja@prlog.org
Darsey,Brunton,dbruntonjb@wordpress.org
Fairleigh,Pattie,fpattiejc@e-recht24.de
Mohammed,Strethill,mstrethilljd@ed.gov
Mommy,Dablin,mdablinje@thetimes.co.uk
Carlin,Brabben,cbrabbenjf@fc2.com
Jodie,Ruse,jrusejg@slideshare.net
Aubert,Putman,aputmanjh@fc2.com
Alyce,Luckin,aluckinji@huffingtonpost.com
Even,Faiers,efaiersjj@shutterfly.com
Cybill,Berthome,cberthomejk@typepad.com
Freeland,Bailie,fbailiejl@timesonline.co.uk
Jocelin,Brandacci,jbrandaccijm@dedecms.com
Raddy,Clout,rcloutjn@smh.com.au
Rolando,Martynov,rmartynovjo@booking.com
Roshelle,Shillabeare,rshillabearejp@altervista.org
Inez,Heinish,iheinishjq@clickbank.net
Dorolice,Bromfield,dbromfieldjr@nifty.com
Esther,Gilvear,egilvearjs@slate.com
Hallie,Braxton,hbraxtonjt@scientificamerican.com
Melisandra,Bellino,mbellinoju@paypal.com
Jake,Sealeaf,jsealeafjv@cornell.edu
Nydia,Polley,npolleyjw@mac.com
Xenia,Drinkall,xdrinkalljx@lycos.com
Margaretta,Thinn,mthinnjy@canalblog.com
Garrot,Chene,gchenejz@surveymonkey.com
Corliss,De Hailes,cdehailesk0@mayoclinic.com
Lilla,Lichtfoth,llichtfothk1@fastcompany.com
Evangelia,Tyrie,etyriek2@cbslocal.com
Wenona,Hadleigh,whadleighk3@unblog.fr
Arvy,Goscomb,agoscombk4@nhs.uk
Nanon,Kik,nkikk5@newyorker.com
Junette,Skatcher,jskatcherk6@paginegialle.it
Kalil,Mauchlen,kmauchlenk7@fotki.com
Kala,Ham,khamk8@berkeley.edu
Roderigo,Emmins,remminsk9@hatena.ne.jp
Currey,Toretta,ctorettaka@wordpress.com
Delphine,Staniforth,dstaniforthkb@i2i.jp
Christie,Couronne,ccouronnekc@shutterfly.com
Donielle,Ditt,ddittkd@sina.com.cn
Alden,Dunstan,adunstanke@dailymotion.com
Alethea,Makepeace,amakepeacekf@oracle.com
Mandie,Perott,mperottkg@tuttocitta.it
Georgina,Dumbreck,gdumbreckkh@webnode.com
Linette,Enderle,lenderleki@nytimes.com
Rriocard,Tace,rtacekj@squarespace.com
Willa,Akister,wakisterkk@businessweek.com
Grantham,Decayette,gdecayettekl@tmall.com
Herculie,Hardacre,hhardacrekm@rakuten.co.jp
Klemens,Heiss,kheisskn@jigsy.com
Gussie,Blackesland,gblackeslandko@gov.uk
Marnie,Redgrove,mredgrovekp@microsoft.com
Hollyanne,Eyckel,heyckelkq@quantcast.com
Jedidiah,Van Arsdalen,jvanarsdalenkr@networkadvertising.org
Marjorie,Cartlidge,mcartlidgeks@dell.com
Ellsworth,Bertelsen,ebertelsenkt@joomla.org
Cicily,Arington,caringtonku@redcross.org
Arne,Ganny,agannykv@shutterfly.com
Royall,Cadd,rcaddkw@360.cn
Lyndel,Fassbindler,lfassbindlerkx@sogou.com
Luciano,Durnin,ldurninky@xing.com
Leonie,Parkinson,lparkinsonkz@wordpress.com
Joby,Stanluck,jstanluckl0@ehow.com
Romona,Chicken,rchickenl1@jalbum.net
Jeni,Zimek,jzimekl2@angelfire.com
Ann,Phipson,aphipsonl3@nhs.uk
Cherie,Ewdale,cewdalel4@ezinearticles.com
Joane,Delahunty,jdelahuntyl5@behance.net
Gilberte,Possek,gpossekl6@slashdot.org
Cris,Tomasoni,ctomasonil7@illinois.edu
Jaquenetta,Wackly,jwacklyl8@epa.gov
Sean,Shakspeare,sshakspearel9@bbb.org
Raphael,Crimin,rcriminla@cbsnews.com
Ailene,Davenell,adavenelllb@independent.co.uk
Edita,Edgington,eedgingtonlc@usgs.gov
Leo,Doy,ldoyld@timesonline.co.uk
Eydie,Van Niekerk,evanniekerkle@google.cn
Clare,Tuckey,ctuckeylf@cmu.edu
Ashla,Uden,audenlg@sfgate.com
Herby,Hackford,hhackfordlh@aboutads.info
Elvera,Goldbourn,egoldbournli@foxnews.com
Jaquelyn,Duell,jduelllj@stanford.edu
Darci,Cherry Holme,dcherryholmelk@cocolog-nifty.com
Winnie,Quirke,wquirkell@bloglines.com
Heinrick,Petit,hpetitlm@moonfruit.com
Blayne,Zelland,bzellandln@cafepress.com
Melvin,Lathom,mlathomlo@weibo.com
Darryl,Obey,dobeylp@accuweather.com
Giovanna,Burnel,gburnellq@comsenz.com
Charita,Houchin,chouchinlr@wikispaces.com
Milt,Dufaur,mdufaurls@globo.com
Seward,Corradino,scorradinolt@pcworld.com
Christiane,Kalinsky,ckalinskylu@scientificamerican.com
Fee,Lassen,flassenlv@facebook.com
Derrik,McCarry,dmccarrylw@eventbrite.com
Kristina,Pyffe,kpyffelx@drupal.org
Gardiner,Dikels,gdikelsly@flavors.me
Sunny,Casillas,scasillaslz@flickr.com
Reinold,Meecher,rmeecherm0@theglobeandmail.com
Katrine,De Bernardis,kdebernardism1@gravatar.com
Crystie,Johansson,cjohanssonm2@nyu.edu
Marvin,McCaughan,mmccaughanm3@histats.com
Aurelia,Hortop,ahortopm4@columbia.edu
Morgan,Crowley,mcrowleym5@nydailynews.com
Astra,Whitney,awhitneym6@gnu.org
Raf,Tanner,rtannerm7@uiuc.edu
Brana,D'Oyley,bdoyleym8@plala.or.jp
Bron,Brennen,bbrennenm9@t-online.de
Nev,Rupel,nrupelma@umich.edu
Denys,Stallebrass,dstallebrassmb@dailymail.co.uk
Phillis,Gutcher,pgutchermc@ebay.com
Michele,Raybould,mraybouldmd@artisteer.com
Ignace,Olrenshaw,iolrenshawme@go.com
Shirlee,Bear,sbearmf@wunderground.com
Chane,Doward,cdowardmg@fema.gov
Tamarra,Divell,tdivellmh@tmall.com
Gar,Athy,gathymi@alexa.com
Patrica,Brawson,pbrawsonmj@marketwatch.com
Prisca,Runge,prungemk@time.com
Madonna,Glassopp,mglassoppml@smh.com.au
Fabiano,Nelthorp,fnelthorpmm@smugmug.com
Rosabelle,Dysert,rdysertmn@ibm.com
Abie,Jotcham,ajotchammo@vistaprint.com
Hailee,Robjant,hrobjantmp@example.com
Drucill,Ochterlony,dochterlonymq@livejournal.com
Inger,Buzine,ibuzinemr@liveinternet.ru
Keenan,Grunnill,kgrunnillms@phoca.cz
Laurena,Bowton,lbowtonmt@skype.com
Liane,Patemore,lpatemoremu@flavors.me
Sawyere,Lidell,slidellmv@narod.ru
Benny,Syder,bsydermw@indiatimes.com
Gus,Furber,gfurbermx@a8.net
Charmain,Oliphard,coliphardmy@admin.ch
Shelly,Charrisson,scharrissonmz@economist.com
Marillin,Olivetti,molivettin0@cbsnews.com
Cameron,January,cjanuaryn1@blinklist.com
Elvina,Kinningley,ekinningleyn2@opera.com
Wilek,Downie,wdownien3@cafepress.com
Aubine,Lemary,alemaryn4@infoseek.co.jp
Carri,Whitlaw,cwhitlawn5@craigslist.org
Fay,Tarquinio,ftarquinion6@mashable.com
Martin,Hynes,mhynesn7@photobucket.com
Shaine,Clere,scleren8@cdc.gov
Dana,Witton,dwittonn9@google.com
Frans,Gotch,fgotchna@elegantthemes.com
Daryle,Smitten,dsmittennb@istockphoto.com
Andre,Robbey,arobbeync@businessinsider.com
Haley,Clyde,hclydend@miibeian.gov.cn
Dan,Lening,dleningne@miitbeian.gov.cn
Flory,Fewlass,ffewlassnf@dropbox.com
Marlin,Fenkel,mfenkelng@webnode.com
Philbert,Donnelly,pdonnellynh@nifty.com
Ethe,Carlyon,ecarlyonni@marriott.com
Tracy,Muckle,tmucklenj@time.com
Barnaby,Batham,bbathamnk@hugedomains.com
Monty,Riggey,mriggeynl@irs.gov
Milt,Eannetta,meannettanm@ca.gov
Denni,Rotte,drottenn@cbslocal.com
Ardys,Brugden,abrugdenno@comsenz.com
Corbett,Colchett,ccolchettnp@tamu.edu
Junia,Di Giorgio,jdigiorgionq@t-online.de
Anselma,Ewers,aewersnr@shop-pro.jp
Denney,Hatley,dhatleyns@techcrunch.com
Farlay,Spraberry,fspraberrynt@buzzfeed.com
Dom,Crim,dcrimnu@canalblog.com
Jolee,Alibone,jalibonenv@mashable.com
Sibylla,Bradwell,sbradwellnw@vimeo.com
Shalne,Brosini,sbrosininx@rediff.com
Bertie,Eales,bealesny@ameblo.jp
Veronica,Realy,vrealynz@statcounter.com
Cissiee,Quesne,cquesneo0@diigo.com
Daryle,Duprey,ddupreyo1@lycos.com
Leroy,Ionnidis,lionnidiso2@opera.com
Pierre,McIlheran,pmcilherano3@pen.io
Meridith,Mc Gaughey,mmcgaugheyo4@posterous.com
Coralyn,Ryley,cryleyo5@patch.com
Odell,Harlett,oharletto6@fema.gov
Katti,O'Leagham,koleaghamo7@meetup.com
Dorolice,McVicar,dmcvicaro8@scientificamerican.com
Neely,Claris,nclariso9@w3.org
Nev,Braithwait,nbraithwaitoa@ted.com
Shanan,Oda,sodaob@bbc.co.uk
Constantine,Plevey,cpleveyoc@army.mil
Hagan,Alkin,halkinod@linkedin.com
Hurleigh,Ballister,hballisteroe@slashdot.org
Genna,Deverock,gdeverockof@independent.co.uk
Vance,McTrustam,vmctrustamog@businessinsider.com
Tybi,Hanley,thanleyoh@dot.gov
Noelyn,Jelk,njelkoi@instagram.com
Georgy,McCarlich,gmccarlichoj@mlb.com
Mitch,Stephens,mstephensok@accuweather.com
Marcelline,Rillett,mrillettol@reverbnation.com
Angie,Tebald,atebaldom@google.it
Alexandros,Wandrach,awandrachon@xrea.com
Benita,Chawner,bchawneroo@cloudflare.com
Zachary,Darrow,zdarrowop@ask.com
Danita,Ranscomb,dranscomboq@thetimes.co.uk
Shanie,Bulter,sbulteror@xing.com
Otho,Marnes,omarnesos@gizmodo.com
Mohandas,Katt,mkattot@hostgator.com
Michale,Remirez,mremirezou@ucla.edu
Norrie,Rymill,nrymillov@usnews.com
Ingeberg,Rintoul,irintoulow@indiatimes.com
Ivory,Kundt,ikundtox@ca.gov
Marcelline,Dwelley,mdwelleyoy@uol.com.br
Hyacinthe,Bazely,hbazelyoz@phoca.cz
Joelie,Darnody,jdarnodyp0@home.pl
Hazel,Fetherston,hfetherstonp1@cdbaby.com
Eustace,Brugden,ebrugdenp2@example.com
Wyn,Brayfield,wbrayfieldp3@comcast.net
Sybila,Becarra,sbecarrap4@wix.com
Raquel,Tondeur,rtondeurp5@vistaprint.com
Abba,Stollman,astollmanp6@acquirethisname.com
Nathaniel,Moggan,nmogganp7@who.int
Grata,Munehay,gmunehayp8@angelfire.com
Elvis,Lanfear,elanfearp9@smugmug.com
Lalo,Kubanek,lkubanekpa@unicef.org
Natty,Cameli,ncamelipb@go.com
Marline,Swainger,mswaingerpc@phoca.cz
Verile,Erik,verikpd@webmd.com
Maximo,Robertson,mrobertsonpe@yahoo.com
Emmet,Davidovics,edavidovicspf@barnesandnoble.com
Denis,McKeown,dmckeownpg@simplemachines.org
Burgess,Beswell,bbeswellph@myspace.com
Coral,Payle,cpaylepi@wp.com
Jeremiah,Checci,jcheccipj@reuters.com
Maynard,Davys,mdavyspk@businessinsider.com
Mavra,Barti,mbartipl@usatoday.com
Gilbertine,Keppel,gkeppelpm@tiny.cc
Katharyn,Purseglove,kpurseglovepn@qq.com
Liam,Carress,lcarresspo@elpais.com
Felizio,Coryndon,fcoryndonpp@discuz.net
Siouxie,Klaff,sklaffpq@opera.com
Abigail,Rootes,arootespr@wordpress.com
Edvard,Beeck,ebeeckps@privacy.gov.au
Tommie,Balkwill,tbalkwillpt@telegraph.co.uk
Andras,Firk,afirkpu@china.com.cn
Eddie,Elcombe,eelcombepv@patch.com
Flor,Ogilvie,fogilviepw@thetimes.co.uk
Jojo,Feasley,jfeasleypx@barnesandnoble.com
Minerva,Beeble,mbeeblepy@mashable.com
Dita,Downage,ddownagepz@freewebs.com
Eula,Howorth,ehoworthq0@linkedin.com
Cindee,Keynd,ckeyndq1@craigslist.org
Hube,Chellam,hchellamq2@chicagotribune.com
Lurette,Planks,lplanksq3@ovh.net
Claudian,Pirot,cpirotq4@blog.com
Sybille,Keenor,skeenorq5@unc.edu
Sue,Gully,sgullyq6@dagondesign.com
Luelle,Crewes,lcrewesq7@seattletimes.com
Patricia,Hawkridge,phawkridgeq8@a8.net
Alan,Glencorse,aglencorseq9@dailymail.co.uk
Orville,Anthill,oanthillqa@newyorker.com
Nanny,Culshew,nculshewqb@businesswire.com
Jillie,Coysh,jcoyshqc@biblegateway.com
Pietra,Duckerin,pduckerinqd@nydailynews.com
Rozelle,Nathan,rnathanqe@yahoo.co.jp
Coralie,Leahy,cleahyqf@lulu.com
Baily,Label,blabelqg@hc360.com
Nickie,Limerick,nlimerickqh@baidu.com
Kati,Jopp,kjoppqi@dell.com
Damien,Fraanchyonok,dfraanchyonokqj@wordpress.org
Winslow,Bockh,wbockhqk@free.fr
Yorgo,Maybery,ymayberyql@hc360.com
Malinde,Bilfoot,mbilfootqm@unblog.fr
Justis,Dumingos,jdumingosqn@arstechnica.com
Temple,Hamal,thamalqo@bloglines.com
Maudie,Abbate,mabbateqp@lycos.com
Marilin,Dell Casa,mdellcasaqq@yahoo.co.jp
Kristal,Delcastel,kdelcastelqr@deviantart.com
Brewster,Bartaletti,bbartalettiqs@comsenz.com
Dore,Brou,dbrouqt@cdc.gov
Mady,Forrestill,mforrestillqu@ted.com
Ed,Jakov,ejakovqv@nydailynews.com
Yvette,O'Driscole,yodriscoleqw@mac.com
Maitilde,Greatex,mgreatexqx@mapquest.com
Nevin,Lewry,nlewryqy@xinhuanet.com
Nikolas,Jenner,njennerqz@cpanel.net
Glynnis,Khristyukhin,gkhristyukhinr0@linkedin.com
Viviana,Sebert,vsebertr1@mysql.com
Nyssa,Feathers,nfeathersr2@bizjournals.com
Georgianne,Clutterham,gclutterhamr3@hao123.com
Ingrim,Quartermain,iquartermainr4@google.de
Dinnie,Greenroyd,dgreenroydr5@fema.gov
Sabina,Nisuis,snisuisr6@amazon.co.jp
Dena,M'Chirrie,dmchirrier7@google.co.jp
Dawna,Griniov,dgriniovr8@msu.edu
Aggie,Note,anoter9@cpanel.net
Natala,Fulham,nfulhamra@prlog.org
Terence,Kielt,tkieltrb@oaic.gov.au
Sandro,Monaghan,smonaghanrc@edublogs.org
Jayne,Vamplers,jvamplersrd@google.pl
Giulia,Lammerding,glammerdingre@china.com.cn
Loella,Bilverstone,lbilverstonerf@disqus.com
Colly,Arney,carneyrg@scientificamerican.com
Eolande,Hasnip,ehasniprh@un.org
Ilysa,Menendez,imenendezri@cpanel.net
Camella,Philpott,cphilpottrj@youtu.be
Missie,Queree,mquereerk@xinhuanet.com
Cecilla,Depport,cdepportrl@va.gov
Prissie,Dogerty,pdogertyrm@nsw.gov.au
Mora,Gossart,mgossartrn@blog.com
Brander,Dovey,bdoveyro@nasa.gov
Vanessa,Michallat,vmichallatrp@godaddy.com
Suzie,Robiot,srobiotrq@usgs.gov
Grier,Slowly,gslowlyrr@ustream.tv
