id,first_name,last_name,email
1,Brittne,Lee,blee0@google.ru
2,Stephi,Hamshaw,shamshaw1@cafepress.com
3,Barbabra,Dochon,bdochon2@dion.ne.jp
4,Rozanna,Skelding,rskelding3@salon.com
5,Gratia,Yurlov,gyurlov4@sina.com.cn
6,Rupert,Alexandersen,ralexandersen5@smh.com.au
7,Ema,Pillans,epillans6@parallels.com
8,Leo,Phant,lphant7@princeton.edu
9,Opalina,Goodin,ogoodin8@uiuc.edu
10,Gleda,Ebhardt,gebhardt9@yellowbook.com
11,Onfroi,Byard,obyarda@squidoo.com
12,Marty,Gutcher,mgutcherb@va.gov
13,Rossy,Gallaway,rgallawayc@census.gov
14,Mayne,Wathan,mwathand@mac.com
15,Griffy,Austins,gaustinse@dmoz.org
16,Rachele,Ruffle,rrufflef@topsy.com
17,Gwendolyn,MacVaugh,gmacvaughg@weather.com
18,Delinda,McCaffrey,dmccaffreyh@tripod.com
19,Joannes,Farndon,jfarndoni@google.com
20,Jean,Lorait,jloraitj@wp.com
21,Hillary,Rubinovitsch,hrubinovitschk@storify.com
22,Kerri,Abdie,kabdiel@mozilla.org
23,Zechariah,Allonby,zallonbym@mapy.cz
24,Joshuah,Gailor,jgailorn@msu.edu
25,Antony,Betz,abetzo@buzzfeed.com
26,Ban,Christauffour,bchristauffourp@dyndns.org
27,Layton,Kubatsch,lkubatschq@miitbeian.gov.cn
28,Conny,Dorling,cdorlingr@slate.com
29,Sam,Walkley,swalkleys@deliciousdays.com
30,Danya,Manuelli,dmanuellit@marriott.com
31,May,Collip,mcollipu@webmd.com
32,Jeri,O'Crevan,jocrevanv@disqus.com
33,Dana,McTague,dmctaguew@free.fr
34,Arni,Belone,abelonex@4shared.com
35,Katine,Payler,kpaylery@arstechnica.com
36,Bordie,Shayes,bshayesz@addthis.com
37,Sinclair,Lacy,slacy10@vkontakte.ru
38,Morgen,McKinty,mmckinty11@csmonitor.com
39,Andrea,Di Antonio,adiantonio12@ameblo.jp
40,Tucker,Trimnell,ttrimnell13@prweb.com
41,Harvey,Yakushkev,hyakushkev14@cnet.com
42,Orion,Gentry,ogentry15@hatena.ne.jp
43,Hewet,Coward,hcoward16@telegraph.co.uk
44,Merl,Mummery,mmummery17@usa.gov
45,Neila,Nutty,nnutty18@adobe.com
46,Archy,Fer,afer19@auda.org.au
47,Hy,Skipworth,hskipworth1a@friendfeed.com
48,Noellyn,Ianson,nianson1b@biglobe.ne.jp
49,Catarina,Ogers,cogers1c@360.cn
50,Lilly,Brackley,lbrackley1d@businesswire.com
51,Angy,Fernando,afernando1e@reuters.com
52,Stillmann,Everwin,severwin1f@psu.edu
53,Margalo,Cumming,mcumming1g@php.net
54,Latia,Popelay,lpopelay1h@jimdo.com
55,Shelia,Wincott,swincott1i@paginegialle.it
56,Rowena,Klossmann,rklossmann1j@moonfruit.com
57,Tara,Letham,tletham1k@harvard.edu
58,Ketti,Boraston,kboraston1l@msu.edu
59,Adair,Summerside,asummerside1m@aol.com
60,Enrique,Faustian,efaustian1n@columbia.edu
61,Ardisj,Symington,asymington1o@bravesites.com
62,Yuri,Odgaard,yodgaard1p@vimeo.com
63,Dion,Lambole,dlambole1q@upenn.edu
64,Danila,Ferguson,dferguson1r@canalblog.com
65,Issiah,Ambrose,iambrose1s@google.com.br
66,Bord,Bonifacio,bbonifacio1t@angelfire.com
67,Rani,Chadd,rchadd1u@cnn.com
68,Lyn,Twist,ltwist1v@vistaprint.com
69,Isobel,Huxley,ihuxley1w@reverbnation.com
70,Claudell,Leed,cleed1x@elegantthemes.com
71,Cyndy,Fortnum,cfortnum1y@aboutads.info
72,Sheelagh,Loding,sloding1z@forbes.com
73,Eva,Montford,emontford20@spiegel.de
74,Hetty,Gladwish,hgladwish21@ocn.ne.jp
75,Laurella,Devanny,ldevanny22@dailymail.co.uk
76,Diandra,Cuniam,dcuniam23@jimdo.com
77,Milka,Northcliffe,mnorthcliffe24@vistaprint.com
78,Mar,Bedrosian,mbedrosian25@virginia.edu
79,Ricky,Szimoni,rszimoni26@hexun.com
80,Luci,Smallthwaite,lsmallthwaite27@intel.com
81,Emilio,Eouzan,eeouzan28@histats.com
82,Rocky,Shead,rshead29@sfgate.com
83,Kessiah,Bardwell,kbardwell2a@huffingtonpost.com
84,Glennie,Poznan,gpoznan2b@rambler.ru
85,Jane,Gallaher,jgallaher2c@twitter.com
86,Adriaens,Pavlasek,apavlasek2d@tuttocitta.it
87,Sadie,Coppo,scoppo2e@newyorker.com
88,Emmit,Brisley,ebrisley2f@mapquest.com
89,Barri,Rearie,brearie2g@clickbank.net
90,Neal,Vanacci,nvanacci2h@globo.com
91,Stanley,Poon,spoon2i@berkeley.edu
92,Midge,Cuffin,mcuffin2j@vk.com
93,Natalina,Andersch,nandersch2k@nbcnews.com
94,Coraline,Beminster,cbeminster2l@freewebs.com
95,Berrie,Lingwood,blingwood2m@dion.ne.jp
96,Murielle,Musicka,mmusicka2n@ca.gov
97,Al,Brewett,abrewett2o@geocities.com
98,Phelia,Dominicacci,pdominicacci2p@ox.ac.uk
99,Brit,Gelsthorpe,bgelsthorpe2q@state.gov
100,Angelita,Gomar,agomar2r@discovery.com
101,Kristofer,Teggin,kteggin2s@yale.edu
102,Loutitia,Seymour,lseymour2t@guardian.co.uk
103,Jolie,Spoward,jspoward2u@shop-pro.jp
104,Alfie,Enocksson,aenocksson2v@ucla.edu
105,Jedediah,Yakobovitz,jyakobovitz2w@topsy.com
106,Finley,Renoden,frenoden2x@shop-pro.jp
107,Locke,Butson,lbutson2y@blogtalkradio.com
108,Danny,Lampard,dlampard2z@slate.com
109,Reeba,Lahrs,rlahrs30@mapy.cz
110,Charo,Vondrach,cvondrach31@howstuffworks.com
111,Levin,Jude,ljude32@de.vu
112,Bob,Clyne,bclyne33@hexun.com
113,Archibaldo,Ludlom,aludlom34@cmu.edu
114,Dan,Daughtry,ddaughtry35@soup.io
115,Bobby,Drees,bdrees36@icio.us
116,Lanette,Stokell,lstokell37@soundcloud.com
117,Catrina,Quarrell,cquarrell38@constantcontact.com
118,Dar,Arrell,darrell39@xing.com
119,Olvan,Betteriss,obetteriss3a@constantcontact.com
120,Aline,Melvin,amelvin3b@bravesites.com
121,Terese,Benyan,tbenyan3c@cyberchimps.com
122,Renault,Satchel,rsatchel3d@comcast.net
123,Mireille,Harbert,mharbert3e@smugmug.com
124,Barrie,Zealander,bzealander3f@dailymail.co.uk
125,Sheeree,Rickaert,srickaert3g@dedecms.com
126,Katti,Dadge,kdadge3h@t.co
127,Kaila,Matczak,kmatczak3i@pinterest.com
128,Blakeley,Cheshir,bcheshir3j@reverbnation.com
129,Bethany,Castleman,bcastleman3k@dyndns.org
130,Ninnetta,Hodgon,nhodgon3l@marriott.com
131,Emelia,Hailey,ehailey3m@home.pl
132,Ilise,Littlemore,ilittlemore3n@163.com
133,Gregorio,Coady,gcoady3o@reuters.com
134,Jeramey,O'Downe,jodowne3p@boston.com
135,Kial,Hayes,khayes3q@wikipedia.org
136,Rourke,Shiers,rshiers3r@opensource.org
137,Carl,Suddock,csuddock3s@yahoo.co.jp
138,Carolann,MacAiline,cmacailine3t@clickbank.net
139,Shawn,Novotni,snovotni3u@sitemeter.com
140,Bogart,Hecks,bhecks3v@japanpost.jp
141,Lyndsie,McAuley,lmcauley3w@usa.gov
142,Tedman,Thornewell,tthornewell3x@yolasite.com
143,Keene,Downton,kdownton3y@sohu.com
144,Winna,Fogden,wfogden3z@webeden.co.uk
145,Annie,Borham,aborham40@prlog.org
146,Stacy,Foulcher,sfoulcher41@typepad.com
147,Christiano,Grishaev,cgrishaev42@spotify.com
148,Husain,Dunphie,hdunphie43@illinois.edu
149,Gloriana,Bettles,gbettles44@usatoday.com
150,Germain,Francombe,gfrancombe45@xing.com
151,Alasteir,Perrott,aperrott46@seesaa.net
152,Ardyth,Mackerel,amackerel47@wikipedia.org
153,Hercule,Stratten,hstratten48@networksolutions.com
154,Hannie,Mullaly,hmullaly49@prnewswire.com
155,Cecilla,Flintiff,cflintiff4a@seesaa.net
156,Jackqueline,Berrick,jberrick4b@mayoclinic.com
157,Zia,Blazejewski,zblazejewski4c@netvibes.com
158,Marylin,Boseley,mboseley4d@angelfire.com
159,Huey,Eyrl,heyrl4e@google.com.au
160,Letti,Glasson,lglasson4f@forbes.com
161,Daveen,Cuvley,dcuvley4g@blinklist.com
162,Cooper,Bedo,cbedo4h@cbsnews.com
163,Karola,Daniell,kdaniell4i@dagondesign.com
164,Isa,Yaxley,iyaxley4j@google.pl
165,Sarge,Furlong,sfurlong4k@xinhuanet.com
166,Eddie,Hargie,ehargie4l@mozilla.com
167,Modesty,Kembrey,mkembrey4m@uiuc.edu
168,Sabra,Delagnes,sdelagnes4n@unc.edu
169,Maribelle,Smeeton,msmeeton4o@shutterfly.com
170,Marni,Mucci,mmucci4p@bing.com
171,Ursala,Nekrews,unekrews4q@storify.com
172,Kris,Draysay,kdraysay4r@devhub.com
173,Margareta,Ploughwright,mploughwright4s@parallels.com
174,Dulciana,Torvey,dtorvey4t@buzzfeed.com
175,Cornela,Philippet,cphilippet4u@yahoo.com
176,Keary,Levins,klevins4v@wordpress.com
177,Athene,Frankema,afrankema4w@gov.uk
178,Hugo,Dingsdale,hdingsdale4x@canalblog.com
179,Martino,Sagrott,msagrott4y@disqus.com
180,Marcellus,Saben,msaben4z@fotki.com
181,Farah,Blaymires,fblaymires50@cdbaby.com
182,Myrta,Domniney,mdomniney51@miitbeian.gov.cn
183,Jori,Showte,jshowte52@smugmug.com
184,Vanna,McMichan,vmcmichan53@google.de
185,Stefanie,Waltering,swaltering54@huffingtonpost.com
186,Marget,Hadgraft,mhadgraft55@slideshare.net
187,Gardy,Taber,gtaber56@bloomberg.com
188,Dicky,Basley,dbasley57@adobe.com
189,Ann-marie,Gibling,agibling58@sfgate.com
190,Thelma,Dumbleton,tdumbleton59@scientificamerican.com
191,Reeta,Cockerell,rcockerell5a@tinypic.com
192,Ines,Brandacci,ibrandacci5b@wiley.com
193,Keane,Wyllis,kwyllis5c@theglobeandmail.com
194,Elmo,Bairstow,ebairstow5d@simplemachines.org
195,Olia,Pendell,opendell5e@ebay.com
196,Juli,Slyvester,jslyvester5f@nature.com
197,Derry,Allmark,dallmark5g@yale.edu
198,Darelle,Parram,dparram5h@mac.com
199,Ardelia,Syson,asyson5i@who.int
200,Sheffy,Carnegie,scarnegie5j@wp.com
201,Derby,Segeswoeth,dsegeswoeth5k@hubpages.com
202,Armin,Clifton,aclifton5l@scribd.com
203,Wilfred,Buzza,wbuzza5m@technorati.com
204,Beverie,Iddenden,biddenden5n@indiatimes.com
205,Ardyce,Gilroy,agilroy5o@360.cn
206,Hasty,Fischer,hfischer5p@webmd.com
207,Rhodia,Margetts,rmargetts5q@parallels.com
208,Arabele,Stanislaw,astanislaw5r@yolasite.com
209,Benedicto,Lagneaux,blagneaux5s@theguardian.com
210,Harwilll,Kusick,hkusick5t@buzzfeed.com
211,Orelle,Lease,olease5u@google.co.jp
212,Abramo,Hanbidge,ahanbidge5v@google.ca
213,Guilbert,Cowland,gcowland5w@multiply.com
214,Graham,Gavahan,ggavahan5x@ebay.co.uk
215,Fayina,Humbles,fhumbles5y@cocolog-nifty.com
216,Scott,Newland,snewland5z@merriam-webster.com
217,Freddi,Matthiae,fmatthiae60@apache.org
218,Jackie,Corinton,jcorinton61@sbwire.com
219,Alvira,McIlmorie,amcilmorie62@yelp.com
220,Jerad,Hearl,jhearl63@canalblog.com
221,Edna,Rawcliff,erawcliff64@slashdot.org
222,Ly,Markussen,lmarkussen65@tripadvisor.com
223,Tiffany,Hingeley,thingeley66@blog.com
224,Jaclin,Cockren,jcockren67@oracle.com
225,Sarita,Pie,spie68@yolasite.com
226,Umberto,Keers,ukeers69@symantec.com
227,Langston,Luigi,lluigi6a@mashable.com
228,Granny,Jelkes,gjelkes6b@yelp.com
229,Dore,Barratt,dbarratt6c@sitemeter.com
230,Gracie,Willes,gwilles6d@wordpress.com
231,Cassandry,Rennicks,crennicks6e@infoseek.co.jp
232,Nathanil,Clist,nclist6f@craigslist.org
233,Florian,Chatwood,fchatwood6g@usnews.com
234,Afton,Sarten,asarten6h@typepad.com
235,Morey,Postlewhite,mpostlewhite6i@who.int
236,Livvy,Danielski,ldanielski6j@stumbleupon.com
237,Fifine,Brickham,fbrickham6k@51.la
238,Early,Ambrogio,eambrogio6l@nbcnews.com
239,Imogene,Vaz,ivaz6m@bluehost.com
240,Aluino,Antonoczyk,aantonoczyk6n@wiley.com
241,Edwina,Rhead,erhead6o@qq.com
242,Carree,Busek,cbusek6p@jugem.jp
243,Gabey,Bauckham,gbauckham6q@is.gd
244,Penni,Morena,pmorena6r@google.com
245,Tucker,Worboys,tworboys6s@whitehouse.gov
246,Ariel,Loveland,aloveland6t@pagesperso-orange.fr
247,Pierrette,Pargent,ppargent6u@discuz.net
248,Quentin,Castagne,qcastagne6v@answers.com
249,Sean,Munson,smunson6w@washington.edu
250,Carling,Falck,cfalck6x@cdbaby.com
251,Raine,Wicklen,rwicklen6y@redcross.org
252,Amalle,Baldelli,abaldelli6z@liveinternet.ru
253,Bart,Trebbett,btrebbett70@mapy.cz
254,Gerri,Lattie,glattie71@cdbaby.com
255,Ashil,Bamford,abamford72@jigsy.com
256,Murdock,Befroy,mbefroy73@mac.com
257,Kristan,Tavener,ktavener74@jimdo.com
258,Quintin,Quirk,qquirk75@sciencedirect.com
259,Faun,Allanson,fallanson76@unblog.fr
260,Amalia,Cobley,acobley77@google.ca
261,Jessa,Caroline,jcaroline78@elegantthemes.com
262,Cheri,Maith,cmaith79@ucsd.edu
263,Amerigo,Boyington,aboyington7a@mlb.com
264,Yancey,Syms,ysyms7b@so-net.ne.jp
265,Kahlil,MacMeanma,kmacmeanma7c@unblog.fr
266,Filberto,Beever,fbeever7d@jimdo.com
267,Coriss,Shimmans,cshimmans7e@umn.edu
268,Anne,Gilbeart,agilbeart7f@tuttocitta.it
269,Bridgette,Fevier,bfevier7g@nhs.uk
270,Morgan,Skep,mskep7h@nyu.edu
271,Karisa,Corah,kcorah7i@nymag.com
272,Kelcy,Ortzen,kortzen7j@timesonline.co.uk
273,Abby,Predohl,apredohl7k@chronoengine.com
274,Cleve,Pasterfield,cpasterfield7l@youtube.com
275,Idell,Walkley,iwalkley7m@zdnet.com
276,Nariko,Kimbrey,nkimbrey7n@usda.gov
277,Malorie,Caunt,mcaunt7o@craigslist.org
278,Melony,Duiged,mduiged7p@ucoz.com
279,Shaina,Crofthwaite,scrofthwaite7q@si.edu
280,Cara,Shinfield,cshinfield7r@myspace.com
281,Imogen,Busfield,ibusfield7s@ted.com
282,Laureen,Capp,lcapp7t@zimbio.com
283,Wilie,Yakobovicz,wyakobovicz7u@usatoday.com
284,Dill,Cassedy,dcassedy7v@unicef.org
285,Tudor,Quillinane,tquillinane7w@artisteer.com
286,Mercy,Manners,mmanners7x@imdb.com
287,Breena,Musicka,bmusicka7y@slashdot.org
288,Anabelle,Tolworth,atolworth7z@1688.com
289,Barry,Filip,bfilip80@google.fr
290,Maridel,Macconaghy,mmacconaghy81@eventbrite.com
291,Donetta,Nisot,dnisot82@constantcontact.com
292,Corly,Gillingwater,cgillingwater83@fastcompany.com
293,Angus,Bebb,abebb84@domainmarket.com
294,Madelena,Arnfield,marnfield85@washingtonpost.com
295,Far,Raiment,fraiment86@godaddy.com
296,Briggs,Catteroll,bcatteroll87@aol.com
297,Auguste,Dobney,adobney88@cnn.com
298,Taite,Silversmid,tsilversmid89@nhs.uk
299,Hussein,Musla,hmusla8a@dyndns.org
300,Pris,Lorkins,plorkins8b@eepurl.com
301,Sylas,Ouslem,souslem8c@mozilla.org
302,Sutton,Cornbill,scornbill8d@cornell.edu
303,Norri,Durham,ndurham8e@miibeian.gov.cn
304,Pamela,Bainbridge,pbainbridge8f@abc.net.au
305,Alard,Ioannidis,aioannidis8g@nytimes.com
306,Shoshanna,Loyndon,sloyndon8h@fotki.com
307,Orlan,Sodor,osodor8i@gov.uk
308,Bartie,Naper,bnaper8j@spiegel.de
309,Emma,Steeples,esteeples8k@g.co
310,Piotr,Rapa,prapa8l@wordpress.com
311,Michelina,Yeldham,myeldham8m@google.ru
312,Collette,Pierce,cpierce8n@bloglovin.com
313,Coretta,Brotherheed,cbrotherheed8o@wp.com
314,Brock,Napolione,bnapolione8p@engadget.com
315,Stefania,Youell,syouell8q@nymag.com
316,Jolyn,Murrells,jmurrells8r@reuters.com
317,Tommi,Lantaph,tlantaph8s@hc360.com
318,Errick,Cuzen,ecuzen8t@hatena.ne.jp
319,Myrle,Dyter,mdyter8u@apache.org
320,Olwen,Spaxman,ospaxman8v@4shared.com
321,Eveleen,Tatlock,etatlock8w@vk.com
322,Max,McCloughlin,mmccloughlin8x@ehow.com
323,Darius,Dalloway,ddalloway8y@un.org
324,Charissa,Brazier,cbrazier8z@google.com.hk
325,Ynez,Mardee,ymardee90@dion.ne.jp
326,Barth,Lyness,blyness91@unesco.org
327,Goddard,Bullough,gbullough92@posterous.com
328,Colas,Rew,crew93@printfriendly.com
329,Josee,Ketcher,jketcher94@a8.net
330,Winni,Paulou,wpaulou95@accuweather.com
331,Ferdy,Hinsch,fhinsch96@cnet.com
332,Richy,Cockren,rcockren97@unesco.org
333,Gerome,Diaper,gdiaper98@amazon.co.uk
334,Meridel,Klaesson,mklaesson99@narod.ru
335,Sergeant,Neve,sneve9a@weather.com
336,Wallie,Vanichev,wvanichev9b@github.io
337,Hogan,Filchagin,hfilchagin9c@soup.io
338,Warner,Trazzi,wtrazzi9d@free.fr
339,Dulcy,Sember,dsember9e@eepurl.com
340,Micky,Bellefonte,mbellefonte9f@scientificamerican.com
341,Devlin,Vile,dvile9g@techcrunch.com
342,Haskel,Pyke,hpyke9h@wp.com
343,Marisa,Clothier,mclothier9i@exblog.jp
344,Melba,Yurshev,myurshev9j@walmart.com
345,Shirlee,Applebee,sapplebee9k@odnoklassniki.ru
346,Madlen,Lomasney,mlomasney9l@si.edu
347,Rhona,Holdworth,rholdworth9m@about.com
348,Lek,Luxford,lluxford9n@opera.com
349,Roxie,Konig,rkonig9o@nydailynews.com
350,Crosby,Levi,clevi9p@un.org
351,Adey,Persitt,apersitt9q@paginegialle.it
352,Caren,Whiteland,cwhiteland9r@unc.edu
353,Olivette,Marchington,omarchington9s@t.co
354,Daphne,Crownshaw,dcrownshaw9t@google.de
355,Hayden,Shawley,hshawley9u@xrea.com
356,Vlad,Bulman,vbulman9v@wired.com
357,Roderick,Giacobilio,rgiacobilio9w@huffingtonpost.com
358,Byrle,Gerardi,bgerardi9x@cmu.edu
359,Irita,Bogays,ibogays9y@wufoo.com
360,Brigit,Batchan,bbatchan9z@blog.com
361,Jammie,Kettel,jkettela0@eventbrite.com
362,Dominic,Colgrave,dcolgravea1@msu.edu
363,Welsh,Llorente,wllorentea2@theguardian.com
364,Rossy,Towll,rtowlla3@google.co.uk
365,Jeannie,Hacksby,jhacksbya4@bandcamp.com
366,Jami,Gluyus,jgluyusa5@amazon.co.jp
367,Trev,O'dell,todella6@blogger.com
368,Goraud,Detoile,gdetoilea7@de.vu
369,Genovera,Mote,gmotea8@cpanel.net
370,Powell,Dearlove,pdearlovea9@amazon.co.uk
371,Geraldine,Coil,gcoilaa@businessinsider.com
372,Jan,Tuohy,jtuohyab@goodreads.com
373,Leicester,Giorgio,lgiorgioac@nps.gov
374,Korney,Dowderswell,kdowderswellad@mozilla.com
375,Frederich,Lincoln,flincolnae@joomla.org
376,Rora,Empson,rempsonaf@typepad.com
377,Serene,Mablestone,smablestoneag@intel.com
378,Jone,Filippov,jfilippovah@yellowpages.com
379,Cedric,Maypes,cmaypesai@wordpress.com
380,Findley,Riquet,friquetaj@mapy.cz
381,Debor,Eric,dericak@mediafire.com
382,Marcellus,Spavon,mspavonal@cbc.ca
383,Willabella,Ratledge,wratledgeam@youku.com
384,Morgan,Gheerhaert,mgheerhaertan@w3.org
385,Staci,Crosdill,scrosdillao@yolasite.com
386,Hannis,Lofty,hloftyap@kickstarter.com
387,Thea,Folini,tfoliniaq@samsung.com
388,Viviana,Dursley,vdursleyar@ustream.tv
389,Hew,Ruthen,hruthenas@list-manage.com
390,Katalin,Demangeot,kdemangeotat@newyorker.com
391,Yasmeen,Mitie,ymitieau@paginegialle.it
392,Mord,Pittle,mpittleav@geocities.jp
393,Ambros,De Bruin,adebruinaw@163.com
394,Barton,Wynne,bwynneax@ucsd.edu
395,Abram,MacCaull,amaccaullay@ning.com
396,Feliza,Pentycost,fpentycostaz@economist.com
397,Sarah,Parnell,sparnellb0@statcounter.com
398,Kendall,Bedbury,kbedburyb1@instagram.com
399,Pavel,Arnely,parnelyb2@google.com.au
400,Tyson,Forsaith,tforsaithb3@aboutads.info
401,Garry,Beazer,gbeazerb4@usgs.gov
402,Giuseppe,Gilcrist,ggilcristb5@merriam-webster.com
403,Mar,Luciani,mlucianib6@nsw.gov.au
404,Pen,Canedo,pcanedob7@mapy.cz
405,Pier,Dudleston,pdudlestonb8@cpanel.net
406,Tana,Costock,tcostockb9@photobucket.com
407,Gearalt,Argyle,gargyleba@wordpress.org
408,Maureene,Dalgarnocht,mdalgarnochtbb@si.edu
409,Nolie,Dollimore,ndollimorebc@businessinsider.com
410,Ervin,Kummerlowe,ekummerlowebd@csmonitor.com
411,Nikolos,Duchan,nduchanbe@ovh.net
412,Dorine,Cussen,dcussenbf@theguardian.com
413,Luciano,Toppin,ltoppinbg@engadget.com
414,Riki,Waterdrinker,rwaterdrinkerbh@youku.com
415,Barton,Paolotto,bpaolottobi@feedburner.com
416,Clyve,Escofier,cescofierbj@xing.com
417,Bernie,Dyne,bdynebk@apple.com
418,Rosalind,Ableson,rablesonbl@cmu.edu
419,Jilli,Errett,jerrettbm@taobao.com
420,Itch,Surmeir,isurmeirbn@redcross.org
421,Nolan,Martinson,nmartinsonbo@nba.com
422,Hilary,Dobbie,hdobbiebp@unicef.org
423,Annie,Garnar,agarnarbq@4shared.com
424,Olly,Cliffe,ocliffebr@bizjournals.com
425,Tildi,Clifford,tcliffordbs@ustream.tv
426,Rogerio,Saffran,rsaffranbt@scientificamerican.com
427,Caralie,Litchmore,clitchmorebu@mit.edu
428,Gayelord,Baptie,gbaptiebv@nsw.gov.au
429,Isa,Babbidge,ibabbidgebw@edublogs.org
430,Channa,Breckin,cbreckinbx@jugem.jp
431,Thomasin,Miebes,tmiebesby@hexun.com
432,Vincenty,Brownsword,vbrownswordbz@google.pl
433,Maridel,Stopp,mstoppc0@pcworld.com
434,Christen,Shepherdson,cshepherdsonc1@marriott.com
435,Philis,Vittet,pvittetc2@cpanel.net
436,Vale,Pink,vpinkc3@ftc.gov
437,Roley,Darrigrand,rdarrigrandc4@eepurl.com
438,Skylar,Ruffles,srufflesc5@zimbio.com
439,Kelci,Adame,kadamec6@prlog.org
440,Sharron,Crocetti,scrocettic7@cmu.edu
441,Cary,Killelay,ckillelayc8@chronoengine.com
442,Davina,Gregon,dgregonc9@tripadvisor.com
443,Valera,Jennison,vjennisonca@quantcast.com
444,Emmalee,Dudding,eduddingcb@netvibes.com
445,Isobel,Schukraft,ischukraftcc@chicagotribune.com
446,Danni,Reaney,dreaneycd@fema.gov
447,Constantia,Whittleton,cwhittletonce@gnu.org
448,Janaya,Gutch,jgutchcf@japanpost.jp
449,Normy,Gathercole,ngathercolecg@telegraph.co.uk
450,Andres,Radnage,aradnagech@virginia.edu
451,Caz,Lamberteschi,clamberteschici@gnu.org
452,Karola,Boole,kboolecj@uol.com.br
453,Raimund,Tomes,rtomesck@imdb.com
454,Aretha,Carrel,acarrelcl@nydailynews.com
455,Meryl,Vasilevich,mvasilevichcm@shop-pro.jp
456,Rick,Capstaff,rcapstaffcn@hhs.gov
457,Torrin,Fernehough,tfernehoughco@canalblog.com
458,Verna,Birnie,vbirniecp@godaddy.com
459,Bogart,Jesty,bjestycq@vk.com
460,Ricky,Orum,rorumcr@cyberchimps.com
461,Hally,Cribbott,hcribbottcs@cam.ac.uk
462,Oriana,Finley,ofinleyct@cmu.edu
463,Cherianne,Johananov,cjohananovcu@flavors.me
464,Gradey,Takis,gtakiscv@plala.or.jp
465,Jacynth,Colin,jcolincw@blog.com
466,Barty,Willgoss,bwillgosscx@icq.com
467,Remington,Kingzet,rkingzetcy@yandex.ru
468,Davin,Peachman,dpeachmancz@amazon.com
469,Lauryn,Toffetto,ltoffettod0@feedburner.com
470,Johannah,Doorey,jdooreyd1@walmart.com
471,Kareem,Tolhurst,ktolhurstd2@ning.com
472,Mufinella,Easterfield,measterfieldd3@nyu.edu
473,Haley,Barents,hbarentsd4@blinklist.com
474,Caron,Bengal,cbengald5@sphinn.com
475,Tod,Swann,tswannd6@sina.com.cn
476,Victor,Yantsev,vyantsevd7@businesswire.com
477,Candace,Epsly,cepslyd8@whitehouse.gov
478,Winna,Steed,wsteedd9@ted.com
479,Marsiella,Nash,mnashda@youku.com
480,Cecily,Smitherman,csmithermandb@hp.com
481,Allen,Paolicchi,apaolicchidc@webs.com
482,Michel,Seadon,mseadondd@themeforest.net
483,Holt,Cescot,hcescotde@ezinearticles.com
484,Stanley,Mix,smixdf@upenn.edu
485,Cullen,Soffe,csoffedg@w3.org
486,Berke,Geraghty,bgeraghtydh@dot.gov
487,Denney,Greenstreet,dgreenstreetdi@vkontakte.ru
488,Mar,Byres,mbyresdj@csmonitor.com
489,Juditha,Learned,jlearneddk@photobucket.com
490,Zia,Cranke,zcrankedl@woothemes.com
491,Donia,Giannassi,dgiannassidm@privacy.gov.au
492,Portia,Mebius,pmebiusdn@fda.gov
493,Valaree,McQuarter,vmcquarterdo@hp.com
494,Benton,Chapling,bchaplingdp@netscape.com
495,Hedwiga,Ben,hbendq@github.io
496,Rochester,Edmand,redmanddr@reddit.com
497,Arlee,Machin,amachinds@booking.com
498,Sloan,De Meyer,sdemeyerdt@tumblr.com
499,Ilse,Issacson,iissacsondu@usatoday.com
500,Lolly,Skerratt,lskerrattdv@webeden.co.uk
501,Wendye,Ruzicka,wruzickadw@dyndns.org
502,Isador,Gopsall,igopsalldx@tumblr.com
503,Wolf,Kynaston,wkynastondy@seattletimes.com
504,Janeczka,Forster,jforsterdz@zimbio.com
505,Horatio,O'Scannill,hoscannille0@tinyurl.com
506,Garrek,Kreutzer,gkreutzere1@fema.gov
507,Cherise,Cranshaw,ccranshawe2@ucoz.com
508,Salomone,Balkwill,sbalkwille3@narod.ru
509,Parsifal,Pedri,ppedrie4@friendfeed.com
510,Yorke,O'Gavin,yogavine5@linkedin.com
511,Bail,Rose,brosee6@forbes.com
512,Emmerich,Fautley,efautleye7@edublogs.org
513,Lewiss,Stert,lsterte8@github.io
514,Cesare,Petto,cpettoe9@ucla.edu
515,Den,Louis,dlouisea@dyndns.org
516,Kennedy,Carmichael,kcarmichaeleb@privacy.gov.au
517,King,Urrey,kurreyec@prlog.org
518,Sydney,Grimshaw,sgrimshawed@nhs.uk
519,Yank,Allawy,yallawyee@joomla.org
520,Ogdon,Pryell,opryellef@ameblo.jp
521,Maxim,Rowan,mrowaneg@zdnet.com
522,Rafferty,Dorkin,rdorkineh@house.gov
523,Sibel,Gawn,sgawnei@deviantart.com
524,Daisi,Moyser,dmoyserej@google.ru
525,Massimiliano,Hannis,mhannisek@answers.com
526,Lefty,Knightley,lknightleyel@google.es
527,Lonnie,Handsheart,lhandsheartem@godaddy.com
528,Denys,Moulds,dmouldsen@yellowpages.com
529,Brendon,McKelloch,bmckellocheo@nyu.edu
530,Lindi,Caines,lcainesep@over-blog.com
531,Quill,Barefoot,qbarefooteq@yolasite.com
532,Rodolfo,Sautter,rsautterer@xing.com
533,Clarinda,Scruton,cscrutones@mayoclinic.com
534,Lelia,Durrell,ldurrellet@discuz.net
535,Demetria,Udden,duddeneu@sogou.com
536,Sylvia,Lucia,sluciaev@blogspot.com
537,Dilly,Haselhurst,dhaselhurstew@joomla.org
538,Moises,McKinnon,mmckinnonex@tiny.cc
539,Adriana,Sexti,asextiey@senate.gov
540,Dennison,Bearcock,dbearcockez@pagesperso-orange.fr
541,Edgard,Baus,ebausf0@slideshare.net
542,Gerta,Awcoate,gawcoatef1@hostgator.com
543,Russ,Gadsdon,rgadsdonf2@state.gov
544,Faith,Loomis,floomisf3@soup.io
545,Willi,Peat,wpeatf4@liveinternet.ru
546,Tish,Hankinson,thankinsonf5@hostgator.com
547,Bartholemy,Bennett,bbennettf6@goo.gl
548,Elvina,Lampke,elampkef7@csmonitor.com
549,Moreen,Robak,mrobakf8@xing.com
550,Godwin,Kevis,gkevisf9@mediafire.com
551,Glynn,Dailly,gdaillyfa@booking.com
552,Thomas,Simons,tsimonsfb@amazon.de
553,Chadwick,Coils,ccoilsfc@state.tx.us
554,Zaneta,Sutcliff,zsutclifffd@wordpress.org
555,Jourdain,Broy,jbroyfe@bbc.co.uk
556,Marci,Perle,mperleff@twitter.com
557,Tamma,Buttrum,tbuttrumfg@forbes.com
558,Nertie,Swains,nswainsfh@flavors.me
559,Nickola,Everly,neverlyfi@archive.org
560,Catha,Baud,cbaudfj@mapy.cz
561,Gianina,Gallo,ggallofk@wix.com
562,Inger,Goodredge,igoodredgefl@oracle.com
563,Ewart,Gibbin,egibbinfm@icq.com
564,Doreen,MacRierie,dmacrieriefn@usnews.com
565,Alejandra,Thonger,athongerfo@irs.gov
566,Issie,Marklow,imarklowfp@pagesperso-orange.fr
567,Marguerite,Compson,mcompsonfq@redcross.org
568,Gaby,Aiston,gaistonfr@reuters.com
569,Reinhold,Matuska,rmatuskafs@ucsd.edu
570,Ted,Filipczak,tfilipczakft@addtoany.com
571,Tarrah,Dabney,tdabneyfu@baidu.com
572,Channa,Lorie,cloriefv@bravesites.com
573,Pauletta,Alyukin,palyukinfw@samsung.com
574,Christiano,Sainthill,csainthillfx@globo.com
575,Hewitt,Jenk,hjenkfy@independent.co.uk
576,Kalila,Girton,kgirtonfz@xinhuanet.com
577,Cicely,Larrie,clarrieg0@meetup.com
578,Helli,Perrycost,hperrycostg1@oracle.com
579,Lavinie,Manoelli,lmanoellig2@epa.gov
580,Chico,Tompkins,ctompkinsg3@yolasite.com
581,Johanna,Saveall,jsaveallg4@bluehost.com
582,Terra,Robbie,trobbieg5@prweb.com
583,Augustine,Moland,amolandg6@wiley.com
584,Dahlia,Cockrell,dcockrellg7@typepad.com
585,Wilton,Fludder,wfludderg8@soundcloud.com
586,Manon,Reynalds,mreynaldsg9@godaddy.com
587,Dolorita,Valiant,dvaliantga@un.org
588,Eva,Fairbanks,efairbanksgb@fastcompany.com
589,Zea,Bletcher,zbletchergc@free.fr
590,Beitris,Whales,bwhalesgd@technorati.com
591,Meaghan,Edger,medgerge@marketwatch.com
592,Giraud,Mowday,gmowdaygf@geocities.com
593,Malory,Moakler,mmoaklergg@netscape.com
594,Krispin,Van Arsdalen,kvanarsdalengh@icq.com
595,Tamarah,Salmon,tsalmongi@yolasite.com
596,Misti,Barrowcliff,mbarrowcliffgj@blog.com
597,Hobey,Timpany,htimpanygk@bloglines.com
598,Doroteya,Foulkes,dfoulkesgl@unc.edu
599,Gipsy,Jean,gjeangm@engadget.com
600,Quintina,Mellonby,qmellonbygn@ifeng.com
601,Gerrilee,Foran,gforango@acquirethisname.com
602,Loren,Skates,lskatesgp@tripadvisor.com
603,Cher,Bottom,cbottomgq@msn.com
604,Levin,Cassy,lcassygr@wikispaces.com
605,Carroll,Echlin,cechlings@wufoo.com
606,Alano,Stanford,astanfordgt@intel.com
607,Jennine,Eaddy,jeaddygu@abc.net.au
608,Fenelia,Stride,fstridegv@buzzfeed.com
609,Stacee,Stanbra,sstanbragw@mediafire.com
610,Seamus,Kix,skixgx@boston.com
611,Ogden,Dyka,odykagy@ox.ac.uk
612,Temp,Bernard,tbernardgz@qq.com
613,Merrick,Gourlie,mgourlieh0@360.cn
614,Sarene,Benson,sbensonh1@cdc.gov
615,Anna-maria,Stears,astearsh2@apple.com
616,Fidelity,Minocchi,fminocchih3@printfriendly.com
617,Jo,Rogers,jrogersh4@bbb.org
618,Eden,Baptiste,ebaptisteh5@sina.com.cn
619,Clementina,Ranscome,cranscomeh6@domainmarket.com
620,Tybalt,Lowy,tlowyh7@china.com.cn
621,Guillema,Andresser,gandresserh8@dion.ne.jp
622,Vere,Aleavy,valeavyh9@who.int
623,Gussie,Wyant,gwyantha@xrea.com
624,Ferrell,Bareford,fbarefordhb@e-recht24.de
625,Grant,Vatini,gvatinihc@fc2.com
626,Garvy,Bambrick,gbambrickhd@123-reg.co.uk
627,Shane,Whittlesee,swhittleseehe@slate.com
628,Ansell,Parcell,aparcellhf@hud.gov
629,Virginie,Laycock,vlaycockhg@miibeian.gov.cn
630,Nessi,McKeveney,nmckeveneyhh@merriam-webster.com
631,Karney,Falcus,kfalcushi@theguardian.com
632,Art,Child,achildhj@about.me
633,Rosalyn,McMillian,rmcmillianhk@ted.com
634,Elane,Arndt,earndthl@google.pl
635,Walsh,Pharrow,wpharrowhm@addtoany.com
636,Iolande,Carvell,icarvellhn@mac.com
637,Chloette,Clarey,cclareyho@ustream.tv
638,Stanislaw,Wentworth,swentworthhp@google.fr
639,Skyler,Bubbear,sbubbearhq@addtoany.com
640,Zacharie,Barajas,zbarajashr@nba.com
641,Gabie,Lecky,gleckyhs@nifty.com
642,Adah,Rubinsky,arubinskyht@hatena.ne.jp
643,Hakeem,Aulsford,haulsfordhu@freewebs.com
644,Andris,Attril,aattrilhv@blogspot.com
645,Frasier,Dunsmuir,fdunsmuirhw@pen.io
646,Donny,Phorsby,dphorsbyhx@unc.edu
647,Kyrstin,Lamberteschi,klamberteschihy@mediafire.com
648,Joana,Pain,jpainhz@ted.com
649,Cos,Fairley,cfairleyi0@barnesandnoble.com
650,Coralie,Ballach,cballachi1@apache.org
651,Doro,Turbill,dturbilli2@archive.org
652,Antoni,McGuane,amcguanei3@meetup.com
653,Jesselyn,Lamdin,jlamdini4@usda.gov
654,Currey,Ardy,cardyi5@cdc.gov
655,Bertram,MacAdie,bmacadiei6@psu.edu
656,Mart,Aspel,maspeli7@huffingtonpost.com
657,Aprilette,O' Mullan,aomullani8@free.fr
658,Sanders,Charlin,scharlini9@pinterest.com
659,Kevan,Shelper,kshelperia@etsy.com
660,Alexine,Georgeou,ageorgeouib@adobe.com
661,Radcliffe,Fairholm,rfairholmic@woothemes.com
662,Nowell,Fitchen,nfitchenid@ezinearticles.com
663,Ashly,Bernhart,abernhartie@vinaora.com
664,Grant,Moran,gmoranif@blogger.com
665,Krishnah,Gobert,kgobertig@hostgator.com
666,Vidovik,Rops,vropsih@nytimes.com
667,Rana,Bracchi,rbracchiii@amazon.de
668,Cecelia,Muffen,cmuffenij@theatlantic.com
669,Kellen,Chinnery,kchinneryik@whitehouse.gov
670,Cam,Dunnett,cdunnettil@privacy.gov.au
671,Charlena,Bestall,cbestallim@people.com.cn
672,Luce,Seyffert,lseyffertin@a8.net
673,Anita,McLachlan,amclachlanio@phoca.cz
674,Fidelity,Bindley,fbindleyip@histats.com
675,Shirlee,Du Fray,sdufrayiq@sphinn.com
676,Dierdre,Andries,dandriesir@dell.com
677,Susannah,O'Harney,soharneyis@bbb.org
678,Kirk,Gatch,kgatchit@chron.com
679,Verge,Greer,vgreeriu@people.com.cn
680,Burtie,Nevinson,bnevinsoniv@howstuffworks.com
681,Derwin,Itzakson,ditzaksoniw@amazonaws.com
682,Ahmad,Dod,adodix@creativecommons.org
683,Derril,Clutten,dclutteniy@dailymotion.com
684,Morgun,Geely,mgeelyiz@yolasite.com
685,Collin,Follett,cfollettj0@baidu.com
686,Julianne,Plunket,jplunketj1@washingtonpost.com
687,Bernita,Dreinan,bdreinanj2@hud.gov
688,Norbie,Ridger,nridgerj3@ucla.edu
689,Orsa,Sills,osillsj4@usgs.gov
690,Hayley,Partleton,hpartletonj5@fema.gov
691,Federica,Linnard,flinnardj6@php.net
692,Hermann,Brundrett,hbrundrettj7@cbsnews.com
693,Faina,Atton,fattonj8@cbc.ca
694,Joycelin,O'Doogan,jodooganj9@webnode.com
695,Solomon,Sholl,sshollja@so-net.ne.jp
696,Penelope,Urion,purionjb@weather.com
697,Hilarius,Bysshe,hbysshejc@reuters.com
698,Sawyere,Robson,srobsonjd@goodreads.com
699,Annelise,Pavlovic,apavlovicje@sun.com
700,Farrell,Orrey,forreyjf@state.tx.us
701,Jodee,Studeart,jstudeartjg@baidu.com
702,Essie,Ladbrook,eladbrookjh@amazonaws.com
703,Shalom,Pollastro,spollastroji@taobao.com
704,Hamnet,MacClay,hmacclayjj@berkeley.edu
705,Kip,Matteini,kmatteinijk@hatena.ne.jp
706,Billy,Pentin,bpentinjl@shop-pro.jp
707,Lars,Labdon,llabdonjm@imdb.com
708,Verney,Lythgoe,vlythgoejn@godaddy.com
709,Jemimah,Pellew,jpellewjo@discuz.net
710,Lexie,Abelovitz,labelovitzjp@apache.org
711,Alayne,Sanbroke,asanbrokejq@photobucket.com
712,Corri,Lehon,clehonjr@sphinn.com
713,Carmela,Le Noire,clenoirejs@ucla.edu
714,Patin,MacAllen,pmacallenjt@ftc.gov
715,Delinda,Penhallurick,dpenhallurickju@angelfire.com
716,Alleen,Ivimy,aivimyjv@a8.net
717,Nesta,Kewish,nkewishjw@smugmug.com
718,Stephen,Comford,scomfordjx@diigo.com
719,Braden,Caser,bcaserjy@1688.com
720,Julio,Henricsson,jhenricssonjz@irs.gov
721,Loren,Francescoccio,lfrancescocciok0@slideshare.net
722,Pat,Minghi,pminghik1@wired.com
723,Flora,Galvin,fgalvink2@people.com.cn
724,Dougie,Shaxby,dshaxbyk3@flavors.me
725,Monty,Fosh,mfoshk4@tinyurl.com
726,Etti,MacNamara,emacnamarak5@facebook.com
727,Gillan,Bassingham,gbassinghamk6@cam.ac.uk
728,Bonny,Kinane,bkinanek7@admin.ch
729,Virginia,Schleswig-Holstein,vschleswigholsteink8@dailymail.co.uk
730,Tabbi,Zammitt,tzammittk9@google.it
731,Granthem,Oaten,goatenka@technorati.com
732,Myrtie,Chesterman,mchestermankb@geocities.com
733,Jobey,Jarred,jjarredkc@businesswire.com
734,Amitie,Giacopetti,agiacopettikd@mtv.com
735,Janela,Fruchter,jfruchterke@mediafire.com
736,Ernestine,Lowcock,elowcockkf@mlb.com
737,Doralin,Oldford,doldfordkg@sphinn.com
738,Etta,Giacomuzzo,egiacomuzzokh@npr.org
739,Gabie,Burrus,gburruski@examiner.com
740,Jessie,Arents,jarentskj@economist.com
741,Christy,Hedau,chedaukk@cloudflare.com
742,Yankee,Lambert,ylambertkl@icq.com
743,Maggie,Rushmare,mrushmarekm@github.com
744,Morten,Dumbrill,mdumbrillkn@gizmodo.com
745,Ofilia,Pinching,opinchingko@cloudflare.com
746,Freddi,Timby,ftimbykp@twitpic.com
747,Kennan,Otterwell,kotterwellkq@pcworld.com
748,Dew,MacAnespie,dmacanespiekr@nyu.edu
749,Berkie,Farfalameev,bfarfalameevks@tamu.edu
750,Gusti,Neilus,gneiluskt@ycombinator.com
751,Mallissa,Spendlove,mspendloveku@huffingtonpost.com
752,Constantia,Shillabeer,cshillabeerkv@whitehouse.gov
753,Dione,Wordley,dwordleykw@hibu.com
754,Aridatha,O'Hara,aoharakx@auda.org.au
755,Kimberly,Simonassi,ksimonassiky@umn.edu
756,Lois,Willets,lwilletskz@sun.com
757,Mathian,Denziloe,mdenziloel0@boston.com
758,Sarette,Conan,sconanl1@virginia.edu
759,Duky,Argont,dargontl2@flavors.me
760,Abbie,Snazel,asnazell3@macromedia.com
761,Ermin,Britzius,ebritziusl4@51.la
762,Valaree,Ianelli,vianellil5@springer.com
763,Diane,Burne,dburnel6@ft.com
764,Arvin,McCarver,amccarverl7@thetimes.co.uk
765,Kit,Dufoure,kdufourel8@nature.com
766,Talya,Rebanks,trebanksl9@example.com
767,Neala,Copplestone,ncopplestonela@bbb.org
768,Gus,Morena,gmorenalb@paginegialle.it
769,Basile,Gilloran,bgilloranlc@discovery.com
770,Alexandr,Newson,anewsonld@jimdo.com
771,Darell,Tripon,dtriponle@chron.com
772,Ware,Gow,wgowlf@ft.com
773,Abbey,Leiden,aleidenlg@forbes.com
774,Gil,Deverick,gdevericklh@cafepress.com
775,Thomasine,Southcombe,tsouthcombeli@soup.io
776,Kerr,Dudliston,kdudlistonlj@reuters.com
777,Pierette,Olenin,poleninlk@wordpress.com
778,Clare,Mallabar,cmallabarll@boston.com
779,Nani,Keeting,nkeetinglm@archive.org
780,Adina,Jedrachowicz,ajedrachowiczln@senate.gov
781,Candra,Grigg,cgrigglo@ucoz.ru
782,Laird,Bernardoux,lbernardouxlp@webeden.co.uk
783,Edwina,Tansly,etanslylq@hibu.com
784,Dwayne,Stitle,dstitlelr@economist.com
785,Gaylord,Kenworth,gkenworthls@google.nl
786,Orly,Hukins,ohukinslt@gnu.org
787,Allis,Rettie,arettielu@com.com
788,Babbette,Branni,bbrannilv@ycombinator.com
789,Moria,Neeve,mneevelw@state.tx.us
790,Wilt,Diver,wdiverlx@godaddy.com
791,Des,Tuke,dtukely@oracle.com
792,Stace,Snell,ssnelllz@utexas.edu
793,Revkah,Norrington,rnorringtonm0@live.com
794,Weider,Seyfart,wseyfartm1@globo.com
795,Florian,Riddell,friddellm2@google.it
796,Dyann,Kupka,dkupkam3@sina.com.cn
797,Janeen,Sayburn,jsayburnm4@accuweather.com
798,Felike,Mannering,fmanneringm5@ehow.com
799,Willem,Grewcock,wgrewcockm6@comcast.net
800,Zedekiah,Castellino,zcastellinom7@craigslist.org
801,Ashli,Wharf,awharfm8@sciencedirect.com
802,Geralda,Vern,gvernm9@slashdot.org
803,Annissa,Chadbourne,achadbournema@sourceforge.net
804,Charleen,Parlor,cparlormb@alibaba.com
805,Wallis,Crunkhurn,wcrunkhurnmc@oakley.com
806,Carma,Robison,crobisonmd@w3.org
807,Carlin,Ragbourn,cragbournme@slashdot.org
808,Klemens,Antognazzi,kantognazzimf@domainmarket.com
809,Althea,Yeskin,ayeskinmg@loc.gov
810,Tresa,Bignold,tbignoldmh@ted.com
811,Quinton,Rudge,qrudgemi@blinklist.com
812,Storm,Abel,sabelmj@paypal.com
813,Devlin,Redding,dreddingmk@geocities.com
814,Cordelia,Rougier,crougierml@webnode.com
815,Raul,Daley,rdaleymm@tuttocitta.it
816,Noel,Egerton,negertonmn@cnet.com
817,Townsend,Mothersdale,tmothersdalemo@wikipedia.org
818,Cass,Polle,cpollemp@stanford.edu
819,Christi,Corrado,ccorradomq@slate.com
820,April,Fowlie,afowliemr@sphinn.com
821,Kata,Barajas,kbarajasms@desdev.cn
822,Lucita,McCandless,lmccandlessmt@dell.com
823,Amalle,Peirazzi,apeirazzimu@google.ru
824,Glenna,Tansey,gtanseymv@whitehouse.gov
825,Wes,Diehn,wdiehnmw@creativecommons.org
826,Chrystal,Gadd,cgaddmx@liveinternet.ru
827,Kahlil,Dimitriev,kdimitrievmy@intel.com
828,Gorden,Dowty,gdowtymz@digg.com
829,Mylo,Tuxsell,mtuxselln0@creativecommons.org
830,Porty,Goodlad,pgoodladn1@theglobeandmail.com
831,Marybeth,Melanaphy,mmelanaphyn2@mail.ru
832,Marcel,Ainsbury,mainsburyn3@about.me
833,Skipp,Lightewood,slightewoodn4@pbs.org
834,Emmerich,Pingstone,epingstonen5@blogs.com
835,Rowan,Humbatch,rhumbatchn6@prlog.org
836,Eran,Keddy,ekeddyn7@dell.com
837,Hasty,Reide,hreiden8@photobucket.com
838,Eleonore,De Domenico,ededomenicon9@indiatimes.com
839,Alvin,Baumann,abaumannna@dell.com
840,Bibbie,O'Dyvoy,bodyvoynb@ask.com
841,Deeann,Waggett,dwaggettnc@mysql.com
842,Gavin,Brosi,gbrosind@xing.com
843,Morganica,Nazaret,mnazaretne@jiathis.com
844,Teddie,Bowfin,tbowfinnf@com.com
845,Bertie,Caddie,bcaddieng@canalblog.com
846,Margery,Gertray,mgertraynh@ycombinator.com
847,Merl,Luciano,mlucianoni@forbes.com
848,Alayne,Murthwaite,amurthwaitenj@liveinternet.ru
849,Cloris,Stanbrooke,cstanbrookenk@canalblog.com
850,Oren,Bend,obendnl@twitter.com
851,Hugh,Ilem,hilemnm@dedecms.com
852,Fern,Izen,fizennn@guardian.co.uk
853,Gray,Antunes,gantunesno@mozilla.org
854,Glad,Eskell,geskellnp@hugedomains.com
855,Dore,Seaking,dseakingnq@icq.com
856,Thorn,Maryin,tmaryinnr@go.com
857,Violetta,MacAfee,vmacafeens@spotify.com
858,Ivar,Cuniam,icuniamnt@tinyurl.com
859,Micaela,Meagh,mmeaghnu@cloudflare.com
860,Jobyna,Fance,jfancenv@newsvine.com
861,Lawrence,Castelyn,lcastelynnw@vkontakte.ru
862,Ford,Ferreli,fferrelinx@pen.io
863,Julietta,Lyptrit,jlyptritny@wp.com
864,Linus,McKinless,lmckinlessnz@admin.ch
865,Kally,Vivash,kvivasho0@dell.com
866,Margery,Valentetti,mvalentettio1@paypal.com
867,Ellen,Handsheart,ehandshearto2@msu.edu
868,Eleonore,Jenk,ejenko3@redcross.org
869,Tiertza,Robottham,trobotthamo4@vimeo.com
870,Roselia,Epps,reppso5@taobao.com
871,Olenolin,Momery,omomeryo6@ask.com
872,Estella,Casaroli,ecasarolio7@mozilla.com
873,Meridith,Crasswell,mcrasswello8@newsvine.com
874,Spence,Medd,smeddo9@webnode.com
875,Wendell,Yanson,wyansonoa@goodreads.com
876,Emmeline,Cicchetto,ecicchettoob@wunderground.com
877,Barnie,Gamlen,bgamlenoc@ehow.com
878,Deeyn,Nys,dnysod@thetimes.co.uk
879,Christophe,Yarrow,cyarrowoe@multiply.com
880,Padgett,Gulliman,pgullimanof@blog.com
881,Ezechiel,Esherwood,eesherwoodog@printfriendly.com
882,Chip,Chave,cchaveoh@wikispaces.com
883,Herbert,Riediger,hriedigeroi@tamu.edu
884,Zedekiah,Tidbold,ztidboldoj@boston.com
885,Lanie,Habgood,lhabgoodok@ow.ly
886,Salli,Berrington,sberringtonol@woothemes.com
887,Leigh,Rodolphe,lrodolpheom@issuu.com
888,Glenine,Mawdsley,gmawdsleyon@ebay.co.uk
889,Kennith,Powner,kpowneroo@columbia.edu
890,Danila,Leatham,dleathamop@deviantart.com
891,Wileen,McCuffie,wmccuffieoq@bizjournals.com
892,Bari,Repper,brepperor@toplist.cz
893,Sarita,Fluin,sfluinos@prnewswire.com
894,Faustine,Helder,fhelderot@wikia.com
895,Althea,Marchand,amarchandou@sohu.com
896,Dyane,O'Ruane,doruaneov@apache.org
897,Perl,Cribbin,pcribbinow@epa.gov
898,Bobbi,Hexam,bhexamox@weibo.com
899,Rhea,Byneth,rbynethoy@ifeng.com
900,Hildagard,Jerzak,hjerzakoz@boston.com
901,Dorthy,Benes,dbenesp0@twitpic.com
902,Trista,Wilfing,twilfingp1@xinhuanet.com
903,Arty,Levensky,alevenskyp2@wikipedia.org
904,Huberto,Vlach,hvlachp3@dell.com
905,Colette,Cranmore,ccranmorep4@zimbio.com
906,Vanna,Tackley,vtackleyp5@pbs.org
907,Cirillo,Elcock,celcockp6@ftc.gov
908,Randell,Synke,rsynkep7@mozilla.com
909,Amalle,Charge,achargep8@freewebs.com
910,Culver,Benois,cbenoisp9@sohu.com
911,Maryanne,Suggitt,msuggittpa@indiatimes.com
912,Lou,Demead,ldemeadpb@sohu.com
913,Cobbie,Nannini,cnanninipc@prnewswire.com
914,Jasmin,Honatsch,jhonatschpd@myspace.com
915,Dew,Bauldry,dbauldrype@behance.net
916,Lewes,Titcom,ltitcompf@w3.org
917,Janith,Harnetty,jharnettypg@slate.com
918,Bonnibelle,Botterman,bbottermanph@netscape.com
919,Lydon,Sabine,lsabinepi@xinhuanet.com
920,Almeda,Vallance,avallancepj@guardian.co.uk
921,Galen,Baselio,gbaseliopk@ox.ac.uk
922,Toddy,Jeanneau,tjeanneaupl@mlb.com
923,Elvyn,Navarijo,enavarijopm@opera.com
924,Ernaline,Tarpey,etarpeypn@cafepress.com
925,Charin,Longstreeth,clongstreethpo@arizona.edu
926,Nero,Manns,nmannspp@qq.com
927,Veronika,Frohock,vfrohockpq@facebook.com
928,Emmanuel,Blore,eblorepr@cnet.com
929,Korrie,Swales,kswalesps@google.nl
930,Emmalynn,Cayley,ecayleypt@intel.com
931,Ibbie,Heale,ihealepu@arizona.edu
932,Chrisse,Willoughway,cwilloughwaypv@answers.com
933,Aldis,Liepmann,aliepmannpw@webs.com
934,Fulvia,Scholtz,fscholtzpx@nih.gov
935,Erna,Cosbee,ecosbeepy@artisteer.com
936,Oliy,Dowle,odowlepz@ameblo.jp
937,Berti,Quaif,bquaifq0@washingtonpost.com
938,Ebenezer,Deval,edevalq1@bloglines.com
939,Dorey,Heak,dheakq2@google.com.br
940,Hamil,Bentote,hbentoteq3@livejournal.com
941,Cicily,Macauley,cmacauleyq4@i2i.jp
942,Janos,Teece,jteeceq5@msn.com
943,Dagny,Najafian,dnajafianq6@fastcompany.com
944,Mahmud,Frood,mfroodq7@vinaora.com
945,Avrom,Dorken,adorkenq8@weebly.com
946,Brantley,Boundley,bboundleyq9@w3.org
947,Avis,Strover,astroverqa@biglobe.ne.jp
948,Giorgia,Skeats,gskeatsqb@aboutads.info
949,Nikolaus,Dyson,ndysonqc@domainmarket.com
950,Randene,Kumaar,rkumaarqd@cafepress.com
951,Sax,Kief,skiefqe@google.es
952,Randi,Pollins,rpollinsqf@bluehost.com
953,Sigismondo,Kun,skunqg@nasa.gov
954,Isaak,Pittway,ipittwayqh@apple.com
955,Lark,Fonte,lfonteqi@virginia.edu
956,Clea,Whatmough,cwhatmoughqj@miibeian.gov.cn
957,Kathryn,Rosbrough,krosbroughqk@epa.gov
958,Anna-maria,Natt,anattql@cocolog-nifty.com
959,Georges,Kindall,gkindallqm@howstuffworks.com
960,Betti,Leader,bleaderqn@deliciousdays.com
961,Thayne,Falco,tfalcoqo@umich.edu
962,Early,Bonifant,ebonifantqp@feedburner.com
963,Kelli,Pentin,kpentinqq@yahoo.com
964,Bill,Finding,bfindingqr@wired.com
965,Bellina,Farrey,bfarreyqs@house.gov
966,Quinton,Rookeby,qrookebyqt@eventbrite.com
967,Doralia,Bolam,dbolamqu@diigo.com
968,Maybelle,Patrono,mpatronoqv@cnn.com
969,Christabella,Bockmaster,cbockmasterqw@apache.org
970,Lutero,Beurich,lbeurichqx@cdbaby.com
971,Ludovika,McTrustrie,lmctrustrieqy@geocities.jp
972,Werner,Kunzelmann,wkunzelmannqz@globo.com
973,Lynea,Truckett,ltruckettr0@microsoft.com
974,Zabrina,Dalzell,zdalzellr1@blogs.com
975,Francyne,Arnason,farnasonr2@purevolume.com
976,Wenona,Yeates,wyeatesr3@tuttocitta.it
977,Sherman,Lashford,slashfordr4@dagondesign.com
978,Lena,Fydoe,lfydoer5@flavors.me
979,Vannie,Lewson,vlewsonr6@php.net
980,Blanca,Crombie,bcrombier7@ca.gov
981,Nowell,Spadollini,nspadollinir8@earthlink.net
982,Paola,Grisewood,pgrisewoodr9@thetimes.co.uk
983,Kori,Ness,knessra@qq.com
984,Josefina,Huggins,jhugginsrb@typepad.com
985,Mick,Buist,mbuistrc@statcounter.com
986,Rafaellle,Dranfield,rdranfieldrd@house.gov
987,Dela,O'Dwyer,dodwyerre@lycos.com
988,Nikolas,Bathow,nbathowrf@jigsy.com
989,Merola,Ziemecki,mziemeckirg@cdbaby.com
990,Pauly,Clitsome,pclitsomerh@topsy.com
991,Darrin,Jachtym,djachtymri@umn.edu
992,Marten,Cromie,mcromierj@cbc.ca
993,Bette-ann,Puvia,bpuviark@woothemes.com
994,Roxana,Persich,rpersichrl@odnoklassniki.ru
995,Starlene,Praundl,spraundlrm@weibo.com
996,Robena,Codeman,rcodemanrn@ebay.com
997,Sheppard,Rosenberg,srosenbergro@vimeo.com
998,Martie,Mandell,mmandellrp@stumbleupon.com
999,Bonnibelle,Ganders,bgandersrq@pbs.org
1000,Clem,Haestier,chaestierrr@infoseek.co.jp
