id,first_name,last_name,email
1,Janaye,Menendes,jmenendes0@cafepress.com
2,Pennie,Dykes,pdykes1@omniture.com
3,Etty,Winyard,ewinyard2@linkedin.com
4,Chrissie,Thorpe,cthorpe3@fema.gov
5,Tierney,Cossans,tcossans4@wp.com
6,Urbain,Lafrentz,ulafrentz5@yale.edu
7,Adolphus,Comberbeach,acomberbeach6@i2i.jp
8,Maximo,McMillan,mmcmillan7@bing.com
9,Sheela,McGinty,smcginty8@paginegialle.it
10,Shandie,Teulier,steulier9@dedecms.com
11,Egbert,Fern,eferna@altervista.org
12,Elisha,Lidster,elidsterb@alibaba.com
13,Rachele,Bodill,rbodillc@cnn.com
14,Sullivan,Margram,smargramd@mtv.com
15,Vida,Beumant,vbeumante@marketwatch.com
16,Casey,Cogan,ccoganf@zimbio.com
17,Kendrick,Bossel,kbosselg@oakley.com
18,Caspar,Breeds,cbreedsh@is.gd
19,Seymour,Francisco,sfranciscoi@ucoz.ru
20,Collette,Slyne,cslynej@gravatar.com
21,Selene,Dossettor,sdossettork@so-net.ne.jp
22,Benni,Sager,bsagerl@ftc.gov
23,Gypsy,Oakenfull,goakenfullm@nytimes.com
24,Jodee,Feehan,jfeehann@squidoo.com
25,Alexander,Langmead,alangmeado@vk.com
26,Gizela,Byrnes,gbyrnesp@privacy.gov.au
27,Ann,Jerams,ajeramsq@bigcartel.com
28,Gracia,Ghelardoni,gghelardonir@reverbnation.com
29,Aurora,Gillmor,agillmors@angelfire.com
30,Emerson,Syphus,esyphust@yandex.ru
31,Thatcher,Danell,tdanellu@mysql.com
32,Cordy,Gilford,cgilfordv@usgs.gov
33,Kary,Bletso,kbletsow@trellian.com
34,Genevieve,Sindell,gsindellx@si.edu
35,Ulysses,Norcross,unorcrossy@gnu.org
36,Antonia,MacElroy,amacelroyz@hibu.com
37,Darby,Duckinfield,dduckinfield10@topsy.com
38,Cass,Steels,csteels11@sohu.com
39,Maurizia,Jansens,mjansens12@mit.edu
40,Eadith,Lovekin,elovekin13@360.cn
41,Kristoforo,Edelheit,kedelheit14@sohu.com
42,Stacia,Checcucci,scheccucci15@alibaba.com
43,Dalli,Penbarthy,dpenbarthy16@youtu.be
44,Niels,Boulde,nboulde17@paginegialle.it
45,Drusi,Kloster,dkloster18@networkadvertising.org
46,Heindrick,Doyle,hdoyle19@nhs.uk
47,Ashby,Meyrick,ameyrick1a@nhs.uk
48,Nickolas,Wellstood,nwellstood1b@berkeley.edu
49,Hollie,Critchlow,hcritchlow1c@wired.com
50,Waring,Commins,wcommins1d@163.com
51,Schuyler,Oulet,soulet1e@ning.com
52,Rowe,Matthis,rmatthis1f@berkeley.edu
53,Rex,Graine,rgraine1g@mapquest.com
54,Ricca,Bamber,rbamber1h@miitbeian.gov.cn
55,Petronella,Bamsey,pbamsey1i@amazon.com
56,Maddi,Thompsett,mthompsett1j@xing.com
57,Sharyl,Cottu,scottu1k@archive.org
58,Kelsy,Flann,kflann1l@acquirethisname.com
59,Moss,McGunley,mmcgunley1m@sogou.com
60,Billie,Dagworthy,bdagworthy1n@google.es
61,Darby,McBrearty,dmcbrearty1o@ebay.co.uk
62,Christine,Percival,cpercival1p@vinaora.com
63,Gertie,Trevain,gtrevain1q@discuz.net
64,Nance,Gai,ngai1r@soup.io
65,Tresa,Anglin,tanglin1s@devhub.com
66,Yves,Pugh,ypugh1t@nba.com
67,Harrietta,Edes,hedes1u@rakuten.co.jp
68,Dimitry,Adamsky,dadamsky1v@webs.com
69,Rhianna,Losano,rlosano1w@apache.org
70,Wilow,Fritzer,wfritzer1x@google.com.hk
71,Emma,McNeigh,emcneigh1y@facebook.com
72,Bay,Trengove,btrengove1z@nba.com
73,Eliza,Iacovucci,eiacovucci20@shop-pro.jp
74,Theresa,Kirimaa,tkirimaa21@4shared.com
75,Donia,Chooter,dchooter22@mlb.com
76,Camala,Easseby,ceasseby23@constantcontact.com
77,Graham,Woolway,gwoolway24@psu.edu
78,Germaine,Creegan,gcreegan25@bluehost.com
79,Kassi,Brignell,kbrignell26@sitemeter.com
80,Tomaso,Mouth,tmouth27@go.com
81,Camala,McCane,cmccane28@google.ru
82,Vikky,Bingle,vbingle29@slate.com
83,Ronna,Petrusch,rpetrusch2a@trellian.com
84,Ashby,Baylie,abaylie2b@umich.edu
85,Ansel,Cawsey,acawsey2c@blinklist.com
86,Philipa,Erickson,perickson2d@jigsy.com
87,Christy,Mingay,cmingay2e@123-reg.co.uk
88,Elmira,Brasher,ebrasher2f@shutterfly.com
89,Doris,Puttick,dputtick2g@uol.com.br
90,Marcello,Thairs,mthairs2h@51.la
91,Gideon,Baugh,gbaugh2i@nature.com
92,Levon,Bromilow,lbromilow2j@ow.ly
93,Audrie,Dohr,adohr2k@businesswire.com
94,Bennett,Madgwich,bmadgwich2l@shutterfly.com
95,Shay,Antonomoli,santonomoli2m@ustream.tv
96,Farly,Druce,fdruce2n@de.vu
97,Moore,Haddrill,mhaddrill2o@theglobeandmail.com
98,Chas,Hallgarth,challgarth2p@cbsnews.com
99,Alexandr,Eannetta,aeannetta2q@theatlantic.com
100,Tobi,Taye,ttaye2r@go.com
101,Kathleen,McConaghy,kmcconaghy2s@guardian.co.uk
102,Lou,Izard,lizard2t@opera.com
103,Susanna,Darque,sdarque2u@yahoo.co.jp
104,Rutledge,Wolstencroft,rwolstencroft2v@guardian.co.uk
105,Cleveland,Shoard,cshoard2w@1und1.de
106,Caryn,MacSkeaghan,cmacskeaghan2x@ft.com
107,Benedikt,Ben,bben2y@reverbnation.com
108,Marlon,Manion,mmanion2z@imdb.com
109,Tildi,Olenov,tolenov30@issuu.com
110,Pincus,Knagges,pknagges31@hexun.com
111,Edik,McAviy,emcaviy32@google.fr
112,Ricky,Chaldecott,rchaldecott33@skype.com
113,Catharine,Ingilson,cingilson34@booking.com
114,Brook,Spykings,bspykings35@ft.com
115,Shelden,Tellwright,stellwright36@ameblo.jp
116,Ceil,Innman,cinnman37@ca.gov
117,Pamelina,Murfett,pmurfett38@acquirethisname.com
118,Chadwick,Dummett,cdummett39@xinhuanet.com
119,Goddart,Falkus,gfalkus3a@exblog.jp
120,Shepperd,Itzak,sitzak3b@yale.edu
121,Rip,Merington,rmerington3c@blogtalkradio.com
122,Giacinta,Barensen,gbarensen3d@businesswire.com
123,Marie-ann,Beefon,mbeefon3e@latimes.com
124,Noelani,Goodman,ngoodman3f@i2i.jp
125,Lyssa,Ventum,lventum3g@ycombinator.com
126,Row,Thowless,rthowless3h@opensource.org
127,Catarina,Monard,cmonard3i@last.fm
128,Josias,Letherbury,jletherbury3j@list-manage.com
129,Flss,Claypoole,fclaypoole3k@jugem.jp
130,Had,Alberts,halberts3l@disqus.com
131,Rockey,Corner,rcorner3m@miibeian.gov.cn
132,Gus,Manchett,gmanchett3n@slideshare.net
133,Petr,Braganca,pbraganca3o@csmonitor.com
134,Michele,Sisland,msisland3p@livejournal.com
135,Merrill,Flear,mflear3q@prweb.com
136,Gordie,Berzen,gberzen3r@yolasite.com
137,Daveta,Dun,ddun3s@oaic.gov.au
138,Norri,Leile,nleile3t@g.co
139,Wittie,Ohrt,wohrt3u@free.fr
140,Loralyn,Densie,ldensie3v@sohu.com
141,Page,McSaul,pmcsaul3w@hud.gov
142,Cyrillus,Verrell,cverrell3x@upenn.edu
143,Millicent,Godlip,mgodlip3y@latimes.com
144,Fanya,Mathiasen,fmathiasen3z@odnoklassniki.ru
145,Moore,Borrell,mborrell40@sina.com.cn
146,Errol,Orbon,eorbon41@unesco.org
147,Claudian,Shillam,cshillam42@nhs.uk
148,Scotty,Eggle,seggle43@narod.ru
149,Jilleen,Merchant,jmerchant44@fastcompany.com
150,Prisca,Carous,pcarous45@ustream.tv
151,Bernadene,Henken,bhenken46@smugmug.com
152,Maurice,Gridley,mgridley47@google.ca
153,Valentia,Rosbottom,vrosbottom48@columbia.edu
154,Clemmie,Faltin,cfaltin49@dot.gov
155,Iorgos,Aingell,iaingell4a@smh.com.au
156,Una,Le Clercq,uleclercq4b@mapquest.com
157,Evered,Cristofaro,ecristofaro4c@tripod.com
158,Gayel,Kondratenya,gkondratenya4d@unblog.fr
159,Ursuline,Matzl,umatzl4e@tripadvisor.com
160,Pam,Gallagher,pgallagher4f@pcworld.com
161,Bel,Anneslie,banneslie4g@twitter.com
162,Alexis,Spedroni,aspedroni4h@eventbrite.com
163,Abbe,Faulder,afaulder4i@altervista.org
164,Wyatan,Rowan,wrowan4j@fotki.com
165,Brennan,Tilzey,btilzey4k@wordpress.org
166,Ignatius,Lipman,ilipman4l@simplemachines.org
167,Edithe,Fenge,efenge4m@opera.com
168,Franky,Mangam,fmangam4n@chron.com
169,Quintina,Petzolt,qpetzolt4o@vk.com
170,Zack,Kliement,zkliement4p@intel.com
171,Elton,Lefley,elefley4q@wsj.com
172,Chrysler,McOnie,cmconie4r@walmart.com
173,Camile,Jedrys,cjedrys4s@jigsy.com
174,Vikky,Rusted,vrusted4t@stumbleupon.com
175,Augie,Elsop,aelsop4u@addthis.com
176,Ransell,Messingham,rmessingham4v@nba.com
177,Gavrielle,Parmer,gparmer4w@wunderground.com
178,Grier,Manterfield,gmanterfield4x@dion.ne.jp
179,Philbert,Caulliere,pcaulliere4y@seattletimes.com
180,Doe,Goodison,dgoodison4z@yellowbook.com
181,Jo-anne,Garz,jgarz50@clickbank.net
182,Rene,Ingman,ringman51@i2i.jp
183,Bride,Frowen,bfrowen52@dagondesign.com
184,Hammad,Tappor,htappor53@home.pl
185,Peria,Chansonne,pchansonne54@meetup.com
186,Skipp,Mochar,smochar55@wikia.com
187,Fons,Barme,fbarme56@wiley.com
188,Federico,Wallege,fwallege57@sphinn.com
189,Prentiss,Goozee,pgoozee58@howstuffworks.com
190,Innis,Colquit,icolquit59@imageshack.us
191,Stephanus,Senecaut,ssenecaut5a@addthis.com
192,Deane,Frame,dframe5b@google.ca
193,Wynny,D'Alessandro,wdalessandro5c@newsvine.com
194,Zonda,Ravenscroft,zravenscroft5d@yellowbook.com
195,Penny,Berryman,pberryman5e@jigsy.com
196,Lorin,Spedding,lspedding5f@cdc.gov
197,Theodora,Duigan,tduigan5g@soup.io
198,Far,Klasen,fklasen5h@exblog.jp
199,Dacey,Foucher,dfoucher5i@is.gd
200,Micheil,Hampstead,mhampstead5j@miitbeian.gov.cn
201,Melisa,Solomonides,msolomonides5k@sitemeter.com
202,Augustin,Oylett,aoylett5l@goo.gl
203,Chanda,Spinozzi,cspinozzi5m@nsw.gov.au
204,Jillene,Mingay,jmingay5n@epa.gov
205,Wernher,Elsworth,welsworth5o@disqus.com
206,Kristel,Stener,kstener5p@amazon.co.jp
207,Patty,Josefsson,pjosefsson5q@posterous.com
208,Tiena,Lufkin,tlufkin5r@loc.gov
209,Eydie,Carvell,ecarvell5s@facebook.com
210,Raina,Kacheler,rkacheler5t@liveinternet.ru
211,Dulciana,Wrixon,dwrixon5u@java.com
212,Rodge,O'Donohue,rodonohue5v@elpais.com
213,Collin,Hairsine,chairsine5w@redcross.org
214,Doralynne,Mattei,dmattei5x@webnode.com
215,Carce,Mountcastle,cmountcastle5y@sogou.com
216,Harris,Breens,hbreens5z@indiatimes.com
217,Hillyer,Carrett,hcarrett60@thetimes.co.uk
218,Garey,Haws,ghaws61@ning.com
219,Petronille,Havard,phavard62@paginegialle.it
220,Alexandro,MacCurlye,amaccurlye63@woothemes.com
221,Curcio,Arkcoll,carkcoll64@dagondesign.com
222,Andie,Ellen,aellen65@youtube.com
223,Ros,Trazzi,rtrazzi66@goo.ne.jp
224,Clyve,Robak,crobak67@networkadvertising.org
225,Kizzie,Velten,kvelten68@domainmarket.com
226,Ilka,Rickard,irickard69@homestead.com
227,Trudie,Ummfrey,tummfrey6a@so-net.ne.jp
228,Dorelia,Rosel,drosel6b@imgur.com
229,Muhammad,Levecque,mlevecque6c@buzzfeed.com
230,Harriot,Delahunt,hdelahunt6d@geocities.jp
231,Even,Kolushev,ekolushev6e@moonfruit.com
232,Ailey,Dawkes,adawkes6f@imageshack.us
233,Evelyn,Steinor,esteinor6g@ezinearticles.com
234,Rafaela,Cleghorn,rcleghorn6h@soup.io
235,Willie,Abbe,wabbe6i@ucoz.com
236,Crin,Crocumbe,ccrocumbe6j@1688.com
237,Fransisco,Sueter,fsueter6k@elegantthemes.com
238,Binnie,Player,bplayer6l@accuweather.com
239,Collete,Delos,cdelos6m@bluehost.com
240,Brandon,Cellone,bcellone6n@nbcnews.com
241,Mariam,Placido,mplacido6o@fastcompany.com
242,Frank,Meron,fmeron6p@blinklist.com
243,Liv,MacBean,lmacbean6q@networksolutions.com
244,Jacklin,Clausen-Thue,jclausenthue6r@seesaa.net
245,Mortie,Lampet,mlampet6s@squarespace.com
246,Alis,Rance,arance6t@linkedin.com
247,Gusta,Campes,gcampes6u@dot.gov
248,Wittie,Patroni,wpatroni6v@tmall.com
249,Raff,Marchment,rmarchment6w@cbsnews.com
250,Calida,Muzzlewhite,cmuzzlewhite6x@google.com.au
251,Marie,Austing,mausting6y@sfgate.com
252,Haskell,Feldmus,hfeldmus6z@jiathis.com
253,Vincenty,Myhan,vmyhan70@vk.com
254,Prentice,Bazeley,pbazeley71@github.io
255,Wenda,Usborn,wusborn72@latimes.com
256,Nollie,Brash,nbrash73@bloglovin.com
257,Kaylee,Andreotti,kandreotti74@cbslocal.com
258,Edeline,Stockow,estockow75@cloudflare.com
259,Broddy,Lantry,blantry76@canalblog.com
260,Drucy,Alsop,dalsop77@smugmug.com
261,Anna-diane,Oneal,aoneal78@lycos.com
262,Rheta,Vondra,rvondra79@cnbc.com
263,Suzanna,Arthars,sarthars7a@discuz.net
264,Al,Gibbens,agibbens7b@paginegialle.it
265,Analiese,Pawelke,apawelke7c@ucoz.com
266,Carin,Flay,cflay7d@cisco.com
267,Klemens,Iorizzo,kiorizzo7e@cnbc.com
268,Elset,Jorin,ejorin7f@simplemachines.org
269,Iona,McAirt,imcairt7g@theguardian.com
270,Rici,Empleton,rempleton7h@bing.com
271,Royall,Mitchell,rmitchell7i@shop-pro.jp
272,Lydon,Adamson,ladamson7j@yale.edu
273,Bonni,Ruthen,bruthen7k@usatoday.com
274,Tierney,Micka,tmicka7l@bluehost.com
275,Mil,Critten,mcritten7m@npr.org
276,Irita,Janning,ijanning7n@soup.io
277,Florette,Shanahan,fshanahan7o@hugedomains.com
278,Marietta,Geck,mgeck7p@geocities.jp
279,Camala,Filliskirk,cfilliskirk7q@google.it
280,Cullie,Cancutt,ccancutt7r@homestead.com
281,Bennett,Peplaw,bpeplaw7s@shop-pro.jp
282,Merell,Donnell,mdonnell7t@dailymotion.com
283,Boone,Parkisson,bparkisson7u@uol.com.br
284,Marin,Pote,mpote7v@barnesandnoble.com
285,Letizia,Arpin,larpin7w@boston.com
286,Sybille,Yannikov,syannikov7x@mapy.cz
287,Anatollo,Pashenkov,apashenkov7y@dagondesign.com
288,Flore,Osan,fosan7z@harvard.edu
289,Maurene,Randerson,mranderson80@nasa.gov
290,Nikolia,Stiggles,nstiggles81@shop-pro.jp
291,Brooks,Foy,bfoy82@printfriendly.com
292,Kellsie,Brammall,kbrammall83@flavors.me
293,Irwinn,Dodd,idodd84@simplemachines.org
294,Eberhard,Lucock,elucock85@so-net.ne.jp
295,Graham,Francomb,gfrancomb86@elegantthemes.com
296,Wolfy,Crannage,wcrannage87@latimes.com
297,Cassey,Lothean,clothean88@nbcnews.com
298,Marv,Clingan,mclingan89@ovh.net
299,Cathrin,Lackinton,clackinton8a@360.cn
300,Guss,Mafham,gmafham8b@rambler.ru
301,Gelya,Cleave,gcleave8c@blogs.com
302,Masha,Rosenberg,mrosenberg8d@shinystat.com
303,Carmencita,Garie,cgarie8e@illinois.edu
304,Derick,Moakler,dmoakler8f@e-recht24.de
305,Norrie,Macro,nmacro8g@gravatar.com
306,Fritz,Haselhurst,fhaselhurst8h@issuu.com
307,Carolee,Wildash,cwildash8i@dailymail.co.uk
308,Boonie,Holtom,bholtom8j@netlog.com
309,Alane,Salthouse,asalthouse8k@bloglovin.com
310,Odette,Waudby,owaudby8l@tiny.cc
311,Chilton,Compton,ccompton8m@admin.ch
312,Tybie,Mulhall,tmulhall8n@blogger.com
313,Madalena,Seefeldt,mseefeldt8o@diigo.com
314,Petr,Aspden,paspden8p@usa.gov
315,Guglielma,Vicary,gvicary8q@china.com.cn
316,Odilia,Edmund,oedmund8r@vkontakte.ru
317,Tiffanie,Snawden,tsnawden8s@over-blog.com
318,Dory,Edlestone,dedlestone8t@hatena.ne.jp
319,Sal,Hessentaler,shessentaler8u@t-online.de
320,Graham,Shapter,gshapter8v@foxnews.com
321,Gaye,St Clair,gstclair8w@va.gov
322,Burnaby,Ogelsby,bogelsby8x@booking.com
323,Vito,Cottam,vcottam8y@mediafire.com
324,Cal,Gilman,cgilman8z@merriam-webster.com
325,Colver,Broadley,cbroadley90@ucoz.ru
326,Josiah,Beuscher,jbeuscher91@amazonaws.com
327,Osbert,Eilers,oeilers92@reference.com
328,Jordan,Pierri,jpierri93@de.vu
329,Wendi,Cud,wcud94@dagondesign.com
330,Davon,Gullberg,dgullberg95@themeforest.net
331,Renell,Wellfare,rwellfare96@unesco.org
332,Genevieve,Habershon,ghabershon97@accuweather.com
333,Merlina,Furmston,mfurmston98@youku.com
334,Maxim,Fridlington,mfridlington99@odnoklassniki.ru
335,Horacio,Magill,hmagill9a@wikipedia.org
336,Audie,McCoole,amccoole9b@economist.com
337,Kalina,Annakin,kannakin9c@stumbleupon.com
338,Constantin,Chivrall,cchivrall9d@oakley.com
339,Milo,Shiell,mshiell9e@blogspot.com
340,Clerkclaude,Levensky,clevensky9f@businesswire.com
341,Ginny,Parton,gparton9g@indiegogo.com
342,Bethany,Band,bband9h@time.com
343,Gerianna,Fossitt,gfossitt9i@devhub.com
344,Markus,Eggers,meggers9j@reuters.com
345,Glynn,Lowden,glowden9k@tiny.cc
346,Verla,Hauch,vhauch9l@nifty.com
347,Tiphany,Goss,tgoss9m@soundcloud.com
348,Dietrich,Rape,drape9n@mysql.com
349,Reed,L'Homme,rlhomme9o@altervista.org
350,Irina,Andriss,iandriss9p@vimeo.com
351,Lyssa,Weins,lweins9q@gravatar.com
352,Bordy,Rose,brose9r@technorati.com
353,Seka,Freyn,sfreyn9s@unesco.org
354,Talbert,Ledgerton,tledgerton9t@biblegateway.com
355,Waldon,Bricknell,wbricknell9u@multiply.com
356,Lauree,Hannen,lhannen9v@forbes.com
357,Shayne,MacPaik,smacpaik9w@google.com.au
358,Clareta,Petriello,cpetriello9x@nsw.gov.au
359,Deina,Coping,dcoping9y@wufoo.com
360,Wood,Youngman,wyoungman9z@census.gov
361,Cthrine,Stormonth,cstormontha0@facebook.com
362,Kitti,Galvan,kgalvana1@uol.com.br
363,Edyth,Wroath,ewroatha2@si.edu
364,Deana,Lyal,dlyala3@berkeley.edu
365,Karoly,MacFadden,kmacfaddena4@usgs.gov
366,Hieronymus,Torbeck,htorbecka5@yellowpages.com
367,Raina,Dugood,rdugooda6@mit.edu
368,Ludvig,Pain,lpaina7@mit.edu
369,Georges,Di Giorgio,gdigiorgioa8@weather.com
370,Kristos,Camellini,kcamellinia9@miitbeian.gov.cn
371,Leslie,Buten,lbutenaa@nhs.uk
372,Melania,Conningham,mconninghamab@salon.com
373,Corinne,Doogue,cdoogueac@wired.com
374,Vanda,Yurchishin,vyurchishinad@miibeian.gov.cn
375,Jephthah,Bonhill,jbonhillae@yelp.com
376,Candis,Wych,cwychaf@tumblr.com
377,Lombard,Allitt,lallittag@opera.com
378,Madel,Guildford,mguildfordah@parallels.com
379,Hermann,Maffezzoli,hmaffezzoliai@facebook.com
380,Tadd,Rasp,traspaj@sakura.ne.jp
381,Gus,Oventon,goventonak@wsj.com
382,Lawry,Linger,llingeral@spotify.com
383,Davita,Tallow,dtallowam@guardian.co.uk
384,Aindrea,Gopsell,agopsellan@domainmarket.com
385,Daron,Yekel,dyekelao@over-blog.com
386,Aila,Inston,ainstonap@example.com
387,Mariann,Bladder,mbladderaq@arizona.edu
388,Norbie,Town,ntownar@freewebs.com
389,Chadwick,Kunat,ckunatas@sakura.ne.jp
390,Andree,Maken,amakenat@zdnet.com
391,Carlene,Blyth,cblythau@usgs.gov
392,Cinnamon,Stonehewer,cstonehewerav@acquirethisname.com
393,Meier,Mularkey,mmularkeyaw@go.com
394,Ailina,Greeding,agreedingax@un.org
395,Jorry,Edy,jedyay@edublogs.org
396,Leisha,Boolsen,lboolsenaz@rakuten.co.jp
397,Jose,Meys,jmeysb0@about.me
398,Haskell,Mattes,hmattesb1@miitbeian.gov.cn
399,Bliss,Erni,bernib2@posterous.com
400,Lisetta,Rollo,lrollob3@google.es
401,Gilburt,Hadenton,ghadentonb4@about.me
402,Ariel,Jeavon,ajeavonb5@histats.com
403,Sigrid,Towsey,stowseyb6@sogou.com
404,Norean,Neillans,nneillansb7@wp.com
405,Julissa,Gannon,jgannonb8@live.com
406,Rayner,Frichley,rfrichleyb9@fema.gov
407,Dudley,Manueli,dmanueliba@mashable.com
408,Abigael,Kearney,akearneybb@opensource.org
409,Sula,Selwin,sselwinbc@wp.com
410,Antonie,Barense,abarensebd@dailymail.co.uk
411,Joelly,Wallas,jwallasbe@amazonaws.com
412,Bianca,Houndson,bhoundsonbf@wikia.com
413,Ardelia,Fawdrey,afawdreybg@time.com
414,Gaven,Mathiot,gmathiotbh@state.tx.us
415,Ellyn,Milley,emilleybi@yale.edu
416,Julianne,Sex,jsexbj@xing.com
417,Der,Cheesman,dcheesmanbk@washington.edu
418,Cristin,Arstall,carstallbl@amazonaws.com
419,Mead,Laurenzi,mlaurenzibm@theglobeandmail.com
420,Levey,MacNamara,lmacnamarabn@archive.org
421,Ruthe,Bredee,rbredeebo@webmd.com
422,Cindi,Courage,ccouragebp@sourceforge.net
423,Carma,Du Plantier,cduplantierbq@furl.net
424,Shaughn,Wyllcock,swyllcockbr@illinois.edu
425,Leticia,Merwede,lmerwedebs@surveymonkey.com
426,Stacy,Kibard,skibardbt@washingtonpost.com
427,Kristin,Mardy,kmardybu@businessweek.com
428,Yolanda,Makinson,ymakinsonbv@discuz.net
429,Emmott,Guice,eguicebw@google.pl
430,Jenn,Whillock,jwhillockbx@vkontakte.ru
431,Ardyth,Soares,asoaresby@mozilla.org
432,Albertina,Izak,aizakbz@alibaba.com
433,Sharai,Battram,sbattramc0@shinystat.com
434,Odell,Hilley,ohilleyc1@mac.com
435,Oona,Topper,otopperc2@phpbb.com
436,Molly,Risbridge,mrisbridgec3@sun.com
437,Alistair,Lyburn,alyburnc4@rakuten.co.jp
438,Hinze,Alpine,halpinec5@facebook.com
439,Linet,Serle,lserlec6@w3.org
440,Estell,Reville,erevillec7@theguardian.com
441,Tiphani,Conwell,tconwellc8@themeforest.net
442,Chere,Feehan,cfeehanc9@europa.eu
443,Freeman,Curzey,fcurzeyca@ftc.gov
444,Charita,MacKay,cmackaycb@fema.gov
445,Dela,Bryning,dbryningcc@sogou.com
446,Marcel,Pantling,mpantlingcd@ehow.com
447,Michaeline,Paliser,mpaliserce@studiopress.com
448,Dorri,Ranald,dranaldcf@flickr.com
449,Wright,Suter,wsutercg@ucoz.com
450,Melody,Greneham,mgrenehamch@is.gd
451,Sigismond,Le Leu,sleleuci@dyndns.org
452,Eada,Grocott,egrocottcj@sciencedirect.com
453,Drucy,Reasun,dreasunck@vistaprint.com
454,Riordan,Faldo,rfaldocl@gmpg.org
455,Verla,Loosley,vloosleycm@ft.com
456,Martelle,Entreis,mentreiscn@studiopress.com
457,Elsey,Garnar,egarnarco@nytimes.com
458,Rossy,Dunderdale,rdunderdalecp@comsenz.com
459,Vladimir,Vasenkov,vvasenkovcq@simplemachines.org
460,Walt,O'Cannan,wocannancr@xing.com
461,Fancie,Giacoboni,fgiacobonics@aboutads.info
462,Wendell,Ondra,wondract@51.la
463,Murry,Goodale,mgoodalecu@xrea.com
464,Loutitia,Gheeorghie,lgheeorghiecv@booking.com
465,Manda,Biskupiak,mbiskupiakcw@amazon.co.jp
466,Humbert,Major,hmajorcx@bloglovin.com
467,Temp,Bursnall,tbursnallcy@trellian.com
468,Henderson,Goslin,hgoslincz@naver.com
469,Elicia,Lambertini,elambertinid0@imgur.com
470,Cathyleen,Whittek,cwhittekd1@cnet.com
471,Maud,Auchterlony,mauchterlonyd2@jigsy.com
472,Ashley,Ivakhin,aivakhind3@goo.gl
473,Daveta,Dufaire,ddufaired4@berkeley.edu
474,Ediva,Beeble,ebeebled5@usgs.gov
475,Onfroi,Gave,ogaved6@independent.co.uk
476,Jefferey,Grieve,jgrieved7@hexun.com
477,Benoite,Goalley,bgoalleyd8@php.net
478,Reina,Sinnett,rsinnettd9@abc.net.au
479,Philbert,Wapol,pwapolda@discovery.com
480,Dyane,Cranson,dcransondb@fastcompany.com
481,Robinetta,Agg,raggdc@addtoany.com
482,Barrie,Cabrales,bcabralesdd@printfriendly.com
483,Dolph,Gatecliffe,dgatecliffede@nih.gov
484,Kassandra,Bartle,kbartledf@delicious.com
485,Maxine,Barkway,mbarkwaydg@mediafire.com
486,Rip,Plumbe,rplumbedh@google.nl
487,Marina,Bonas,mbonasdi@bloomberg.com
488,Erinna,Landsbury,elandsburydj@w3.org
489,Gabie,Sissons,gsissonsdk@java.com
490,Mick,Jammet,mjammetdl@yellowpages.com
491,Spense,Panyer,spanyerdm@geocities.jp
492,Ruth,Starkey,rstarkeydn@go.com
493,Elsie,Goldin,egoldindo@army.mil
494,Lidia,McAuslene,lmcauslenedp@geocities.com
495,Mitzi,Lequeux,mlequeuxdq@tmall.com
496,Tyrone,Sunshine,tsunshinedr@unblog.fr
497,Clarice,Frammingham,cframminghamds@rambler.ru
498,Chelsea,Burrows,cburrowsdt@networksolutions.com
499,Daphne,Poyzer,dpoyzerdu@dell.com
500,Laurel,Frame,lframedv@deliciousdays.com
501,Allene,Fitchew,afitchewdw@newsvine.com
502,Orelle,Peter,opeterdx@chron.com
503,Christie,Summerill,csummerilldy@bbb.org
504,Pate,Aldwich,paldwichdz@vimeo.com
505,Ephrayim,Hubatsch,ehubatsche0@1688.com
506,Kristina,Ethelstone,kethelstonee1@altervista.org
507,Erick,Matchitt,ematchitte2@whitehouse.gov
508,Bertrand,Coughlan,bcoughlane3@furl.net
509,Sal,Hearley,shearleye4@domainmarket.com
510,Orton,Woolston,owoolstone5@pinterest.com
511,Sonnnie,Burbridge,sburbridgee6@accuweather.com
512,Linc,Alleyn,lalleyne7@surveymonkey.com
513,Baryram,Perroni,bperronie8@jiathis.com
514,Tabby,Marcussen,tmarcussene9@360.cn
515,Maureene,Heaps,mheapsea@amazonaws.com
516,Faunie,Loudian,floudianeb@reuters.com
517,Syd,Siemianowicz,ssiemianowiczec@vimeo.com
518,Annamaria,Marquese,amarqueseed@marketwatch.com
519,Ferguson,Seargeant,fseargeantee@wordpress.com
520,Mendie,Clash,mclashef@wp.com
521,Kelci,Stell,kstelleg@marriott.com
522,Denver,Djurisic,ddjurisiceh@netlog.com
523,Ina,Beaconsall,ibeaconsallei@bravesites.com
524,Jerrine,Keunemann,jkeunemannej@goo.ne.jp
525,Gavrielle,Riep,griepek@state.tx.us
526,Beverley,Biesterfeld,bbiesterfeldel@mit.edu
527,Waylan,Mathey,wmatheyem@fastcompany.com
528,Avram,Pledger,apledgeren@economist.com
529,Maryanne,Ferie,mferieeo@yahoo.co.jp
530,Bron,Wrist,bwristep@hhs.gov
531,Taylor,Ziemke,tziemkeeq@cocolog-nifty.com
532,Lorelei,Guirard,lguirarder@geocities.com
533,Millicent,Tace,mtacees@creativecommons.org
534,Marshal,Wetherby,mwetherbyet@ted.com
535,Brendis,Yegoshin,byegoshineu@nhs.uk
536,Vally,Lazenbury,vlazenburyev@sphinn.com
537,Ashlan,Shearer,ashearerew@chronoengine.com
538,Talya,Wartnaby,twartnabyex@godaddy.com
539,Elsa,Sheridan,esheridaney@mediafire.com
540,Madelene,Rack,mrackez@who.int
541,Monti,Duffell,mduffellf0@theatlantic.com
542,Elmira,Huthart,ehuthartf1@bandcamp.com
543,Davida,Murrison,dmurrisonf2@dropbox.com
544,Fey,Lodin,flodinf3@marriott.com
545,Joanne,Trusse,jtrussef4@zdnet.com
546,Cesya,Philipet,cphilipetf5@gravatar.com
547,Erinn,Crookes,ecrookesf6@boston.com
548,Gaelan,Trickett,gtrickettf7@skype.com
549,Estrellita,Kurten,ekurtenf8@elpais.com
550,Jacklin,Vakhonin,jvakhoninf9@imgur.com
551,Odell,St. Pierre,ostpierrefa@wisc.edu
552,Haleigh,Phython,hphythonfb@cyberchimps.com
553,Audrey,Dearlove,adearlovefc@indiegogo.com
554,Elmira,Beall,ebeallfd@qq.com
555,Dedra,Faunch,dfaunchfe@addthis.com
556,Jone,Du Hamel,jduhamelff@foxnews.com
557,Helenelizabeth,Pitkaithly,hpitkaithlyfg@amazon.de
558,Davey,Stieger,dstiegerfh@squidoo.com
559,Petronella,Franckton,pfrancktonfi@springer.com
560,Maud,Suttill,msuttillfj@narod.ru
561,Adelind,McCarter,amccarterfk@odnoklassniki.ru
562,Durante,McCarrick,dmccarrickfl@shareasale.com
563,Mace,Confait,mconfaitfm@ebay.com
564,Korella,Becke,kbeckefn@cbslocal.com
565,Lemmie,Toplis,ltoplisfo@livejournal.com
566,Pascal,Rayner,praynerfp@bloglovin.com
567,Yvor,Danilovitch,ydanilovitchfq@163.com
568,Brynn,Poppy,bpoppyfr@abc.net.au
569,Alessandra,Bonellie,abonelliefs@time.com
570,Tanny,Ashbe,tashbeft@photobucket.com
571,Sharron,Gabbatt,sgabbattfu@baidu.com
572,Moyra,Furber,mfurberfv@upenn.edu
573,Elianora,Jacquemy,ejacquemyfw@hc360.com
574,Ansel,Boog,aboogfx@twitter.com
575,Joleen,MacDwyer,jmacdwyerfy@wp.com
576,Emanuele,Spadollini,espadollinifz@cbc.ca
577,Mechelle,Bushe,mbusheg0@paginegialle.it
578,Stormy,Yesipov,syesipovg1@gmpg.org
579,Dinny,Redgrove,dredgroveg2@timesonline.co.uk
580,Vitoria,Koppes,vkoppesg3@harvard.edu
581,Frannie,Palethorpe,fpalethorpeg4@sfgate.com
582,Danit,Baumadier,dbaumadierg5@ted.com
583,Nickie,Fransoni,nfransonig6@webs.com
584,Yuma,Cohalan,ycohalang7@utexas.edu
585,Jeromy,Gerred,jgerredg8@pbs.org
586,Steward,MacLachlan,smaclachlang9@indiegogo.com
587,Dasha,Hemstead,dhemsteadga@joomla.org
588,Shaun,Gatherer,sgatherergb@php.net
589,Kathi,Woodhall,kwoodhallgc@prnewswire.com
590,Cate,Fullalove,cfullalovegd@geocities.com
591,Corny,Minall,cminallge@xing.com
592,Penelopa,Fuzzens,pfuzzensgf@1und1.de
593,Welby,Gerrit,wgerritgg@adobe.com
594,Edvard,Elmhirst,eelmhirstgh@alexa.com
595,Marwin,Carrabott,mcarrabottgi@twitter.com
596,Randy,McMullen,rmcmullengj@fotki.com
597,Jaquenetta,Stather,jstathergk@dmoz.org
598,Vitoria,D'Ambrosi,vdambrosigl@forbes.com
599,Dougy,Agass,dagassgm@soup.io
600,Nikolai,Billyard,nbillyardgn@51.la
601,Ferd,Buckles,fbucklesgo@salon.com
602,Quintin,Woolnough,qwoolnoughgp@redcross.org
603,Randal,Sanpere,rsanperegq@mozilla.com
604,Lorry,Lamb,llambgr@constantcontact.com
605,Finn,Lathaye,flathayegs@indiegogo.com
606,Mortimer,Curme,mcurmegt@storify.com
607,Roshelle,Guyonneau,rguyonneaugu@blinklist.com
608,Jacquenette,Wittman,jwittmangv@wikipedia.org
609,Tammie,McVicker,tmcvickergw@mit.edu
610,Hanna,Tresler,htreslergx@netvibes.com
611,Josephine,Conti,jcontigy@nasa.gov
612,Marcelo,Prendergast,mprendergastgz@meetup.com
613,Konstanze,Calvie,kcalvieh0@smh.com.au
614,Estel,Lowndsbrough,elowndsbroughh1@desdev.cn
615,Franny,Verne,fverneh2@uol.com.br
616,Chandra,Espine,cespineh3@nsw.gov.au
617,Darrel,Braz,dbrazh4@ebay.co.uk
618,Greta,McRobb,gmcrobbh5@flickr.com
619,Mei,Ganforthe,mganfortheh6@godaddy.com
620,Concordia,Faraday,cfaradayh7@istockphoto.com
621,Lyndell,Enoksson,lenokssonh8@twitter.com
622,Myrtle,Ricciardello,mricciardelloh9@lycos.com
623,Lolly,Agirre,lagirreha@google.es
624,Randa,O'Donovan,rodonovanhb@qq.com
625,Marnia,Gosland,mgoslandhc@deliciousdays.com
626,Hedvige,Klees,hkleeshd@google.cn
627,Ronica,MacKeague,rmackeaguehe@state.gov
628,Bert,Bowcock,bbowcockhf@photobucket.com
629,Ilyssa,Gietz,igietzhg@bigcartel.com
630,Terencio,Morgen,tmorgenhh@columbia.edu
631,Nikkie,McVaugh,nmcvaughhi@amazon.de
632,Giffard,Gymblett,ggymbletthj@dailymail.co.uk
633,Rosalie,Jenicke,rjenickehk@liveinternet.ru
634,Dave,Rosendorf,drosendorfhl@furl.net
635,Rudolf,Loffhead,rloffheadhm@timesonline.co.uk
636,Basia,Yantsurev,byantsurevhn@blogtalkradio.com
637,Teena,Heinreich,theinreichho@virginia.edu
638,Reamonn,Lenz,rlenzhp@fema.gov
639,Dorise,Mueller,dmuellerhq@histats.com
640,Kalila,Ainslie,kainsliehr@soup.io
641,Sigvard,Cheeney,scheeneyhs@census.gov
642,Fleur,Plessing,fplessinght@odnoklassniki.ru
643,Corrianne,Silverston,csilverstonhu@marriott.com
644,Bernadene,De Brett,bdebretthv@shop-pro.jp
645,Tuesday,Aloigi,taloigihw@google.com.au
646,Allegra,Crisford,acrisfordhx@jugem.jp
647,Lora,Ciccotti,lciccottihy@homestead.com
648,Sonja,Smy,ssmyhz@ovh.net
649,Ruy,Foxley,rfoxleyi0@bluehost.com
650,Duff,Hiers,dhiersi1@ehow.com
651,Daniel,Dosedale,ddosedalei2@vkontakte.ru
652,Isacco,Drydale,idrydalei3@forbes.com
653,Ebony,Balint,ebalinti4@ucla.edu
654,Abagail,Llewellyn,allewellyni5@cbslocal.com
655,Trevor,Tudgay,ttudgayi6@globo.com
656,Rip,Boxe,rboxei7@github.io
657,Antonie,Raison,araisoni8@pbs.org
658,Sharla,Wimsett,swimsetti9@japanpost.jp
659,Lynna,Jeaneau,ljeaneauia@weather.com
660,Robb,Hughland,rhughlandib@bizjournals.com
661,Leese,Hearse,lhearseic@unc.edu
662,Ollie,Assard,oassardid@pinterest.com
663,Minerva,Dallmann,mdallmannie@gov.uk
664,Jarrett,Berney,jberneyif@posterous.com
665,Merell,Duiguid,mduiguidig@engadget.com
666,Shina,Robinette,srobinetteih@flavors.me
667,Davin,Rosencrantz,drosencrantzii@zdnet.com
668,Arty,Pont,apontij@moonfruit.com
669,Niels,Ranstead,nransteadik@amazonaws.com
670,Ermanno,Dillinger,edillingeril@adobe.com
671,Luis,Guilloud,lguilloudim@upenn.edu
672,Jock,Caneo,jcaneoin@cmu.edu
673,Bibby,Bletso,bbletsoio@fema.gov
674,Bryan,Bestman,bbestmanip@phpbb.com
675,Isa,Loomis,iloomisiq@google.pl
676,Verile,Scrowson,vscrowsonir@smugmug.com
677,Benjamen,Charlon,bcharlonis@is.gd
678,Darius,Load,dloadit@adobe.com
679,Evangelia,Banaszewski,ebanaszewskiiu@wix.com
680,Rene,Lockart,rlockartiv@hud.gov
681,Johna,Hards,jhardsiw@wufoo.com
682,Madeline,Reilinger,mreilingerix@nsw.gov.au
683,Hasty,Roos,hroosiy@weather.com
684,Zelda,Erskine Sandys,zerskinesandysiz@apache.org
685,Catie,Moggach,cmoggachj0@tiny.cc
686,Bonni,Manners,bmannersj1@nydailynews.com
687,Elise,Ragg,eraggj2@google.com.au
688,Geri,Copyn,gcopynj3@cocolog-nifty.com
689,Andy,Akid,aakidj4@sphinn.com
690,Sonny,Maciejak,smaciejakj5@miitbeian.gov.cn
691,Dunc,Bernholt,dbernholtj6@netvibes.com
692,Dasya,Mannock,dmannockj7@cbc.ca
693,Dareen,Penylton,dpenyltonj8@japanpost.jp
694,Arnoldo,Huriche,ahurichej9@weibo.com
695,Aeriell,Charette,acharetteja@theguardian.com
696,Vince,Muck,vmuckjb@answers.com
697,Cicely,Simonnin,csimonninjc@eepurl.com
698,Camile,Hinksen,chinksenjd@columbia.edu
699,Irene,McAne,imcaneje@blogspot.com
700,Myrwyn,Halligan,mhalliganjf@goo.ne.jp
701,Aron,Eaton,aeatonjg@instagram.com
702,Lela,Cremins,lcreminsjh@blinklist.com
703,Dunstan,Lillegard,dlillegardji@photobucket.com
704,Dalenna,Bodega,dbodegajj@ameblo.jp
705,Georgie,MacAdie,gmacadiejk@moonfruit.com
706,Vinita,Lesaunier,vlesaunierjl@netlog.com
707,Hinda,Stannislawski,hstannislawskijm@shareasale.com
708,Joice,O' Finan,jofinanjn@phoca.cz
709,Genovera,Barwell,gbarwelljo@redcross.org
710,Edgard,Giacobazzi,egiacobazzijp@cbc.ca
711,Kassie,Giblett,kgiblettjq@latimes.com
712,Ema,Jenicek,ejenicekjr@sogou.com
713,Viviana,Gabby,vgabbyjs@w3.org
714,Lyn,Jullian,ljullianjt@soup.io
715,Ronnie,Grevile,rgrevileju@dropbox.com
716,Katey,Hambright,khambrightjv@businesswire.com
717,Aldin,Beldum,abeldumjw@examiner.com
718,Renie,Glason,rglasonjx@multiply.com
719,Thomasine,Heditch,theditchjy@walmart.com
720,Vidovic,Juorio,vjuoriojz@example.com
721,Jorie,Stiddard,jstiddardk0@stumbleupon.com
722,Urson,Leynton,uleyntonk1@vistaprint.com
723,Ladonna,Dows,ldowsk2@bloglovin.com
724,Norri,Cufley,ncufleyk3@multiply.com
725,Gayle,Crouch,gcrouchk4@stanford.edu
726,Ilene,Carlisso,icarlissok5@macromedia.com
727,Lay,De Blase,ldeblasek6@exblog.jp
728,Rozelle,Bilovus,rbilovusk7@netlog.com
729,York,Kepling,ykeplingk8@istockphoto.com
730,Goober,Glantz,gglantzk9@hibu.com
731,Bridgette,Lahive,blahiveka@woothemes.com
732,Olympe,Pawnsford,opawnsfordkb@naver.com
733,Elinor,Lushey,elusheykc@goo.gl
734,Tamma,Showalter,tshowalterkd@europa.eu
735,Esmaria,Byre,ebyreke@etsy.com
736,Shaylah,Duckerin,sduckerinkf@drupal.org
737,Barbey,Robbe,brobbekg@jimdo.com
738,Dee,Hymor,dhymorkh@ucoz.ru
739,Tadeo,Corkett,tcorkettki@google.pl
740,Nisse,Chasmer,nchasmerkj@ox.ac.uk
741,Sandra,Clericoates,sclericoateskk@hp.com
742,Essie,Broseman,ebrosemankl@360.cn
743,Bryn,Stockley,bstockleykm@flickr.com
744,Jacinthe,Bearman,jbearmankn@joomla.org
745,Dotti,Zelley,dzelleyko@feedburner.com
746,Ag,Pietruszewicz,apietruszewiczkp@tmall.com
747,Roma,Bonellie,rbonelliekq@hao123.com
748,Pattin,Geertsen,pgeertsenkr@netlog.com
749,Erin,Botting,ebottingks@surveymonkey.com
750,Datha,Sturzaker,dsturzakerkt@wunderground.com
751,Bellanca,Henner,bhennerku@bloglovin.com
752,Alissa,MacKeague,amackeaguekv@wikimedia.org
753,Paulina,Pennuzzi,ppennuzzikw@google.co.uk
754,Sylvan,Skinley,sskinleykx@myspace.com
755,Brittany,Routham,brouthamky@topsy.com
756,Ammamaria,Delves,adelveskz@google.com.au
757,Farra,Matteris,fmatterisl0@unc.edu
758,Michaeline,O'Cahsedy,mocahsedyl1@hhs.gov
759,Elset,Benterman,ebentermanl2@topsy.com
760,Nefen,Bryson,nbrysonl3@zimbio.com
761,Silas,Gallie,sgalliel4@symantec.com
762,Salim,Stedall,sstedalll5@wordpress.com
763,Aretha,Fishburn,afishburnl6@topsy.com
764,Julina,Gregorin,jgregorinl7@flavors.me
765,Marj,O' Mulderrig,momulderrigl8@pcworld.com
766,Josiah,Keys,jkeysl9@com.com
767,Rosabella,Girth,rgirthla@nih.gov
768,Joya,Michurin,jmichurinlb@free.fr
769,Wilmer,Marzello,wmarzellolc@addtoany.com
770,Elysee,Benet,ebenetld@examiner.com
771,Phyllys,Vipan,pvipanle@angelfire.com
772,Kirbie,Hanbury-Brown,khanburybrownlf@4shared.com
773,Shirlee,Vannuccini,svannuccinilg@mapy.cz
774,May,Lohering,mloheringlh@washingtonpost.com
775,Dodie,Haugh,dhaughli@imdb.com
776,Clim,Jendrach,cjendrachlj@dion.ne.jp
777,Alexa,Adams,aadamslk@nba.com
778,Carol-jean,Runchman,crunchmanll@dot.gov
779,Constance,Doddemeede,cdoddemeedelm@wired.com
780,Sandor,Berrigan,sberriganln@yahoo.com
781,Pembroke,Pollie,ppollielo@prlog.org
782,Naoma,Hales,nhaleslp@histats.com
783,Jeno,Orpyne,jorpynelq@so-net.ne.jp
784,Shanna,Ewer,sewerlr@smh.com.au
785,Zeb,Phippin,zphippinls@booking.com
786,Mattie,Brimelow,mbrimelowlt@umich.edu
787,Thornie,Roderick,trodericklu@deliciousdays.com
788,Tabbi,Soden,tsodenlv@wsj.com
789,Stephanus,Mackiewicz,smackiewiczlw@mapy.cz
790,Skylar,Tumasian,stumasianlx@ameblo.jp
791,Cassandra,Sherwill,csherwillly@patch.com
792,Ricoriki,Gaukrodge,rgaukrodgelz@un.org
793,Xylia,Niaves,xniavesm0@wisc.edu
794,Helena,Tiley,htileym1@ucla.edu
795,Henryetta,Loweth,hlowethm2@bloglines.com
796,Crosby,Tulloch,ctullochm3@state.tx.us
797,Caron,Wibrew,cwibrewm4@elegantthemes.com
798,Courtnay,Prahm,cprahmm5@nasa.gov
799,Zorah,Doley,zdoleym6@examiner.com
800,Leonore,Mapples,lmapplesm7@wufoo.com
801,Maisie,Lum,mlumm8@sohu.com
802,Bryce,Viste,bvistem9@blogger.com
803,Erena,Robertucci,erobertuccima@springer.com
804,Torin,Veasey,tveaseymb@oaic.gov.au
805,Rozanna,De Roeck,rderoeckmc@clickbank.net
806,Gillan,Shipway,gshipwaymd@chron.com
807,Adelice,Kleingrub,akleingrubme@loc.gov
808,Seumas,Grubb,sgrubbmf@boston.com
809,Rutledge,Gaveltone,rgaveltonemg@addthis.com
810,Wallis,Ganing,wganingmh@edublogs.org
811,Neilla,Beekmann,nbeekmannmi@usgs.gov
812,Alberta,Leatherborrow,aleatherborrowmj@ucoz.ru
813,Ingra,Altree,ialtreemk@ifeng.com
814,Colver,Benasik,cbenasikml@cnbc.com
815,Alejandro,Aldine,aaldinemm@state.tx.us
816,Beret,Palffrey,bpalffreymn@smh.com.au
817,Simonne,Stiffkins,sstiffkinsmo@arizona.edu
818,Cristobal,Croson,ccrosonmp@utexas.edu
819,Felecia,Izakoff,fizakoffmq@ifeng.com
820,Erwin,Dossetter,edossettermr@usda.gov
821,Prudence,Whitloe,pwhitloems@flickr.com
822,Mart,Bontoft,mbontoftmt@dagondesign.com
823,Melodee,Castanaga,mcastanagamu@qq.com
824,Monika,Yukhnevich,myukhnevichmv@admin.ch
825,Brent,Pearmain,bpearmainmw@cnn.com
826,Elnar,Schwandermann,eschwandermannmx@archive.org
827,Claus,Beetlestone,cbeetlestonemy@google.es
828,Cordy,Horlock,chorlockmz@bloglovin.com
829,Hanan,Colbert,hcolbertn0@cam.ac.uk
830,Jemie,Piggen,jpiggenn1@webmd.com
831,Yoko,Paschke,ypaschken2@amazon.co.uk
832,Rodd,Kneafsey,rkneafseyn3@mapquest.com
833,Brose,Castellini,bcastellinin4@nationalgeographic.com
834,Barrie,Lammertz,blammertzn5@tiny.cc
835,Jeth,Lambot,jlambotn6@hao123.com
836,Ellerey,Murch,emurchn7@hp.com
837,Otis,Liddiatt,oliddiattn8@mayoclinic.com
838,Dagmar,Hemshall,dhemshalln9@addtoany.com
839,Udell,Sealand,usealandna@bandcamp.com
840,Paulette,Tutin,ptutinnb@hao123.com
841,Charles,Borland,cborlandnc@nyu.edu
842,Erma,Van Arsdall,evanarsdallnd@ucsd.edu
843,Guillemette,Knappitt,gknappittne@arizona.edu
844,Ike,Battrum,ibattrumnf@google.com
845,Ceciley,Dearlove,cdearloveng@drupal.org
846,Eziechiele,Dubs,edubsnh@wsj.com
847,Kim,Plan,kplanni@booking.com
848,Lynn,Laimable,llaimablenj@fc2.com
849,Clarence,Hame,chamenk@yale.edu
850,Tuck,Divisek,tdiviseknl@scientificamerican.com
851,Edlin,Warcop,ewarcopnm@canalblog.com
852,Nichols,Gilchrest,ngilchrestnn@qq.com
853,Maritsa,Brealey,mbrealeyno@mediafire.com
854,Delora,Jacquot,djacquotnp@smh.com.au
855,Abba,Schroeder,aschroedernq@example.com
856,Jocelyne,Gant,jgantnr@netlog.com
857,Hester,Joselevitz,hjoselevitzns@addtoany.com
858,Clint,Robottham,crobotthamnt@twitpic.com
859,Sholom,Raatz,sraatznu@gmpg.org
860,Edik,Pipkin,epipkinnv@archive.org
861,Estelle,Givens,egivensnw@vk.com
862,Shell,Magill,smagillnx@spiegel.de
863,Anstice,Womersley,awomersleyny@cbsnews.com
864,Leroi,Margaret,lmargaretnz@wikipedia.org
865,Ronny,Petrillo,rpetrilloo0@rambler.ru
866,Aube,Canto,acantoo1@ebay.co.uk
867,Cilka,De la Zenne,cdelazenneo2@dropbox.com
868,Graig,Kuscha,gkuschao3@blogspot.com
869,Martelle,Farmiloe,mfarmiloeo4@columbia.edu
870,Pansy,MacNeish,pmacneisho5@comcast.net
871,Etty,McGeady,emcgeadyo6@ocn.ne.jp
872,Curtis,Antoniazzi,cantoniazzio7@ezinearticles.com
873,Westley,Bourget,wbourgeto8@booking.com
874,Mikael,Loweth,mlowetho9@mediafire.com
875,Muire,Stannis,mstannisoa@fastcompany.com
876,Milzie,Dumphy,mdumphyob@livejournal.com
877,Wallis,Aslie,waslieoc@jimdo.com
878,Keriann,Turpin,kturpinod@nature.com
879,Fabian,Milbourne,fmilbourneoe@netvibes.com
880,Kaylee,McKeaveney,kmckeaveneyof@jiathis.com
881,Lombard,Tebbit,ltebbitog@parallels.com
882,Rik,Lamzed,rlamzedoh@dropbox.com
883,Krysta,Van de Vlies,kvandevliesoi@privacy.gov.au
884,Delly,Wiggins,dwigginsoj@homestead.com
885,Reena,Skaife d'Ingerthorpe,rskaifedingerthorpeok@google.com.au
886,Averyl,Goatcher,agoatcherol@squarespace.com
887,Elladine,Gepp,egeppom@who.int
888,Norbert,Jedrychowski,njedrychowskion@eepurl.com
889,Katy,Macieiczyk,kmacieiczykoo@oakley.com
890,Stillman,Szymonwicz,sszymonwiczop@spiegel.de
891,Gian,Melling,gmellingoq@msn.com
892,Fan,Cardinale,fcardinaleor@apple.com
893,Penn,Forbear,pforbearos@ehow.com
894,Cobbie,Tristram,ctristramot@photobucket.com
895,Doti,Maruszewski,dmaruszewskiou@amazon.com
896,Gustie,Burke,gburkeov@multiply.com
897,Jaye,Heggison,jheggisonow@boston.com
898,Scarlett,Deluca,sdelucaox@tamu.edu
899,Sylvester,Turville,sturvilleoy@myspace.com
900,Alard,Stollsteimer,astollsteimeroz@privacy.gov.au
901,Averyl,Vittery,avitteryp0@sphinn.com
902,Claribel,Kerins,ckerinsp1@mac.com
903,Fidelity,Ellinor,fellinorp2@bloglines.com
904,Dorena,Osband,dosbandp3@storify.com
905,Kale,Gwillyam,kgwillyamp4@networkadvertising.org
906,Leese,Nyssen,lnyssenp5@thetimes.co.uk
907,Isidoro,Kennicott,ikennicottp6@yale.edu
908,Starr,Maureen,smaureenp7@stumbleupon.com
909,Lance,Stainfield,lstainfieldp8@opensource.org
910,Trixie,Rooze,troozep9@eventbrite.com
911,Seana,Sansom,ssansompa@scribd.com
912,Ashlie,Chat,achatpb@mediafire.com
913,Thalia,Keyes,tkeyespc@edublogs.org
914,Ev,Goodsir,egoodsirpd@reuters.com
915,Dena,Shilton,dshiltonpe@ft.com
916,Alberta,Tesdale,atesdalepf@360.cn
917,Bjorn,Alldred,balldredpg@tuttocitta.it
918,Deane,Derbyshire,dderbyshireph@baidu.com
919,Willdon,O'Hern,wohernpi@woothemes.com
920,Bob,Gosson,bgossonpj@prnewswire.com
921,Erhart,Kellegher,ekellegherpk@howstuffworks.com
922,Winnie,Coviello,wcoviellopl@google.de
923,Audrey,Sharplin,asharplinpm@nih.gov
924,Levey,Pyvis,lpyvispn@g.co
925,Imojean,McMeyler,imcmeylerpo@va.gov
926,Adelina,Axelby,aaxelbypp@latimes.com
927,Gert,Friman,gfrimanpq@forbes.com
928,Petunia,Smeuin,psmeuinpr@vimeo.com
929,Barnabas,Enrigo,benrigops@google.ca
930,Riannon,Lodge,rlodgept@unesco.org
931,Stella,Amps,sampspu@who.int
932,Chucho,Kedwell,ckedwellpv@umn.edu
933,Francesco,Pavy,fpavypw@berkeley.edu
934,Buiron,Gemnett,bgemnettpx@economist.com
935,Benoit,Kinsell,bkinsellpy@bandcamp.com
936,Kaleb,MacDiarmid,kmacdiarmidpz@berkeley.edu
937,Ephrem,Clynter,eclynterq0@mashable.com
938,Magdalene,Cody,mcodyq1@apple.com
939,Baird,O'Hartagan,bohartaganq2@weibo.com
940,Catherine,Hush,chushq3@deliciousdays.com
941,Gaelan,Vye,gvyeq4@ox.ac.uk
942,Maryjo,Libbie,mlibbieq5@usa.gov
943,Bird,Pasek,bpasekq6@earthlink.net
944,Daryl,Silkston,dsilkstonq7@yelp.com
945,Pernell,Jeanenet,pjeanenetq8@sina.com.cn
946,Jorrie,Laite,jlaiteq9@blogspot.com
947,Marie-ann,Sleite,msleiteqa@hostgator.com
948,Yetty,Minster,yminsterqb@dedecms.com
949,Petronille,Ingrey,pingreyqc@ezinearticles.com
950,Othilie,Westwood,owestwoodqd@howstuffworks.com
951,Matthaeus,Tallboy,mtallboyqe@sciencedirect.com
952,Filippa,Malan,fmalanqf@ustream.tv
953,Shellysheldon,Schneidau,sschneidauqg@earthlink.net
954,Elisha,McNutt,emcnuttqh@skype.com
955,Herminia,Sutlieff,hsutlieffqi@drupal.org
956,Quinton,Klimov,qklimovqj@last.fm
957,Raff,Beddie,rbeddieqk@sbwire.com
958,Lonnie,Roycroft,lroycroftql@arizona.edu
959,Hermine,Trump,htrumpqm@berkeley.edu
960,Casper,Goggey,cgoggeyqn@google.com.au
961,Banky,Docker,bdockerqo@amazon.de
962,Kirsti,Siggins,ksigginsqp@un.org
963,Eadith,Wilshere,ewilshereqq@amazon.co.jp
964,Lana,Eyden,leydenqr@google.com
965,Forrester,Godbolt,fgodboltqs@youtube.com
966,Fulton,Chaikovski,fchaikovskiqt@1und1.de
967,Ferdinand,Matej,fmatejqu@sitemeter.com
968,Morse,Dust,mdustqv@chicagotribune.com
969,Dimitri,Lowdyane,dlowdyaneqw@prlog.org
970,Manda,Stearn,mstearnqx@sbwire.com
971,Ronnie,Barry,rbarryqy@booking.com
972,Fania,Gibbs,fgibbsqz@prlog.org
973,Quintus,Cardenas,qcardenasr0@senate.gov
974,Tybalt,Adamczyk,tadamczykr1@wikia.com
975,Cammi,Heiner,cheinerr2@about.me
976,Peyter,Gerant,pgerantr3@mail.ru
977,Walton,Shailer,wshailerr4@webeden.co.uk
978,Phillipe,Ovize,povizer5@wisc.edu
979,Carlen,Brownjohn,cbrownjohnr6@comcast.net
980,Bernarr,Damiral,bdamiralr7@symantec.com
981,Judye,Windress,jwindressr8@pcworld.com
982,Kalina,MacKinnon,kmackinnonr9@lulu.com
983,Deva,Grimsditch,dgrimsditchra@amazonaws.com
984,Xavier,Goskar,xgoskarrb@newsvine.com
985,Merlina,Bunt,mbuntrc@amazon.com
986,Eldridge,Lillicrap,elillicraprd@nymag.com
987,Annalise,Kayzer,akayzerre@blogtalkradio.com
988,Kellyann,Swigg,kswiggrf@npr.org
989,Roseanna,Belch,rbelchrg@home.pl
990,Gabie,Canete,gcaneterh@nytimes.com
991,Pippa,Gronaver,pgronaverri@prweb.com
992,Mavra,Goldbourn,mgoldbournrj@phoca.cz
993,Che,Solomonides,csolomonidesrk@creativecommons.org
994,Asa,McGawn,amcgawnrl@microsoft.com
995,Uriah,Karppi,ukarppirm@domainmarket.com
996,Vanya,Castles,vcastlesrn@drupal.org
997,Pepe,Spata,pspataro@fc2.com
998,Belia,Roseby,brosebyrp@admin.ch
999,Arline,Wardhough,awardhoughrq@qq.com
1000,Ivy,Mabbett,imabbettrr@eventbrite.com
