id,first_name,last_name,email,gender,ip_address
1,Ilaire,Spelling,ispelling0@answers.com,Male,24.138.173.163
2,Sebastiano,Aucott,saucott1@lulu.com,Genderfluid,8.106.30.85
3,Bunnie,Cowperthwaite,bcowperthwaite2@mozilla.com,Female,211.31.170.178
4,Costa,Tinman,ctinman3@psu.edu,Male,99.16.68.41
5,Marijo,Morl,mmorl4@fotki.com,Female,230.8.203.49
6,Alan,Croson,acroson5@wsj.com,Male,195.2.244.163
7,Gianni,Carl,gcarl6@skyrock.com,Male,7.44.188.89
8,Felita,Saville,fsaville7@biglobe.ne.jp,Bigender,193.34.135.162
9,Cosette,Cothey,ccothey8@blogs.com,Female,33.94.214.238
10,Jerrie,Wellum,jwellum9@boston.com,Male,118.86.46.2
11,Garret,Grzeskowski,ggrzeskowskia@nbcnews.com,Male,62.29.149.46
12,Douglass,Barehead,dbareheadb@yellowpages.com,Male,130.27.38.72
13,Junette,Slack,jslackc@cocolog-nifty.com,Female,39.141.199.125
14,Arty,Rowsel,arowseld@mashable.com,Male,233.204.140.61
15,Vidovik,Duthie,vduthiee@fda.gov,Male,163.243.46.123
16,Ermin,Ferraretto,eferrarettof@devhub.com,Male,18.253.38.47
17,Pasquale,Oliva,polivag@constantcontact.com,Male,183.158.191.218
18,Sawyere,Tours,stoursh@sfgate.com,Male,217.172.166.26
19,Wilek,Hallowes,whallowesi@kickstarter.com,Male,252.105.50.225
20,Tarrance,Whiskin,twhiskinj@sun.com,Male,5.34.38.70
21,Jandy,Boyton,jboytonk@businesswire.com,Female,214.113.23.247
22,Aubrie,Stronge,astrongel@ebay.com,Female,172.144.160.146
23,Cort,Vaillant,cvaillantm@rediff.com,Male,121.43.105.52
24,Miguel,Perin,mperinn@mac.com,Male,207.238.16.96
25,Glennis,Pherps,gpherpso@dell.com,Female,91.139.95.150
26,Corina,Tuffley,ctuffleyp@istockphoto.com,Female,212.114.4.81
27,Mauricio,Witheford,mwithefordq@cdbaby.com,Male,71.98.172.1
28,Hermina,Cussen,hcussenr@state.gov,Genderfluid,18.124.223.115
29,Riva,Frantsev,rfrantsevs@independent.co.uk,Female,91.154.46.217
30,Murial,Cusiter,mcusitert@weebly.com,Female,17.220.101.135
31,Roscoe,Laurant,rlaurantu@qq.com,Male,23.113.238.229
32,Jeanna,Tieraney,jtieraneyv@netscape.com,Female,185.239.136.160
33,Harlan,Doleman,hdolemanw@ask.com,Male,115.209.75.59
34,Lovell,Fleming,lflemingx@tinyurl.com,Male,220.153.36.52
35,Sherwood,Brixey,sbrixeyy@privacy.gov.au,Male,16.167.29.66
36,Janeva,Chilver,jchilverz@wikia.com,Female,102.59.228.62
37,Monte,Bowlands,mbowlands10@webeden.co.uk,Male,234.161.183.204
38,Alyda,Threadgill,athreadgill11@ca.gov,Female,84.215.20.118
39,Celia,Beak,cbeak12@google.fr,Female,94.162.83.68
40,Constantia,Benner,cbenner13@desdev.cn,Female,79.199.46.149
41,Carlye,Romero,cromero14@pen.io,Non-binary,76.201.255.92
42,Danielle,Atack,datack15@theguardian.com,Female,142.34.14.159
43,Aubrey,Boame,aboame16@admin.ch,Female,7.254.32.185
44,Erinn,Grinsdale,egrinsdale17@smugmug.com,Female,178.255.86.128
45,Muhammad,Wordley,mwordley18@bravesites.com,Male,163.164.228.157
46,Ofilia,Swannie,oswannie19@ibm.com,Female,141.203.11.236
47,Madelle,Margach,mmargach1a@psu.edu,Female,104.91.23.175
48,Welsh,Reily,wreily1b@opera.com,Male,171.135.60.253
49,Humphrey,Beckley,hbeckley1c@mlb.com,Male,34.103.47.105
50,Sammy,Scohier,sscohier1d@discovery.com,Male,169.183.91.23
51,Cosimo,Doubleday,cdoubleday1e@friendfeed.com,Male,102.75.94.204
52,Enrico,Davidai,edavidai1f@naver.com,Genderfluid,239.96.241.189
53,Bertrando,Bollon,bbollon1g@ebay.com,Male,71.241.3.144
54,Maynard,Hawk,mhawk1h@oakley.com,Male,193.116.102.227
55,Margette,Humbert,mhumbert1i@narod.ru,Female,46.19.82.39
56,Joey,Pallin,jpallin1j@time.com,Male,120.34.154.232
57,Sandi,Eyeington,seyeington1k@homestead.com,Female,88.108.59.226
58,Lucias,Flute,lflute1l@free.fr,Male,159.250.7.134
59,Bendicty,Pendreigh,bpendreigh1m@xinhuanet.com,Male,135.229.58.204
60,Willa,Vannah,wvannah1n@fastcompany.com,Female,107.138.191.148
61,Heloise,McGrory,hmcgrory1o@marriott.com,Female,198.100.250.190
62,Doralin,Petrou,dpetrou1p@unblog.fr,Female,128.168.9.161
63,Kelcey,Zylbermann,kzylbermann1q@jalbum.net,Female,53.200.70.134
64,Berenice,Yakobovitz,byakobovitz1r@google.cn,Female,193.71.233.20
65,Tiffanie,Calven,tcalven1s@delicious.com,Non-binary,228.26.90.225
66,Antoine,Staniland,astaniland1t@mlb.com,Male,144.110.149.110
67,Linn,Tranter,ltranter1u@newyorker.com,Male,47.207.75.120
68,Nickola,Vautre,nvautre1v@pcworld.com,Male,206.253.66.51
69,Jeremias,Kerwood,jkerwood1w@barnesandnoble.com,Male,44.101.195.198
70,Olivie,Ivannikov,oivannikov1x@walmart.com,Female,156.95.10.86
71,Cleavland,Fenner,cfenner1y@1und1.de,Male,42.32.4.225
72,Kiersten,Di Nisco,kdinisco1z@usatoday.com,Female,156.59.21.136
73,Phillie,Goodright,pgoodright20@mapy.cz,Female,20.15.165.126
74,Rob,Yarrell,ryarrell21@gmpg.org,Male,251.23.233.13
75,Allegra,Pipkin,apipkin22@networkadvertising.org,Female,138.64.52.78
76,Raven,Luckes,rluckes23@oaic.gov.au,Female,30.222.47.198
77,Cassie,Spelsbury,cspelsbury24@goo.ne.jp,Male,82.114.105.251
78,Bealle,Chicchetto,bchicchetto25@prlog.org,Male,232.202.85.10
79,Hortensia,Kinningley,hkinningley26@storify.com,Agender,4.200.118.89
80,Margarete,Sant,msant27@elpais.com,Female,29.112.214.86
81,Wynne,Almond,walmond28@chicagotribune.com,Female,231.203.121.35
82,Mirabella,Peschet,mpeschet29@cloudflare.com,Genderfluid,41.166.109.13
83,Rudie,McGeachy,rmcgeachy2a@imdb.com,Male,46.199.233.34
84,Gwendolyn,Dearle,gdearle2b@taobao.com,Female,101.144.119.203
85,Allix,Witherbed,awitherbed2c@slideshare.net,Female,37.212.216.168
86,Malanie,Stansfield,mstansfield2d@mit.edu,Female,53.66.123.62
87,Augie,Rentcome,arentcome2e@microsoft.com,Male,110.4.230.146
88,Dorris,Partener,dpartener2f@intel.com,Female,159.253.71.219
89,Noel,Carragher,ncarragher2g@sogou.com,Female,48.255.108.38
90,Devon,Leades,dleades2h@engadget.com,Female,200.196.224.210
91,Antonetta,Grenville,agrenville2i@webs.com,Polygender,10.201.91.92
92,Cami,Thinn,cthinn2j@123-reg.co.uk,Female,244.137.1.241
93,Darwin,Ardling,dardling2k@samsung.com,Male,109.185.151.85
94,Morey,Longland,mlongland2l@bloglovin.com,Male,50.226.114.167
95,Crawford,Duddy,cduddy2m@google.com.au,Male,50.77.96.153
96,Pietro,Bubbins,pbubbins2n@wordpress.org,Male,44.19.100.38
97,Kort,Jessup,kjessup2o@toplist.cz,Male,0.46.252.76
98,Kahaleel,Wagner,kwagner2p@domainmarket.com,Male,22.71.37.16
99,Kirsten,Akker,kakker2q@purevolume.com,Female,208.11.143.139
100,Gerek,Wreak,gwreak2r@163.com,Genderfluid,99.189.168.32
101,Andrej,Phelit,aphelit2s@squarespace.com,Male,152.60.76.83
102,Sven,Fidal,sfidal2t@kickstarter.com,Male,233.28.231.114
103,Renae,Mc Carroll,rmccarroll2u@vkontakte.ru,Female,100.74.25.151
104,Alexandros,Staning,astaning2v@nbcnews.com,Male,79.199.173.199
105,Dill,Erangey,derangey2w@shutterfly.com,Male,202.168.94.101
106,Thayne,Pren,tpren2x@quantcast.com,Male,140.247.227.162
107,Stan,Georgievski,sgeorgievski2y@rediff.com,Male,142.94.192.148
108,Marlo,Titterington,mtitterington2z@usa.gov,Male,126.212.229.255
109,Brannon,Karlik,bkarlik30@gravatar.com,Male,59.133.36.131
110,Carry,Brinded,cbrinded31@princeton.edu,Female,72.254.128.2
111,Lorrie,Jouhan,ljouhan32@devhub.com,Female,228.253.223.88
112,Rube,Brockhouse,rbrockhouse33@biglobe.ne.jp,Male,176.30.130.93
113,Pierson,Hazeup,phazeup34@java.com,Male,173.165.50.221
114,My,Pretty,mpretty35@networkadvertising.org,Bigender,234.172.81.169
115,Warde,Santi,wsanti36@nps.gov,Male,74.126.238.152
116,Stanislaw,Crews,screws37@virginia.edu,Male,35.187.107.132
117,Winfield,Collyear,wcollyear38@nbcnews.com,Male,30.172.0.174
118,Millisent,Cavan,mcavan39@uol.com.br,Female,207.38.138.23
119,Lucila,Ebbings,lebbings3a@pen.io,Genderqueer,12.15.219.183
120,Madella,D'Ambrogio,mdambrogio3b@bluehost.com,Female,254.180.70.18
121,Ambros,Sherr,asherr3c@discuz.net,Male,100.81.137.78
122,Hayden,Sandbatch,hsandbatch3d@woothemes.com,Male,156.44.206.15
123,Allison,Lapslie,alapslie3e@cnbc.com,Female,90.170.104.221
124,Nealon,Ossipenko,nossipenko3f@wired.com,Male,122.125.15.185
125,Nathalie,Micheli,nmicheli3g@forbes.com,Polygender,239.59.69.229
126,Rosita,Drysdall,rdrysdall3h@github.com,Female,106.239.112.46
127,Noll,McMains,nmcmains3i@clickbank.net,Male,7.245.24.130
128,Ricca,Corro,rcorro3j@yolasite.com,Female,175.209.64.103
129,Dione,Glede,dglede3k@telegraph.co.uk,Female,131.166.103.83
130,Timi,Maiklem,tmaiklem3l@seattletimes.com,Female,134.110.94.109
131,Ora,Reck,oreck3m@slate.com,Female,149.97.224.165
132,Lamar,Gann,lgann3n@github.io,Male,218.185.192.33
133,Rudie,Hegley,rhegley3o@clickbank.net,Male,133.103.241.74
134,Donal,Breed,dbreed3p@webs.com,Male,69.230.38.154
135,Kerry,Burgise,kburgise3q@example.com,Male,181.164.101.37
136,Thorn,Halegarth,thalegarth3r@uiuc.edu,Male,63.178.205.91
137,Clayborne,Nussey,cnussey3s@nymag.com,Male,12.165.39.169
138,Corey,Bolle,cbolle3t@studiopress.com,Male,231.122.87.34
139,Garnet,Graber,ggraber3u@arizona.edu,Female,167.191.175.16
140,Cly,Werlock,cwerlock3v@cyberchimps.com,Male,135.238.249.122
141,Johannes,Champken,jchampken3w@mashable.com,Male,196.226.171.236
142,Tatum,Begent,tbegent3x@ca.gov,Agender,200.151.131.31
143,Marcille,Goodliffe,mgoodliffe3y@ifeng.com,Female,131.107.247.185
144,Shellie,Ouldcott,souldcott3z@dion.ne.jp,Female,130.99.243.56
145,Suellen,Spofford,sspofford40@parallels.com,Female,53.103.153.33
146,Evered,Grave,egrave41@godaddy.com,Male,183.98.3.130
147,Mirabel,Carvill,mcarvill42@squidoo.com,Female,217.223.243.145
148,Reinaldo,Chitter,rchitter43@independent.co.uk,Non-binary,127.12.192.29
149,Tybalt,Bonnefin,tbonnefin44@businessweek.com,Male,92.192.26.194
150,Hartley,Izacenko,hizacenko45@yelp.com,Male,84.83.25.228
151,Julius,Junkin,jjunkin46@hud.gov,Male,149.160.137.201
152,Jerrold,Peddersen,jpeddersen47@hugedomains.com,Male,126.42.39.80
153,Reinhard,Divell,rdivell48@globo.com,Male,20.140.194.41
154,Isiahi,Moakes,imoakes49@wikipedia.org,Genderfluid,181.113.211.241
155,Jereme,Stannislawski,jstannislawski4a@spotify.com,Non-binary,0.6.70.159
156,Eolande,Pietersma,epietersma4b@paypal.com,Female,57.117.29.39
157,Bob,Ornillos,bornillos4c@yandex.ru,Male,215.138.117.99
158,Ajay,Scamaden,ascamaden4d@ucsd.edu,Non-binary,98.215.218.86
159,Lishe,Falkus,lfalkus4e@sun.com,Female,124.253.150.88
160,Kort,Vickerstaff,kvickerstaff4f@vkontakte.ru,Male,69.124.41.93
161,Dolorita,Bartak,dbartak4g@uol.com.br,Female,155.251.36.186
162,Dermot,Popeley,dpopeley4h@yellowbook.com,Male,45.151.188.143
163,Freddi,Harker,fharker4i@newyorker.com,Female,50.13.141.194
164,Onofredo,Backshall,obackshall4j@i2i.jp,Male,65.136.194.155
165,Oralia,Duddell,oduddell4k@digg.com,Female,133.54.196.222
166,Ranna,Rowthorn,rrowthorn4l@ucoz.ru,Female,89.72.25.124
167,Bill,Thurman,bthurman4m@jalbum.net,Male,48.103.160.127
168,Iain,Leddie,ileddie4n@reuters.com,Male,74.59.161.43
169,Aksel,Antao,aantao4o@amazonaws.com,Male,87.122.217.14
170,Chrysler,McKune,cmckune4p@nifty.com,Female,80.97.77.184
171,Genevra,Deekes,gdeekes4q@twitpic.com,Genderqueer,215.117.158.120
172,Eilis,Ferrant,eferrant4r@is.gd,Female,95.79.20.54
173,Marchall,Kolushev,mkolushev4s@jugem.jp,Male,242.231.172.54
174,Wakefield,Cawthry,wcawthry4t@ovh.net,Male,99.123.152.71
175,Saunders,McLucky,smclucky4u@github.io,Male,138.158.18.51
176,Gena,Browning,gbrowning4v@eepurl.com,Female,250.0.90.58
177,Lilian,Charlo,lcharlo4w@ibm.com,Female,30.166.28.222
178,Corney,Gianasi,cgianasi4x@google.cn,Male,50.254.6.223
179,Thomas,Martinetto,tmartinetto4y@ebay.com,Male,41.120.99.5
180,Sigismund,Stollenbeck,sstollenbeck4z@cbsnews.com,Male,209.115.127.98
181,Saxe,Burling,sburling50@cnet.com,Male,174.42.76.131
182,Roxanna,Cantopher,rcantopher51@dyndns.org,Female,238.29.230.13
183,Trixi,Perez,tperez52@feedburner.com,Female,40.12.32.27
184,Prince,Hubery,phubery53@discovery.com,Male,180.117.225.114
185,Vanya,Tomashov,vtomashov54@photobucket.com,Male,195.227.116.40
186,Kelby,Dunn,kdunn55@google.com.hk,Male,40.11.199.101
187,Byrann,St. John,bstjohn56@google.ca,Male,75.130.21.103
188,Shanie,Howship,showship57@gizmodo.com,Female,102.31.123.171
189,Even,Chisolm,echisolm58@yolasite.com,Male,218.153.42.90
190,Delainey,Jahn,djahn59@macromedia.com,Male,212.99.81.175
191,Fulton,Lechelle,flechelle5a@cisco.com,Male,119.60.43.181
192,Doria,Brimner,dbrimner5b@over-blog.com,Female,139.81.164.126
193,Danya,Kubalek,dkubalek5c@jigsy.com,Male,146.168.30.45
194,Harrietta,Nannizzi,hnannizzi5d@java.com,Female,120.239.119.247
195,Gillan,Portt,gportt5e@bloglovin.com,Female,222.105.194.29
196,Cammi,Hek,chek5f@mapquest.com,Female,242.33.19.232
197,Aveline,Waddilow,awaddilow5g@nydailynews.com,Female,168.38.40.189
198,Cchaddie,Brauns,cbrauns5h@ocn.ne.jp,Male,237.164.152.100
199,Alonzo,Beiderbeck,abeiderbeck5i@epa.gov,Male,74.187.31.129
200,Derwin,Swigg,dswigg5j@dyndns.org,Male,201.57.10.183
201,Tirrell,Denslow,tdenslow5k@phoca.cz,Male,254.192.144.234
202,Benedick,O'Donohue,bodonohue5l@yale.edu,Male,202.228.48.83
203,Kelby,Chilcott,kchilcott5m@example.com,Male,165.60.31.147
204,Alisun,Whotton,awhotton5n@odnoklassniki.ru,Female,254.231.88.158
205,Lamont,Hele,lhele5o@cdc.gov,Male,59.68.162.137
206,Berny,Bonavia,bbonavia5p@netvibes.com,Non-binary,240.245.219.233
207,Aggi,Alpe,aalpe5q@bravesites.com,Bigender,133.40.170.164
208,Giselle,Grieves,ggrieves5r@npr.org,Female,143.244.198.65
209,Wyatan,Tennick,wtennick5s@pagesperso-orange.fr,Male,102.26.171.48
210,Joleen,Mannakee,jmannakee5t@scientificamerican.com,Non-binary,120.36.194.226
211,Kylie,Wilford,kwilford5u@unicef.org,Female,87.137.34.89
212,Gerry,Shaefer,gshaefer5v@hostgator.com,Female,89.199.140.137
213,Elyssa,Sinton,esinton5w@i2i.jp,Female,189.231.92.115
214,Zechariah,Cobelli,zcobelli5x@ask.com,Male,79.60.187.21
215,Steven,Voase,svoase5y@va.gov,Male,122.195.143.70
216,Birch,Duguid,bduguid5z@google.cn,Male,245.133.129.38
217,Ruthanne,MacMeekan,rmacmeekan60@nydailynews.com,Female,127.167.107.140
218,Orella,Kettlestring,okettlestring61@ft.com,Female,158.42.31.26
219,Lorelle,Alyukin,lalyukin62@spotify.com,Female,199.220.1.97
220,Sabra,Spurden,sspurden63@example.com,Female,123.189.17.68
221,Esra,Quin,equin64@so-net.ne.jp,Male,219.165.72.113
222,Hayes,Newbigging,hnewbigging65@sogou.com,Male,232.97.65.252
223,Jedidiah,Plummer,jplummer66@booking.com,Male,94.10.164.87
224,Brandtr,Alyonov,balyonov67@about.me,Male,153.39.92.203
225,Pavel,Agg,pagg68@geocities.com,Male,56.152.57.96
226,Wanids,Shakespear,wshakespear69@technorati.com,Female,55.111.252.51
227,Charlotte,Burd,cburd6a@opensource.org,Female,139.80.54.54
228,Hartwell,Goforth,hgoforth6b@ifeng.com,Male,26.184.102.29
229,Joly,Waterfield,jwaterfield6c@mapquest.com,Female,1.61.219.188
230,Jodie,Oswald,joswald6d@networkadvertising.org,Female,185.136.206.61
231,Eduino,Gabbitis,egabbitis6e@eepurl.com,Male,13.114.94.15
232,Desmund,Robichon,drobichon6f@theglobeandmail.com,Male,16.250.36.94
233,Haskell,Dooly,hdooly6g@hp.com,Male,7.155.80.139
234,Natassia,Spritt,nspritt6h@who.int,Female,216.189.175.195
235,Rozanne,Gebhard,rgebhard6i@istockphoto.com,Female,115.14.243.170
236,Ezechiel,Cardo,ecardo6j@phoca.cz,Male,231.125.218.42
237,Cristine,Carpenter,ccarpenter6k@admin.ch,Female,25.65.17.15
238,Cati,Ragbourn,cragbourn6l@pinterest.com,Female,153.222.235.27
239,Idaline,Campey,icampey6m@bloomberg.com,Female,104.124.68.77
240,Drucill,Charlick,dcharlick6n@phpbb.com,Female,116.182.155.75
241,Joice,Tellwright,jtellwright6o@friendfeed.com,Female,47.146.200.250
242,Ernestine,Thewless,ethewless6p@bravesites.com,Female,47.14.68.135
243,Esdras,Langtry,elangtry6q@bloglines.com,Male,38.216.20.148
244,Reynold,Coston,rcoston6r@google.fr,Male,32.150.239.211
245,Tanny,Gibard,tgibard6s@spotify.com,Male,23.105.64.79
246,Winny,Cloonan,wcloonan6t@engadget.com,Male,16.39.33.209
247,Shelly,Ketley,sketley6u@uiuc.edu,Female,239.240.206.45
248,Burch,Grzegorek,bgrzegorek6v@youtu.be,Male,56.134.128.21
249,Carleton,Wind,cwind6w@tinyurl.com,Male,179.183.96.82
250,Colby,Breeton,cbreeton6x@taobao.com,Male,123.244.23.88
251,Mitchell,Lothlorien,mlothlorien6y@quantcast.com,Male,62.33.200.7
252,Abdul,Blowing,ablowing6z@japanpost.jp,Male,69.252.12.186
253,Avie,Glasscoo,aglasscoo70@msu.edu,Female,49.180.147.52
254,Buddie,Tures,btures71@gizmodo.com,Male,59.38.163.118
255,Colleen,Kupis,ckupis72@gnu.org,Female,202.102.189.127
256,Gino,Folbig,gfolbig73@cyberchimps.com,Male,54.6.245.163
257,Marijn,Feckey,mfeckey74@cnet.com,Male,225.254.115.30
258,Lindon,Pickaver,lpickaver75@vk.com,Male,37.61.32.143
259,Retha,Harcarse,rharcarse76@dailymail.co.uk,Polygender,19.214.187.85
260,Stefanie,Paulon,spaulon77@naver.com,Agender,117.33.214.165
261,Rick,Cudbertson,rcudbertson78@jimdo.com,Male,119.56.239.127
262,Ninnette,Jecock,njecock79@github.io,Female,45.146.93.160
263,Colan,Mowat,cmowat7a@state.gov,Male,109.200.108.27
264,Kayle,Zipsell,kzipsell7b@fotki.com,Female,101.138.196.199
265,Kingsly,Wabersich,kwabersich7c@issuu.com,Male,94.28.191.23
266,Brice,Ozintsev,bozintsev7d@google.es,Male,65.41.115.190
267,Dominga,Peachment,dpeachment7e@whitehouse.gov,Female,16.115.149.207
268,Cristian,Ferschke,cferschke7f@canalblog.com,Male,238.66.40.89
269,Nicky,Beardshall,nbeardshall7g@businessinsider.com,Female,196.103.254.37
270,Jefferey,Fibben,jfibben7h@qq.com,Male,178.175.150.57
271,Rodd,Mackin,rmackin7i@blogtalkradio.com,Male,137.220.43.242
272,Hugo,Poolton,hpoolton7j@163.com,Male,140.108.231.50
273,Brnaby,Bogart,bbogart7k@forbes.com,Male,64.82.148.27
274,Essie,Mitchiner,emitchiner7l@livejournal.com,Polygender,23.165.158.101
275,Kathryn,Lotte,klotte7m@examiner.com,Bigender,228.134.197.225
276,Geneva,Eidler,geidler7n@bloglovin.com,Female,176.22.71.72
277,Lorant,Tellenbach,ltellenbach7o@latimes.com,Male,230.195.105.138
278,Benedict,OIlier,boilier7p@intel.com,Male,188.163.45.249
279,Florence,Brommage,fbrommage7q@mayoclinic.com,Female,76.28.141.122
280,Jayne,Branigan,jbranigan7r@loc.gov,Female,121.123.255.159
281,Gustaf,Whicher,gwhicher7s@mozilla.com,Male,129.19.193.202
282,Elissa,Carluccio,ecarluccio7t@biblegateway.com,Female,199.57.232.94
283,Ryann,Daid,rdaid7u@oaic.gov.au,Female,210.195.184.225
284,Denni,Eidelman,deidelman7v@slideshare.net,Female,135.9.82.194
285,Gretna,Habbert,ghabbert7w@nps.gov,Female,220.20.102.213
286,Nye,Krolik,nkrolik7x@goo.gl,Male,125.250.202.154
287,Shana,Ransley,sransley7y@twitter.com,Female,171.10.121.72
288,Sande,Bevens,sbevens7z@nps.gov,Female,187.21.17.12
289,Vera,Tibbles,vtibbles80@adobe.com,Female,167.120.34.191
290,Costa,Durden,cdurden81@hugedomains.com,Male,151.213.118.55
291,Culver,Wrate,cwrate82@samsung.com,Male,16.151.167.163
292,Sammy,Flexman,sflexman83@marketwatch.com,Female,126.130.76.144
293,Addy,Tointon,atointon84@hostgator.com,Male,187.38.37.175
294,Guenna,Precious,gprecious85@disqus.com,Female,10.171.79.193
295,Burlie,Cooksey,bcooksey86@abc.net.au,Male,133.7.13.114
296,Jobyna,Raulin,jraulin87@livejournal.com,Genderfluid,107.84.103.233
297,Kelvin,Siddon,ksiddon88@printfriendly.com,Male,164.233.166.228
298,Fernandina,Ghidoni,fghidoni89@typepad.com,Female,218.45.21.50
299,Almeria,D'Emanuele,ademanuele8a@geocities.com,Female,224.246.7.184
300,Terencio,Snowman,tsnowman8b@arstechnica.com,Male,127.233.197.233
301,Alicea,Rishbrook,arishbrook8c@plala.or.jp,Female,105.152.7.112
302,Joshua,Corpe,jcorpe8d@google.it,Male,227.164.52.235
303,Carolus,Spurgin,cspurgin8e@plala.or.jp,Male,118.108.72.16
304,Dilan,Sandiford,dsandiford8f@t-online.de,Male,171.129.215.232
305,Westbrook,Byrkmyr,wbyrkmyr8g@virginia.edu,Male,216.114.163.106
306,Lian,Cranke,lcranke8h@oakley.com,Female,202.249.190.68
307,Carly,Walbridge,cwalbridge8i@upenn.edu,Female,206.75.215.126
308,Angie,Applegarth,aapplegarth8j@si.edu,Female,194.134.24.200
309,Ilise,Shefton,ishefton8k@google.co.uk,Female,232.10.159.183
310,Jocelyne,Coupland,jcoupland8l@hp.com,Female,40.119.161.66
311,Gene,Norvel,gnorvel8m@vkontakte.ru,Female,113.142.18.212
312,Harman,Jobern,hjobern8n@tinypic.com,Polygender,214.179.103.9
313,Hubie,Blenkinsopp,hblenkinsopp8o@trellian.com,Male,128.190.212.141
314,Broderic,Overstall,boverstall8p@amazon.de,Polygender,90.131.217.3
315,Danita,Houten,dhouten8q@gmpg.org,Female,107.179.73.228
316,Abby,Wevell,awevell8r@boston.com,Female,114.156.29.243
317,Drew,Derington,dderington8s@reference.com,Male,216.186.145.70
318,Cole,Semkins,csemkins8t@soup.io,Male,12.23.210.221
319,Rowe,Assante,rassante8u@washington.edu,Female,130.198.214.49
320,Brinna,Giraldo,bgiraldo8v@umn.edu,Female,162.47.82.137
321,Vale,Leicester,vleicester8w@elpais.com,Female,39.145.54.199
322,Deane,Norval,dnorval8x@mit.edu,Male,139.228.189.73
323,Arch,Watford,awatford8y@springer.com,Male,202.212.68.42
324,Oralla,Nisuis,onisuis8z@ezinearticles.com,Female,203.114.169.70
325,Lana,Cartmel,lcartmel90@canalblog.com,Genderfluid,41.55.12.57
326,Flemming,Schuck,fschuck91@geocities.jp,Male,10.208.4.224
327,Chrotoem,Grief,cgrief92@home.pl,Male,139.190.192.250
328,Oona,Hullbrook,ohullbrook93@nature.com,Female,160.198.21.201
329,Aldis,Dunkerton,adunkerton94@cdbaby.com,Male,74.123.110.153
330,Nannette,Stollsteimer,nstollsteimer95@google.ca,Female,8.90.109.72
331,Norean,Malcher,nmalcher96@jugem.jp,Female,240.24.232.70
332,Shermy,Lockyer,slockyer97@deviantart.com,Male,237.160.21.219
333,Aron,Sydney,asydney98@mapy.cz,Male,34.32.22.210
334,Town,Itscovitz,titscovitz99@weather.com,Male,131.112.44.141
335,Sally,Rawood,srawood9a@pbs.org,Female,211.41.124.184
336,Victoir,Woodes,vwoodes9b@theglobeandmail.com,Male,159.144.63.119
337,Tailor,Woollends,twoollends9c@freewebs.com,Male,130.153.230.135
338,Brig,Rodbourne,brodbourne9d@biglobe.ne.jp,Male,138.119.26.38
339,Dinny,Rennenbach,drennenbach9e@un.org,Female,226.165.88.217
340,Case,Rycraft,crycraft9f@si.edu,Male,62.128.200.165
341,Everard,Cicutto,ecicutto9g@goo.ne.jp,Male,120.76.30.34
342,Nola,Braghini,nbraghini9h@tinypic.com,Female,132.138.9.145
343,Danny,Oldknowe,doldknowe9i@illinois.edu,Female,61.142.54.33
344,Malina,Goodanew,mgoodanew9j@biglobe.ne.jp,Female,29.250.149.148
345,Rourke,Eglington,reglington9k@ameblo.jp,Male,60.89.19.78
346,Cody,Buckwell,cbuckwell9l@vkontakte.ru,Male,108.52.23.196
347,Terry,Casassa,tcasassa9m@g.co,Male,181.200.151.1
348,Heida,Hatry,hhatry9n@usatoday.com,Female,87.207.207.81
349,Sancho,Faughey,sfaughey9o@wsj.com,Agender,254.76.117.216
350,Marwin,Grealy,mgrealy9p@devhub.com,Male,106.32.37.90
351,Dukey,Kenyam,dkenyam9q@bravesites.com,Male,15.159.227.112
352,Wendall,Staite,wstaite9r@gravatar.com,Male,80.137.59.234
353,Nert,Insole,ninsole9s@yahoo.com,Polygender,210.208.217.37
354,Krissie,Pantry,kpantry9t@census.gov,Female,81.57.159.89
355,Luise,Wickerson,lwickerson9u@geocities.jp,Female,166.186.201.7
356,Ganny,Foulcher,gfoulcher9v@comcast.net,Male,30.105.44.1
357,Nonah,Pendrey,npendrey9w@xrea.com,Female,197.140.174.122
358,Alfons,Palluschek,apalluschek9x@goodreads.com,Male,163.10.171.208
359,Cirilo,Soreau,csoreau9y@bbb.org,Male,196.239.35.191
360,Marcia,Doghartie,mdoghartie9z@scribd.com,Female,118.216.105.165
361,Lee,Rosina,lrosinaa0@thetimes.co.uk,Female,205.15.119.162
362,Georgianna,Geoghegan,ggeoghegana1@mozilla.org,Non-binary,124.51.176.230
363,Jaimie,Deane,jdeanea2@mtv.com,Male,149.45.121.27
364,Shamus,Cake,scakea3@soundcloud.com,Male,82.178.139.166
365,Erin,Beston,ebestona4@4shared.com,Genderqueer,16.218.104.95
366,Clayton,Filson,cfilsona5@gizmodo.com,Male,135.184.122.100
367,Jaynell,Coughlin,jcoughlina6@w3.org,Female,50.77.43.95
368,Margarethe,Mold,mmolda7@tinyurl.com,Female,138.98.179.143
369,Sean,Tuckey,stuckeya8@accuweather.com,Male,234.236.153.213
370,Tomas,Florentine,tflorentinea9@ask.com,Male,130.123.234.105
371,Lorain,Rymill,lrymillaa@alibaba.com,Polygender,99.87.236.43
372,Leslie,Sneath,lsneathab@hatena.ne.jp,Female,153.222.101.145
373,Bertie,Geertz,bgeertzac@bloglovin.com,Male,191.64.1.81
374,Minnnie,Churms,mchurmsad@blog.com,Female,75.212.242.35
375,Jecho,Standall,jstandallae@cornell.edu,Male,188.10.157.126
376,Cullan,Ekins,cekinsaf@jimdo.com,Male,102.124.111.251
377,Rachael,Rigeby,rrigebyag@cmu.edu,Female,249.3.113.7
378,Sidnee,Ackhurst,sackhurstah@wikispaces.com,Male,16.19.76.0
379,Kiel,Bonnier,kbonnierai@gmpg.org,Male,24.145.77.11
380,Johann,Jerratsch,jjerratschaj@over-blog.com,Bigender,163.246.116.133
381,Kelley,Rains,krainsak@plala.or.jp,Female,82.74.225.12
382,Miguel,Beecraft,mbeecraftal@un.org,Male,233.212.170.128
383,Ofelia,Hutchin,ohutchinam@msu.edu,Female,4.255.155.202
384,Amara,Cominetti,acominettian@dailymail.co.uk,Non-binary,75.132.183.10
385,Dina,Deaton,ddeatonao@blogspot.com,Agender,134.209.130.226
386,Glenn,Maccree,gmaccreeap@nsw.gov.au,Male,12.43.59.154
387,Gard,Fisbey,gfisbeyaq@washington.edu,Male,108.39.112.137
388,Cesare,Flather,cflatherar@oracle.com,Male,120.158.213.28
389,Karen,Johnes,kjohnesas@trellian.com,Female,11.28.178.52
390,Orelle,Priestman,opriestmanat@sciencedirect.com,Female,34.18.45.154
391,Elladine,Endley,eendleyau@intel.com,Female,132.108.221.77
392,Luci,Sawle,lsawleav@so-net.ne.jp,Female,157.239.18.102
393,Elise,Drakeford,edrakefordaw@people.com.cn,Female,31.112.25.148
394,Adriaens,Whiterod,awhiterodax@nydailynews.com,Female,154.153.7.110
395,Dannye,Mitro,dmitroay@smugmug.com,Female,103.48.165.60
396,Abey,Van,avanaz@seattletimes.com,Male,30.230.165.70
397,Esme,Turville,eturvilleb0@moonfruit.com,Female,31.143.115.153
398,Helaina,Pain,hpainb1@woothemes.com,Agender,89.80.245.146
399,Garner,Tommis,gtommisb2@51.la,Male,168.150.188.149
400,Obed,Arnefield,oarnefieldb3@gov.uk,Male,1.148.78.50
401,Florentia,Collingridge,fcollingridgeb4@360.cn,Female,58.79.172.110
402,Hallie,Josling,hjoslingb5@ifeng.com,Genderfluid,141.173.203.48
403,Winona,Yarrell,wyarrellb6@cbc.ca,Female,218.201.81.137
404,Durant,Echalier,dechalierb7@is.gd,Male,95.42.46.190
405,D'arcy,Speer,dspeerb8@last.fm,Male,61.249.170.167
406,Mable,Loudwell,mloudwellb9@dedecms.com,Female,215.41.58.159
407,Heida,Langeren,hlangerenba@marketwatch.com,Female,147.134.77.152
408,Kingsley,Upchurch,kupchurchbb@t-online.de,Male,54.27.252.167
409,Zorina,Yantsurev,zyantsurevbc@cnbc.com,Female,38.37.89.0
410,Tanney,Lotterington,tlotteringtonbd@youtube.com,Male,186.18.24.114
411,Sylvia,Creaney,screaneybe@godaddy.com,Female,143.57.50.56
412,Ilise,Ganders,igandersbf@php.net,Polygender,193.178.93.24
413,Doris,Mattingly,dmattinglybg@liveinternet.ru,Female,132.98.63.64
414,Abraham,Seton,asetonbh@facebook.com,Male,116.77.186.31
415,Violette,Gauthorpp,vgauthorppbi@instagram.com,Female,224.213.86.221
416,Eliza,Elfes,eelfesbj@blogger.com,Agender,133.200.134.2
417,Ainslee,Oakton,aoaktonbk@hp.com,Female,68.193.148.39
418,Bartholomeo,Denerley,bdenerleybl@spotify.com,Male,72.205.23.51
419,Francklin,Pimm,fpimmbm@wunderground.com,Male,62.190.233.241
420,Evaleen,Lawles,elawlesbn@bbb.org,Female,242.116.188.63
421,Clo,Race,cracebo@angelfire.com,Non-binary,130.132.88.152
422,Bond,Potkin,bpotkinbp@engadget.com,Genderfluid,203.111.196.152
423,Charo,Denkin,cdenkinbq@oracle.com,Female,127.30.198.136
424,Sharona,MacMickan,smacmickanbr@ifeng.com,Female,91.206.144.48
425,Felic,Tradewell,ftradewellbs@hubpages.com,Male,192.13.86.148
426,Bruce,Jelks,bjelksbt@a8.net,Male,208.26.193.166
427,Rudiger,Kenshole,rkensholebu@technorati.com,Male,29.65.38.110
428,Royal,Pattemore,rpattemorebv@desdev.cn,Male,28.126.165.124
429,Dugald,Vittle,dvittlebw@nationalgeographic.com,Male,80.7.56.97
430,Lonna,Thewlis,lthewlisbx@amazon.co.uk,Female,183.118.242.117
431,Tiffany,Killerby,tkillerbyby@taobao.com,Female,41.126.44.78
432,Ewen,Merriday,emerridaybz@quantcast.com,Male,101.133.169.130
433,Sarene,Drakes,sdrakesc0@time.com,Female,119.138.115.226
434,Nonah,Murkus,nmurkusc1@wordpress.com,Female,120.213.139.4
435,Marilin,Pleven,mplevenc2@prweb.com,Female,230.24.251.130
436,Jelene,Davage,jdavagec3@yolasite.com,Female,115.114.8.251
437,Sara-ann,Jouannin,sjouanninc4@chron.com,Female,219.124.135.9
438,Shaine,Bigley,sbigleyc5@un.org,Bigender,207.123.0.33
439,Cullen,Noonan,cnoonanc6@bizjournals.com,Male,14.116.161.194
440,Blondie,Aizikov,baizikovc7@php.net,Agender,71.186.124.93
441,Ezri,Challender,echallenderc8@nps.gov,Male,18.65.60.233
442,Brynna,MacAlees,bmacaleesc9@constantcontact.com,Female,80.211.73.246
443,Antonin,Quantrell,aquantrellca@nps.gov,Male,223.167.127.125
444,Allister,Lambkin,alambkincb@pcworld.com,Male,159.46.210.132
445,Bernhard,Brookhouse,bbrookhousecc@trellian.com,Male,127.72.109.153
446,Matthew,Rosenshine,mrosenshinecd@1und1.de,Male,148.123.255.119
447,Bev,Nerheny,bnerhenyce@sitemeter.com,Female,32.79.205.12
448,Sumner,Cronk,scronkcf@usnews.com,Male,167.102.83.209
449,Alvy,Elstub,aelstubcg@sourceforge.net,Male,125.241.166.222
450,Quintana,Sofe,qsofech@storify.com,Female,38.192.184.77
451,Beverley,Rothera,brotheraci@sohu.com,Female,104.12.24.114
452,Floris,Titmus,ftitmuscj@oaic.gov.au,Genderfluid,33.114.73.254
453,Jammie,Sumbler,jsumblerck@so-net.ne.jp,Female,50.133.152.37
454,Ogden,Dieton,odietoncl@dedecms.com,Male,85.250.250.190
455,Pattie,Gudgin,pgudgincm@reuters.com,Female,49.47.58.127
456,Corby,Lindenbaum,clindenbaumcn@europa.eu,Male,70.142.0.96
457,Gwendolen,Eastbrook,geastbrookco@cornell.edu,Female,245.104.172.102
458,Arluene,Pallant,apallantcp@mlb.com,Female,33.142.90.86
459,Leonardo,Larwood,llarwoodcq@cafepress.com,Male,221.118.202.43
460,Emmanuel,Parysiak,eparysiakcr@google.co.jp,Male,119.182.36.69
461,Cecilla,Pointon,cpointoncs@reference.com,Female,219.123.221.140
462,Audy,Dendon,adendonct@homestead.com,Female,94.194.69.185
463,Kipp,Drury,kdrurycu@tinyurl.com,Male,44.72.245.248
464,Ernst,Patching,epatchingcv@unblog.fr,Male,237.184.231.233
465,Ruby,Hollindale,rhollindalecw@vinaora.com,Polygender,208.116.141.36
466,Ellswerth,Geator,egeatorcx@booking.com,Male,79.82.226.83
467,Mitch,Cosin,mcosincy@nymag.com,Male,200.195.254.164
468,Robert,Twyning,rtwyningcz@bluehost.com,Non-binary,203.195.147.4
469,Mahala,Sayer,msayerd0@npr.org,Female,53.165.4.36
470,Rae,Longega,rlongegad1@springer.com,Female,214.108.43.178
471,Georgianne,Lecordier,glecordierd2@epa.gov,Female,202.43.64.35
472,Benetta,Larrett,blarrettd3@hp.com,Female,24.65.164.136
473,Harlan,Vennings,hvenningsd4@google.co.jp,Male,37.13.192.15
474,Gladys,McDougle,gmcdougled5@ycombinator.com,Female,111.160.11.72
475,Karleen,Farr,kfarrd6@comcast.net,Female,219.164.96.49
476,Quentin,Donaho,qdonahod7@jalbum.net,Female,199.62.225.115
477,Glenda,Anthony,ganthonyd8@wikimedia.org,Female,208.179.30.16
478,Norbie,Terrey,nterreyd9@jimdo.com,Male,155.1.254.226
479,Sibyl,Valentine,svalentineda@xing.com,Genderfluid,238.21.90.244
480,Jessamine,Brigden,jbrigdendb@t.co,Bigender,48.185.252.50
481,Jeffie,Antyshev,jantyshevdc@ask.com,Male,77.49.8.74
482,Elysha,Sinkin,esinkindd@trellian.com,Female,163.75.206.25
483,Ariadne,Stoffler,astofflerde@ustream.tv,Female,73.154.164.102
484,Caitrin,McGarrahan,cmcgarrahandf@npr.org,Female,105.50.206.238
485,Oby,Penberthy,openberthydg@indiegogo.com,Male,148.216.194.166
486,Judith,Faulder,jfaulderdh@unesco.org,Female,2.78.123.213
487,Oralle,Masarrat,omasarratdi@abc.net.au,Female,214.32.91.210
488,Giavani,Greed,ggreeddj@biblegateway.com,Male,98.180.227.125
489,Carl,McInnery,cmcinnerydk@pen.io,Male,243.93.5.170
490,Thomasa,McGivena,tmcgivenadl@constantcontact.com,Polygender,239.185.144.122
491,Nikolai,Anslow,nanslowdm@eepurl.com,Agender,40.170.247.204
492,Kippie,Bautiste,kbautistedn@uol.com.br,Agender,173.200.8.189
493,Timoteo,Guly,tgulydo@geocities.com,Male,73.116.213.8
494,Roi,Bucher,rbucherdp@unicef.org,Male,188.248.135.116
495,Brady,Iorio,bioriodq@smugmug.com,Male,38.51.227.118
496,Geoffry,Longhorne,glonghornedr@indiegogo.com,Male,67.40.66.211
497,Rowney,Eberst,reberstds@home.pl,Male,42.109.65.248
498,Cthrine,Hildred,childreddt@zdnet.com,Genderfluid,81.64.117.121
499,Dun,Normanvell,dnormanvelldu@barnesandnoble.com,Male,245.248.74.69
500,Dido,Beaumont,dbeaumontdv@is.gd,Female,92.84.9.145
501,Ranna,Kemery,rkemerydw@sphinn.com,Female,59.224.252.203
502,Stacee,Sowle,ssowledx@addtoany.com,Male,40.141.153.140
503,Raquel,Arangy,rarangydy@psu.edu,Female,107.80.59.199
504,Appolonia,Balas,abalasdz@unicef.org,Female,78.192.104.175
505,Charity,Asplin,caspline0@goodreads.com,Female,153.189.121.167
506,Paulo,Toke,ptokee1@buzzfeed.com,Genderfluid,237.203.188.246
507,Archambault,Riepel,ariepele2@smh.com.au,Male,212.11.229.3
508,Ive,Crunden,icrundene3@icq.com,Male,41.165.199.153
509,Hadleigh,Cribbott,hcribbotte4@bloomberg.com,Male,225.249.119.56
510,Magnum,Ashworth,mashworthe5@cdc.gov,Male,53.222.37.224
511,Cicily,Livard,clivarde6@cocolog-nifty.com,Genderfluid,120.5.132.36
512,Dolli,Normabell,dnormabelle7@prweb.com,Female,237.197.64.252
513,Annamaria,Masden,amasdene8@devhub.com,Female,251.248.248.21
514,Lizabeth,Caroline,lcarolinee9@cyberchimps.com,Female,193.254.90.172
515,Katie,Gayle,kgayleea@blogs.com,Female,114.34.40.165
516,Sara,Widdowson,swiddowsoneb@woothemes.com,Genderqueer,12.128.154.102
517,Claudetta,Luby,clubyec@google.ru,Genderfluid,77.75.119.184
518,Renaud,Palmar,rpalmared@msn.com,Genderqueer,52.170.220.7
519,Forrest,Attersoll,fattersollee@hibu.com,Polygender,178.112.3.91
520,Bendix,Clausson,bclaussonef@jimdo.com,Male,184.79.198.140
521,Shawna,Radden,sraddeneg@mayoclinic.com,Female,7.176.61.72
522,Lawrence,Channer,lchannereh@tinyurl.com,Male,9.239.39.186
523,Brittni,Learmond,blearmondei@github.io,Female,139.47.195.25
524,Mendel,Massinger,mmassingerej@intel.com,Agender,89.51.81.207
525,Ewell,Barszczewski,ebarszczewskiek@phoca.cz,Bigender,223.113.208.33
526,Jeff,Swaisland,jswaislandel@mail.ru,Polygender,196.120.62.83
527,Sherm,Aprahamian,saprahamianem@admin.ch,Male,5.38.26.43
528,Lisette,Haspineall,lhaspineallen@meetup.com,Bigender,79.58.144.232
529,Hermon,Celloni,hcellonieo@cocolog-nifty.com,Male,153.2.199.246
530,Stacia,Tourne,stourneep@1688.com,Female,3.82.99.198
531,Shirleen,Mariault,smariaulteq@webs.com,Female,224.184.91.41
532,Cris,Barbrook,cbarbrooker@typepad.com,Male,143.233.35.163
533,Margeaux,Blackstone,mblackstonees@ucla.edu,Female,97.11.27.98
534,Karlik,Devote,kdevoteet@aol.com,Male,94.145.209.206
535,Kelcey,McQuilkin,kmcquilkineu@apache.org,Female,223.49.120.223
536,Scotty,Delort,sdelortev@disqus.com,Male,248.58.192.126
537,Engelbert,Beevis,ebeevisew@wunderground.com,Male,15.59.159.157
538,Sabine,Roberson,srobersonex@shareasale.com,Female,226.41.6.121
539,Coretta,Goodliffe,cgoodliffeey@bbb.org,Female,117.3.57.163
540,Vanny,Heading,vheadingez@wsj.com,Female,147.70.215.46
541,Gabie,Gorner,ggornerf0@twitpic.com,Male,253.9.220.87
542,Almeria,Cockell,acockellf1@cmu.edu,Female,143.40.209.187
543,Ardella,Rogans,arogansf2@usa.gov,Female,204.49.248.145
544,Dorothee,Paintain,dpaintainf3@vistaprint.com,Genderfluid,129.69.27.104
545,Farrand,Riccetti,friccettif4@independent.co.uk,Female,33.106.210.195
546,Harmon,Pownall,hpownallf5@latimes.com,Male,86.249.146.14
547,Toinette,Pemble,tpemblef6@sun.com,Polygender,64.5.52.75
548,Beale,Gommery,bgommeryf7@nhs.uk,Male,172.93.0.105
549,Grady,Whetland,gwhetlandf8@clickbank.net,Male,3.11.84.69
550,Davon,Sawell,dsawellf9@tinypic.com,Male,235.251.87.124
551,Vanya,Baglow,vbaglowfa@meetup.com,Male,202.230.173.210
552,Katha,Burnsides,kburnsidesfb@google.com,Female,43.187.45.103
553,Lesya,Meeson,lmeesonfc@nih.gov,Female,108.2.121.18
554,Zahara,Ort,zortfd@java.com,Female,171.42.173.156
555,Gae,Anstice,gansticefe@dell.com,Female,232.74.186.114
556,Callida,Beddie,cbeddieff@telegraph.co.uk,Female,142.246.223.196
557,Iris,Wrankmore,iwrankmorefg@go.com,Female,36.177.111.178
558,Cornelia,Founds,cfoundsfh@rambler.ru,Female,31.148.37.183
559,Hans,Dykes,hdykesfi@salon.com,Male,205.244.41.230
560,Regan,Cecely,rcecelyfj@jugem.jp,Male,84.204.165.132
561,Jo ann,O'Reagan,joreaganfk@goo.ne.jp,Female,212.68.72.70
562,Krissie,Trench,ktrenchfl@webeden.co.uk,Female,234.74.133.30
563,Royce,Iacovielli,riacoviellifm@hatena.ne.jp,Male,48.170.226.111
564,Carmelle,Atger,catgerfn@cargocollective.com,Female,169.152.95.41
565,Loleta,Bradden,lbraddenfo@dailymail.co.uk,Female,147.39.223.146
566,Garrik,Lavalle,glavallefp@princeton.edu,Male,161.62.91.163
567,Ursala,Cumberpatch,ucumberpatchfq@cdbaby.com,Female,57.25.222.42
568,Lyndel,Chagg,lchaggfr@zimbio.com,Female,226.40.251.53
569,Georgiana,O'Brian,gobrianfs@plala.or.jp,Female,131.195.182.232
570,Jourdan,Blayney,jblayneyft@miitbeian.gov.cn,Female,33.245.182.124
571,Evangelin,Sapsed,esapsedfu@tumblr.com,Female,211.208.166.180
572,Angelina,Delf,adelffv@naver.com,Female,135.43.127.57
573,Tom,Pirie,tpiriefw@usa.gov,Male,11.233.145.234
574,Joell,Duesbury,jduesburyfx@multiply.com,Female,210.149.233.43
575,Aimil,Churchin,achurchinfy@columbia.edu,Female,30.254.206.69
576,Trip,Pudge,tpudgefz@sfgate.com,Male,14.185.67.255
577,Sancho,Henlon,shenlong0@freewebs.com,Male,37.83.149.229
578,Colman,McVicker,cmcvickerg1@github.com,Bigender,78.5.154.127
579,Matilde,Priddey,mpriddeyg2@adobe.com,Female,213.139.146.204
580,Zaccaria,Aberhart,zaberhartg3@github.io,Male,74.169.123.65
581,Jaine,Mounce,jmounceg4@bloglovin.com,Female,55.45.162.49
582,Dasha,Dryburgh,ddryburghg5@fc2.com,Female,230.152.227.226
583,Skell,Gallop,sgallopg6@tamu.edu,Male,69.160.41.181
584,Alvy,Cassey,acasseyg7@foxnews.com,Male,184.50.76.107
585,Mikaela,Banton,mbantong8@aboutads.info,Non-binary,14.68.37.84
586,Kenton,Weatherell,kweatherellg9@livejournal.com,Male,141.77.185.212
587,Jade,Leonida,jleonidaga@feedburner.com,Female,8.245.134.107
588,Krissy,Clutheram,kclutheramgb@latimes.com,Genderfluid,8.52.156.30
589,Lorne,MacKimm,lmackimmgc@tuttocitta.it,Male,57.0.11.90
590,Silvano,Bus,sbusgd@boston.com,Male,178.114.230.200
591,Delmor,Harradence,dharradencege@earthlink.net,Male,46.225.218.145
592,Keefer,Guiraud,kguiraudgf@sciencedaily.com,Male,208.11.51.221
593,Charlotta,Grioli,cgrioligg@constantcontact.com,Female,156.7.111.29
594,Anatol,Mollindinia,amollindiniagh@xinhuanet.com,Male,108.158.71.206
595,Friederike,Witherup,fwitherupgi@weibo.com,Bigender,231.70.136.179
596,Benton,Boughton,bboughtongj@t-online.de,Agender,179.175.157.207
597,Harlene,Louth,hlouthgk@w3.org,Female,102.22.16.137
598,Glynnis,Mooney,gmooneygl@psu.edu,Female,62.50.213.111
599,Hali,Edwardson,hedwardsongm@uiuc.edu,Female,144.68.162.2
600,Tim,Butler,tbutlergn@oakley.com,Female,32.116.166.41
601,Adora,Blinckhorne,ablinckhornego@cloudflare.com,Female,95.26.145.20
602,Byrom,Tallboy,btallboygp@washington.edu,Male,67.126.236.107
603,Vincents,Laurant,vlaurantgq@jugem.jp,Male,57.226.207.134
604,Kristina,McGibbon,kmcgibbongr@merriam-webster.com,Female,4.201.162.32
605,Zsazsa,Broderick,zbroderickgs@bizjournals.com,Female,164.114.94.122
606,Nada,Cowdrey,ncowdreygt@dyndns.org,Female,149.10.129.0
607,Lion,Hymans,lhymansgu@de.vu,Male,183.190.250.24
608,Eldridge,Woodson,ewoodsongv@csmonitor.com,Male,208.242.24.73
609,Cristie,Shankle,cshanklegw@xinhuanet.com,Female,243.239.220.125
610,Carlota,Rizon,crizongx@kickstarter.com,Female,102.150.251.186
611,Ferdinande,Lamas,flamasgy@yellowpages.com,Female,28.82.61.4
612,Waldon,Gerrelt,wgerreltgz@tumblr.com,Male,208.68.182.187
613,Guillema,Gatrell,ggatrellh0@ed.gov,Genderfluid,154.62.102.177
614,Humphrey,Spratling,hspratlingh1@goo.gl,Polygender,122.217.53.243
615,Toma,Pevie,tpevieh2@mit.edu,Female,97.235.38.52
616,Kristal,Delagnes,kdelagnesh3@aol.com,Female,26.12.215.225
617,Norma,Sidebotham,nsidebothamh4@geocities.jp,Female,15.250.21.70
618,Ciro,Harme,charmeh5@zimbio.com,Male,63.225.4.210
619,Theodor,Goschalk,tgoschalkh6@fda.gov,Male,196.245.14.212
620,Kingsly,Kalkhoven,kkalkhovenh7@tamu.edu,Male,24.72.130.65
621,Kelby,Josse,kjosseh8@youtube.com,Male,171.156.201.21
622,Matelda,Hakes,mhakesh9@bbc.co.uk,Female,192.44.131.146
623,Anders,Baxstare,abaxstareha@rakuten.co.jp,Male,126.117.171.24
624,Philip,Rosenblath,prosenblathhb@columbia.edu,Male,113.54.15.186
625,Cathrine,Titchard,ctitchardhc@answers.com,Female,82.164.46.42
626,Leda,Hovey,lhoveyhd@wiley.com,Female,141.191.242.55
627,Torie,Atteridge,tatteridgehe@instagram.com,Agender,105.48.46.100
628,Kaja,Higgonet,khiggonethf@surveymonkey.com,Female,43.234.144.157
629,Delaney,MacDermid,dmacdermidhg@blogspot.com,Male,114.11.43.216
630,Danette,Dinnis,ddinnishh@unesco.org,Female,40.36.175.194
631,Abbie,Trusdale,atrusdalehi@pagesperso-orange.fr,Female,192.227.85.140
632,Jacynth,Rosenfelder,jrosenfelderhj@adobe.com,Female,175.82.85.46
633,Bradley,Leverington,bleveringtonhk@dagondesign.com,Male,30.112.12.104
634,Dar,Thaine,dthainehl@bloglovin.com,Agender,0.182.0.81
635,Lyndsay,Hubbock,lhubbockhm@xrea.com,Female,116.243.97.102
636,Ninette,Binnie,nbinniehn@bravesites.com,Female,120.119.244.94
637,Llewellyn,Posselwhite,lposselwhiteho@nymag.com,Male,230.46.3.39
638,Reg,Cassy,rcassyhp@histats.com,Male,127.14.124.40
639,Norbie,Johnson,njohnsonhq@slate.com,Male,83.43.176.196
640,Dilan,Dearth,ddearthhr@virginia.edu,Male,184.65.212.87
641,Somerset,Frango,sfrangohs@usda.gov,Male,95.114.71.238
642,Ned,Bloomfield,nbloomfieldht@usa.gov,Male,193.108.200.56
643,Sadie,Bredes,sbredeshu@ning.com,Bigender,244.79.147.19
644,Aleece,Vogeler,avogelerhv@skype.com,Female,84.254.158.194
645,Alfy,Moland,amolandhw@google.nl,Male,141.223.86.103
646,Job,Filipczynski,jfilipczynskihx@imageshack.us,Male,63.134.113.102
647,Berkley,Bonson,bbonsonhy@list-manage.com,Male,90.138.161.66
648,Kathye,Camillo,kcamillohz@sphinn.com,Female,182.213.177.86
649,Michele,Knibley,mknibleyi0@symantec.com,Female,90.170.161.204
650,Nikolaus,Ellul,nelluli1@naver.com,Male,246.132.13.15
651,Nerta,Harsant,nharsanti2@cloudflare.com,Female,31.37.149.228
652,Kristen,Shields,kshieldsi3@google.nl,Female,32.53.5.51
653,Wendell,Coviello,wcovielloi4@exblog.jp,Male,39.5.252.115
654,Orelle,Oen,ooeni5@sourceforge.net,Female,13.202.157.88
655,Berthe,Hoy,bhoyi6@hostgator.com,Non-binary,69.179.81.107
656,Johanna,Hairs,jhairsi7@freewebs.com,Female,127.39.195.183
657,Carry,Robun,crobuni8@vinaora.com,Female,107.242.37.35
658,Dante,Pendlington,dpendlingtoni9@list-manage.com,Male,230.222.236.74
659,Rad,Searight,rsearightia@hud.gov,Genderqueer,213.124.104.54
660,Wilbur,Maymand,wmaymandib@macromedia.com,Agender,102.28.204.193
661,Reynard,Blinckhorne,rblinckhorneic@dagondesign.com,Bigender,66.139.129.35
662,Eyde,Minette,eminetteid@jiathis.com,Female,254.128.128.189
663,Pierette,McBrier,pmcbrierie@jimdo.com,Female,13.36.73.84
664,Agna,Beldam,abeldamif@bloomberg.com,Female,53.115.218.187
665,Erinna,Echalier,eechalierig@mit.edu,Female,7.153.175.171
666,Shaun,Gradwell,sgradwellih@liveinternet.ru,Male,35.47.65.148
667,Cecilius,Craisford,ccraisfordii@oaic.gov.au,Male,133.54.139.110
668,Edwin,Turmell,eturmellij@google.it,Male,123.2.41.7
669,Pooh,Tulk,ptulkik@addthis.com,Polygender,124.99.191.117
670,Keenan,Hannond,khannondil@arizona.edu,Male,232.234.53.200
671,Kennith,Denisovo,kdenisovoim@oracle.com,Male,200.137.115.253
672,Arni,Mennell,amennellin@thetimes.co.uk,Male,151.174.84.15
673,Tallou,Danieli,tdanieliio@gov.uk,Female,21.117.219.67
674,Baldwin,Caulier,bcaulierip@shutterfly.com,Male,232.184.54.19
675,Shep,Panswick,spanswickiq@uiuc.edu,Male,96.51.111.237
676,Geralda,Fanthom,gfanthomir@51.la,Female,128.179.114.34
677,Rochelle,Buck,rbuckis@comcast.net,Female,253.220.178.216
678,Patti,Westmore,pwestmoreit@sciencedirect.com,Female,15.238.8.55
679,Jackelyn,Castellanos,jcastellanosiu@virginia.edu,Female,44.227.101.226
680,Hugibert,Lashford,hlashfordiv@wired.com,Male,134.234.51.21
681,Barri,Lovemore,blovemoreiw@google.com.hk,Male,136.31.29.228
682,Diahann,Songest,dsongestix@unc.edu,Female,159.130.142.17
683,Budd,Sorsbie,bsorsbieiy@fda.gov,Male,102.150.254.55
684,Foss,Shearsby,fshearsbyiz@nymag.com,Male,22.5.13.10
685,Toddie,McClunaghan,tmcclunaghanj0@cnet.com,Male,114.243.173.95
686,Stevana,Keech,skeechj1@histats.com,Female,194.199.213.104
687,Rutledge,Bisterfeld,rbisterfeldj2@cisco.com,Male,147.190.139.179
688,Clarence,Mathers,cmathersj3@ycombinator.com,Male,40.15.99.109
689,Rogers,Bagenal,rbagenalj4@ucla.edu,Genderfluid,244.232.228.20
690,Jasen,Gabbatt,jgabbattj5@msu.edu,Male,15.174.203.74
691,Skippie,Spurr,sspurrj6@desdev.cn,Male,126.172.159.53
692,Lishe,Magson,lmagsonj7@imdb.com,Female,78.88.160.160
693,Lolita,Catteroll,lcatterollj8@wikimedia.org,Female,86.10.116.54
694,Berthe,Smeaton,bsmeatonj9@amazon.co.jp,Female,166.249.1.165
695,Aridatha,Borthwick,aborthwickja@nature.com,Female,92.229.115.75
696,Desmond,Sex,dsexjb@wikipedia.org,Male,182.42.11.101
697,Martguerita,Villalta,mvillaltajc@constantcontact.com,Female,209.13.138.197
698,Quinton,Thornbarrow,qthornbarrowjd@wordpress.org,Male,151.46.209.81
699,Edgar,Gaylard,egaylardje@google.ca,Male,114.106.10.195
700,Angele,Winkle,awinklejf@mysql.com,Female,26.66.207.107
701,Evelyn,Forder,eforderjg@census.gov,Male,42.239.39.231
702,Kamilah,Perfect,kperfectjh@quantcast.com,Female,61.172.174.248
703,Marylee,Teese,mteeseji@msu.edu,Female,73.241.71.30
704,Ariana,Deal,adealjj@freewebs.com,Female,245.154.104.126
705,Barbe,Skehan,bskehanjk@example.com,Female,150.250.1.92
706,Fedora,Mounce,fmouncejl@com.com,Female,103.54.93.165
707,Corrina,Elleray,cellerayjm@behance.net,Female,142.151.141.187
708,Paige,Paybody,ppaybodyjn@pen.io,Female,201.123.221.25
709,Curr,MacSherry,cmacsherryjo@unblog.fr,Male,44.83.189.3
710,Michel,Bordes,mbordesjp@google.com,Male,143.229.151.35
711,Odelle,Sucre,osucrejq@gravatar.com,Agender,129.148.102.241
712,Cordi,Linkie,clinkiejr@smugmug.com,Female,35.34.26.40
713,Elvis,Ackery,eackeryjs@drupal.org,Male,97.235.194.156
714,Olivette,MacGraith,omacgraithjt@berkeley.edu,Female,209.18.113.155
715,Freeland,Beeken,fbeekenju@drupal.org,Male,46.140.26.64
716,Nolie,Lillford,nlillfordjv@posterous.com,Female,15.193.215.131
717,Justinn,Bassil,jbassiljw@businesswire.com,Female,231.169.182.227
718,Anneliese,Sighard,asighardjx@goodreads.com,Female,28.98.36.112
719,Erma,Schuelcke,eschuelckejy@istockphoto.com,Female,220.192.245.10
720,Archambault,Philbrook,aphilbrookjz@archive.org,Male,151.137.125.167
721,Karna,Baukham,kbaukhamk0@ucla.edu,Female,80.164.190.17
722,Clemens,Maleney,cmaleneyk1@businessinsider.com,Agender,6.11.77.168
723,Auberon,Carnson,acarnsonk2@nasa.gov,Male,154.93.150.71
724,Johann,Life,jlifek3@senate.gov,Male,139.110.13.187
725,Lana,Gudeman,lgudemank4@yellowpages.com,Female,182.196.192.170
726,Bernadette,Toun,btounk5@qq.com,Female,16.124.212.24
727,Judon,Rodrig,jrodrigk6@nbcnews.com,Male,167.42.6.159
728,Kalli,Rakestraw,krakestrawk7@feedburner.com,Female,75.225.111.171
729,Junie,De Beauchamp,jdebeauchampk8@1688.com,Female,253.3.57.221
730,Tallulah,Dymott,tdymottk9@dailymail.co.uk,Female,96.251.3.221
731,Rod,Gethins,rgethinska@reddit.com,Male,155.189.64.243
732,Rosy,Raynard,rraynardkb@mapy.cz,Female,109.228.184.92
733,Anabel,Penni,apennikc@smh.com.au,Female,208.81.215.216
734,Rosalynd,Pumphreys,rpumphreyskd@vk.com,Female,65.244.140.198
735,Frayda,Dockrill,fdockrillke@scientificamerican.com,Female,145.173.148.184
736,Ora,Berns,obernskf@mayoclinic.com,Female,230.91.230.70
737,Jerry,Rottenbury,jrottenburykg@liveinternet.ru,Female,144.62.227.75
738,Don,Soper,dsoperkh@bigcartel.com,Male,44.4.66.145
739,Dyane,Hattiff,dhattiffki@csmonitor.com,Female,60.98.123.46
740,Randi,Comber,rcomberkj@mashable.com,Non-binary,232.31.146.209
741,Marchelle,Mackie,mmackiekk@mit.edu,Female,249.99.69.72
742,Abran,Clipsham,aclipshamkl@biblegateway.com,Male,149.22.155.74
743,Kermy,Woodhall,kwoodhallkm@oaic.gov.au,Male,8.16.213.35
744,Jodie,Veillard,jveillardkn@businesswire.com,Male,234.98.226.88
745,Chere,Pabel,cpabelko@engadget.com,Female,184.93.126.85
746,Gualterio,Magrannell,gmagrannellkp@github.io,Male,211.176.55.207
747,Teri,Vasenkov,tvasenkovkq@weather.com,Female,64.140.162.236
748,Pearle,Scriven,pscrivenkr@tinyurl.com,Polygender,118.25.178.31
749,Myrilla,Eubank,meubankks@usatoday.com,Female,140.6.180.54
750,Millie,Duran,mdurankt@posterous.com,Non-binary,211.181.28.89
751,Cecile,MacGow,cmacgowku@kickstarter.com,Female,230.25.53.231
752,Job,Onions,jonionskv@state.gov,Male,98.104.201.189
753,Maiga,Winslow,mwinslowkw@wikispaces.com,Genderqueer,103.64.33.246
754,Minnaminnie,Liversedge,mliversedgekx@theglobeandmail.com,Female,175.29.165.107
755,Peder,Ditchburn,pditchburnky@usnews.com,Male,9.225.120.136
756,Gideon,Ebi,gebikz@wired.com,Male,115.166.183.190
757,Rhodie,Gautrey,rgautreyl0@tinyurl.com,Female,23.43.77.202
758,Eddy,Poulston,epoulstonl1@ifeng.com,Female,24.174.98.44
759,Allissa,Wytchard,awytchardl2@csmonitor.com,Female,96.55.168.148
760,Cindi,Plues,cpluesl3@storify.com,Bigender,107.176.211.112
761,Cele,Frissell,cfrisselll4@t.co,Female,102.143.135.122
762,Ketty,Ayton,kaytonl5@telegraph.co.uk,Genderqueer,203.246.142.160
763,Janene,Bullier,jbullierl6@canalblog.com,Female,47.6.138.114
764,Rob,Mayhow,rmayhowl7@chronoengine.com,Male,221.51.14.145
765,Janka,Athy,jathyl8@miitbeian.gov.cn,Agender,106.160.55.114
766,Barney,Tackle,btacklel9@jiathis.com,Male,101.209.196.216
767,Patsy,Kennedy,pkennedyla@cnet.com,Genderfluid,245.160.126.204
768,Alexandr,Folbigg,afolbigglb@lycos.com,Male,190.243.94.23
769,Paulie,Joubert,pjoubertlc@hp.com,Female,68.247.49.230
770,Gilles,Mulvin,gmulvinld@ftc.gov,Male,5.111.67.105
771,Chariot,Bellhanger,cbellhangerle@163.com,Male,195.176.121.194
772,Dukie,Woolmer,dwoolmerlf@soundcloud.com,Male,29.93.209.121
773,Karola,Stickells,kstickellslg@w3.org,Female,55.39.82.125
774,Fredrika,Andreaccio,fandreacciolh@hp.com,Female,252.4.254.182
775,Susie,McCormick,smccormickli@booking.com,Female,14.156.235.59
776,Aubine,Folder,afolderlj@gov.uk,Female,80.86.80.85
777,Gaye,Tessyman,gtessymanlk@youtu.be,Female,5.226.148.62
778,Geralda,Biasini,gbiasinill@nasa.gov,Female,196.234.37.30
779,Drake,Fossord,dfossordlm@myspace.com,Male,192.39.137.21
780,Patrizius,Martyn,pmartynln@google.com.br,Male,177.133.1.69
781,Free,Poulston,fpoulstonlo@quantcast.com,Male,234.24.14.63
782,Eldredge,Corfield,ecorfieldlp@usgs.gov,Polygender,252.92.160.43
783,Genevieve,Filde,gfildelq@addthis.com,Female,238.49.113.205
784,Pembroke,Ickovicz,pickoviczlr@si.edu,Male,223.210.129.107
785,Gerta,Cohane,gcohanels@reddit.com,Female,152.26.179.105
786,Shalom,St. Queintain,sstqueintainlt@msu.edu,Male,186.235.201.15
787,Rahel,Whickman,rwhickmanlu@oaic.gov.au,Female,228.184.162.88
788,Earle,Dixon,edixonlv@blogs.com,Male,153.37.162.152
789,Dacie,Hynde,dhyndelw@statcounter.com,Non-binary,198.183.26.54
790,Fairfax,McPhilemy,fmcphilemylx@addthis.com,Male,168.13.15.60
791,Royal,Willas,rwillasly@wikipedia.org,Male,237.44.18.13
792,Eal,Arling,earlinglz@mtv.com,Male,25.61.129.4
793,Blane,Aberdalgy,baberdalgym0@jiathis.com,Male,38.28.216.183
794,Brier,Opdenorth,bopdenorthm1@omniture.com,Female,104.87.14.127
795,Ida,Skingle,iskinglem2@cam.ac.uk,Female,132.5.167.235
796,Theobald,Serrell,tserrellm3@un.org,Male,60.226.165.105
797,Sibilla,Rustich,srustichm4@blogspot.com,Female,104.40.246.238
798,Diane,Josefsson,djosefssonm5@alibaba.com,Female,35.234.43.24
799,Cecelia,Longcake,clongcakem6@usda.gov,Female,181.147.243.35
800,Ardeen,Rogger,aroggerm7@gravatar.com,Female,85.7.43.46
801,Jeni,Emanuelli,jemanuellim8@squarespace.com,Female,185.144.123.87
802,Clive,Stirgess,cstirgessm9@xing.com,Male,134.111.6.227
803,Laverna,Cristofor,lcristoforma@mayoclinic.com,Female,99.50.116.231
804,Stesha,Steuhlmeyer,ssteuhlmeyermb@liveinternet.ru,Female,200.27.217.5
805,Maia,Chinge de Hals,mchingedehalsmc@ca.gov,Female,121.71.190.213
806,Carroll,Antoniades,cantoniadesmd@tumblr.com,Male,5.132.143.184
807,Datha,Jostan,djostanme@1688.com,Female,155.4.59.3
808,Carri,Paur,cpaurmf@dmoz.org,Female,183.97.8.137
809,Natale,Sommersett,nsommersettmg@purevolume.com,Male,246.37.230.127
810,Vanya,Mulhill,vmulhillmh@shareasale.com,Female,74.113.6.28
811,Neal,Nattrass,nnattrassmi@bloglovin.com,Male,21.240.148.253
812,Annmarie,Featherstonhaugh,afeatherstonhaughmj@e-recht24.de,Female,135.14.106.233
813,Winthrop,Landeg,wlandegmk@oracle.com,Male,83.136.71.24
814,Bambie,Keson,bkesonml@sohu.com,Female,189.225.70.100
815,Brucie,Whitman,bwhitmanmm@networksolutions.com,Male,201.174.27.186
816,Theobald,Danielsson,tdanielssonmn@webmd.com,Male,31.223.97.20
817,Gaylord,Fabri,gfabrimo@myspace.com,Male,180.199.138.155
818,Ronnica,Neave,rneavemp@techcrunch.com,Female,82.42.166.32
819,Fina,Wildman,fwildmanmq@simplemachines.org,Female,11.138.116.13
820,Valaree,Daughtrey,vdaughtreymr@livejournal.com,Female,206.88.190.51
821,Timmy,Lowfill,tlowfillms@hao123.com,Male,219.68.171.82
822,Zebadiah,Redolfi,zredolfimt@vk.com,Male,137.223.52.41
823,Jody,Holdworth,jholdworthmu@cmu.edu,Genderqueer,197.123.110.135
824,Kin,Stiling,kstilingmv@canalblog.com,Male,215.205.128.178
825,Leda,Yakunkin,lyakunkinmw@edublogs.org,Female,63.26.207.13
826,Lou,Shillaber,lshillabermx@si.edu,Female,50.201.179.78
827,Clemente,Hellyer,chellyermy@amazon.co.uk,Male,111.175.146.187
828,Emeline,Clohessy,eclohessymz@yahoo.co.jp,Female,41.15.135.177
829,Bernie,Skamell,bskamelln0@behance.net,Male,60.193.15.44
830,Pavel,Bisiker,pbisikern1@rakuten.co.jp,Male,180.133.2.42
831,Diahann,Gunning,dgunningn2@smugmug.com,Female,205.45.125.101
832,Aundrea,Raynard,araynardn3@rediff.com,Female,69.216.16.121
833,Avrit,Landsbury,alandsburyn4@indiegogo.com,Female,113.96.169.22
834,Bealle,Pakenham,bpakenhamn5@barnesandnoble.com,Male,52.88.148.166
835,Yolane,Lafferty,ylaffertyn6@nba.com,Polygender,85.229.141.42
836,Sigismond,Byas,sbyasn7@hud.gov,Male,49.26.127.200
837,Louella,Bendix,lbendixn8@aboutads.info,Polygender,130.241.119.40
838,Petr,Petofi,ppetofin9@qq.com,Male,149.150.3.191
839,Garrard,Talloe,gtalloena@bluehost.com,Male,53.43.223.180
840,Stephi,MacAvaddy,smacavaddynb@ezinearticles.com,Female,213.73.29.175
841,Lind,Shapero,lshaperonc@princeton.edu,Female,101.219.188.50
842,Glynda,Splain,gsplainnd@who.int,Female,189.252.236.23
843,Cherri,Jessop,cjessopne@nationalgeographic.com,Female,153.59.138.166
844,Stacia,Sacco,ssacconf@macromedia.com,Female,61.80.41.176
845,Megan,Copplestone,mcopplestoneng@shop-pro.jp,Female,155.90.185.81
846,Christie,Braidford,cbraidfordnh@smh.com.au,Female,248.145.226.202
847,Josias,Garvie,jgarvieni@163.com,Male,161.46.190.58
848,Husain,Bemand,hbemandnj@usda.gov,Male,33.6.137.49
849,Doloritas,Pattrick,dpattricknk@amazonaws.com,Female,27.170.134.238
850,Elie,Windram,ewindramnl@facebook.com,Female,42.240.244.236
851,Harmon,Jaques,hjaquesnm@aboutads.info,Polygender,37.108.106.131
852,Ranique,Cowling,rcowlingnn@t-online.de,Non-binary,222.252.50.252
853,Shirley,O'Connel,soconnelno@omniture.com,Female,63.186.10.182
854,Margy,Ninotti,mninottinp@google.com.br,Non-binary,7.189.243.104
855,Hewet,Berresford,hberresfordnq@fastcompany.com,Male,53.24.160.228
856,Melly,Bowmen,mbowmennr@freewebs.com,Female,161.119.82.100
857,Lonee,Poor,lpoorns@oakley.com,Female,180.84.243.135
858,Eric,Ingerson,eingersonnt@ucla.edu,Male,179.101.26.7
859,Winni,Janecek,wjaneceknu@ibm.com,Female,7.95.53.229
860,Jeremiah,Thurlbeck,jthurlbecknv@kickstarter.com,Male,1.18.201.14
861,Rana,Leyburn,rleyburnnw@youku.com,Female,205.230.112.4
862,Marga,Spiller,mspillernx@sourceforge.net,Female,72.150.244.83
863,Zechariah,Ochiltree,zochiltreeny@amazon.de,Non-binary,83.82.30.31
864,Casi,Chessil,cchessilnz@cisco.com,Female,89.129.134.159
865,Coralyn,Cridge,ccridgeo0@bloomberg.com,Female,61.228.30.199
866,Anallise,Imison,aimisono1@symantec.com,Female,225.116.240.28
867,Madlen,Filisov,mfilisovo2@weather.com,Female,62.214.117.6
868,Hana,Taig,htaigo3@prnewswire.com,Female,229.185.108.167
869,Anabal,Goullee,agoulleeo4@devhub.com,Female,131.124.6.15
870,Hector,Mossdale,hmossdaleo5@nature.com,Male,246.199.15.241
871,Elka,Palfrie,epalfrieo6@un.org,Female,161.55.194.21
872,Egbert,Hatterslay,ehatterslayo7@army.mil,Genderqueer,4.154.89.23
873,Ruddie,Zelley,rzelleyo8@mayoclinic.com,Male,193.22.67.26
874,Alva,Barrat,abarrato9@redcross.org,Male,58.114.220.101
875,Adrian,Scroggins,ascrogginsoa@i2i.jp,Non-binary,144.250.191.179
876,Kirstin,Gorini,kgoriniob@scribd.com,Female,253.249.20.153
877,Dolph,Goodenough,dgoodenoughoc@sakura.ne.jp,Male,211.185.5.75
878,Fidole,Poynor,fpoynorod@google.fr,Male,44.144.223.218
879,Brook,Longfoot,blongfootoe@ibm.com,Male,134.97.59.229
880,Wilek,Fenton,wfentonof@pen.io,Male,179.40.209.185
881,Lucky,Boardman,lboardmanog@mail.ru,Female,169.32.197.60
882,Sibylla,Renoden,srenodenoh@mail.ru,Female,65.9.90.243
883,Gerard,Segges,gseggesoi@usgs.gov,Male,213.248.167.197
884,Marve,Bridat,mbridatoj@surveymonkey.com,Male,177.189.158.84
885,Jourdan,Deex,jdeexok@virginia.edu,Female,83.166.117.126
886,Connie,Waud,cwaudol@unesco.org,Male,130.78.181.60
887,Anson,Debow,adebowom@reuters.com,Male,175.127.0.26
888,Ferdinande,Purrington,fpurringtonon@vinaora.com,Female,234.53.128.227
889,Jeddy,Olenin,joleninoo@domainmarket.com,Male,206.189.208.64
890,Curr,Bartels-Ellis,cbartelsellisop@diigo.com,Male,84.158.71.38
891,Sonja,Gabel,sgabeloq@vk.com,Female,27.120.223.243
892,Nicol,Mazzey,nmazzeyor@ftc.gov,Female,204.234.24.59
893,Cindie,Exelby,cexelbyos@goodreads.com,Female,58.117.46.107
894,Cindy,Brill,cbrillot@list-manage.com,Female,204.244.246.206
895,Cornelia,Tofanini,ctofaniniou@google.co.jp,Female,56.40.124.205
896,Durward,Dyer,ddyerov@wisc.edu,Male,86.210.221.186
897,Eleanore,Olivia,eoliviaow@alibaba.com,Female,160.177.53.28
898,Bonny,Caunce,bcaunceox@sciencedaily.com,Female,154.208.41.81
899,Anya,Birdsall,abirdsalloy@redcross.org,Female,175.159.196.234
900,Kellia,Verdey,kverdeyoz@w3.org,Female,98.37.241.136
901,Magnum,Puddifer,mpuddiferp0@vkontakte.ru,Male,6.194.171.33
902,Nike,Firbanks,nfirbanksp1@ibm.com,Female,17.32.75.189
903,Mathias,Meekin,mmeekinp2@weebly.com,Male,251.49.185.244
904,Garey,Frantzen,gfrantzenp3@wisc.edu,Male,209.211.120.154
905,Hedda,Harses,hharsesp4@purevolume.com,Agender,230.142.57.77
906,Huey,Burkert,hburkertp5@independent.co.uk,Male,242.140.153.5
907,Mirelle,Dupoy,mdupoyp6@flavors.me,Female,161.247.109.109
908,Wilburt,Placide,wplacidep7@weebly.com,Male,117.50.170.119
909,Miner,Radford,mradfordp8@microsoft.com,Male,251.92.245.139
910,Petronia,Sandercock,psandercockp9@newyorker.com,Female,19.130.232.191
911,Warden,Garric,wgarricpa@samsung.com,Male,97.76.234.196
912,Fawn,Son,fsonpb@nifty.com,Female,31.11.168.1
913,Kasey,Astell,kastellpc@bigcartel.com,Female,83.175.128.60
914,Deni,Tweedle,dtweedlepd@ask.com,Female,183.161.214.16
915,Romola,Coolican,rcoolicanpe@biblegateway.com,Female,94.139.20.2
916,Tara,Shinn,tshinnpf@netscape.com,Female,166.48.23.52
917,Welch,Bechley,wbechleypg@mail.ru,Polygender,241.68.210.119
918,Zebedee,Cranch,zcranchph@woothemes.com,Male,6.105.63.190
919,Quill,Shenton,qshentonpi@statcounter.com,Male,121.197.37.176
920,Editha,Jiranek,ejiranekpj@webs.com,Female,70.246.53.26
921,Myles,Vasser,mvasserpk@clickbank.net,Male,140.248.239.82
922,Yovonnda,O'Feeny,yofeenypl@example.com,Female,0.84.151.70
923,Holly,Yong,hyongpm@discuz.net,Female,46.108.156.1
924,Costa,Rigge,criggepn@harvard.edu,Male,228.183.162.40
925,Sonja,Matyushonok,smatyushonokpo@wordpress.org,Female,9.38.93.25
926,Casar,Brantzen,cbrantzenpp@yandex.ru,Male,19.52.101.78
927,Corette,Tamburo,ctamburopq@jimdo.com,Female,145.223.191.101
928,Briney,Bulfield,bbulfieldpr@yahoo.com,Female,38.168.22.169
929,Obadiah,Bougourd,obougourdps@gmpg.org,Non-binary,236.43.38.116
930,Kayla,Nance,knancept@nytimes.com,Female,65.38.29.84
931,Tybalt,Casin,tcasinpu@acquirethisname.com,Male,121.101.45.116
932,Burnaby,Seres,bserespv@newsvine.com,Male,114.164.206.111
933,Heida,Elbourne,helbournepw@berkeley.edu,Female,34.87.139.130
934,Gisela,Trenchard,gtrenchardpx@pcworld.com,Female,146.88.16.107
935,Lucia,Batram,lbatrampy@intel.com,Female,173.78.203.220
936,Tucker,Gruczka,tgruczkapz@newyorker.com,Male,2.55.167.73
937,Glennis,Boulden,gbouldenq0@typepad.com,Female,49.110.5.96
938,Ollie,Gaythor,ogaythorq1@oakley.com,Male,146.173.78.186
939,Car,Witt,cwittq2@goo.gl,Male,101.227.204.175
940,Shayne,Moller,smollerq3@creativecommons.org,Non-binary,252.231.134.189
941,Angele,Wratten,awrattenq4@time.com,Female,58.52.77.237
942,Shannon,Parkinson,sparkinsonq5@com.com,Female,30.0.18.51
943,Jorrie,Gainforth,jgainforthq6@opera.com,Female,126.127.120.67
944,Neile,Allcott,nallcottq7@amazonaws.com,Female,205.211.203.226
945,Winne,Lerven,wlervenq8@storify.com,Female,77.193.149.24
946,Sukey,Fleisch,sfleischq9@techcrunch.com,Female,234.135.37.105
947,Jay,Caslane,jcaslaneqa@usatoday.com,Genderqueer,239.129.9.61
948,Melisent,MacLeod,mmacleodqb@cyberchimps.com,Female,115.85.26.183
949,Eliza,MacNockater,emacnockaterqc@seesaa.net,Female,36.0.191.66
950,Byram,Easthope,beasthopeqd@prnewswire.com,Non-binary,42.101.157.54
951,Edy,Duguid,eduguidqe@independent.co.uk,Female,132.3.216.176
952,Patrica,Carnilian,pcarnilianqf@nih.gov,Female,47.225.244.122
953,Renaud,McNabb,rmcnabbqg@omniture.com,Male,1.244.187.160
954,Leticia,Ormistone,lormistoneqh@spiegel.de,Female,254.69.132.69
955,Thatcher,MacCrosson,tmaccrossonqi@soup.io,Male,127.238.40.55
956,Creighton,Dogg,cdoggqj@businesswire.com,Male,143.235.111.245
957,Jonathon,Kerrey,jkerreyqk@about.me,Male,47.221.59.130
958,Homere,Bailiss,hbailissql@hubpages.com,Male,57.108.217.227
959,Maxie,Ashburner,mashburnerqm@umich.edu,Female,216.36.210.245
960,Iris,Spilsbury,ispilsburyqn@storify.com,Female,131.214.131.244
961,Britney,Wenzel,bwenzelqo@discovery.com,Female,21.97.19.140
962,Freddie,Copcutt,fcopcuttqp@webmd.com,Female,136.40.12.189
963,Craggy,Filipson,cfilipsonqq@google.com.hk,Male,2.166.227.15
964,Stefa,Cohan,scohanqr@mac.com,Genderqueer,85.168.220.103
965,Ely,Itzak,eitzakqs@goo.gl,Male,239.150.158.99
966,Broderic,Children,bchildrenqt@privacy.gov.au,Male,242.233.156.102
967,Britte,Geake,bgeakequ@smugmug.com,Female,37.189.213.47
968,Garland,McAuslan,gmcauslanqv@mit.edu,Female,217.105.110.77
969,Donnie,Gillman,dgillmanqw@squarespace.com,Genderqueer,252.146.60.173
970,Alasdair,Tricker,atrickerqx@deliciousdays.com,Male,52.233.157.183
971,Ashia,Eger,aegerqy@usa.gov,Female,168.93.201.95
972,Joellyn,Pennicard,jpennicardqz@spiegel.de,Female,10.191.108.19
973,Vinita,Littlepage,vlittlepager0@phoca.cz,Female,75.19.38.238
974,Terrence,McFall,tmcfallr1@e-recht24.de,Male,61.115.171.161
975,Barron,Huby,bhubyr2@epa.gov,Male,114.2.200.234
976,Stevie,Cronk,scronkr3@sourceforge.net,Male,53.178.200.91
977,Bryn,Bomfield,bbomfieldr4@techcrunch.com,Male,145.215.255.213
978,Nevile,Absolom,nabsolomr5@umich.edu,Polygender,134.11.236.175
979,Oates,Guswell,oguswellr6@examiner.com,Male,213.165.153.221
980,Alaine,Farris,afarrisr7@yale.edu,Female,79.26.110.35
981,Wrennie,Millan,wmillanr8@cnet.com,Female,157.56.218.11
982,Tonnie,McKune,tmckuner9@hatena.ne.jp,Non-binary,23.13.24.149
983,Phineas,Seeler,pseelerra@xing.com,Male,46.141.105.67
984,Julienne,Ellacott,jellacottrb@umich.edu,Bigender,185.183.41.190
985,Ernest,Frensch,efrenschrc@loc.gov,Male,196.143.132.208
986,Jenna,McLaren,jmclarenrd@noaa.gov,Female,184.197.153.131
987,Cam,Nial,cnialre@de.vu,Female,247.192.148.25
988,Timothee,Caddens,tcaddensrf@reuters.com,Male,44.24.9.56
989,Rubetta,Jesty,rjestyrg@mayoclinic.com,Female,219.81.71.135
990,Celisse,Scheffel,cscheffelrh@uol.com.br,Female,22.120.71.14
991,Alvin,Lardeur,alardeurri@clickbank.net,Male,97.239.146.179
992,Abbye,Wilderspoon,awilderspoonrj@nytimes.com,Female,212.210.10.5
993,Adore,Molfino,amolfinork@netvibes.com,Polygender,22.6.94.151
994,Henrik,Weathey,hweatheyrl@washingtonpost.com,Male,51.99.0.44
995,Maddie,Maly,mmalyrm@usda.gov,Genderqueer,19.96.236.182
996,Anderson,Francillo,afrancillorn@photobucket.com,Male,255.174.117.17
997,Freemon,Minton,fmintonro@example.com,Male,91.51.187.58
998,Tedie,Dickings,tdickingsrp@columbia.edu,Male,22.9.144.56
999,Hamid,Beckerleg,hbeckerlegrq@archive.org,Non-binary,253.137.170.180
1000,Gert,Tilson,gtilsonrr@ustream.tv,Female,97.87.245.31
