first_name,last_name,email
Kendell,Sysland,ksysland0@zimbio.com
Claire,Ruggles,cruggles1@soundcloud.com
Janetta,Bircher,jbircher2@reuters.com
Bar,Yude,byude3@gizmodo.com
Lenee,Swancock,lswancock4@utexas.edu
Nikaniki,Doubleday,ndoubleday5@blog.com
Reinald,Sprake,rsprake6@ihg.com
Yorke,Sulley,ysulley7@amazonaws.com
Alina,Locker,alocker8@example.com
Jobina,Scotney,jscotney9@stanford.edu
Angelita,Godmar,agodmara@1688.com
Celestyna,Reignolds,creignoldsb@cnbc.com
Tadeas,Massen,tmassenc@blogs.com
Hilliard,Russan,hrussand@purevolume.com
Allin,Rizzolo,arizzoloe@nhs.uk
Nert,Dilawey,ndilaweyf@dion.ne.jp
Nikolia,Whate,nwhateg@wordpress.org
Lyndell,Elcom,lelcomh@icq.com
Fowler,Staddart,fstaddarti@rambler.ru
Vanny,Earey,veareyj@loc.gov
Sutton,Thornborrow,sthornborrowk@vk.com
Dionis,Ackenhead,dackenheadl@tripod.com
Gustavo,Bodycombe,gbodycombem@cbslocal.com
Orton,Meardon,omeardonn@unesco.org
Ruby,McConway,rmcconwayo@bbb.org
Yelena,Temprell,ytemprellp@va.gov
Louise,Lavigne,llavigneq@aboutads.info
Misha,Tubble,mtubbler@who.int
Brita,Meatyard,bmeatyards@reddit.com
Deerdre,Townshend,dtownshendt@mapy.cz
Pearle,Aleksashin,paleksashinu@wufoo.com
Butch,Standing,bstandingv@skyrock.com
Myrtice,Molder,mmolderw@vimeo.com
Bevon,Tivolier,btivolierx@xrea.com
Ashley,Albury,aalburyy@wordpress.com
Shanda,Quinell,squinellz@google.co.uk
Gordie,Georgins,ggeorgins10@virginia.edu
Morgen,Keppie,mkeppie11@ca.gov
Darci,Igoe,digoe12@whitehouse.gov
Neile,Stevings,nstevings13@fc2.com
Hugo,Zoren,hzoren14@liveinternet.ru
Edyth,Reynard,ereynard15@youtube.com
Roderigo,Hubbis,rhubbis16@zimbio.com
Clari,O'Lyhane,colyhane17@51.la
Billie,Peschet,bpeschet18@techcrunch.com
Valentine,Gobeau,vgobeau19@feedburner.com
Noe,Silverthorn,nsilverthorn1a@mac.com
Willette,Bum,wbum1b@xrea.com
Gardener,Rowlstone,growlstone1c@dailymail.co.uk
Oralla,Dunbleton,odunbleton1d@liveinternet.ru
Juliane,Bleazard,jbleazard1e@simplemachines.org
Ruby,Mechan,rmechan1f@merriam-webster.com
Ivan,Ovington,iovington1g@bluehost.com
Kerrin,Wain,kwain1h@php.net
Carmencita,Domerc,cdomerc1i@pagesperso-orange.fr
Andreana,Goodfellow,agoodfellow1j@zimbio.com
Heath,Harragin,hharragin1k@comcast.net
Clevey,Laybourn,claybourn1l@bloomberg.com
Bran,Kilmurray,bkilmurray1m@princeton.edu
Jeanette,Rofe,jrofe1n@hibu.com
Osmund,Headingham,oheadingham1o@github.com
Robers,Phayre,rphayre1p@sfgate.com
Neile,Preskett,npreskett1q@ucsd.edu
Theo,Paulson,tpaulson1r@tuttocitta.it
Randie,Rennenbach,rrennenbach1s@wordpress.com
Jelene,Voss,jvoss1t@admin.ch
Howard,Leneham,hleneham1u@ask.com
Ashia,Finicj,afinicj1v@networksolutions.com
Winston,Roch,wroch1w@altervista.org
Maia,Usborn,musborn1x@epa.gov
Mayer,Skirving,mskirving1y@joomla.org
Humberto,Laurent,hlaurent1z@ustream.tv
Clarke,Jacques,cjacques20@xinhuanet.com
Pepi,Giovannoni,pgiovannoni21@storify.com
Karyn,Dibbert,kdibbert22@sohu.com
Jasper,Huntley,jhuntley23@flickr.com
Hilary,Kilduff,hkilduff24@barnesandnoble.com
Brianna,Kilrow,bkilrow25@bbc.co.uk
Connor,Sharpling,csharpling26@goo.ne.jp
Tamiko,Chasmar,tchasmar27@ox.ac.uk
Sinclair,Garrish,sgarrish28@delicious.com
Saundra,Spreag,sspreag29@google.com.br
Melloney,Stanyer,mstanyer2a@edublogs.org
Marius,Prosch,mprosch2b@blogs.com
Ronald,Chezelle,rchezelle2c@fema.gov
Evan,Banat,ebanat2d@feedburner.com
Welsh,Wallman,wwallman2e@accuweather.com
Tess,Thorington,tthorington2f@pagesperso-orange.fr
Kassia,Stait,kstait2g@woothemes.com
Ewen,Crees,ecrees2h@acquirethisname.com
Katalin,Askell,kaskell2i@bloglovin.com
Sky,Cassedy,scassedy2j@plala.or.jp
Celka,Barlass,cbarlass2k@sphinn.com
Selina,Jorin,sjorin2l@phoca.cz
Rex,Guerro,rguerro2m@edublogs.org
Raimundo,Chatell,rchatell2n@amazon.com
Nancee,Brogden,nbrogden2o@phoca.cz
Nannette,Rastall,nrastall2p@xing.com
Shalne,Scamadine,sscamadine2q@sphinn.com
Liza,Goodsall,lgoodsall2r@ucoz.ru
Taber,Dripp,tdripp2s@theguardian.com
Irvin,Nattrass,inattrass2t@fda.gov
Krysta,Spearman,kspearman2u@indiegogo.com
Rikki,Dickerline,rdickerline2v@plala.or.jp
Harvey,Markovic,hmarkovic2w@plala.or.jp
Audrey,Vasilyonok,avasilyonok2x@facebook.com
Wayland,Scambler,wscambler2y@yolasite.com
Gaby,Kingh,gkingh2z@ucsd.edu
Vladimir,Reinhardt,vreinhardt30@so-net.ne.jp
Chloris,Pinn,cpinn31@sun.com
Daniela,Cheatle,dcheatle32@wikia.com
Grayce,Burgne,gburgne33@friendfeed.com
Amalita,Carayol,acarayol34@t-online.de
Jeff,Gowlett,jgowlett35@rambler.ru
Nickey,Bucham,nbucham36@comsenz.com
Aeriell,Jasiak,ajasiak37@hostgator.com
Buiron,Myhan,bmyhan38@cbsnews.com
Raynell,Tineman,rtineman39@etsy.com
Winnie,Shillabeare,wshillabeare3a@slashdot.org
Mitchell,Malcolm,mmalcolm3b@nps.gov
Tallou,Szapiro,tszapiro3c@sciencedaily.com
Anet,Winnett,awinnett3d@scribd.com
Livvyy,Zarb,lzarb3e@vistaprint.com
Fayre,Rowen,frowen3f@cbslocal.com
Debera,Szwarc,dszwarc3g@cornell.edu
Hammad,Giroldo,hgiroldo3h@engadget.com
Salem,Fairfoull,sfairfoull3i@guardian.co.uk
Veronika,Slowley,vslowley3j@photobucket.com
Conway,Dyas,cdyas3k@uiuc.edu
Avictor,Burgon,aburgon3l@techcrunch.com
Olivia,Greschik,ogreschik3m@hostgator.com
Skell,Colquite,scolquite3n@infoseek.co.jp
Viviana,Greenset,vgreenset3o@plala.or.jp
Dennie,Brownhill,dbrownhill3p@nsw.gov.au
Grove,Crim,gcrim3q@umich.edu
Wallie,Fairman,wfairman3r@yale.edu
Mariya,Kettlestringes,mkettlestringes3s@g.co
Buck,Addie,baddie3t@unblog.fr
Alethea,Howsego,ahowsego3u@cornell.edu
Catie,Vogel,cvogel3v@storify.com
Mason,Jeves,mjeves3w@mlb.com
Lorin,Bougen,lbougen3x@symantec.com
Tremain,Prandy,tprandy3y@exblog.jp
Bari,Hembery,bhembery3z@jalbum.net
Miguela,Collier,mcollier40@bravesites.com
Cinda,Georgiades,cgeorgiades41@princeton.edu
Moina,Dalmon,mdalmon42@ocn.ne.jp
Chrissy,Sparke,csparke43@slate.com
Anselma,Applewhaite,aapplewhaite44@ycombinator.com
Atlanta,Garrat,agarrat45@weibo.com
Cheston,Sherman,csherman46@about.me
Eldridge,Hendrick,ehendrick47@mail.ru
Serge,Izachik,sizachik48@tripod.com
Kiley,Uman,kuman49@apache.org
Juieta,Goodrich,jgoodrich4a@cdbaby.com
Henrik,Caston,hcaston4b@addtoany.com
Ichabod,Liddard,iliddard4c@disqus.com
Adrianna,Leyzell,aleyzell4d@usda.gov
Sibel,Francke,sfrancke4e@princeton.edu
Golda,Orcas,gorcas4f@hhs.gov
Bat,Stringfellow,bstringfellow4g@ihg.com
Hughie,MacGilmartin,hmacgilmartin4h@ed.gov
Ainslee,Osbourn,aosbourn4i@scribd.com
Terencio,Ca,tca4j@bluehost.com
Blondell,Matten,bmatten4k@fotki.com
Nettie,Sitlinton,nsitlinton4l@mashable.com
Gwenette,Sobczak,gsobczak4m@alexa.com
Antone,Addicote,aaddicote4n@elegantthemes.com
Pete,Jurasz,pjurasz4o@edublogs.org
Jed,Laffranconi,jlaffranconi4p@themeforest.net
Claudia,Martensen,cmartensen4q@mapquest.com
Elmer,Epdell,eepdell4r@spotify.com
Mirilla,Maha,mmaha4s@ucsd.edu
Evelin,Dooley,edooley4t@parallels.com
Far,Bramah,fbramah4u@yahoo.co.jp
Marvin,Mougin,mmougin4v@theguardian.com
Martie,Romain,mromain4w@columbia.edu
Albrecht,Surgood,asurgood4x@statcounter.com
Leilah,Wadelin,lwadelin4y@vkontakte.ru
Weider,Elgie,welgie4z@ezinearticles.com
Lewes,Tranfield,ltranfield50@networksolutions.com
Wit,Assiter,wassiter51@bing.com
Vikky,Leeds,vleeds52@topsy.com
Harp,Manterfield,hmanterfield53@zimbio.com
Prue,Cowderoy,pcowderoy54@cbsnews.com
Jocelyne,Batchley,jbatchley55@disqus.com
Georgi,Bednall,gbednall56@tripod.com
Carroll,Wain,cwain57@rediff.com
Estele,Osichev,eosichev58@webnode.com
Kyrstin,Southouse,ksouthouse59@prnewswire.com
Monique,Vakhlov,mvakhlov5a@cloudflare.com
Zaccaria,Blazek,zblazek5b@cnet.com
Madalena,Yarn,myarn5c@narod.ru
Nick,Smouten,nsmouten5d@bigcartel.com
Sonni,Ellerbeck,sellerbeck5e@gizmodo.com
Sidoney,Madgett,smadgett5f@dyndns.org
Holly,Gregh,hgregh5g@dion.ne.jp
Hieronymus,Strutt,hstrutt5h@ebay.com
Dillie,Craggs,dcraggs5i@indiatimes.com
Giacomo,Plose,gplose5j@pagesperso-orange.fr
Emmeline,Wyre,ewyre5k@youku.com
Hamid,Koles,hkoles5l@bigcartel.com
Mose,Andriulis,mandriulis5m@sciencedaily.com
Ansley,Dorin,adorin5n@latimes.com
Consalve,Matysik,cmatysik5o@tiny.cc
Zabrina,Vivers,zvivers5p@miibeian.gov.cn
Ted,Ferretti,tferretti5q@forbes.com
Lucinda,Filan,lfilan5r@mapy.cz
Bernete,Rose,brose5s@census.gov
Tressa,Emmerson,temmerson5t@devhub.com
Sybila,Breydin,sbreydin5u@economist.com
Beatrisa,Thirsk,bthirsk5v@networksolutions.com
Jammie,Wickmann,jwickmann5w@ycombinator.com
Alphonse,Martyns,amartyns5x@elegantthemes.com
Sherye,Crady,scrady5y@cyberchimps.com
Olenolin,Hinzer,ohinzer5z@marketwatch.com
Alix,Adshede,aadshede60@cocolog-nifty.com
Zared,Chaize,zchaize61@pagesperso-orange.fr
Svend,Duggan,sduggan62@google.cn
Sydney,Trusse,strusse63@indiegogo.com
Timmie,Lamacraft,tlamacraft64@clickbank.net
Hector,Matz,hmatz65@go.com
Christoffer,Matisse,cmatisse66@devhub.com
Bogey,Reddell,breddell67@sciencedaily.com
Mack,Perri,mperri68@twitter.com
Alon,Batcheldor,abatcheldor69@google.fr
Marwin,Mathieu,mmathieu6a@zimbio.com
Carie,Grocock,cgrocock6b@rambler.ru
Sileas,Matthias,smatthias6c@people.com.cn
Alvera,Bugg,abugg6d@edublogs.org
Bonni,Portis,bportis6e@marketwatch.com
Alain,Bottomore,abottomore6f@bloglines.com
Kingsley,Cheesworth,kcheesworth6g@amazon.co.jp
Wait,Imbrey,wimbrey6h@dropbox.com
Valma,Cohani,vcohani6i@patch.com
Brewster,Lickorish,blickorish6j@theguardian.com
Jessee,Genese,jgenese6k@bravesites.com
Gayel,Mulcahy,gmulcahy6l@ycombinator.com
Rickey,Digwood,rdigwood6m@etsy.com
Goldina,Polendine,gpolendine6n@scribd.com
Emmery,Tawton,etawton6o@cargocollective.com
Marylee,Argente,margente6p@un.org
Andree,Morrice,amorrice6q@columbia.edu
Clim,Mould,cmould6r@utexas.edu
Janeen,Lourenco,jlourenco6s@techcrunch.com
Gladi,Josipovic,gjosipovic6t@umich.edu
Willy,Ebbitt,webbitt6u@fc2.com
Tades,Oakman,toakman6v@biblegateway.com
Gertrud,Trasler,gtrasler6w@1688.com
Terencio,Wrigley,twrigley6x@parallels.com
Vernon,Roux,vroux6y@spotify.com
Valentijn,Linne,vlinne6z@gravatar.com
Garwood,Crystal,gcrystal70@deviantart.com
Ninette,Meni,nmeni71@vimeo.com
Willi,Stanborough,wstanborough72@latimes.com
Pauly,Stagg,pstagg73@amazon.co.uk
Bernetta,Huckell,bhuckell74@army.mil
Amabel,Addison,aaddison75@naver.com
Ingar,Peaddie,ipeaddie76@istockphoto.com
Tatiania,Hargate,thargate77@twitter.com
Fayina,Udell,fudell78@admin.ch
Verney,Quarton,vquarton79@jalbum.net
Hirsch,Dundredge,hdundredge7a@ehow.com
Caz,Nail,cnail7b@cbsnews.com
Beverlee,Burdin,bburdin7c@amazon.com
Padriac,Raymond,praymond7d@spotify.com
Valaria,Sandys,vsandys7e@xing.com
Noelyn,Espinho,nespinho7f@csmonitor.com
Barron,Critcher,bcritcher7g@ihg.com
Storm,Sitford,ssitford7h@mac.com
Vaughn,Parkin,vparkin7i@naver.com
Drew,Jovicic,djovicic7j@google.pl
Mora,Maccraw,mmaccraw7k@house.gov
Hartwell,Lipscombe,hlipscombe7l@microsoft.com
Allie,Fransseni,afransseni7m@instagram.com
Devan,Le Strange,dlestrange7n@google.com
Kristo,Itskovitz,kitskovitz7o@phpbb.com
Petra,Fairest,pfairest7p@youtu.be
Feliza,Shere,fshere7q@webnode.com
Kelby,Sayre,ksayre7r@webeden.co.uk
Kennedy,Bloodworth,kbloodworth7s@digg.com
Dick,Bortolussi,dbortolussi7t@google.de
Yorke,Kisby,ykisby7u@google.fr
Selle,French,sfrench7v@chron.com
Jody,Rubinovitsch,jrubinovitsch7w@quantcast.com
Lilyan,Creed,lcreed7x@prweb.com
Lisabeth,Swalough,lswalough7y@yellowpages.com
Griff,Cocher,gcocher7z@naver.com
Aimil,Pauluzzi,apauluzzi80@oakley.com
Georgy,Arbuckle,garbuckle81@go.com
Kathi,Janks,kjanks82@twitpic.com
Eveleen,Coryndon,ecoryndon83@soup.io
Janetta,Paumier,jpaumier84@slideshare.net
Ernst,O'Dowgaine,eodowgaine85@homestead.com
Carla,Kinnane,ckinnane86@google.nl
Marieann,Gagan,mgagan87@auda.org.au
Diana,Godrich,dgodrich88@foxnews.com
Rozelle,Guille,rguille89@etsy.com
Sander,Marrow,smarrow8a@ning.com
Marshall,Tubbs,mtubbs8b@alibaba.com
Dewey,Matskiv,dmatskiv8c@goodreads.com
Jolynn,Wozencroft,jwozencroft8d@shutterfly.com
Sabine,Heffy,sheffy8e@house.gov
Niccolo,Erswell,nerswell8f@ifeng.com
Cobby,Harroll,charroll8g@tinypic.com
Daveta,Urch,durch8h@amazon.com
Delilah,Lindback,dlindback8i@live.com
Trescha,Shepland,tshepland8j@yellowbook.com
Helyn,Maxstead,hmaxstead8k@vkontakte.ru
Zachariah,Abrahart,zabrahart8l@sohu.com
Magdaia,Troy,mtroy8m@google.cn
Shepard,Newburn,snewburn8n@purevolume.com
Marwin,Sturte,msturte8o@businessweek.com
Jacky,Kimmitt,jkimmitt8p@baidu.com
Archibald,Milne,amilne8q@yahoo.co.jp
Derril,Raggitt,draggitt8r@multiply.com
Ingar,McAllister,imcallister8s@cafepress.com
Christiane,Antonacci,cantonacci8t@ifeng.com
Mariette,Birwhistle,mbirwhistle8u@de.vu
Amaleta,Youll,ayoull8v@hexun.com
Ninetta,Cardnell,ncardnell8w@yellowbook.com
Denys,Lindblom,dlindblom8x@rambler.ru
Josefa,Brenston,jbrenston8y@webeden.co.uk
Tomasina,Wibberley,twibberley8z@noaa.gov
Desmond,Aird,daird90@spiegel.de
Gunilla,Costard,gcostard91@de.vu
Barbee,Botley,bbotley92@deviantart.com
Creight,Fallowes,cfallowes93@wiley.com
Tedie,McNuff,tmcnuff94@trellian.com
Myrwyn,Crush,mcrush95@webnode.com
Ragnar,Viel,rviel96@xing.com
Elana,Pacher,epacher97@storify.com
Gunther,Bloxham,gbloxham98@umich.edu
Ellissa,Yetton,eyetton99@comcast.net
Gweneth,Lucas,glucas9a@fc2.com
Alfreda,Dalgliesh,adalgliesh9b@mlb.com
Albertina,Scrooby,ascrooby9c@jigsy.com
Shannah,Allison,sallison9d@woothemes.com
Etienne,Caillou,ecaillou9e@icio.us
Carole,Burburough,cburburough9f@google.ru
Abba,Tempest,atempest9g@cpanel.net
Major,Claremont,mclaremont9h@ehow.com
Charmaine,Hancill,chancill9i@clickbank.net
Yancey,Abbot,yabbot9j@state.gov
Corilla,O'Scanlan,coscanlan9k@amazon.de
Emilio,Kimbrey,ekimbrey9l@wsj.com
Berty,Bollam,bbollam9m@irs.gov
Axe,Spiniello,aspiniello9n@toplist.cz
Martelle,Pond,mpond9o@mozilla.com
Cayla,Gheorghe,cgheorghe9p@cisco.com
Aurelea,Flitcroft,aflitcroft9q@domainmarket.com
Trace,Upham,tupham9r@opera.com
Melinde,Chaters,mchaters9s@live.com
Itch,Clappison,iclappison9t@fda.gov
Patsy,Toping,ptoping9u@google.com.br
Elna,Habbershon,ehabbershon9v@deviantart.com
Kial,Lacroix,klacroix9w@symantec.com
Erek,Dosdill,edosdill9x@tuttocitta.it
Damon,Druett,ddruett9y@google.nl
Jasmin,Bunton,jbunton9z@eepurl.com
Anallese,Heenan,aheenana0@devhub.com
Karine,Muncie,kmunciea1@linkedin.com
Edvard,Pennicott,epennicotta2@mapy.cz
Marjory,Paulsson,mpaulssona3@economist.com
Merle,Woollett,mwoolletta4@toplist.cz
Pris,Antonnikov,pantonnikova5@symantec.com
Kathye,Shufflebotham,kshufflebothama6@facebook.com
Branden,Dutteridge,bdutteridgea7@state.gov
Mortimer,Wadlow,mwadlowa8@sina.com.cn
Winnie,Morcombe,wmorcombea9@shop-pro.jp
Karna,BURWIN,kburwinaa@cornell.edu
Sax,Wilcott,swilcottab@bluehost.com
Rochester,Candey,rcandeyac@princeton.edu
Lena,Fipp,lfippad@google.ru
Wendall,Surpliss,wsurplissae@google.de
Francisca,Duval,fduvalaf@nytimes.com
Angus,Kelle,akelleag@salon.com
Jameson,Penhall,jpenhallah@cisco.com
Britt,Hatje,bhatjeai@gravatar.com
Yorgo,Branscombe,ybranscombeaj@deviantart.com
Gail,Birtwell,gbirtwellak@skype.com
Tanner,Cerman,tcermanal@hhs.gov
Georgeta,Borland,gborlandam@aboutads.info
Shawn,Verty,svertyan@php.net
Rad,Balmann,rbalmannao@barnesandnoble.com
Margarita,Haglington,mhaglingtonap@dot.gov
Felicia,Courtonne,fcourtonneaq@sciencedaily.com
Stefania,Spraggs,sspraggsar@businesswire.com
Adelice,McClintock,amcclintockas@360.cn
Othelia,Jeens,ojeensat@a8.net
Brandy,Woolmington,bwoolmingtonau@mit.edu
Steffane,Foister,sfoisterav@cyberchimps.com
Lars,Matteo,lmatteoaw@google.com.br
Mahala,Jouannin,mjouanninax@howstuffworks.com
Dewain,Raison,draisonay@redcross.org
Jessamyn,Rennles,jrennlesaz@deviantart.com
Teddi,Hadenton,thadentonb0@harvard.edu
Jaclin,McLleese,jmclleeseb1@bluehost.com
Irwinn,Dunnet,idunnetb2@unesco.org
Tamar,Murley,tmurleyb3@sina.com.cn
Brennan,Hemphall,bhemphallb4@feedburner.com
Aubrey,Giacopetti,agiacopettib5@weibo.com
Oralee,MacAdam,omacadamb6@google.com.au
Pyotr,Kilminster,pkilminsterb7@hc360.com
Kacey,Seath,kseathb8@economist.com
Lilith,Linster,llinsterb9@icq.com
Krysta,Dominka,kdominkaba@reverbnation.com
Gavra,Abrahamsohn,gabrahamsohnbb@twitpic.com
Doti,Hearnshaw,dhearnshawbc@huffingtonpost.com
Benson,Hesey,bheseybd@php.net
Therine,Bown,tbownbe@independent.co.uk
Eddi,Taffurelli,etaffurellibf@imgur.com
Gabbey,Eannetta,geannettabg@nps.gov
Gaby,Jedrzejewski,gjedrzejewskibh@webeden.co.uk
Jo ann,Lamborn,jlambornbi@arstechnica.com
Edik,Joder,ejoderbj@weather.com
Codi,Childers,cchildersbk@prnewswire.com
Kaleena,Gardener,kgardenerbl@elegantthemes.com
Vivia,Lough,vloughbm@ebay.com
Rebecca,Carder,rcarderbn@technorati.com
Nonna,Donkersley,ndonkersleybo@vistaprint.com
Stacy,Lindenbluth,slindenbluthbp@mayoclinic.com
Karie,Spinney,kspinneybq@cyberchimps.com
Eartha,Cancellieri,ecancellieribr@comcast.net
Torrence,Doughty,tdoughtybs@mac.com
Ozzy,Coppo,ocoppobt@apple.com
Tiffie,Peyntue,tpeyntuebu@wp.com
Haslett,Balducci,hbalduccibv@feedburner.com
Nikolas,O'Connolly,noconnollybw@psu.edu
Didi,Larkcum,dlarkcumbx@dailymotion.com
Arch,Banthorpe,abanthorpeby@nhs.uk
Junia,Deniset,jdenisetbz@ebay.com
Crysta,Chancelier,cchancelierc0@mtv.com
Vale,Fattori,vfattoric1@cpanel.net
Forbes,Lait,flaitc2@marketwatch.com
Bryna,Barlas,bbarlasc3@archive.org
Nikolia,Bowring,nbowringc4@lycos.com
Leisha,Knyvett,lknyvettc5@yolasite.com
Stevana,Grogono,sgrogonoc6@ustream.tv
Hasheem,Ransfield,hransfieldc7@dyndns.org
Sybyl,Tukesby,stukesbyc8@imgur.com
Allys,Rapaport,arapaportc9@ucoz.com
Harlie,Breadon,hbreadonca@opensource.org
Shelly,Deeble,sdeeblecb@taobao.com
Stanwood,Sillito,ssillitocc@furl.net
Cornelle,Twitchings,ctwitchingscd@vkontakte.ru
Aurie,Tompsett,atompsettce@blog.com
Patric,Steward,pstewardcf@mediafire.com
Cariotta,Marlowe,cmarlowecg@harvard.edu
Sonnie,Casillas,scasillasch@disqus.com
Edith,Feedome,efeedomeci@odnoklassniki.ru
Rosalie,Cuddihy,rcuddihycj@abc.net.au
Elizabeth,Raine,eraineck@mozilla.org
Beaufort,Brant,bbrantcl@cloudflare.com
Kip,Mitten,kmittencm@slideshare.net
Jesse,Pullan,jpullancn@opera.com
Zora,Ianittello,zianittelloco@wisc.edu
Ailene,Roubeix,aroubeixcp@cdbaby.com
Skylar,Bulleyn,sbulleyncq@over-blog.com
Tybie,Dyet,tdyetcr@tamu.edu
Kerwin,Abelson,kabelsoncs@deliciousdays.com
Gianna,Fritz,gfritzct@github.com
Isa,Clohisey,iclohiseycu@wikispaces.com
Ruben,Vaneev,rvaneevcv@twitpic.com
Rowena,Trengrove,rtrengrovecw@diigo.com
Leanora,Knight,lknightcx@toplist.cz
Frants,Weatherill,fweatherillcy@soundcloud.com
Adams,Sangar,asangarcz@businessinsider.com
Dayle,Osborne,dosborned0@opensource.org
Fran,Bullock,fbullockd1@yolasite.com
Belia,Sheers,bsheersd2@unicef.org
Milt,Perfili,mperfilid3@disqus.com
Stefano,Channing,schanningd4@squarespace.com
Leonore,Sully,lsullyd5@youtu.be
Michale,Harold,mharoldd6@engadget.com
Teresita,Allabush,tallabushd7@redcross.org
Mignon,Adame,madamed8@tinypic.com
Ginevra,Elliot,gelliotd9@tumblr.com
Dicky,Godby,dgodbyda@fema.gov
Diego,Mushart,dmushartdb@baidu.com
Rana,Lattie,rlattiedc@bluehost.com
Bridget,Danelutti,bdaneluttidd@livejournal.com
Susi,Bounds,sboundsde@miibeian.gov.cn
Worth,Gasticke,wgastickedf@cisco.com
Mikaela,Whitemarsh,mwhitemarshdg@tumblr.com
Ryann,Joanaud,rjoanauddh@booking.com
Gray,Pedron,gpedrondi@oaic.gov.au
Rosita,Tivers,rtiversdj@istockphoto.com
Farrell,Sterre,fsterredk@altervista.org
Una,Tunney,utunneydl@ted.com
Boycie,Boldecke,bboldeckedm@microsoft.com
Felecia,Calbreath,fcalbreathdn@a8.net
Codi,Gilhooley,cgilhooleydo@wordpress.com
Kilian,Mazin,kmazindp@ezinearticles.com
Lind,Colleford,lcolleforddq@goodreads.com
Renard,Vials,rvialsdr@ibm.com
Murial,Pettit,mpettitds@geocities.com
Arlen,Ewell,aewelldt@i2i.jp
Fee,Vasilchenko,fvasilchenkodu@simplemachines.org
Lemar,Chomicz,lchomiczdv@adobe.com
Hattie,Klimpke,hklimpkedw@japanpost.jp
Bertha,Geeves,bgeevesdx@canalblog.com
Lou,Brizland,lbrizlanddy@sciencedaily.com
Junette,Endecott,jendecottdz@edublogs.org
Bear,Viggars,bviggarse0@tuttocitta.it
Gretta,Chamley,gchamleye1@washingtonpost.com
Brandy,Maccaddie,bmaccaddiee2@about.me
Gabi,Rich,griche3@cdc.gov
Vidovik,Caulwell,vcaulwelle4@oracle.com
Burt,Nornable,bnornablee5@statcounter.com
Arron,Shillan,ashillane6@dedecms.com
Philippa,Petrak,ppetrake7@blogspot.com
Renae,Bourdel,rbourdele8@aboutads.info
Yolanthe,Sherville,yshervillee9@bigcartel.com
Malena,Cucinotta,mcucinottaea@php.net
Tore,Burnsyde,tburnsydeeb@tinypic.com
Donnie,Pulford,dpulfordec@examiner.com
Lenore,Mee,lmeeed@noaa.gov
Marya,Broker,mbrokeree@hatena.ne.jp
Angelina,Bradburn,abradburnef@nytimes.com
Deidre,Stockow,dstockoweg@stumbleupon.com
Temp,Bricham,tbrichameh@issuu.com
Eldin,Millar,emillarei@mtv.com
Reinwald,MacKee,rmackeeej@dot.gov
Gerri,Everly,geverlyek@theglobeandmail.com
Virgina,Parfitt,vparfittel@pagesperso-orange.fr
Page,Gaylor,pgaylorem@bandcamp.com
Alisun,Gamlyn,agamlynen@myspace.com
Shannon,Baskerville,sbaskervilleeo@abc.net.au
Quillan,Callacher,qcallacherep@hao123.com
Marijn,Timbs,mtimbseq@biblegateway.com
Ody,Kuhnwald,okuhnwalder@indiegogo.com
Torry,Henricsson,thenricssones@mit.edu
Caterina,Pollastrino,cpollastrinoet@sitemeter.com
Ivett,Ivel,iiveleu@google.es
Wolfgang,Fessier,wfessierev@tamu.edu
Madlen,Malbon,mmalbonew@tuttocitta.it
Ulrikaumeko,Kohlert,ukohlertex@businessweek.com
Myrtice,Abramski,mabramskiey@nsw.gov.au
Tasha,Chew,tchewez@washingtonpost.com
Nerty,Chesterfield,nchesterfieldf0@ted.com
Ede,Jeannot,ejeannotf1@samsung.com
Candice,Bidwell,cbidwellf2@foxnews.com
Jakob,Cramond,jcramondf3@google.es
Pietrek,Rumsby,prumsbyf4@comsenz.com
Kristy,Linning,klinningf5@weather.com
Frazier,Stockin,fstockinf6@google.com.br
Kenna,Byfford,kbyffordf7@businesswire.com
Evyn,Bettanay,ebettanayf8@wikipedia.org
Bond,De Dei,bdedeif9@wikispaces.com
Pattie,Aubri,paubrifa@angelfire.com
Craggie,Forber,cforberfb@youtu.be
Annalise,Barlas,abarlasfc@yandex.ru
Thornie,Storer,tstorerfd@fc2.com
Robenia,Soall,rsoallfe@scribd.com
Zondra,Hultberg,zhultbergff@unc.edu
Adelaide,Mulrooney,amulrooneyfg@smugmug.com
Antonio,Doy,adoyfh@economist.com
Fabiano,Sempill,fsempillfi@redcross.org
Kissiah,Gillespie,kgillespiefj@linkedin.com
Humbert,Crumley,hcrumleyfk@telegraph.co.uk
Amerigo,Bilovus,abilovusfl@unicef.org
Nicolle,Ramplee,nrampleefm@sakura.ne.jp
Katheryn,Pinchbeck,kpinchbeckfn@pagesperso-orange.fr
Fidelia,Corlett,fcorlettfo@mit.edu
Ignatius,Chiverton,ichivertonfp@miibeian.gov.cn
Zorine,Wadie,zwadiefq@jimdo.com
Randi,Becom,rbecomfr@kickstarter.com
Sandro,Comerford,scomerfordfs@webnode.com
Ivory,Blakelock,iblakelockft@nymag.com
Graeme,Pre,gprefu@typepad.com
Isacco,Elsmore,ielsmorefv@sakura.ne.jp
Hilliard,Whyberd,hwhyberdfw@cisco.com
Marcelle,Lambillion,mlambillionfx@bizjournals.com
Andrus,Lambertson,alambertsonfy@amazon.co.jp
Adina,Basham,abashamfz@bluehost.com
Cece,Roney,croneyg0@nbcnews.com
Pembroke,Morales,pmoralesg1@naver.com
Mame,Matula,mmatulag2@un.org
Geoff,Bernadon,gbernadong3@cbc.ca
Guido,Gillion,ggilliong4@wufoo.com
Abelard,Durrell,adurrellg5@oakley.com
Boigie,Harlow,bharlowg6@imgur.com
Leisha,Dowbakin,ldowbaking7@wix.com
Esdras,Enrietto,eenriettog8@friendfeed.com
Katey,Fann,kfanng9@360.cn
Aloysius,Wrighton,awrightonga@tumblr.com
Jeramey,McKennan,jmckennangb@uiuc.edu
Tory,Ephgrave,tephgravegc@cnn.com
Cherry,Brunton,cbruntongd@umn.edu
Pavia,Ibbitt,pibbittge@prnewswire.com
Kerstin,Wince,kwincegf@purevolume.com
Olag,World,oworldgg@microsoft.com
Major,Couth,mcouthgh@shareasale.com
Marena,Kempton,mkemptongi@ucsd.edu
Mary,Fiddy,mfiddygj@adobe.com
Irwinn,Woodrow,iwoodrowgk@nytimes.com
Skye,Scourgie,sscourgiegl@rambler.ru
Ronnie,Cheake,rcheakegm@howstuffworks.com
Karie,Orbon,korbongn@meetup.com
Sayers,Collacombe,scollacombego@dailymotion.com
Yuma,Wadhams,ywadhamsgp@whitehouse.gov
My,Kelsall,mkelsallgq@mozilla.com
Quintus,Gauson,qgausongr@oracle.com
Kerby,Bealing,kbealinggs@hatena.ne.jp
Prescott,Mateev,pmateevgt@furl.net
Davina,Loweth,dlowethgu@aboutads.info
Valida,Dumblton,vdumbltongv@state.gov
Elana,Munnery,emunnerygw@creativecommons.org
Igor,Ramiro,iramirogx@soundcloud.com
Lesley,Broggini,lbrogginigy@barnesandnoble.com
Trixie,Gipp,tgippgz@blinklist.com
Jerad,Cardillo,jcardilloh0@wp.com
Carleton,Westcot,cwestcoth1@diigo.com
Obediah,Tolworthy,otolworthyh2@chicagotribune.com
Andy,Kilcoyne,akilcoyneh3@lycos.com
Ginnifer,MacCaig,gmaccaigh4@t.co
Madge,Murt,mmurth5@printfriendly.com
Agatha,Pickthall,apickthallh6@hatena.ne.jp
Heda,Whimper,hwhimperh7@state.tx.us
Aubrie,Redington,aredingtonh8@xinhuanet.com
Caspar,Huband,chubandh9@dagondesign.com
Danya,Goodsal,dgoodsalha@51.la
Derrek,Devers,ddevershb@google.co.jp
Gilli,Redit,gredithc@bbb.org
Gil,Vause,gvausehd@seattletimes.com
Pepi,Wadlow,pwadlowhe@google.fr
Devonne,Chubb,dchubbhf@npr.org
Jacklyn,Boustred,jboustredhg@stanford.edu
Ronnie,Lumly,rlumlyhh@woothemes.com
Edan,Hasser,ehasserhi@gravatar.com
Clea,Dabels,cdabelshj@i2i.jp
Orv,Kiessel,okiesselhk@google.it
Filmer,Gounet,fgounethl@blogs.com
Maurie,Kinvan,mkinvanhm@techcrunch.com
Germain,Cleall,gcleallhn@timesonline.co.uk
Davidson,Emmanuele,demmanueleho@geocities.com
Desiri,McQuaide,dmcquaidehp@seattletimes.com
Clemmie,Hessel,chesselhq@godaddy.com
Nestor,Skupinski,nskupinskihr@nhs.uk
Ellis,Kretschmer,ekretschmerhs@sun.com
Udall,Pretty,uprettyht@mozilla.org
Dimitri,Tow,dtowhu@bizjournals.com
Robinett,MacCaughan,rmaccaughanhv@fotki.com
Judye,Meah,jmeahhw@blinklist.com
Mattie,Rye,mryehx@reuters.com
Whitman,Housam,whousamhy@springer.com
Annie,Malenoir,amalenoirhz@tiny.cc
Hazlett,Vinick,hvinicki0@wikispaces.com
Iggie,Shears,ishearsi1@gov.uk
Diane,Benoy,dbenoyi2@netscape.com
Minna,Gold,mgoldi3@addthis.com
Vinni,Wibberley,vwibberleyi4@redcross.org
Alanah,Spuner,aspuneri5@instagram.com
Wendell,Goligly,wgoliglyi6@oakley.com
Crissy,Priscott,cpriscotti7@creativecommons.org
Jay,Silley,jsilleyi8@github.com
Kerk,Ossulton,kossultoni9@irs.gov
Jackqueline,Danilyak,jdanilyakia@newsvine.com
Carlo,Edgler,cedglerib@barnesandnoble.com
Hogan,Keller,hkelleric@lycos.com
Mathian,Bartlosz,mbartloszid@elpais.com
Carol-jean,Barrell,cbarrellie@usda.gov
Anders,Pleager,apleagerif@purevolume.com
Armand,Chartman,achartmanig@ezinearticles.com
Warden,Inkster,winksterih@reuters.com
Yelena,Wrout,ywroutii@telegraph.co.uk
Lulu,Cicchelli,lcicchelliij@ft.com
Marja,Jayes,mjayesik@apache.org
Guntar,Di Biasi,gdibiasiil@cloudflare.com
Ricoriki,Elwell,relwellim@washingtonpost.com
Hayyim,Stovell,hstovellin@europa.eu
Florinda,Kinnear,fkinneario@hp.com
Lyndsey,Swanwick,lswanwickip@blinklist.com
Cecilia,Hessing,chessingiq@godaddy.com
Lonna,Eakin,leakinir@stumbleupon.com
Bud,Plose,bploseis@cnbc.com
Maryjo,Colliss,mcollissit@netvibes.com
Adler,Doag,adoagiu@dropbox.com
Allayne,Defond,adefondiv@oaic.gov.au
Anabal,Jakoubek,ajakoubekiw@house.gov
Benoite,Lavalle,blavalleix@oracle.com
Rosamond,Gookey,rgookeyiy@prnewswire.com
Else,Mattheus,emattheusiz@hhs.gov
Neal,Lonnon,nlonnonj0@aol.com
Freida,Kuschel,fkuschelj1@hp.com
Wain,Havill,whavillj2@exblog.jp
Deanna,D'Oyly,ddoylyj3@uiuc.edu
Willdon,Gligorijevic,wgligorijevicj4@bizjournals.com
Maurise,Ridulfo,mridulfoj5@howstuffworks.com
Kariotta,Deeprose,kdeeprosej6@mapquest.com
Booth,Middlewick,bmiddlewickj7@is.gd
Gunilla,Pavis,gpavisj8@nih.gov
Monroe,Benneyworth,mbenneyworthj9@amazon.de
Dinny,Belsham,dbelshamja@twitpic.com
Tiffie,Willars,twillarsjb@mit.edu
Kelley,Mimmack,kmimmackjc@nba.com
Paige,Shackleton,pshackletonjd@adobe.com
Clevie,Dedrick,cdedrickje@youtube.com
Neil,Wrightson,nwrightsonjf@indiegogo.com
Shirline,Greeve,sgreevejg@desdev.cn
Leodora,Ainscough,lainscoughjh@parallels.com
Kori,Starling,kstarlingji@nsw.gov.au
Lurette,Gallaway,lgallawayjj@gov.uk
Dallis,Girkin,dgirkinjk@chicagotribune.com
Carrol,Bowdler,cbowdlerjl@chicagotribune.com
Parke,Relton,preltonjm@admin.ch
Petrina,Baudrey,pbaudreyjn@marriott.com
Wilburt,MacLachlan,wmaclachlanjo@auda.org.au
Berkly,Loudian,bloudianjp@cocolog-nifty.com
Colman,Woollam,cwoollamjq@multiply.com
Lane,Di Pietro,ldipietrojr@acquirethisname.com
Sayre,Merkle,smerklejs@tmall.com
Man,Paolozzi,mpaolozzijt@squidoo.com
Pennie,Cruz,pcruzju@princeton.edu
Vania,Hollebon,vhollebonjv@dmoz.org
Mona,Hallahan,mhallahanjw@icq.com
Van,Farrants,vfarrantsjx@barnesandnoble.com
Gilbertina,Betz,gbetzjy@1und1.de
Opaline,Foye,ofoyejz@storify.com
Bartolemo,Pidgen,bpidgenk0@bluehost.com
Sutherland,Lewnden,slewndenk1@marriott.com
Althea,Jelly,ajellyk2@youtu.be
Julee,Eisenberg,jeisenbergk3@canalblog.com
Jazmin,Blackhurst,jblackhurstk4@answers.com
Sibylle,Milborn,smilbornk5@fda.gov
Estella,Olner,eolnerk6@uol.com.br
Felipe,Spedding,fspeddingk7@virginia.edu
Philly,Guerreiro,pguerreirok8@mayoclinic.com
Rolland,Kettow,rkettowk9@nytimes.com
Valentine,Maypes,vmaypeska@timesonline.co.uk
Collete,Hopkynson,chopkynsonkb@wikia.com
Hermann,O' Finan,hofinankc@newsvine.com
Gizela,Cordell,gcordellkd@cisco.com
Ruggiero,Sidworth,rsidworthke@yellowpages.com
Mahmoud,Barratt,mbarrattkf@wordpress.com
Kristos,Shawyer,kshawyerkg@ucla.edu
Donella,Branney,dbranneykh@opensource.org
Simon,McGrane,smcgraneki@clickbank.net
Fidela,Cream,fcreamkj@myspace.com
Roseanna,Ianelli,rianellikk@php.net
Tymon,Overington,toveringtonkl@usa.gov
Ethelind,Acarson,eacarsonkm@bandcamp.com
Kristine,Kenzie,kkenziekn@comcast.net
Shanda,Warrier,swarrierko@dyndns.org
Ahmed,Cossem,acossemkp@dedecms.com
Conrad,Silverston,csilverstonkq@e-recht24.de
Netti,Schermick,nschermickkr@cbsnews.com
Gill,Alessandretti,galessandrettiks@123-reg.co.uk
Augy,Petrasch,apetraschkt@vk.com
Phylys,Detheridge,pdetheridgeku@issuu.com
Leif,Atte-Stone,lattestonekv@php.net
Mandie,Howel,mhowelkw@shutterfly.com
Fredi,Tamsett,ftamsettkx@gravatar.com
Dodi,Stirley,dstirleyky@mayoclinic.com
Myca,Widdows,mwiddowskz@usgs.gov
Myrle,Scurrer,mscurrerl0@stumbleupon.com
Stanly,Dysart,sdysartl1@webs.com
Fin,Shorto,fshortol2@163.com
Halli,Hayller,hhayllerl3@techcrunch.com
Munmro,Lusk,mluskl4@engadget.com
Ynes,Terry,yterryl5@dropbox.com
Petr,Chiverton,pchivertonl6@mashable.com
Jaquith,Flello,jflellol7@hatena.ne.jp
Rois,Petschelt,rpetscheltl8@ox.ac.uk
Humphrey,Denington,hdeningtonl9@etsy.com
Obidiah,Ebbutt,oebbuttla@nsw.gov.au
Felizio,Stangroom,fstangroomlb@wix.com
Norah,Peaddie,npeaddielc@friendfeed.com
Lorri,Gorringe,lgorringeld@google.co.uk
Margalit,Botterman,mbottermanle@paginegialle.it
Yanaton,Tine,ytinelf@lulu.com
Ethelda,Levay,elevaylg@abc.net.au
Jourdan,Habbin,jhabbinlh@vkontakte.ru
Jake,Garrod,jgarrodli@soundcloud.com
Gage,Normand,gnormandlj@berkeley.edu
Artair,Arnaut,aarnautlk@addtoany.com
Filbert,Roser,froserll@google.com.au
Wakefield,Knightly,wknightlylm@senate.gov
Mechelle,Chewter,mchewterln@answers.com
Aleen,Kilgour,akilgourlo@etsy.com
Benyamin,Wildish,bwildishlp@netlog.com
Lazarus,Eitter,leitterlq@soundcloud.com
Lorrie,Gotcliff,lgotclifflr@cyberchimps.com
Ralf,Batt,rbattls@examiner.com
Teri,Toulmin,ttoulminlt@state.tx.us
Rudiger,Lorking,rlorkinglu@cnet.com
Bail,Blaver,bblaverlv@auda.org.au
Cecilla,Flaunders,cflaunderslw@digg.com
Rabi,Royans,rroyanslx@usda.gov
Grazia,Clemson,gclemsonly@sohu.com
Mellie,McCadden,mmccaddenlz@bloglovin.com
Oliver,Witter,owitterm0@aol.com
Ammamaria,Sparke,asparkem1@scribd.com
Truman,Diplock,tdiplockm2@nhs.uk
Madelaine,Dunster,mdunsterm3@adobe.com
Tracy,Cornau,tcornaum4@tumblr.com
Celestina,Fleay,cfleaym5@blogtalkradio.com
Andras,Kahan,akahanm6@ebay.co.uk
Hortensia,Lamb-shine,hlambshinem7@nsw.gov.au
Willow,Cranston,wcranstonm8@sciencedirect.com
Sherline,Hodgen,shodgenm9@tiny.cc
Novelia,Darrow,ndarrowma@webmd.com
Cori,Juster,cjustermb@slideshare.net
Kristo,Fevier,kfeviermc@reddit.com
Sanderson,Netherwood,snetherwoodmd@microsoft.com
Krystalle,Balcers,kbalcersme@networkadvertising.org
Nancey,Parkhouse,nparkhousemf@hexun.com
Ivonne,Taplow,itaplowmg@nytimes.com
Harlen,Scroggins,hscrogginsmh@people.com.cn
Olive,Ebden,oebdenmi@tumblr.com
Rozamond,Darben,rdarbenmj@home.pl
Sol,Beric,sbericmk@hhs.gov
Granger,Bust,gbustml@cafepress.com
Norman,Cathersides,ncathersidesmm@marriott.com
Stephanie,Lucius,sluciusmn@example.com
Jules,Shedd,jsheddmo@msn.com
Alastair,Slimm,aslimmmp@ca.gov
Phillipe,Tropman,ptropmanmq@pbs.org
Errick,Langcastle,elangcastlemr@yelp.com
Timotheus,Girdler,tgirdlerms@4shared.com
Rhys,Lippatt,rlippattmt@uol.com.br
Peri,Penner,ppennermu@pen.io
Sloane,Hutley,shutleymv@nba.com
Riane,Conti,rcontimw@imageshack.us
Kippar,Anetts,kanettsmx@arizona.edu
Crin,Aumerle,caumerlemy@ed.gov
Nyssa,Barens,nbarensmz@hubpages.com
Selie,O'Loinn,soloinnn0@msn.com
Merci,Barwell,mbarwelln1@amazonaws.com
Bernardina,Pocke,bpocken2@pcworld.com
Stafani,Schruur,sschruurn3@t-online.de
Steffi,Brickner,sbricknern4@nhs.uk
Creigh,Paviour,cpaviourn5@npr.org
Cad,Springett,cspringettn6@e-recht24.de
Lettie,Cowap,lcowapn7@eepurl.com
Amargo,Groome,agroomen8@xing.com
Danette,Santoro,dsantoron9@xrea.com
Blakelee,Garett,bgarettna@pagesperso-orange.fr
Nickie,Witherspoon,nwitherspoonnb@cmu.edu
Kliment,Lighten,klightennc@smugmug.com
Ava,Scobbie,ascobbiend@youtu.be
Harriette,Sayward,hsaywardne@ca.gov
Denney,Spurdle,dspurdlenf@tumblr.com
Theodoric,Jeanneau,tjeanneaung@addthis.com
Linnell,Goodsir,lgoodsirnh@behance.net
Rhoda,Martschik,rmartschikni@comsenz.com
Ban,McGifford,bmcgiffordnj@google.com.au
Stacia,Cuddehy,scuddehynk@ebay.com
Kenna,Woodhall,kwoodhallnl@blinklist.com
Kristopher,Berrane,kberranenm@howstuffworks.com
Meggie,Slowcock,mslowcocknn@g.co
Andee,Rudsdell,arudsdellno@goodreads.com
Esme,McCathy,emccathynp@apache.org
Malissia,Schuck,mschucknq@google.nl
Lucais,Van den Velden,lvandenveldennr@smh.com.au
Flint,Batchelder,fbatchelderns@deliciousdays.com
Obadiah,Jozwiak,ojozwiaknt@joomla.org
Rudiger,Mustchin,rmustchinnu@friendfeed.com
Poul,Pothergill,ppothergillnv@joomla.org
Aldon,Bruhnicke,abruhnickenw@yolasite.com
Brantley,Cicculini,bcicculininx@hexun.com
Tandie,Breagan,tbreaganny@google.de
Valentia,Cowey,vcoweynz@symantec.com
Liv,Batrick,lbatricko0@unc.edu
Raimundo,Jacobowitz,rjacobowitzo1@acquirethisname.com
Celka,Attenbrough,cattenbrougho2@last.fm
Virginia,Fehners,vfehnerso3@wsj.com
Sheilakathryn,Seamon,sseamono4@skyrock.com
Emeline,Di Bartolommeo,edibartolommeoo5@ask.com
Jyoti,Oris,joriso6@answers.com
Brody,Cristobal,bcristobalo7@hud.gov
Adora,Aylmer,aaylmero8@gov.uk
Aldwin,Gosz,agoszo9@tamu.edu
Jodi,Knevit,jknevitoa@cnet.com
Dawn,Bollon,dbollonob@bandcamp.com
Hal,Piner,hpineroc@ft.com
Libby,Trussler,ltrusslerod@bigcartel.com
Gran,Rendbaek,grendbaekoe@buzzfeed.com
Barb,Cardnell,bcardnellof@mit.edu
Miltie,Lorenzo,mlorenzoog@psu.edu
Consolata,McGreal,cmcgrealoh@umich.edu
Leontine,Duinbleton,lduinbletonoi@domainmarket.com
Yetty,Assante,yassanteoj@google.com.au
Ingamar,Slocket,islocketok@utexas.edu
Robinet,Strippling,rstripplingol@chron.com
Ingar,Prestie,iprestieom@huffingtonpost.com
Diann,Truluck,dtruluckon@elpais.com
Tamarah,Saller,tsalleroo@exblog.jp
Arielle,Ralph,aralphop@infoseek.co.jp
Sandye,Gannon,sgannonoq@plala.or.jp
Nerty,Guilaem,nguilaemor@engadget.com
Bearnard,Deeks,bdeeksos@liveinternet.ru
Rochette,Raithbie,rraithbieot@linkedin.com
Ulrikaumeko,Walklett,uwalklettou@seesaa.net
Dulcia,Mallabund,dmallabundov@elegantthemes.com
Yolane,Dunge,ydungeow@moonfruit.com
Emmet,McGroarty,emcgroartyox@hexun.com
Clair,Pauletto,cpaulettooy@dailymotion.com
Adrian,Cordeau,acordeauoz@51.la
Emalia,Wesker,eweskerp0@sourceforge.net
Josephine,Montfort,jmontfortp1@newyorker.com
Tom,Emmer,temmerp2@usa.gov
Conant,Presdie,cpresdiep3@pinterest.com
Hector,Greenalf,hgreenalfp4@purevolume.com
Katharina,Cashmore,kcashmorep5@tuttocitta.it
Efrem,Bafford,ebaffordp6@google.cn
Abbot,Trainor,atrainorp7@wufoo.com
Penn,Leban,plebanp8@sciencedirect.com
Tremain,Fullick,tfullickp9@twitpic.com
Merilyn,Hallgalley,mhallgalleypa@usgs.gov
Alex,Armstead,aarmsteadpb@g.co
Tabbie,Hallam,thallampc@goo.ne.jp
Taddeusz,Molan,tmolanpd@shop-pro.jp
Lutero,Chessman,lchessmanpe@booking.com
Kameko,Townley,ktownleypf@facebook.com
Emera,Oakly,eoaklypg@xinhuanet.com
Alexandre,Maystone,amaystoneph@g.co
Ivan,Ren,irenpi@livejournal.com
Piggy,Eaglen,peaglenpj@twitter.com
Arabela,Morgon,amorgonpk@clickbank.net
Dion,Pifford,dpiffordpl@jimdo.com
Thurstan,Chaimson,tchaimsonpm@instagram.com
Stephani,Martijn,smartijnpn@google.ru
Tamqrah,Grigore,tgrigorepo@weather.com
Archambault,Milksop,amilksoppp@smh.com.au
Marina,Poser,mposerpq@usa.gov
Way,Raddan,wraddanpr@cnet.com
Yelena,Grishmanov,ygrishmanovps@marketwatch.com
Launce,Parham,lparhampt@xinhuanet.com
Joeann,Nickolls,jnickollspu@shop-pro.jp
Wolfy,Crutchfield,wcrutchfieldpv@vistaprint.com
Damita,Barnfather,dbarnfatherpw@army.mil
Donica,Slym,dslympx@tmall.com
Benjamen,Leuchars,bleucharspy@google.com.br
Fidelity,Ewers,fewerspz@fda.gov
Quincey,Bancroft,qbancroftq0@lulu.com
Rickie,Ahrend,rahrendq1@nba.com
Devonne,Matushevitz,dmatushevitzq2@ed.gov
Dot,Streater,dstreaterq3@telegraph.co.uk
Bellina,Thaxton,bthaxtonq4@ucla.edu
Sterling,Mullins,smullinsq5@nih.gov
Ynes,Siebert,ysiebertq6@hostgator.com
Fayina,Greenlees,fgreenleesq7@soundcloud.com
Gibby,Ennew,gennewq8@bbc.co.uk
Harmonie,Kyndred,hkyndredq9@nymag.com
Malory,Almak,malmakqa@cbc.ca
Bond,Iskowicz,biskowiczqb@sun.com
Gwyn,Inworth,ginworthqc@e-recht24.de
Howie,Stobo,hstoboqd@marketwatch.com
Sax,Bowich,sbowichqe@shutterfly.com
Salomone,Carratt,scarrattqf@illinois.edu
Freida,Napleton,fnapletonqg@usnews.com
Lexine,McSharry,lmcsharryqh@apple.com
Kimmi,Van Oort,kvanoortqi@friendfeed.com
Mischa,Jirusek,mjirusekqj@rakuten.co.jp
Miller,Lockwood,mlockwoodqk@baidu.com
Nickolaus,Laycock,nlaycockql@jimdo.com
Jameson,Simonazzi,jsimonazziqm@geocities.jp
Gavrielle,Capaldo,gcapaldoqn@upenn.edu
Keefe,Ffrench,kffrenchqo@earthlink.net
Livia,Insley,linsleyqp@tripadvisor.com
Brett,Mulvey,bmulveyqq@tmall.com
Geri,Bruckent,gbruckentqr@aol.com
Marylinda,Iacopini,miacopiniqs@mapy.cz
Wilhelmine,Staig,wstaigqt@mtv.com
Anatole,Gobolos,agobolosqu@theglobeandmail.com
Tedda,Woollett,twoollettqv@domainmarket.com
Eveline,Mandel,emandelqw@sciencedaily.com
Glenn,Elvins,gelvinsqx@about.com
Hernando,Simonaitis,hsimonaitisqy@mit.edu
Elisha,Hull,ehullqz@alexa.com
Nicolea,Kearey,nkeareyr0@e-recht24.de
Lucho,Brower,lbrowerr1@prnewswire.com
Patricio,Pickup,ppickupr2@nationalgeographic.com
Ingaberg,Crowder,icrowderr3@redcross.org
Nolan,Fealy,nfealyr4@aol.com
Bogey,D'Errico,bderricor5@narod.ru
Layne,Morgan,lmorganr6@accuweather.com
Griswold,Stanion,gstanionr7@twitpic.com
Gena,Lintin,glintinr8@de.vu
Zorana,Bealing,zbealingr9@unblog.fr
Flori,De Robertis,fderobertisra@china.com.cn
Dante,McIndoe,dmcindoerb@mail.ru
Jerald,Ruprich,jruprichrc@tinyurl.com
Meade,Causey,mcauseyrd@nymag.com
Kathy,Baake,kbaakere@springer.com
Craig,Kibel,ckibelrf@amazon.co.uk
Dido,Durno,ddurnorg@ucla.edu
Titos,Persence,tpersencerh@microsoft.com
Bary,Haglington,bhaglingtonri@sciencedirect.com
Leo,Goane,lgoanerj@acquirethisname.com
Griffith,Birdis,gbirdisrk@archive.org
Claresta,Pogue,cpoguerl@jalbum.net
Konstanze,Blaes,kblaesrm@topsy.com
Kimble,Huntar,khuntarrn@weibo.com
Flint,Winning,fwinningro@infoseek.co.jp
Zia,Stallard,zstallardrp@ucsd.edu
Tedda,Hugo,thugorq@apple.com
Shelby,Giovannilli,sgiovannillirr@samsung.com
