id,first_name,last_name,email
1,Phelia,Peasee,ppeasee0@merriam-webster.com
2,Mattias,Drewe,mdrewe1@foxnews.com
3,Mona,Pirdy,mpirdy2@umich.edu
4,Dorisa,Barney,dbarney3@slashdot.org
5,Valene,Gostridge,vgostridge4@taobao.com
6,Trevor,Goulthorp,tgoulthorp5@blogspot.com
7,Becca,Petruszka,bpetruszka6@craigslist.org
8,Boothe,Harken,bharken7@army.mil
9,Anitra,Cody,acody8@mozilla.com
10,Wilt,Rosbrough,wrosbrough9@craigslist.org
11,Findlay,Cochet,fcocheta@accuweather.com
12,Brigit,Benbrick,bbenbrickb@usa.gov
13,Carlee,Bynold,cbynoldc@princeton.edu
14,Romola,Covil,rcovild@washington.edu
15,Lian,Insull,linsulle@amazon.co.uk
16,Lindsay,Brickham,lbrickhamf@jigsy.com
17,Martelle,Chasmar,mchasmarg@discuz.net
18,Claiborn,Willers,cwillersh@g.co
19,Claire,Winckles,cwincklesi@nsw.gov.au
20,Sharyl,Bredee,sbredeej@cbsnews.com
21,Betti,Minchindon,bminchindonk@uol.com.br
22,Emlynn,Mart,emartl@tmall.com
23,Terrel,Godman,tgodmanm@reverbnation.com
24,Randi,Bales,rbalesn@behance.net
25,Enos,Fall,efallo@hhs.gov
26,Phillipe,Romeril,promerilp@smh.com.au
27,Clerissa,Ekins,cekinsq@nasa.gov
28,Terrye,Forder,tforderr@elpais.com
29,Kattie,Deinhardt,kdeinhardts@ovh.net
30,Carol,Caddies,ccaddiest@mediafire.com
31,Jordanna,Leverton,jlevertonu@homestead.com
32,Colin,Ivashinnikov,civashinnikovv@ibm.com
33,Sarene,Seals,ssealsw@blogspot.com
34,Donnell,Hicks,dhicksx@amazon.de
35,Hans,Aylin,hayliny@fc2.com
36,Skip,Napoleone,snapoleonez@booking.com
37,Alf,Geraghty,ageraghty10@trellian.com
38,Rayner,Haddy,rhaddy11@liveinternet.ru
39,Tristam,Trotter,ttrotter12@bbb.org
40,Hansiain,Wallsam,hwallsam13@springer.com
41,Walton,Maudlen,wmaudlen14@php.net
42,Deedee,Cowen,dcowen15@google.ca
43,Natala,Hasloch,nhasloch16@seattletimes.com
44,Roxy,Westfield,rwestfield17@pen.io
45,Carrissa,Paulucci,cpaulucci18@tiny.cc
46,Mandy,Shorland,mshorland19@jiathis.com
47,Almire,Chucks,achucks1a@last.fm
48,Nari,Hynson,nhynson1b@google.com.au
49,Eddie,Chasier,echasier1c@google.com.au
50,Stanislas,Moxham,smoxham1d@usgs.gov
51,Erna,Sames,esames1e@mozilla.org
52,Carce,Whittleton,cwhittleton1f@intel.com
53,Judah,Morales,jmorales1g@free.fr
54,Diego,Labrenz,dlabrenz1h@nsw.gov.au
55,Ryon,Dwire,rdwire1i@twitter.com
56,Kippy,Strut,kstrut1j@wordpress.com
57,Trudi,Crosfield,tcrosfield1k@indiatimes.com
58,Jone,Goldup,jgoldup1l@nps.gov
59,Bink,Fourmy,bfourmy1m@blogs.com
60,Randy,Sandom,rsandom1n@wsj.com
61,Codi,MacGaughie,cmacgaughie1o@statcounter.com
62,Florence,Gronow,fgronow1p@alexa.com
63,Freddy,Izakof,fizakof1q@census.gov
64,Renell,Valenti,rvalenti1r@toplist.cz
65,Arielle,Tearny,atearny1s@nsw.gov.au
66,Hyacinthia,Saberton,hsaberton1t@hhs.gov
67,Jean,Aslen,jaslen1u@clickbank.net
68,Clem,Daulby,cdaulby1v@imdb.com
69,Adolf,Dennant,adennant1w@jiathis.com
70,Lotty,Singleton,lsingleton1x@blogspot.com
71,Titus,Falkus,tfalkus1y@spiegel.de
72,Trudy,Massey,tmassey1z@icq.com
73,Sybyl,Drinkale,sdrinkale20@dmoz.org
74,Lexine,Coonan,lcoonan21@intel.com
75,Calvin,Bemrose,cbemrose22@addtoany.com
76,Darlleen,Mahady,dmahady23@zimbio.com
77,Daile,Mount,dmount24@arstechnica.com
78,Charin,Clulow,cclulow25@etsy.com
79,Dulcine,Clackers,dclackers26@dell.com
80,Peggi,Tapp,ptapp27@miitbeian.gov.cn
81,Benji,Pavlenko,bpavlenko28@howstuffworks.com
82,Basilius,Chantillon,bchantillon29@typepad.com
83,Aubrey,Shiliton,ashiliton2a@soundcloud.com
84,Aprilette,Harewood,aharewood2b@sciencedirect.com
85,Napoleon,Wiltshier,nwiltshier2c@netvibes.com
86,Roxine,Lyddiatt,rlyddiatt2d@discuz.net
87,Celle,Nann,cnann2e@marketwatch.com
88,Milka,McGirl,mmcgirl2f@webmd.com
89,Tammara,Pirnie,tpirnie2g@cornell.edu
90,Cyndia,Sharrem,csharrem2h@delicious.com
91,Rosalynd,Avrahamian,ravrahamian2i@yahoo.co.jp
92,Donn,Taberner,dtaberner2j@networkadvertising.org
93,Julienne,Dollar,jdollar2k@bandcamp.com
94,Idell,Mixhel,imixhel2l@squidoo.com
95,Winslow,Speedy,wspeedy2m@chron.com
96,Vivyanne,Avrahm,vavrahm2n@infoseek.co.jp
97,Dyna,Lusted,dlusted2o@netlog.com
98,Sibella,Einchcombe,seinchcombe2p@slashdot.org
99,Erek,Ansell,eansell2q@usda.gov
100,Paulo,Bensley,pbensley2r@godaddy.com
101,Germaine,Venour,gvenour2s@surveymonkey.com
102,Michaeline,Ames,mames2t@youtube.com
103,Karlis,Hebden,khebden2u@sfgate.com
104,Erick,Loughman,eloughman2v@patch.com
105,Johnna,Schlagtmans,jschlagtmans2w@boston.com
106,Felice,Begg,fbegg2x@ezinearticles.com
107,Arlinda,Fookes,afookes2y@surveymonkey.com
108,Lenard,Barrowclough,lbarrowclough2z@tripadvisor.com
109,Susie,Smeall,ssmeall30@reddit.com
110,Enrika,Antonescu,eantonescu31@upenn.edu
111,Idaline,Aird,iaird32@pen.io
112,Anjanette,Redmond,aredmond33@ebay.co.uk
113,Cornell,Newson,cnewson34@nasa.gov
114,Lynsey,Oliphard,loliphard35@flavors.me
115,Hyacinthia,Vaughan,hvaughan36@addthis.com
116,Veda,Dennis,vdennis37@live.com
117,Joana,Cotillard,jcotillard38@state.gov
118,Ailsun,MacHarg,amacharg39@narod.ru
119,Bernette,Greensted,bgreensted3a@whitehouse.gov
120,Almeria,Arkil,aarkil3b@usa.gov
121,Henrietta,Lavallie,hlavallie3c@google.pl
122,Verna,Cumesky,vcumesky3d@cbc.ca
123,Moise,Longfut,mlongfut3e@yolasite.com
124,Brit,De Vuyst,bdevuyst3f@bizjournals.com
125,Leeann,Moulder,lmoulder3g@infoseek.co.jp
126,Phillida,Torrent,ptorrent3h@npr.org
127,Adelaida,Maylard,amaylard3i@deliciousdays.com
128,Elaine,McKibben,emckibben3j@disqus.com
129,Frederigo,Vaughten,fvaughten3k@japanpost.jp
130,Ferrel,Nield,fnield3l@uiuc.edu
131,Sylas,Pattullo,spattullo3m@seattletimes.com
132,Antonin,Durdan,adurdan3n@mapquest.com
133,Carrol,Hellmore,chellmore3o@toplist.cz
134,Billie,Lauxmann,blauxmann3p@artisteer.com
135,Dukie,Cresar,dcresar3q@craigslist.org
136,Darleen,Venable,dvenable3r@nba.com
137,Roda,Stedell,rstedell3s@amazon.co.uk
138,Danyelle,Macquire,dmacquire3t@tuttocitta.it
139,Abagael,Havick,ahavick3u@1688.com
140,Lynette,Costerd,lcosterd3v@wiley.com
141,Nicholas,Trorey,ntrorey3w@google.cn
142,Nichols,Scudder,nscudder3x@spiegel.de
143,Derick,Londsdale,dlondsdale3y@paginegialle.it
144,Kermie,Roussell,kroussell3z@slashdot.org
145,Eamon,Le Breton,elebreton40@yandex.ru
146,Mufi,Stallen,mstallen41@google.it
147,Viv,Matches,vmatches42@chicagotribune.com
148,Horten,Pouck,hpouck43@ycombinator.com
149,Tedie,Scrace,tscrace44@photobucket.com
150,Robena,Quig,rquig45@linkedin.com
151,Mattie,Freshwater,mfreshwater46@bloomberg.com
152,Terencio,Durtnel,tdurtnel47@diigo.com
153,Zane,Burnsyde,zburnsyde48@princeton.edu
154,Mersey,Cruce,mcruce49@npr.org
155,Ruggiero,Finlan,rfinlan4a@drupal.org
156,Oona,Storm,ostorm4b@ed.gov
157,Cirstoforo,Brandham,cbrandham4c@hatena.ne.jp
158,Marne,MacDaid,mmacdaid4d@1und1.de
159,Harmonia,Wearing,hwearing4e@behance.net
160,Patten,McCrossan,pmccrossan4f@paginegialle.it
161,Gisele,Thresh,gthresh4g@oracle.com
162,Gerrie,Bunner,gbunner4h@nydailynews.com
163,Sigismond,Neillans,sneillans4i@independent.co.uk
164,Lennard,Whartonby,lwhartonby4j@mysql.com
165,Tova,Bradford,tbradford4k@youtube.com
166,Linea,Abrahamovitz,labrahamovitz4l@github.io
167,Rory,Coalbran,rcoalbran4m@newyorker.com
168,Mathias,Goater,mgoater4n@example.com
169,Adan,Edards,aedards4o@baidu.com
170,Alan,Tremonte,atremonte4p@craigslist.org
171,Aube,Kehoe,akehoe4q@phpbb.com
172,Thoma,Geertje,tgeertje4r@soundcloud.com
173,Sigismundo,Raleston,sraleston4s@storify.com
174,Inger,Maycey,imaycey4t@netscape.com
175,Kissie,Argile,kargile4u@vkontakte.ru
176,Dannye,Ronaldson,dronaldson4v@google.it
177,Lucila,McMorran,lmcmorran4w@squidoo.com
178,Katalin,Rollings,krollings4x@spiegel.de
179,Ram,Karpol,rkarpol4y@twitpic.com
180,Ephrayim,Whichelow,ewhichelow4z@squarespace.com
181,Jena,Koomar,jkoomar50@cargocollective.com
182,Moselle,Udy,mudy51@apple.com
183,Ash,Huerta,ahuerta52@umn.edu
184,Ingmar,McCaighey,imccaighey53@spiegel.de
185,Willie,Coffelt,wcoffelt54@mediafire.com
186,Lothario,Shoemark,lshoemark55@umn.edu
187,Leona,Alltimes,lalltimes56@ucoz.com
188,Forster,Bourgeois,fbourgeois57@china.com.cn
189,Montague,Pavinese,mpavinese58@rambler.ru
190,Manda,Isacke,misacke59@newsvine.com
191,Lilias,Fries,lfries5a@harvard.edu
192,Catlin,Gerrelt,cgerrelt5b@techcrunch.com
193,Ewart,Gruszczak,egruszczak5c@narod.ru
194,Ches,Drysdale,cdrysdale5d@storify.com
195,Candace,Lavrick,clavrick5e@123-reg.co.uk
196,Niles,Bowskill,nbowskill5f@squarespace.com
197,Kennedy,Turnpenny,kturnpenny5g@census.gov
198,Jeremy,Churches,jchurches5h@shinystat.com
199,Jayson,Mander,jmander5i@dmoz.org
200,Ardath,Ysson,aysson5j@time.com
201,Tarah,Marconi,tmarconi5k@wiley.com
202,Odette,Cotterell,ocotterell5l@redcross.org
203,Kelli,Garside,kgarside5m@geocities.com
204,Sylvester,Hoff,shoff5n@reuters.com
205,Clayborne,Merrilees,cmerrilees5o@surveymonkey.com
206,Jamie,Romme,jromme5p@flickr.com
207,Derek,Tucknutt,dtucknutt5q@about.com
208,Pedro,Spleving,pspleving5r@shareasale.com
209,Maddie,Dawidman,mdawidman5s@etsy.com
210,Radcliffe,Hames,rhames5t@pinterest.com
211,Neille,Bursnoll,nbursnoll5u@odnoklassniki.ru
212,Fabe,Renshell,frenshell5v@feedburner.com
213,Yvonne,Lockyear,ylockyear5w@fda.gov
214,Shaw,Piggens,spiggens5x@infoseek.co.jp
215,Maridel,Grayne,mgrayne5y@phpbb.com
216,Gwenette,Rathbone,grathbone5z@tripadvisor.com
217,Jami,Spruce,jspruce60@uiuc.edu
218,Kaitlyn,Gulston,kgulston61@apache.org
219,Garik,Barsam,gbarsam62@webnode.com
220,Ingrim,Dixey,idixey63@moonfruit.com
221,Garv,Romaint,gromaint64@accuweather.com
222,Desdemona,Alvarado,dalvarado65@cdc.gov
223,Alyss,Jessen,ajessen66@ftc.gov
224,Margarita,Starcks,mstarcks67@msn.com
225,Faunie,Wynter,fwynter68@vistaprint.com
226,Ursa,Bowdler,ubowdler69@salon.com
227,Penelopa,Hartfleet,phartfleet6a@desdev.cn
228,Bernetta,Benardeau,bbenardeau6b@sogou.com
229,Angeli,MacSkeagan,amacskeagan6c@howstuffworks.com
230,Meara,Korb,mkorb6d@xing.com
231,Boy,Readings,breadings6e@state.gov
232,Brandea,Talks,btalks6f@telegraph.co.uk
233,Sly,Krolik,skrolik6g@psu.edu
234,Silvain,Battman,sbattman6h@livejournal.com
235,Kai,Duckering,kduckering6i@behance.net
236,Edik,Stonuary,estonuary6j@shareasale.com
237,Melanie,Lydiatt,mlydiatt6k@instagram.com
238,Amby,Robins,arobins6l@illinois.edu
239,Farrel,Manueli,fmanueli6m@google.nl
240,Quintana,Rippen,qrippen6n@chronoengine.com
241,Iolande,Champley,ichampley6o@bloglines.com
242,Katuscha,Volcker,kvolcker6p@uol.com.br
243,Lindsey,Simpkiss,lsimpkiss6q@economist.com
244,Nannie,Blackwell,nblackwell6r@vkontakte.ru
245,Tedman,Gilmour,tgilmour6s@alexa.com
246,Mitchell,Applegarth,mapplegarth6t@instagram.com
247,Kit,Lelievre,klelievre6u@mozilla.com
248,Suzanna,Usborn,susborn6v@dyndns.org
249,Glynda,Walsh,gwalsh6w@arstechnica.com
250,Alvis,Abrams,aabrams6x@answers.com
251,Teddi,Gaynes,tgaynes6y@1688.com
252,Tiffani,Helks,thelks6z@w3.org
253,Pip,Oblein,poblein70@weebly.com
254,Bernete,Guion,bguion71@state.tx.us
255,Raviv,Avramovic,ravramovic72@infoseek.co.jp
256,Nelson,Dowling,ndowling73@bandcamp.com
257,Gertrude,Blaise,gblaise74@shareasale.com
258,Elmer,Timperley,etimperley75@sakura.ne.jp
259,Muffin,Drissell,mdrissell76@utexas.edu
260,Geri,Albany,galbany77@cpanel.net
261,Jana,Mucci,jmucci78@jugem.jp
262,Amitie,Kornilov,akornilov79@wunderground.com
263,Lyda,Sones,lsones7a@bigcartel.com
264,Stevie,Vaudre,svaudre7b@msu.edu
265,Cherilynn,Shugg,cshugg7c@omniture.com
266,Broderick,Bottleson,bbottleson7d@jalbum.net
267,Zitella,Fosten,zfosten7e@meetup.com
268,Nap,Kaas,nkaas7f@soup.io
269,Temp,Hansley,thansley7g@hatena.ne.jp
270,Hollis,Perry,hperry7h@topsy.com
271,Lucky,Primrose,lprimrose7i@thetimes.co.uk
272,Vicky,Shobbrook,vshobbrook7j@chicagotribune.com
273,Kerrin,MacGall,kmacgall7k@multiply.com
274,Chariot,Burkin,cburkin7l@sbwire.com
275,Kalli,Jozsa,kjozsa7m@ucla.edu
276,Tynan,Rockcliffe,trockcliffe7n@google.it
277,Libbi,Cowderay,lcowderay7o@meetup.com
278,Constantino,Goodger,cgoodger7p@bigcartel.com
279,Llewellyn,Penhalewick,lpenhalewick7q@bravesites.com
280,Allison,Kordova,akordova7r@furl.net
281,Allyn,Karpenko,akarpenko7s@intel.com
282,Corney,Reitenbach,creitenbach7t@amazon.com
283,Betti,Adamo,badamo7u@craigslist.org
284,Saree,Flounders,sflounders7v@surveymonkey.com
285,Marilyn,Jozsika,mjozsika7w@msu.edu
286,Chadwick,Oganian,coganian7x@mysql.com
287,Margarethe,Senechault,msenechault7y@photobucket.com
288,Wilt,Giorgione,wgiorgione7z@drupal.org
289,Fee,Misken,fmisken80@squarespace.com
290,Teri,Cullon,tcullon81@squidoo.com
291,Gaynor,Andrini,gandrini82@tinypic.com
292,Federica,Raeburn,fraeburn83@tripadvisor.com
293,Kailey,Lavigne,klavigne84@nationalgeographic.com
294,Camile,Exter,cexter85@mtv.com
295,Reinhard,Sexcey,rsexcey86@reverbnation.com
296,Claresta,Bushnell,cbushnell87@naver.com
297,Guenevere,Devonport,gdevonport88@cnet.com
298,Bing,Dunkerk,bdunkerk89@desdev.cn
299,Mark,MacTague,mmactague8a@yolasite.com
300,Cathy,Zieme,czieme8b@cargocollective.com
301,Lynn,Collcutt,lcollcutt8c@admin.ch
302,Chanda,Chese,cchese8d@nyu.edu
303,Thedric,Creany,tcreany8e@oakley.com
304,Britney,Mapham,bmapham8f@friendfeed.com
305,Arabel,Dunnan,adunnan8g@slideshare.net
306,Gorden,Kenwrick,gkenwrick8h@cornell.edu
307,Clerkclaude,Bogeys,cbogeys8i@europa.eu
308,Karola,Shelp,kshelp8j@dropbox.com
309,Irwinn,Hegg,ihegg8k@livejournal.com
310,Berti,Vedyashkin,bvedyashkin8l@foxnews.com
311,Sandor,Iacovino,siacovino8m@ocn.ne.jp
312,Julia,Parmby,jparmby8n@newsvine.com
313,Marilin,Ingerman,mingerman8o@furl.net
314,Leshia,Sandes,lsandes8p@mashable.com
315,Valencia,Mustchin,vmustchin8q@360.cn
316,Opalina,Morales,omorales8r@huffingtonpost.com
317,Shelagh,de Chastelain,sdechastelain8s@macromedia.com
318,Mariele,Dienes,mdienes8t@dropbox.com
319,Far,Dallaway,fdallaway8u@wikispaces.com
320,Bernete,Caird,bcaird8v@amazon.de
321,Hurleigh,Rosensaft,hrosensaft8w@archive.org
322,Gardy,Darte,gdarte8x@ezinearticles.com
323,Neilla,Revan,nrevan8y@etsy.com
324,Tremain,Alkins,talkins8z@shutterfly.com
325,Aggi,Jindra,ajindra90@psu.edu
326,Sinclair,Barczynski,sbarczynski91@theatlantic.com
327,Currey,Stallibrass,cstallibrass92@mlb.com
328,Malena,Fernier,mfernier93@umn.edu
329,Merralee,Moncreiffe,mmoncreiffe94@geocities.jp
330,Antonietta,Aitkin,aaitkin95@umn.edu
331,Artie,Danieli,adanieli96@whitehouse.gov
332,Diarmid,Cocke,dcocke97@disqus.com
333,Tadeas,Cooksey,tcooksey98@umn.edu
334,Belinda,Sickling,bsickling99@squarespace.com
335,Arlen,Keningley,akeningley9a@cnet.com
336,Grover,Pollins,gpollins9b@ehow.com
337,Deloria,Booton,dbooton9c@oakley.com
338,Ezra,Cicerone,ecicerone9d@ycombinator.com
339,Katherine,Fealy,kfealy9e@phoca.cz
340,Bobbi,Heighway,bheighway9f@senate.gov
341,Rolf,Trouncer,rtrouncer9g@usgs.gov
342,Shelton,Garaghan,sgaraghan9h@skype.com
343,Humfrey,Tremouille,htremouille9i@baidu.com
344,Clotilda,Shemelt,cshemelt9j@smugmug.com
345,Jesse,Parlet,jparlet9k@earthlink.net
346,Jammie,Abraham,jabraham9l@state.gov
347,Kinsley,Cottier,kcottier9m@cmu.edu
348,Ewen,Elington,eelington9n@timesonline.co.uk
349,Hadley,Batting,hbatting9o@europa.eu
350,Merrel,Golda,mgolda9p@unblog.fr
351,Cornelle,Josse,cjosse9q@abc.net.au
352,Ulrike,Antognoni,uantognoni9r@w3.org
353,Terri,Sleford,tsleford9s@usa.gov
354,Ad,Dunrige,adunrige9t@chron.com
355,Darrell,Kenninghan,dkenninghan9u@devhub.com
356,Rosabelle,Crowdson,rcrowdson9v@wired.com
357,Walton,Canelas,wcanelas9w@wordpress.org
358,Conny,Blaycock,cblaycock9x@washington.edu
359,Laurette,Neave,lneave9y@adobe.com
360,Elliott,Dunstone,edunstone9z@admin.ch
361,Agnes,Elphinstone,aelphinstonea0@cnbc.com
362,Dori,Boow,dboowa1@indiegogo.com
363,Elsinore,Fairham,efairhama2@hc360.com
364,Vidovik,Garcia,vgarciaa3@elpais.com
365,Emelda,Golton,egoltona4@blogtalkradio.com
366,Noell,Laverty,nlavertya5@facebook.com
367,Hew,MacGarrity,hmacgarritya6@hhs.gov
368,Cazzie,Windows,cwindowsa7@geocities.jp
369,Daryl,Kingzet,dkingzeta8@techcrunch.com
370,Granger,Maundrell,gmaundrella9@over-blog.com
371,Callie,Stackbridge,cstackbridgeaa@seattletimes.com
372,Nev,Yackiminie,nyackiminieab@jimdo.com
373,Gal,Manchett,gmanchettac@ask.com
374,Amalie,Linscott,alinscottad@cafepress.com
375,Ines,Cootes,icootesae@friendfeed.com
376,Dixie,Nelissen,dnelissenaf@domainmarket.com
377,Osbourn,Baudassi,obaudassiag@harvard.edu
378,Venus,Fallowes,vfallowesah@sourceforge.net
379,Sioux,Coad,scoadai@amazon.co.jp
380,Cornelius,Kochl,ckochlaj@spotify.com
381,Niels,Trahair,ntrahairak@1und1.de
382,Orson,Jans,ojansal@amazon.de
383,Tabb,Nayshe,tnaysheam@netlog.com
384,Felicdad,Chaudron,fchaudronan@engadget.com
385,Vladimir,MacGruer,vmacgruerao@berkeley.edu
386,Delora,Whittington,dwhittingtonap@reddit.com
387,Hynda,Tadman,htadmanaq@fastcompany.com
388,Sonnie,Worsfield,sworsfieldar@delicious.com
389,Jeniffer,Cousans,jcousansas@tripod.com
390,Annamaria,Rundall,arundallat@nifty.com
391,Bay,Walton,bwaltonau@ucoz.com
392,Jemimah,Burriss,jburrissav@sciencedaily.com
393,Jourdain,Elvins,jelvinsaw@gmpg.org
394,Robbin,Quiddinton,rquiddintonax@pagesperso-orange.fr
395,Tani,Meldrum,tmeldrumay@msn.com
396,Justis,Everil,jeverilaz@google.ca
397,Pavlov,Simchenko,psimchenkob0@fastcompany.com
398,Tobie,Rosenstock,trosenstockb1@tripod.com
399,Dwain,Barrowclough,dbarrowcloughb2@sciencedirect.com
400,Daffi,Wonter,dwonterb3@imageshack.us
401,Dido,Medlin,dmedlinb4@feedburner.com
402,Mellisent,MacCaughey,mmaccaugheyb5@yahoo.com
403,Port,Coverdill,pcoverdillb6@jigsy.com
404,Solomon,Amber,samberb7@java.com
405,Esther,Langridge,elangridgeb8@webnode.com
406,Timoteo,Wulfinger,twulfingerb9@feedburner.com
407,Melisandra,Ashforth,mashforthba@sakura.ne.jp
408,Tamarah,Leftly,tleftlybb@addthis.com
409,Caesar,Corradeschi,ccorradeschibc@usda.gov
410,Jeromy,Esland,jeslandbd@foxnews.com
411,Shaylyn,Garrettson,sgarrettsonbe@purevolume.com
412,Cale,Quilligan,cquilliganbf@buzzfeed.com
413,Brewster,Bevans,bbevansbg@berkeley.edu
414,Brinna,Hemphrey,bhemphreybh@webmd.com
415,Quill,Antonchik,qantonchikbi@shareasale.com
416,Lucas,Ullyatt,lullyattbj@shutterfly.com
417,Alejandra,Salvatore,asalvatorebk@elpais.com
418,Justina,Troni,jtronibl@yellowbook.com
419,Donella,Barette,dbarettebm@elegantthemes.com
420,Kelley,Kilmister,kkilmisterbn@youtube.com
421,Maury,Topping,mtoppingbo@spotify.com
422,Frederic,McCritichie,fmccritichiebp@umn.edu
423,Leigh,Poyser,lpoyserbq@businessweek.com
424,Phineas,Klezmski,pklezmskibr@gmpg.org
425,Basile,Marrable,bmarrablebs@geocities.com
426,Agace,Arnall,aarnallbt@phpbb.com
427,Kent,Seeviour,kseeviourbu@home.pl
428,Donetta,Sweatland,dsweatlandbv@imgur.com
429,Hallsy,Pallatina,hpallatinabw@seattletimes.com
430,Seana,Smorthit,ssmorthitbx@buzzfeed.com
431,Claudius,Fabri,cfabriby@mozilla.org
432,Kellen,Berkelay,kberkelaybz@ted.com
433,Marcellina,Chessell,mchessellc0@salon.com
434,Teddie,Daniely,tdanielyc1@toplist.cz
435,Fiona,Leggis,fleggisc2@mayoclinic.com
436,Jaquelin,Bowie,jbowiec3@state.gov
437,Mable,Crumby,mcrumbyc4@linkedin.com
438,Marinna,Brydell,mbrydellc5@google.co.jp
439,Charmion,Boarer,cboarerc6@1und1.de
440,Catina,Fayne,cfaynec7@digg.com
441,Helena,Mc Ilwrick,hmcilwrickc8@abc.net.au
442,Berkly,Meuse,bmeusec9@walmart.com
443,Godard,Ralton,graltonca@surveymonkey.com
444,Chevalier,Burgill,cburgillcb@hibu.com
445,Vinson,Glanton,vglantoncc@businessinsider.com
446,Swen,Bettington,sbettingtoncd@indiatimes.com
447,Druci,Cordes,dcordesce@nifty.com
448,Annalee,Glisenan,aglisenancf@bluehost.com
449,Darleen,Kadar,dkadarcg@usnews.com
450,Sacha,Nuzzti,snuzztich@histats.com
451,Anthiathia,Bellis,abellisci@bing.com
452,Kassey,Danielot,kdanielotcj@oaic.gov.au
453,Augustina,Worley,aworleyck@bigcartel.com
454,Estrellita,McGing,emcgingcl@opera.com
455,Geoff,Shieber,gshiebercm@skyrock.com
456,Sarena,Leatherborrow,sleatherborrowcn@hostgator.com
457,Victoria,Clawsley,vclawsleyco@java.com
458,Stacie,Stegell,sstegellcp@bandcamp.com
459,Maurise,Skouling,mskoulingcq@adobe.com
460,Tasia,Skouling,tskoulingcr@redcross.org
461,Kermy,Dargavel,kdargavelcs@foxnews.com
462,Frieda,Cunio,fcunioct@dmoz.org
463,Gary,Grzeszczyk,ggrzeszczykcu@virginia.edu
464,Margeaux,Joscelyn,mjoscelyncv@wix.com
465,Lewiss,Waren,lwarencw@salon.com
466,Fergus,Sigward,fsigwardcx@si.edu
467,Frederick,Bru,fbrucy@miibeian.gov.cn
468,Concettina,Danford,cdanfordcz@icq.com
469,Paige,Timpany,ptimpanyd0@mediafire.com
470,Maddy,McCreary,mmccrearyd1@engadget.com
471,Bethina,Grocutt,bgrocuttd2@live.com
472,Ulberto,Buckles,ubucklesd3@yandex.ru
473,Dov,Frill,dfrilld4@e-recht24.de
474,Darcie,Jerg,djergd5@fc2.com
475,Francoise,Mugford,fmugfordd6@businesswire.com
476,Clarance,Lightwing,clightwingd7@blogger.com
477,Derick,Lanney,dlanneyd8@chronoengine.com
478,Marylynne,Rubin,mrubind9@merriam-webster.com
479,Hermann,Sudron,hsudronda@amazonaws.com
480,Ancell,Raycroft,araycroftdb@ft.com
481,Winston,Garmon,wgarmondc@hc360.com
482,Frieda,Hauxley,fhauxleydd@jigsy.com
483,Barn,Willgress,bwillgressde@blogspot.com
484,Gideon,Preene,gpreenedf@cocolog-nifty.com
485,Martie,Beavan,mbeavandg@accuweather.com
486,Maddie,Croisier,mcroisierdh@cornell.edu
487,Berti,Bauchop,bbauchopdi@archive.org
488,Nikolaos,Bartoszinski,nbartoszinskidj@sohu.com
489,Aileen,Govan,agovandk@nydailynews.com
490,Annnora,Fontel,afonteldl@usatoday.com
491,Hansiain,Standbrooke,hstandbrookedm@seesaa.net
492,Burg,Scholling,bschollingdn@nationalgeographic.com
493,Michele,Dunn,mdunndo@dion.ne.jp
494,Crissie,Bausor,cbausordp@sbwire.com
495,Clerissa,Sinfield,csinfielddq@xrea.com
496,Barnett,Durward,bdurwarddr@mlb.com
497,Carlin,Southward,csouthwardds@hud.gov
498,Abrahan,Pilkington,apilkingtondt@dagondesign.com
499,Alikee,Doncom,adoncomdu@parallels.com
500,Cissiee,Tale,ctaledv@delicious.com
501,Adella,Mersh,amershdw@noaa.gov
502,Loralyn,Hubbis,lhubbisdx@utexas.edu
503,Kandy,Hothersall,khothersalldy@cbsnews.com
504,Barbie,Body,bbodydz@usgs.gov
505,Shalna,Anster,sanstere0@behance.net
506,Anatole,Gotcher,agotchere1@thetimes.co.uk
507,Baron,Beever,bbeevere2@oaic.gov.au
508,Osmond,Brockett,obrockette3@mozilla.org
509,Helaina,Ellershaw,hellershawe4@facebook.com
510,Delora,Phair,dphaire5@rambler.ru
511,Averyl,Mowett,amowette6@constantcontact.com
512,Perrine,Poone,ppoonee7@wufoo.com
513,Ahmad,Abdee,aabdeee8@ustream.tv
514,Ephraim,Jopke,ejopkee9@walmart.com
515,Ilsa,Fewless,ifewlessea@xinhuanet.com
516,Jenifer,Albasiny,jalbasinyeb@bluehost.com
517,Benedetta,Blackster,bblacksterec@usda.gov
518,Evangelin,Stadden,estaddened@disqus.com
519,Leon,Drury,ldruryee@mozilla.org
520,Judd,Rolland,jrollandef@unesco.org
521,Brittaney,Davidovic,bdavidoviceg@skype.com
522,Cullin,Kasting,ckastingeh@soundcloud.com
523,Alys,Fakes,afakesei@time.com
524,Debera,Wayon,dwayonej@weather.com
525,Elisha,Hasser,ehasserek@webmd.com
526,Nanice,Pavyer,npavyerel@dedecms.com
527,Ddene,Delbergue,ddelbergueem@microsoft.com
528,Tim,Ruspine,truspineen@boston.com
529,Stirling,Douberday,sdouberdayeo@weather.com
530,Shurlock,Roofe,sroofeep@shutterfly.com
531,Dorena,Dumbrill,ddumbrilleq@google.co.jp
532,Hersch,Pocknoll,hpocknoller@arstechnica.com
533,Teena,Brane,tbranees@pinterest.com
534,Derrik,Manlow,dmanlowet@networksolutions.com
535,Robbie,Scoterbosh,rscoterbosheu@businessinsider.com
536,Codie,Burness,cburnessev@rediff.com
537,Janey,Blyth,jblythew@youtube.com
538,Dorolice,Cholonin,dcholoninex@netvibes.com
539,Rory,McGunley,rmcgunleyey@g.co
540,Meredeth,Hundley,mhundleyez@dion.ne.jp
541,Gauthier,Zmitruk,gzmitrukf0@nhs.uk
542,Mavra,Ponder,mponderf1@hibu.com
543,Anett,Got,agotf2@nydailynews.com
544,Efrem,Pesak,epesakf3@theglobeandmail.com
545,Nonah,Shelbourne,nshelbournef4@tmall.com
546,Jacki,Dunk,jdunkf5@army.mil
547,Sherill,Northridge,snorthridgef6@fc2.com
548,Isis,Daymont,idaymontf7@sfgate.com
549,Brander,Blazynski,bblazynskif8@naver.com
550,Levi,Cuttle,lcuttlef9@multiply.com
551,Peterus,Renad,prenadfa@google.ca
552,Sela,Haylock,shaylockfb@google.co.jp
553,Patience,Hatfull,phatfullfc@creativecommons.org
554,Tamarra,Yuryaev,tyuryaevfd@livejournal.com
555,Valma,Edwin,vedwinfe@yellowbook.com
556,Eda,Paddle,epaddleff@go.com
557,Aline,Silly,asillyfg@unesco.org
558,Crichton,Burel,cburelfh@jugem.jp
559,Orsa,Vasnev,ovasnevfi@is.gd
560,Ruthi,Rene,rrenefj@macromedia.com
561,Dniren,Mynott,dmynottfk@cocolog-nifty.com
562,Cullin,Hadwick,chadwickfl@ucla.edu
563,Gusta,Harcase,gharcasefm@xinhuanet.com
564,Boot,Shotboulte,bshotboultefn@sphinn.com
565,Alexandro,Mobberley,amobberleyfo@infoseek.co.jp
566,Aurie,Dives,adivesfp@nps.gov
567,Aymer,Hubach,ahubachfq@skype.com
568,Berkley,Sayer,bsayerfr@eventbrite.com
569,Annemarie,Jaffrey,ajaffreyfs@issuu.com
570,Eduard,Budgen,ebudgenft@unesco.org
571,Minne,McMurdo,mmcmurdofu@usatoday.com
572,Prudence,Meenehan,pmeenehanfv@pen.io
573,Pyotr,Gillam,pgillamfw@cafepress.com
574,Marnia,Immer,mimmerfx@yandex.ru
575,Stanislas,Micklewright,smicklewrightfy@seattletimes.com
576,Gay,Euplate,geuplatefz@taobao.com
577,Krista,Iwanczyk,kiwanczykg0@mit.edu
578,Lisabeth,McCaffrey,lmccaffreyg1@discuz.net
579,Alisun,Povey,apoveyg2@amazon.de
580,Dudley,Idel,didelg3@uol.com.br
581,Betsey,Gouley,bgouleyg4@google.com.hk
582,Friedrick,Arnaldo,farnaldog5@geocities.com
583,Raffarty,Corck,rcorckg6@printfriendly.com
584,Silvan,Currie,scurrieg7@blogger.com
585,Ethelred,Baber,ebaberg8@clickbank.net
586,Graham,Petersen,gpeterseng9@artisteer.com
587,Dorie,Readshaw,dreadshawga@earthlink.net
588,Corbet,O'Harney,coharneygb@mapquest.com
589,Margette,MacLoughlin,mmacloughlingc@jimdo.com
590,Pia,Smithson,psmithsongd@wsj.com
591,Donnamarie,Hammerman,dhammermange@geocities.jp
592,Sheeree,Koppke,skoppkegf@quantcast.com
593,Niven,O'Roan,noroangg@altervista.org
594,Odille,Kingaby,okingabygh@goo.ne.jp
595,Allx,Faunt,afauntgi@freewebs.com
596,Carline,Fendlow,cfendlowgj@tiny.cc
597,Cathie,Neeson,cneesongk@paginegialle.it
598,Herc,Caple,hcaplegl@pagesperso-orange.fr
599,Germayne,Robez,grobezgm@wordpress.org
600,Beatrice,Danskine,bdanskinegn@printfriendly.com
601,Helaina,Jeannaud,hjeannaudgo@ezinearticles.com
602,Archie,Gall,agallgp@disqus.com
603,Jeniece,Leathley,jleathleygq@barnesandnoble.com
604,Fraze,Mungan,fmungangr@canalblog.com
605,Derick,Rickhuss,drickhussgs@cmu.edu
606,Linus,Aguilar,laguilargt@usda.gov
607,Darcey,Owbrick,dowbrickgu@e-recht24.de
608,Diena,Coope,dcoopegv@fema.gov
609,Alyce,Grimm,agrimmgw@github.com
610,Phyllis,Verni,pvernigx@accuweather.com
611,Shanta,Hurdle,shurdlegy@whitehouse.gov
612,Arabella,Mucillo,amucillogz@taobao.com
613,Melania,Stukings,mstukingsh0@google.ru
614,Kailey,Orto,kortoh1@wired.com
615,Cornie,Bridle,cbridleh2@oaic.gov.au
616,Adrienne,Ratley,aratleyh3@wikispaces.com
617,Melany,Batrim,mbatrimh4@si.edu
618,Wallache,Varah,wvarahh5@springer.com
619,Wendie,Skerrett,wskerretth6@cyberchimps.com
620,Sharity,Hubbold,shubboldh7@si.edu
621,Annnora,Elton,aeltonh8@unc.edu
622,Georas,Harfleet,gharfleeth9@cbc.ca
623,Georgine,Kleinplac,gkleinplacha@linkedin.com
624,Jerome,Bartalot,jbartalothb@usgs.gov
625,Valaree,Tafani,vtafanihc@europa.eu
626,Lisha,Luddy,lluddyhd@spiegel.de
627,Anatole,Demicoli,ademicolihe@domainmarket.com
628,Loren,Demsey,ldemseyhf@mediafire.com
629,Robena,Lambal,rlambalhg@exblog.jp
630,Nelie,Burger,nburgerhh@shareasale.com
631,Sawyere,Mindenhall,smindenhallhi@simplemachines.org
632,Devon,Brouwer,dbrouwerhj@google.fr
633,Jud,Facchini,jfacchinihk@slate.com
634,Gaven,Whodcoat,gwhodcoathl@statcounter.com
635,Aime,Heeley,aheeleyhm@dedecms.com
636,Godart,Life,glifehn@behance.net
637,Reeba,Jacketts,rjackettsho@phpbb.com
638,Marlee,Butt,mbutthp@stanford.edu
639,Florrie,Ruddick,fruddickhq@salon.com
640,Ramona,Bartot,rbartothr@ca.gov
641,Gordie,Egarr,gegarrhs@1und1.de
642,Neille,Beton,nbetonht@bloglovin.com
643,Kym,Rosenhaupt,krosenhaupthu@homestead.com
644,Giralda,Heustice,gheusticehv@nydailynews.com
645,Hilda,Silby,hsilbyhw@nydailynews.com
646,Bibbie,Keuning,bkeuninghx@drupal.org
647,Chad,Pimer,cpimerhy@geocities.com
648,Yasmeen,Scocroft,yscocrofthz@answers.com
649,Kelly,Brithman,kbrithmani0@surveymonkey.com
650,Claudette,O'Lunney,colunneyi1@youku.com
651,Elladine,Cornford,ecornfordi2@wp.com
652,Malinda,Froschauer,mfroschaueri3@statcounter.com
653,Danyelle,Silburn,dsilburni4@addtoany.com
654,Dolley,Gooders,dgoodersi5@printfriendly.com
655,Zechariah,Rigbye,zrigbyei6@diigo.com
656,Nichole,Heller,nhelleri7@vistaprint.com
657,Hy,Basindale,hbasindalei8@earthlink.net
658,Niki,Kernar,nkernari9@wiley.com
659,Pincas,Doumer,pdoumeria@psu.edu
660,Joannes,Riccetti,jriccettiib@youku.com
661,Forrest,Bowman,fbowmanic@scribd.com
662,Trudey,Graver,tgraverid@google.nl
663,Alikee,Bonnefin,abonnefinie@prlog.org
664,Artie,Hyndley,ahyndleyif@flavors.me
665,Hayley,Hutchason,hhutchasonig@stumbleupon.com
666,Darsie,Pumfrett,dpumfrettih@trellian.com
667,Anthea,Castille,acastilleii@microsoft.com
668,Alwin,Robertucci,arobertucciij@who.int
669,Shoshanna,Swiffen,sswiffenik@merriam-webster.com
670,Atlanta,Whitrod,awhitrodil@cloudflare.com
671,Artemus,Thomkins,athomkinsim@latimes.com
672,Ira,Bolderoe,ibolderoein@wisc.edu
673,Georgette,Crawford,gcrawfordio@hp.com
674,Nell,Eamer,neamerip@51.la
675,Georgia,Neilus,gneilusiq@timesonline.co.uk
676,Wally,Demcak,wdemcakir@ifeng.com
677,Adrien,Bratch,abratchis@blogs.com
678,Brannon,Edgson,bedgsonit@opera.com
679,Bastian,Windham,bwindhamiu@studiopress.com
680,Gordon,Eiler,geileriv@walmart.com
681,Matthieu,Olley,molleyiw@google.ru
682,Lothario,Dawtre,ldawtreix@army.mil
683,Gwenni,Dargavel,gdargaveliy@creativecommons.org
684,Tedmund,Simanenko,tsimanenkoiz@live.com
685,Tuesday,Andrusyak,tandrusyakj0@oaic.gov.au
686,Edita,Sidry,esidryj1@walmart.com
687,Isahella,Tant,itantj2@washingtonpost.com
688,Cosmo,Gordon,cgordonj3@edublogs.org
689,Caria,Walbrook,cwalbrookj4@blogtalkradio.com
690,Dal,Lee,dleej5@stumbleupon.com
691,Cairistiona,Llop,cllopj6@nymag.com
692,Florencia,Rapps,frappsj7@hao123.com
693,Amargo,Halsho,ahalshoj8@bbb.org
694,Bancroft,Ashfold,bashfoldj9@smh.com.au
695,Pate,Python,ppythonja@t.co
696,Alicea,Joel,ajoeljb@wikispaces.com
697,Simone,Durban,sdurbanjc@technorati.com
698,Winslow,Creffield,wcreffieldjd@pagesperso-orange.fr
699,Nancey,Belson,nbelsonje@webs.com
700,Etienne,Burrows,eburrowsjf@mysql.com
701,Halimeda,Pevie,hpeviejg@auda.org.au
702,Berton,Muris,bmurisjh@theguardian.com
703,Roch,Curwood,rcurwoodji@opensource.org
704,Jeramey,Lankester,jlankesterjj@shop-pro.jp
705,Hans,Isgar,hisgarjk@lulu.com
706,Tate,Benza,tbenzajl@1und1.de
707,Abner,Demicoli,ademicolijm@wisc.edu
708,Meredithe,Kollas,mkollasjn@goo.gl
709,Allistir,Cheltnam,acheltnamjo@npr.org
710,Teriann,Barbier,tbarbierjp@xrea.com
711,Nobie,Riste,nristejq@google.de
712,Helsa,Holdren,hholdrenjr@sourceforge.net
713,Doro,Tippett,dtippettjs@newsvine.com
714,Madeline,Sawer,msawerjt@google.nl
715,Eli,Nowell,enowellju@ebay.co.uk
716,Deloria,Haney`,dhaneyjv@feedburner.com
717,Delcine,Birdfield,dbirdfieldjw@forbes.com
718,Hattie,Greensmith,hgreensmithjx@princeton.edu
719,Silvester,Wainwright,swainwrightjy@marriott.com
720,Roselle,Hunnybun,rhunnybunjz@shinystat.com
721,Magdalen,Isitt,misittk0@adobe.com
722,Avigdor,Andrick,aandrickk1@i2i.jp
723,Lukas,Bushell,lbushellk2@w3.org
724,Connor,Ewebank,cewebankk3@wikimedia.org
725,Ignaz,Skirrow,iskirrowk4@auda.org.au
726,Jarrett,Treadgold,jtreadgoldk5@jiathis.com
727,Donia,Mulcahy,dmulcahyk6@imdb.com
728,Rollo,de Merida,rdemeridak7@ibm.com
729,Gallard,Dudenie,gdudeniek8@hhs.gov
730,Missie,Mintrim,mmintrimk9@tumblr.com
731,Konrad,Mulvagh,kmulvaghka@icio.us
732,Vivia,Stanger,vstangerkb@storify.com
733,Hugh,Bentson,hbentsonkc@unc.edu
734,Randy,Crichmere,rcrichmerekd@comcast.net
735,Charmaine,Dameisele,cdameiseleke@arizona.edu
736,Germaine,MacKeeg,gmackeegkf@moonfruit.com
737,Tawsha,Meekings,tmeekingskg@hud.gov
738,Aida,Schulkins,aschulkinskh@princeton.edu
739,Gertrud,Hammerberger,ghammerbergerki@tiny.cc
740,Bowie,Brownfield,bbrownfieldkj@furl.net
741,Fitzgerald,Gilardoni,fgilardonikk@wikia.com
742,Elvis,Leonards,eleonardskl@wikia.com
743,Pebrook,Handrick,phandrickkm@pinterest.com
744,Kean,Kerwick,kkerwickkn@guardian.co.uk
745,Lucilia,Worman,lwormanko@noaa.gov
746,Matthieu,Klisch,mklischkp@tiny.cc
747,Issy,Pendlebury,ipendleburykq@seattletimes.com
748,Gay,Krolak,gkrolakkr@macromedia.com
749,Isiahi,Abramin,iabraminks@free.fr
750,Agustin,Liveing,aliveingkt@amazon.de
751,Edsel,Cheves,echevesku@newsvine.com
752,Bennie,Illes,billeskv@miibeian.gov.cn
753,Fanya,Schooley,fschooleykw@people.com.cn
754,Haze,Pridie,hpridiekx@usda.gov
755,Agnes,Bare,abareky@nsw.gov.au
756,Che,Allport,callportkz@instagram.com
757,Mic,Chaffe,mchaffel0@infoseek.co.jp
758,Karlie,Bailey,kbaileyl1@bbb.org
759,Lamar,Klauber,lklauberl2@time.com
760,Darya,Fadden,dfaddenl3@google.com.hk
761,Orelle,Zannutti,ozannuttil4@so-net.ne.jp
762,Wildon,Shevlane,wshevlanel5@e-recht24.de
763,Lisabeth,Olenichev,lolenichevl6@examiner.com
764,Patten,Kirrage,pkirragel7@who.int
765,Katrinka,Keavy,kkeavyl8@goo.gl
766,Travus,Burhouse,tburhousel9@msu.edu
767,Bar,Scholefield,bscholefieldla@twitter.com
768,Shelba,De Gregario,sdegregariolb@psu.edu
769,Lizzy,Havesides,lhavesideslc@cpanel.net
770,Vale,Riatt,vriattld@i2i.jp
771,Isa,Cauldfield,icauldfieldle@howstuffworks.com
772,Cordy,Dunsmore,cdunsmorelf@bing.com
773,Romonda,Bridat,rbridatlg@hostgator.com
774,Donia,Boddam,dboddamlh@istockphoto.com
775,Marcellus,Grimestone,mgrimestoneli@nifty.com
776,Shaun,Normadell,snormadelllj@wired.com
777,Bartlet,Friberg,bfriberglk@msn.com
778,Allard,Wark,awarkll@behance.net
779,Quincey,Bence,qbencelm@china.com.cn
780,Karlis,Richford,krichfordln@icq.com
781,Maureene,Crocroft,mcrocroftlo@abc.net.au
782,Kettie,McCallister,kmccallisterlp@wired.com
783,Biddy,Mc Ilwrick,bmcilwricklq@imdb.com
784,Darsie,Dulake,ddulakelr@scientificamerican.com
785,Svend,Kinsley,skinsleyls@springer.com
786,Chancey,Luigi,cluigilt@myspace.com
787,Ebenezer,Gadd,egaddlu@multiply.com
788,Sherilyn,Crimes,scrimeslv@usnews.com
789,Rolando,Pikett,rpikettlw@seattletimes.com
790,Gypsy,Spittal,gspittallx@flavors.me
791,Leona,Darree,ldarreely@slate.com
792,Cissy,Lewsam,clewsamlz@amazon.com
793,Brew,Domonkos,bdomonkosm0@twitter.com
794,Fawne,Tatlowe,ftatlowem1@mozilla.org
795,Cahra,Emby,cembym2@constantcontact.com
796,Reece,Boother,rbootherm3@goo.gl
797,Andriette,Vaux,avauxm4@mlb.com
798,Zollie,Nucator,znucatorm5@sakura.ne.jp
799,Karoly,Kaaskooper,kkaaskooperm6@hp.com
800,Janeen,Kordovani,jkordovanim7@timesonline.co.uk
801,Price,Gerckens,pgerckensm8@seesaa.net
802,Hall,Mundell,hmundellm9@ovh.net
803,Granger,Sansam,gsansamma@youtube.com
804,Missy,Rosenblum,mrosenblummb@artisteer.com
805,Jewelle,Domniney,jdomnineymc@fotki.com
806,Lesya,Mellor,lmellormd@netlog.com
807,Chip,Briscoe,cbriscoeme@nationalgeographic.com
808,Merwyn,Toulmin,mtoulminmf@digg.com
809,Blair,Veitch,bveitchmg@gnu.org
810,Gert,Ghest,gghestmh@un.org
811,Laurie,McGooch,lmcgoochmi@amazon.com
812,Karim,Gossage,kgossagemj@ucla.edu
813,Oliviero,O'Canavan,oocanavanmk@marriott.com
814,Collette,Hurley,churleyml@marketwatch.com
815,Angela,Geroldo,ageroldomm@epa.gov
816,Kanya,Brecon,kbreconmn@lulu.com
817,Sebastiano,Mathissen,smathissenmo@tinyurl.com
818,Mischa,Ommundsen,mommundsenmp@slideshare.net
819,Luci,Vaen,lvaenmq@nsw.gov.au
820,Doralin,Calendar,dcalendarmr@skype.com
821,Leeann,Bretland,lbretlandms@unicef.org
822,Patrick,Szymanowicz,pszymanowiczmt@github.io
823,Ashley,Roelofsen,aroelofsenmu@unc.edu
824,Abbe,Cornelis,acornelismv@vk.com
825,Bronny,Mathes,bmathesmw@g.co
826,Ninnette,Hague,nhaguemx@washington.edu
827,Solomon,Tytterton,styttertonmy@redcross.org
828,Bev,Grahame,bgrahamemz@google.co.uk
829,Morry,Edeler,medelern0@unblog.fr
830,Brandtr,Najara,bnajaran1@slideshare.net
831,Devinne,Spens,dspensn2@tiny.cc
832,Goldi,Fadden,gfaddenn3@about.com
833,Truman,Tallquist,ttallquistn4@123-reg.co.uk
834,Clyve,Anderson,candersonn5@tinypic.com
835,Tammy,Crisford,tcrisfordn6@wikimedia.org
836,Rockwell,Beggin,rbegginn7@foxnews.com
837,Kinsley,Sculpher,ksculphern8@comcast.net
838,Butch,Streather,bstreathern9@boston.com
839,Reynard,Tedstone,rtedstonena@bloglines.com
840,Grissel,Bover,gbovernb@gravatar.com
841,Maren,Philliphs,mphilliphsnc@miibeian.gov.cn
842,Casandra,Rennox,crennoxnd@example.com
843,Hermie,Alderson,haldersonne@mysql.com
844,Frasquito,Trimnell,ftrimnellnf@biglobe.ne.jp
845,Jamaal,Demangeot,jdemangeotng@smh.com.au
846,Lorita,Bradfield,lbradfieldnh@theatlantic.com
847,Maritsa,Dallander,mdallanderni@cloudflare.com
848,Elmore,Levett,elevettnj@yellowbook.com
849,Costanza,Radmore,cradmorenk@mail.ru
850,Claretta,Lukehurst,clukehurstnl@blinklist.com
851,Ashli,Clemo,aclemonm@icio.us
852,Arvy,Najara,anajarann@chron.com
853,Sarene,Butterick,sbutterickno@cloudflare.com
854,Eadie,Labrom,elabromnp@woothemes.com
855,Salome,Raymond,sraymondnq@google.com.br
856,Cordula,Treagust,ctreagustnr@i2i.jp
857,Sansone,De Courtney,sdecourtneyns@cyberchimps.com
858,Claybourne,Christal,cchristalnt@mediafire.com
859,Edlin,Judson,ejudsonnu@mit.edu
860,Brigit,Lochet,blochetnv@webnode.com
861,Dorie,Wink,dwinknw@xrea.com
862,Alexandre,Pelchat,apelchatnx@economist.com
863,Amandi,Brannan,abrannanny@exblog.jp
864,Ignacio,Hecks,ihecksnz@google.cn
865,Siusan,Hixson,shixsono0@ehow.com
866,Heinrick,Bruinemann,hbruinemanno1@nih.gov
867,Rey,Defty,rdeftyo2@deliciousdays.com
868,Briney,Laverty,blavertyo3@plala.or.jp
869,Mart,Luxford,mluxfordo4@weather.com
870,Gabie,McGurk,gmcgurko5@google.co.jp
871,Thomasina,Covil,tcovilo6@wufoo.com
872,Kathy,Leglise,klegliseo7@ocn.ne.jp
873,Elias,Caslane,ecaslaneo8@wordpress.org
874,Sterne,Freen,sfreeno9@vk.com
875,Suzy,Synder,ssynderoa@walmart.com
876,Obediah,Crean,ocreanob@ocn.ne.jp
877,Jeannette,Glazzard,jglazzardoc@mtv.com
878,Gottfried,Dosedale,gdosedaleod@dailymotion.com
879,Farrah,Honnan,fhonnanoe@addtoany.com
880,Francine,O'Roan,foroanof@oakley.com
881,Saundra,Todd,stoddog@netvibes.com
882,Murdock,Ferrarello,mferrarellooh@fotki.com
883,Kariotta,Malafe,kmalafeoi@gizmodo.com
884,Ivy,Brandi,ibrandioj@digg.com
885,Heinrik,Vreede,hvreedeok@jiathis.com
886,Leodora,Goodlad,lgoodladol@indiegogo.com
887,Shelagh,Grigorescu,sgrigorescuom@miibeian.gov.cn
888,Micheal,O'Keeffe,mokeeffeon@un.org
889,Biddie,Pichan,bpichanoo@dropbox.com
890,Merralee,Abbey,mabbeyop@weather.com
891,Theda,Auten,tautenoq@drupal.org
892,Gill,Rymell,grymellor@cnbc.com
893,Renae,Halliwell,rhalliwellos@liveinternet.ru
894,Elia,Loblie,eloblieot@amazonaws.com
895,Skippie,Tallquist,stallquistou@newyorker.com
896,Franz,Oertzen,foertzenov@google.ca
897,Fonsie,Fillimore,ffillimoreow@mapquest.com
898,Demetri,Caughte,dcaughteox@sohu.com
899,Katherine,Cowins,kcowinsoy@hatena.ne.jp
900,Xenia,Steagall,xsteagalloz@qq.com
901,Zane,Goodison,zgoodisonp0@ucoz.com
902,Tyrus,Arrowsmith,tarrowsmithp1@dailymail.co.uk
903,Sherri,Vassall,svassallp2@ed.gov
904,Bobbye,Durrett,bdurrettp3@cnet.com
905,Blake,Habens,bhabensp4@mediafire.com
906,Sigvard,Plaskett,splaskettp5@csmonitor.com
907,Andy,Formby,aformbyp6@altervista.org
908,Bax,Costy,bcostyp7@answers.com
909,Harlin,Billison,hbillisonp8@t.co
910,Mame,Paule,mpaulep9@sciencedaily.com
911,Tye,Gainforth,tgainforthpa@skype.com
912,Allan,Benda,abendapb@answers.com
913,Delmor,Stanlike,dstanlikepc@theguardian.com
914,Luigi,Vairow,lvairowpd@marriott.com
915,Yves,Crang,ycrangpe@nih.gov
916,Siffre,Martinello,smartinellopf@purevolume.com
917,Billye,O'Hanlon,bohanlonpg@hp.com
918,Galvan,Carwithan,gcarwithanph@chron.com
919,Vite,Smorthwaite,vsmorthwaitepi@fema.gov
920,Erich,Balmforth,ebalmforthpj@slashdot.org
921,Penrod,Binestead,pbinesteadpk@cbsnews.com
922,Roger,Littlecote,rlittlecotepl@senate.gov
923,Deane,Bodimeade,dbodimeadepm@sphinn.com
924,Claudia,Lindermann,clindermannpn@loc.gov
925,Hillard,Thirlwell,hthirlwellpo@nydailynews.com
926,Lynett,Blowfield,lblowfieldpp@mapquest.com
927,Sarita,Tommen,stommenpq@a8.net
928,Kristine,Husher,khusherpr@posterous.com
929,Gerta,Elijah,gelijahps@jimdo.com
930,Adele,Bernardo,abernardopt@techcrunch.com
931,Florian,Colleton,fcolletonpu@flavors.me
932,Kristine,Pietzke,kpietzkepv@bizjournals.com
933,Donnie,Duckitt,dduckittpw@illinois.edu
934,Ambrosius,Tarbet,atarbetpx@nasa.gov
935,Pavlov,Arnal,parnalpy@nydailynews.com
936,Marv,Lebrun,mlebrunpz@guardian.co.uk
937,Laughton,Ramel,lramelq0@merriam-webster.com
938,Daune,Burn,dburnq1@bing.com
939,Jerrylee,Hawkeridge,jhawkeridgeq2@amazon.co.uk
940,Guillema,Ocklin,gocklinq3@i2i.jp
941,Fonzie,Newlands,fnewlandsq4@squidoo.com
942,Harrie,Speerman,hspeermanq5@cloudflare.com
943,Wyn,Herreros,wherrerosq6@redcross.org
944,Bonnee,Chat,bchatq7@salon.com
945,Swen,Leyre,sleyreq8@oaic.gov.au
946,Clem,Whilde,cwhildeq9@tmall.com
947,Clayton,MacCaffrey,cmaccaffreyqa@amazon.com
948,Benita,Laux,blauxqb@blogger.com
949,Jase,Morling,jmorlingqc@dot.gov
950,Freddi,Bestman,fbestmanqd@time.com
951,Tessy,Worledge,tworledgeqe@aol.com
952,Harli,Honatsch,hhonatschqf@topsy.com
953,Raynor,Hannigane,rhanniganeqg@devhub.com
954,Dirk,Kliemchen,dkliemchenqh@dagondesign.com
955,Benyamin,Coltan,bcoltanqi@list-manage.com
956,Tabb,Klamman,tklammanqj@wiley.com
957,Darius,McCourt,dmccourtqk@prnewswire.com
958,Kaitlynn,Waterson,kwatersonql@ezinearticles.com
959,Alisander,Eronie,aeronieqm@cdbaby.com
960,Devin,Rickhuss,drickhussqn@wikia.com
961,Hildagard,Keyho,hkeyhoqo@furl.net
962,Caro,Cockell,ccockellqp@msn.com
963,Marijn,Blaw,mblawqq@prweb.com
964,Damon,Hortop,dhortopqr@ibm.com
965,Carlie,Marris,cmarrisqs@people.com.cn
966,Tyler,Argrave,targraveqt@ezinearticles.com
967,Nerti,Jeroch,njerochqu@vistaprint.com
968,Matthieu,Ceschelli,mceschelliqv@nytimes.com
969,Lenette,Marmion,lmarmionqw@aboutads.info
970,Yank,Winchurch,ywinchurchqx@ox.ac.uk
971,Pru,Kettlestringes,pkettlestringesqy@nymag.com
972,Lyle,Sedgman,lsedgmanqz@state.gov
973,Culver,Le Merchant,clemerchantr0@yelp.com
974,Myles,Greenhead,mgreenheadr1@berkeley.edu
975,Emili,Riddler,eriddlerr2@is.gd
976,Ange,Stadding,astaddingr3@macromedia.com
977,Corbie,Baldrey,cbaldreyr4@xing.com
978,Arlinda,Curreen,acurreenr5@last.fm
979,Corena,Spence,cspencer6@zdnet.com
980,Sunshine,Koch,skochr7@unc.edu
981,Maury,Farbrace,mfarbracer8@jigsy.com
982,Andree,Witcomb,awitcombr9@china.com.cn
983,Denys,Zmitrovich,dzmitrovichra@ftc.gov
984,Ruby,Snoxall,rsnoxallrb@narod.ru
985,Juanita,Starte,jstarterc@ehow.com
986,Cassi,Castangia,ccastangiard@i2i.jp
987,Sascha,Crunkhurn,scrunkhurnre@barnesandnoble.com
988,Rodney,Bee,rbeerf@jiathis.com
989,Roth,Lyall,rlyallrg@paypal.com
990,Englebert,Craigg,ecraiggrh@dyndns.org
991,Lira,Nutt,lnuttri@cmu.edu
992,Wayland,Kyd,wkydrj@miitbeian.gov.cn
993,Cindy,Summerscales,csummerscalesrk@vistaprint.com
994,Janina,Borthwick,jborthwickrl@bbb.org
995,Nicoline,Dockery,ndockeryrm@mac.com
996,Dall,Anyon,danyonrn@xinhuanet.com
997,Angie,Dudny,adudnyro@webs.com
998,Fayette,Daile,fdailerp@cocolog-nifty.com
999,Lowell,Harridge,lharridgerq@typepad.com
1000,Della,Marmion,dmarmionrr@nih.gov
