id,first_name,last_name,email
1,Henry,Danford,hdanford0@cloudflare.com
2,Johnny,Carding,jcarding1@google.com.au
3,Yves,Krollman,ykrollman2@webs.com
4,Welch,Matousek,wmatousek3@nydailynews.com
5,Adelaide,Pallasch,apallasch4@deviantart.com
6,Ronna,Postlethwaite,rpostlethwaite5@nhs.uk
7,Purcell,Szapiro,pszapiro6@google.com.br
8,Elysha,De Souza,edesouza7@wikispaces.com
9,Gill,Ching,gching8@tamu.edu
10,Darin,Muehler,dmuehler9@sakura.ne.jp
11,Rinaldo,Seviour,rsevioura@ezinearticles.com
12,Nedda,Vaughton,nvaughtonb@netlog.com
13,Rube,Randles,rrandlesc@washingtonpost.com
14,Lindy,Cottie,lcottied@seesaa.net
15,Winna,Lowndsborough,wlowndsboroughe@freewebs.com
16,Allyn,Magee,amageef@soup.io
17,Starla,Crayke,scraykeg@woothemes.com
18,Magnum,Vawton,mvawtonh@boston.com
19,Glenna,Pumphreys,gpumphreysi@nasa.gov
20,Berkeley,Losbie,blosbiej@businessinsider.com
21,Meredithe,Gaudon,mgaudonk@who.int
22,Hermie,Ksandra,hksandral@weebly.com
23,Yuma,Lanceley,ylanceleym@deviantart.com
24,Bernardo,Ramsier,bramsiern@sina.com.cn
25,Gram,Brennans,gbrennanso@squarespace.com
26,Nicoli,Heinreich,nheinreichp@simplemachines.org
27,Selma,Desquesnes,sdesquesnesq@yahoo.co.jp
28,Kimmy,Deighan,kdeighanr@tinyurl.com
29,Ambrosi,Llewelyn,allewelyns@purevolume.com
30,Ealasaid,Kohneke,ekohneket@mac.com
31,Deena,Swainson,dswainsonu@alibaba.com
32,Brittni,Plaid,bplaidv@psu.edu
33,Corry,Horsell,chorsellw@nifty.com
34,Derrek,Spenton,dspentonx@furl.net
35,Ed,Colrein,ecolreiny@unicef.org
36,Desiree,Marnane,dmarnanez@t-online.de
37,Janine,Hallwood,jhallwood10@cocolog-nifty.com
38,Thorndike,Bott,tbott11@bloomberg.com
39,Bondie,Gimeno,bgimeno12@goo.gl
40,Berne,Dabourne,bdabourne13@de.vu
41,Muire,Ithell,mithell14@simplemachines.org
42,Shaun,Mossman,smossman15@technorati.com
43,Dunn,Jouaneton,djouaneton16@microsoft.com
44,Theressa,Langhor,tlanghor17@wunderground.com
45,Amandi,Videneev,avideneev18@quantcast.com
46,Joseito,Gumey,jgumey19@tripadvisor.com
47,Hilary,Skacel,hskacel1a@drupal.org
48,Buckie,Padfield,bpadfield1b@t-online.de
49,Dana,Durrance,ddurrance1c@microsoft.com
50,Perrine,Elfe,pelfe1d@stanford.edu
51,Gwenora,Djordjevic,gdjordjevic1e@about.me
52,Gisele,Chate,gchate1f@diigo.com
53,Elie,Lobbe,elobbe1g@wiley.com
54,Nathaniel,Phaup,nphaup1h@pcworld.com
55,Merla,Withey,mwithey1i@bravesites.com
56,Merilee,Bowmen,mbowmen1j@ycombinator.com
57,Fairfax,Rainsbury,frainsbury1k@hc360.com
58,Kevina,Budd,kbudd1l@netlog.com
59,Mil,Malkinson,mmalkinson1m@mapquest.com
60,Roarke,Beloe,rbeloe1n@forbes.com
61,Lindsey,Croisdall,lcroisdall1o@home.pl
62,Bartolomeo,MacIver,bmaciver1p@businessinsider.com
63,Ingra,Compton,icompton1q@sun.com
64,Ladonna,McKeveney,lmckeveney1r@seesaa.net
65,Rodrique,Glastonbury,rglastonbury1s@umn.edu
66,Lindie,Sans,lsans1t@usnews.com
67,Yolande,Brabham,ybrabham1u@blinklist.com
68,Christoper,Witheford,cwitheford1v@last.fm
69,Fernanda,Rawlence,frawlence1w@paypal.com
70,Haleigh,Patroni,hpatroni1x@addthis.com
71,Eric,Eason,eeason1y@miibeian.gov.cn
72,Lucius,MacClure,lmacclure1z@chron.com
73,Travus,Storie,tstorie20@pbs.org
74,Harvey,Longcake,hlongcake21@yale.edu
75,Siana,Clere,sclere22@quantcast.com
76,Fanchette,Despenser,fdespenser23@army.mil
77,Ware,Penhale,wpenhale24@arstechnica.com
78,Bernardina,Whitmell,bwhitmell25@vinaora.com
79,Freddie,Hidderley,fhidderley26@4shared.com
80,Yank,Cutmere,ycutmere27@fastcompany.com
81,Jessey,Gwillim,jgwillim28@ox.ac.uk
82,Antonietta,Radage,aradage29@webnode.com
83,Lenora,Gomersall,lgomersall2a@rakuten.co.jp
84,Jessalin,Cadell,jcadell2b@google.co.jp
85,Antonius,Ferfulle,aferfulle2c@globo.com
86,Juliette,Reyna,jreyna2d@nasa.gov
87,Tory,Pettiward,tpettiward2e@sun.com
88,Merrielle,Warsop,mwarsop2f@acquirethisname.com
89,Ulrika,Swan,uswan2g@goo.ne.jp
90,Barthel,Jarrett,bjarrett2h@biglobe.ne.jp
91,Pearle,Kersley,pkersley2i@forbes.com
92,Micky,Lumsdale,mlumsdale2j@chron.com
93,Chucho,Martyntsev,cmartyntsev2k@nationalgeographic.com
94,Moises,Harsnipe,mharsnipe2l@fda.gov
95,Devora,McQuillin,dmcquillin2m@google.nl
96,Antons,Denington,adenington2n@usgs.gov
97,Moe,Chicchetto,mchicchetto2o@mashable.com
98,Charley,Baldassi,cbaldassi2p@ted.com
99,Bryon,Mc Menamin,bmcmenamin2q@canalblog.com
100,Barton,Voase,bvoase2r@ed.gov
101,Vonni,Landreth,vlandreth2s@vkontakte.ru
102,Valery,Ruddiman,vruddiman2t@cocolog-nifty.com
103,Holmes,Worrall,hworrall2u@techcrunch.com
104,Brenda,Walas,bwalas2v@cargocollective.com
105,Laurens,Barribal,lbarribal2w@yahoo.com
106,Seana,Godsmark,sgodsmark2x@chicagotribune.com
107,Lexi,Bidder,lbidder2y@geocities.com
108,Robinson,Gelletly,rgelletly2z@wufoo.com
109,Rolando,Boyall,rboyall30@360.cn
110,Beverly,Alejandri,balejandri31@drupal.org
111,Holly-anne,Hempshall,hhempshall32@google.de
112,Carla,Eddins,ceddins33@businessweek.com
113,Kinsley,Newband,knewband34@amazon.co.jp
114,Teriann,La Wille,tlawille35@pinterest.com
115,Ev,Atter,eatter36@toplist.cz
116,Tasia,Huegett,thuegett37@cafepress.com
117,Maure,MacMillan,mmacmillan38@cmu.edu
118,Albina,Cornford,acornford39@unesco.org
119,Nicko,Secombe,nsecombe3a@businesswire.com
120,Chester,Diem,cdiem3b@hibu.com
121,Aprilette,Anshell,aanshell3c@mashable.com
122,Sigismund,Tumber,stumber3d@deviantart.com
123,Paloma,Harradence,pharradence3e@wisc.edu
124,Inglis,Abbis,iabbis3f@goo.ne.jp
125,Sharlene,Battson,sbattson3g@jigsy.com
126,Alix,Boucher,aboucher3h@mozilla.org
127,Keir,Scrivin,kscrivin3i@hexun.com
128,Maryellen,Whitworth,mwhitworth3j@51.la
129,Roseann,Cullen,rcullen3k@umn.edu
130,Jojo,Piscopello,jpiscopello3l@imdb.com
131,Duffie,Freestone,dfreestone3m@independent.co.uk
132,Serene,Pemble,spemble3n@sogou.com
133,Kincaid,Willshear,kwillshear3o@shutterfly.com
134,Joell,Nathan,jnathan3p@domainmarket.com
135,Clive,Emptage,cemptage3q@google.fr
136,Elnore,Parke,eparke3r@businesswire.com
137,Forest,Swindin,fswindin3s@unc.edu
138,Maria,L'oiseau,mloiseau3t@histats.com
139,Boonie,Houlridge,bhoulridge3u@mozilla.com
140,Harvey,Cypler,hcypler3v@instagram.com
141,Marrissa,Kilmary,mkilmary3w@seattletimes.com
142,Jenica,Petrolli,jpetrolli3x@purevolume.com
143,Neville,O'Dooghaine,nodooghaine3y@dailymail.co.uk
144,Breena,Kindleysides,bkindleysides3z@mediafire.com
145,Renato,Cupper,rcupper40@people.com.cn
146,Justis,Ganny,jganny41@cam.ac.uk
147,Jedediah,Ferriby,jferriby42@nyu.edu
148,Carleton,McLagain,cmclagain43@msn.com
149,Alvera,Lunk,alunk44@google.fr
150,Luella,Crossgrove,lcrossgrove45@globo.com
151,Wilhelm,Tuxell,wtuxell46@ow.ly
152,Ulrike,Tyndall,utyndall47@latimes.com
153,Archie,Cordon,acordon48@epa.gov
154,Valera,Austins,vaustins49@ted.com
155,Charlton,Foord,cfoord4a@answers.com
156,Jeno,Tuting,jtuting4b@bbc.co.uk
157,Frederigo,Deniskevich,fdeniskevich4c@gov.uk
158,Tove,Hugues,thugues4d@infoseek.co.jp
159,Kalinda,Boxhall,kboxhall4e@hc360.com
160,Maury,Hagerty,mhagerty4f@imgur.com
161,Connor,Galtone,cgaltone4g@cbc.ca
162,Carlina,Scouse,cscouse4h@samsung.com
163,Abbi,Siviter,asiviter4i@pbs.org
164,Antonio,Gosby,agosby4j@mit.edu
165,Darla,Allflatt,dallflatt4k@nba.com
166,Vanna,Jedraszek,vjedraszek4l@alexa.com
167,Decca,Hurnell,dhurnell4m@mediafire.com
168,Carie,Zarb,czarb4n@blogtalkradio.com
169,Sosanna,De Witt,sdewitt4o@cnet.com
170,Christopher,Matussow,cmatussow4p@nyu.edu
171,Julie,Spiaggia,jspiaggia4q@technorati.com
172,Gerhard,VanBrugh,gvanbrugh4r@ustream.tv
173,Lizbeth,Longina,llongina4s@prnewswire.com
174,Edithe,Webster,ewebster4t@google.fr
175,Fabe,Havock,fhavock4u@xing.com
176,Packston,Wallsworth,pwallsworth4v@icio.us
177,Dell,Pine,dpine4w@mit.edu
178,Carlita,Joddens,cjoddens4x@bloomberg.com
179,Therine,Skeats,tskeats4y@timesonline.co.uk
180,Maude,Halmkin,mhalmkin4z@wired.com
181,Bentley,Jope,bjope50@livejournal.com
182,Caterina,Harflete,charflete51@gov.uk
183,Amalea,Seeking,aseeking52@arizona.edu
184,Siana,Habbema,shabbema53@ebay.com
185,Colene,Portress,cportress54@fema.gov
186,Windham,Eagan,weagan55@patch.com
187,Abbott,Averall,aaverall56@java.com
188,Sherwin,Reimer,sreimer57@miibeian.gov.cn
189,Alica,Matthiae,amatthiae58@imgur.com
190,Corey,Boatswain,cboatswain59@feedburner.com
191,Anya,Figliovanni,afigliovanni5a@archive.org
192,Gertruda,Capenor,gcapenor5b@51.la
193,Laurette,Drinkale,ldrinkale5c@indiegogo.com
194,Rafaelita,Shailer,rshailer5d@fema.gov
195,Kliment,MacAindreis,kmacaindreis5e@51.la
196,Kessiah,Dillamore,kdillamore5f@salon.com
197,Austin,Warbrick,awarbrick5g@cdbaby.com
198,Padraig,Mitkov,pmitkov5h@google.nl
199,Devin,Maffione,dmaffione5i@nsw.gov.au
200,Aloisia,Weatherell,aweatherell5j@nbcnews.com
201,Myrtice,Woodsford,mwoodsford5k@1688.com
202,Dulcy,Murdie,dmurdie5l@mail.ru
203,Staford,Oneile,soneile5m@vistaprint.com
204,Reese,Isenor,risenor5n@whitehouse.gov
205,Stepha,Grason,sgrason5o@netvibes.com
206,Ralf,Wordley,rwordley5p@ted.com
207,Mitchell,Woonton,mwoonton5q@4shared.com
208,Mari,Marklow,mmarklow5r@chronoengine.com
209,Joyan,Gaisford,jgaisford5s@eepurl.com
210,Cosette,Rimmer,crimmer5t@state.gov
211,Mortimer,Yitzowitz,myitzowitz5u@shareasale.com
212,Herta,O'Dunniom,hodunniom5v@oakley.com
213,Griffy,Tieraney,gtieraney5w@bigcartel.com
214,Moll,Germann,mgermann5x@indiegogo.com
215,Olin,Shaxby,oshaxby5y@ebay.co.uk
216,Roz,Repp,rrepp5z@wufoo.com
217,Kendal,Burbridge,kburbridge60@goo.gl
218,Ase,Diggin,adiggin61@jiathis.com
219,Ida,Raoult,iraoult62@google.co.jp
220,Jedidiah,Towns,jtowns63@statcounter.com
221,Abie,Seydlitz,aseydlitz64@cornell.edu
222,Verina,Winwright,vwinwright65@quantcast.com
223,Arluene,MacNamee,amacnamee66@360.cn
224,Bat,Lismer,blismer67@ox.ac.uk
225,Evaleen,Beringer,eberinger68@blogger.com
226,Eadmund,Legon,elegon69@paginegialle.it
227,Ashlie,Bodesson,abodesson6a@soundcloud.com
228,Adelina,Rooney,arooney6b@telegraph.co.uk
229,Orbadiah,Antoniewicz,oantoniewicz6c@squarespace.com
230,Barn,Parmenter,bparmenter6d@diigo.com
231,Malia,Trass,mtrass6e@google.co.jp
232,Dallas,Frangleton,dfrangleton6f@ted.com
233,Valerie,Franzelini,vfranzelini6g@gnu.org
234,Linc,Larenson,llarenson6h@state.tx.us
235,Gardie,Fenning,gfenning6i@indiegogo.com
236,Burke,Kalker,bkalker6j@netvibes.com
237,Aurel,Gerhardt,agerhardt6k@mediafire.com
238,Sven,Regan,sregan6l@arizona.edu
239,Marney,Loftus,mloftus6m@php.net
240,Dominique,Clibbery,dclibbery6n@tuttocitta.it
241,Dode,Yeoman,dyeoman6o@purevolume.com
242,Averil,Stanyan,astanyan6p@pagesperso-orange.fr
243,Roarke,Reucastle,rreucastle6q@tumblr.com
244,Celeste,De Bernardis,cdebernardis6r@icq.com
245,Becki,Berk,bberk6s@mlb.com
246,Faina,Aucoate,faucoate6t@trellian.com
247,Cathe,Revill,crevill6u@gov.uk
248,Maiga,Hassard,mhassard6v@gov.uk
249,Donnajean,Meric,dmeric6w@google.co.uk
250,Lilly,Iseton,liseton6x@omniture.com
251,Bobine,Astell,bastell6y@cnet.com
252,Diahann,Edwardes,dedwardes6z@ehow.com
253,Ennis,Moncreiffe,emoncreiffe70@walmart.com
254,Leanna,Britzius,lbritzius71@geocities.com
255,Flynn,Letterese,fletterese72@mediafire.com
256,Maurita,Ebunoluwa,mebunoluwa73@odnoklassniki.ru
257,Bonnibelle,Keasy,bkeasy74@cocolog-nifty.com
258,Jud,Fenix,jfenix75@intel.com
259,Bourke,Rodenburg,brodenburg76@bloglovin.com
260,Dianne,Drewes,ddrewes77@acquirethisname.com
261,Norman,Staniforth,nstaniforth78@freewebs.com
262,Kalina,Guite,kguite79@house.gov
263,Avivah,Worssam,aworssam7a@biblegateway.com
264,Veradis,McGeever,vmcgeever7b@redcross.org
265,Ginger,Madison,gmadison7c@google.es
266,Tanney,Londesborough,tlondesborough7d@soup.io
267,Laurette,Fumagall,lfumagall7e@cnbc.com
268,Flinn,McKee,fmckee7f@1und1.de
269,Lawton,Loughrey,lloughrey7g@state.gov
270,Angil,Eberz,aeberz7h@freewebs.com
271,Giuseppe,Blance,gblance7i@wisc.edu
272,Nancie,Fullard,nfullard7j@angelfire.com
273,Templeton,Swynfen,tswynfen7k@dailymail.co.uk
274,Kane,Sanches,ksanches7l@imageshack.us
275,Nolly,Walley,nwalley7m@aol.com
276,Elyn,Rylands,erylands7n@illinois.edu
277,Kattie,Milksop,kmilksop7o@ca.gov
278,Sydney,Killiner,skilliner7p@prnewswire.com
279,Reilly,Bonsul,rbonsul7q@mail.ru
280,Shandee,Morten,smorten7r@sciencedaily.com
281,Clarke,Gunstone,cgunstone7s@ucoz.com
282,Welbie,Bragger,wbragger7t@wp.com
283,Sky,Grigorian,sgrigorian7u@51.la
284,Claudie,Malster,cmalster7v@dyndns.org
285,Alisun,Mityashev,amityashev7w@sina.com.cn
286,Justina,Pixton,jpixton7x@hostgator.com
287,Jeno,Huband,jhuband7y@dropbox.com
288,Annelise,Vignal,avignal7z@wikimedia.org
289,Matias,Beentjes,mbeentjes80@biglobe.ne.jp
290,Allan,Hext,ahext81@pinterest.com
291,Gweneth,Wherrett,gwherrett82@wp.com
292,Cherish,Brosio,cbrosio83@hc360.com
293,Hervey,Rushforth,hrushforth84@cam.ac.uk
294,Crin,Goldson,cgoldson85@pbs.org
295,Nanete,Bog,nbog86@usa.gov
296,Estrella,Farres,efarres87@japanpost.jp
297,Quinton,Litzmann,qlitzmann88@nyu.edu
298,Natty,O'Murtagh,nomurtagh89@networksolutions.com
299,Donica,Jovey,djovey8a@fotki.com
300,Jameson,Gaukrodge,jgaukrodge8b@gnu.org
301,Zena,Moughtin,zmoughtin8c@gov.uk
302,Ileane,Argyle,iargyle8d@tmall.com
303,Rutter,Moreno,rmoreno8e@jalbum.net
304,Clemens,Somner,csomner8f@wisc.edu
305,Gian,Gittins,ggittins8g@ycombinator.com
306,Lavinie,Scogings,lscogings8h@hatena.ne.jp
307,Moise,Annwyl,mannwyl8i@hp.com
308,Zachary,Test,ztest8j@clickbank.net
309,Marthena,Attenborough,mattenborough8k@ed.gov
310,Jeannie,Walder,jwalder8l@illinois.edu
311,Lucretia,Commings,lcommings8m@mashable.com
312,Layton,Cockram,lcockram8n@cnbc.com
313,Karl,Campsall,kcampsall8o@yale.edu
314,Lissy,Kindell,lkindell8p@cnbc.com
315,Elane,Pagett,epagett8q@intel.com
316,Annamarie,Dyble,adyble8r@hao123.com
317,Leoline,Brittle,lbrittle8s@pcworld.com
318,Sherlocke,Braund,sbraund8t@yahoo.com
319,Vivi,Piatto,vpiatto8u@chronoengine.com
320,Steven,Boulden,sboulden8v@webnode.com
321,Reube,Glanfield,rglanfield8w@slate.com
322,Brook,Wandrack,bwandrack8x@pen.io
323,Bernadina,Barratt,bbarratt8y@nyu.edu
324,Gerik,Everist,geverist8z@dell.com
325,Brooks,Collison,bcollison90@istockphoto.com
326,Selie,Oxenden,soxenden91@earthlink.net
327,Adelbert,Duplock,aduplock92@goo.ne.jp
328,Jenilee,Minocchi,jminocchi93@cpanel.net
329,Lauryn,Edgell,ledgell94@yelp.com
330,Shamus,Conford,sconford95@twitter.com
331,Kaela,Richarz,kricharz96@etsy.com
332,Arlene,Longshaw,alongshaw97@ucsd.edu
333,Stanly,Bowshire,sbowshire98@surveymonkey.com
334,Kristin,Diggle,kdiggle99@cnet.com
335,Goldy,Connors,gconnors9a@shutterfly.com
336,Cora,Paolino,cpaolino9b@chicagotribune.com
337,Opal,Esilmon,oesilmon9c@a8.net
338,Rey,Torrie,rtorrie9d@csmonitor.com
339,Bryon,Sambrok,bsambrok9e@jigsy.com
340,Lilli,Triggle,ltriggle9f@buzzfeed.com
341,Janeva,Inglesfield,jinglesfield9g@chicagotribune.com
342,Lauryn,Alkin,lalkin9h@constantcontact.com
343,Lazarus,Rundle,lrundle9i@mit.edu
344,Solomon,Stienham,sstienham9j@mtv.com
345,Pyotr,Moar,pmoar9k@ucsd.edu
346,Wake,Sibbs,wsibbs9l@prweb.com
347,Julee,Joint,jjoint9m@nifty.com
348,Francyne,Isaksson,fisaksson9n@ustream.tv
349,Kristopher,Comber,kcomber9o@github.com
350,Erma,Guilder,eguilder9p@phpbb.com
351,Trula,Ludovico,tludovico9q@google.com.br
352,Christin,Dory,cdory9r@w3.org
353,Dyan,Felder,dfelder9s@jiathis.com
354,Bord,Ivanilov,bivanilov9t@digg.com
355,Wileen,Baythorp,wbaythorp9u@npr.org
356,Oona,Anstee,oanstee9v@nationalgeographic.com
357,Elle,Meletti,emeletti9w@sphinn.com
358,Kaycee,Dreossi,kdreossi9x@wikipedia.org
359,Dewie,Flinders,dflinders9y@fastcompany.com
360,Penrod,Woodyear,pwoodyear9z@livejournal.com
361,Corrie,Bushnell,cbushnella0@vk.com
362,Maryanna,Goodoune,mgoodounea1@wufoo.com
363,Ashlan,Djekic,adjekica2@edublogs.org
364,Vito,Brissenden,vbrissendena3@shutterfly.com
365,Tracy,Cuniffe,tcuniffea4@drupal.org
366,Malia,Torregiani,mtorregiania5@bing.com
367,Dene,Mably,dmablya6@house.gov
368,Glynn,Stopforth,gstopfortha7@ucsd.edu
369,Link,Spoor,lspoora8@shareasale.com
370,Lil,Ansett,lansetta9@wordpress.org
371,Corny,Leefe,cleefeaa@dell.com
372,Brianna,Corday,bcordayab@cbsnews.com
373,Patric,Harmston,pharmstonac@squidoo.com
374,Danyette,Heakey,dheakeyad@trellian.com
375,Tandie,Hunn,thunnae@altervista.org
376,Giulia,Penwright,gpenwrightaf@house.gov
377,Adiana,Malt,amaltag@ustream.tv
378,Ransell,Gerriessen,rgerriessenah@unc.edu
379,Bob,Di Biasi,bdibiasiai@de.vu
380,Editha,Loade,eloadeaj@blogtalkradio.com
381,Griz,Fazan,gfazanak@dion.ne.jp
382,Kelsy,Brinson,kbrinsonal@xrea.com
383,Mikel,Matczak,mmatczakam@guardian.co.uk
384,Julie,Hamlyn,jhamlynan@state.tx.us
385,Annamarie,Jakubovitch,ajakubovitchao@elegantthemes.com
386,Marje,Bibb,mbibbap@google.co.uk
387,Thorn,Akred,takredaq@theglobeandmail.com
388,Christean,Wise,cwisear@jimdo.com
389,Liana,Blackborough,lblackboroughas@examiner.com
390,Lynett,Willcocks,lwillcocksat@moonfruit.com
391,Forest,Ransome,fransomeau@bloomberg.com
392,Jay,Underwood,junderwoodav@shutterfly.com
393,Felicity,Gopsall,fgopsallaw@cpanel.net
394,Averyl,Franciskiewicz,afranciskiewiczax@t.co
395,Margaret,Dell Casa,mdellcasaay@simplemachines.org
396,Atlante,Brownscombe,abrownscombeaz@ibm.com
397,Alix,Sarl,asarlb0@independent.co.uk
398,Craggy,Cowtherd,ccowtherdb1@studiopress.com
399,Pernell,Ida,pidab2@hao123.com
400,Nanon,Argue,nargueb3@ebay.co.uk
401,Chalmers,Impey,cimpeyb4@usatoday.com
402,Kayley,O' Bee,kobeeb5@wiley.com
403,Wendel,MacSweeney,wmacsweeneyb6@cnn.com
404,Kaitlynn,Ayscough,kayscoughb7@tiny.cc
405,Gannon,McGurn,gmcgurnb8@ftc.gov
406,Luisa,Grass,lgrassb9@weebly.com
407,Glynda,Lemm,glemmba@rakuten.co.jp
408,Annamaria,Walkowski,awalkowskibb@blogspot.com
409,Carri,Tommei,ctommeibc@washingtonpost.com
410,Bettina,Manna,bmannabd@amazonaws.com
411,Odille,Frazier,ofrazierbe@wikia.com
412,Moss,Bairstow,mbairstowbf@jalbum.net
413,Bernetta,Zettler,bzettlerbg@taobao.com
414,Ronald,Fishbourn,rfishbournbh@yahoo.co.jp
415,Rosetta,McLagan,rmclaganbi@google.com.au
416,Marylin,Kesby,mkesbybj@yolasite.com
417,Merrily,Rimmer,mrimmerbk@spotify.com
418,Red,Fieldhouse,rfieldhousebl@booking.com
419,Drew,Ladson,dladsonbm@histats.com
420,Meagan,Armitt,marmittbn@gravatar.com
421,Grange,Elrick,gelrickbo@jimdo.com
422,Angele,Meneo,ameneobp@github.io
423,Akim,Andriolli,aandriollibq@amazon.co.jp
424,Clifford,Bernocchi,cbernocchibr@ustream.tv
425,Vivyanne,Sawkin,vsawkinbs@apple.com
426,Meir,Pickrill,mpickrillbt@yahoo.com
427,Hayyim,Schwant,hschwantbu@alibaba.com
428,Dunstan,Brecon,dbreconbv@canalblog.com
429,Elwira,Barizeret,ebarizeretbw@indiegogo.com
430,Barbey,O'Hallagan,bohallaganbx@163.com
431,Matthew,Flowerdew,mflowerdewby@storify.com
432,Heinrik,Simanenko,hsimanenkobz@wix.com
433,Trenna,Oslar,toslarc0@google.fr
434,Farand,Hauxwell,fhauxwellc1@mayoclinic.com
435,Sandro,Paik,spaikc2@nps.gov
436,Gloriane,Chick,gchickc3@bloglines.com
437,Redd,Grimsdith,rgrimsdithc4@ebay.com
438,Vanessa,Blanko,vblankoc5@wisc.edu
439,Simmonds,Delacourt,sdelacourtc6@go.com
440,Dahlia,Kenewel,dkenewelc7@ft.com
441,Inesita,Romero,iromeroc8@umn.edu
442,Vallie,Heathcoat,vheathcoatc9@jigsy.com
443,Harcourt,Drains,hdrainsca@washington.edu
444,Lanae,Fairbank,lfairbankcb@surveymonkey.com
445,Beryle,Gilsthorpe,bgilsthorpecc@si.edu
446,Morris,Erratt,merrattcd@yellowbook.com
447,Babette,Bate,bbatece@accuweather.com
448,Georgeta,Haly,ghalycf@engadget.com
449,Jonathon,Bursnall,jbursnallcg@123-reg.co.uk
450,Reece,MacAne,rmacanech@si.edu
451,Rhetta,Godney,rgodneyci@t-online.de
452,Lotti,Minerdo,lminerdocj@upenn.edu
453,Gabbi,Bielfelt,gbielfeltck@odnoklassniki.ru
454,Giselbert,Ekell,gekellcl@webeden.co.uk
455,Bibbie,Denison,bdenisoncm@wiley.com
456,Gabbi,Durant,gdurantcn@princeton.edu
457,Paxton,Askew,paskewco@acquirethisname.com
458,Seka,Roke,srokecp@liveinternet.ru
459,Elliot,Gierck,egierckcq@sfgate.com
460,Vergil,Dewire,vdewirecr@webeden.co.uk
461,Gaylord,Fransson,gfranssoncs@prweb.com
462,Frank,Nester,fnesterct@a8.net
463,Marvin,Sedger,msedgercu@washingtonpost.com
464,Hercules,Leathe,hleathecv@bloomberg.com
465,Giselbert,Leibold,gleiboldcw@webs.com
466,Marquita,Dieton,mdietoncx@china.com.cn
467,Byram,Whaplington,bwhaplingtoncy@hao123.com
468,Rickard,Rooney,rrooneycz@foxnews.com
469,Harold,Cardew,hcardewd0@tinypic.com
470,Claudina,Brabban,cbrabband1@ezinearticles.com
471,Scotti,Lude,sluded2@wisc.edu
472,Berri,Pochet,bpochetd3@bloglovin.com
473,Jolene,Lawler,jlawlerd4@ftc.gov
474,Kayley,Awcock,kawcockd5@vk.com
475,Sher,Cursey,scurseyd6@domainmarket.com
476,Tatiana,Linne,tlinned7@squidoo.com
477,Amata,McKniely,amcknielyd8@tiny.cc
478,Damara,Gynni,dgynnid9@odnoklassniki.ru
479,Carmine,Dowse,cdowseda@tuttocitta.it
480,Hildy,Boys,hboysdb@phpbb.com
481,Lea,Brewitt,lbrewittdc@foxnews.com
482,Janina,Bendle,jbendledd@histats.com
483,Phil,Meekin,pmeekinde@uiuc.edu
484,Becky,Toller,btollerdf@whitehouse.gov
485,Calv,Paniman,cpanimandg@friendfeed.com
486,Lanie,Reburn,lreburndh@hp.com
487,Howey,Syncke,hsynckedi@smugmug.com
488,Leonardo,Lamshead,llamsheaddj@ft.com
489,Zolly,Cultcheth,zcultchethdk@nih.gov
490,Astrid,Tuley,atuleydl@gravatar.com
491,Gil,Whight,gwhightdm@cafepress.com
492,Ethan,Ginni,eginnidn@i2i.jp
493,Mariette,Gookes,mgookesdo@biglobe.ne.jp
494,Adriaens,Langworthy,alangworthydp@miitbeian.gov.cn
495,Leeanne,Roscam,lroscamdq@ifeng.com
496,Lexi,McClory,lmcclorydr@abc.net.au
497,Nicol,Stanmore,nstanmoreds@newyorker.com
498,Roxi,De Winton,rdewintondt@tinypic.com
499,Minna,Guidoni,mguidonidu@washingtonpost.com
500,Gaynor,Sewter,gsewterdv@dedecms.com
501,Ulick,Carruthers,ucarruthersdw@icq.com
502,Isiahi,Hanham,ihanhamdx@artisteer.com
503,Adriena,Marsay,amarsaydy@baidu.com
504,Patric,Ravenscroft,pravenscroftdz@mashable.com
505,Deeanne,Volonte,dvolontee0@wsj.com
506,Sidoney,Daunay,sdaunaye1@fotki.com
507,Phedra,Burgis,pburgise2@amazonaws.com
508,Patric,Bode,pbodee3@nps.gov
509,Eleni,Hastler,ehastlere4@quantcast.com
510,Cal,Vlasyev,cvlasyeve5@google.com.br
511,Tallie,Bettington,tbettingtone6@ow.ly
512,Sephira,Jikylls,sjikyllse7@yandex.ru
513,Erskine,Ventam,eventame8@scribd.com
514,Trumaine,Cudiff,tcudiffe9@umn.edu
515,Magdalena,Hundell,mhundellea@cornell.edu
516,Sonnie,Grinov,sgrinoveb@networkadvertising.org
517,Jan,Cressar,jcressarec@zdnet.com
518,Eydie,Piggen,epiggened@comcast.net
519,Skipp,Olexa,solexaee@vk.com
520,Brina,Hulle,bhulleef@illinois.edu
521,Beck,Spoerl,bspoerleg@usnews.com
522,Adel,Noir,anoireh@japanpost.jp
523,Steffen,Messenger,smessengerei@theatlantic.com
524,Ronnica,Gittose,rgittoseej@google.de
525,Vanessa,Sawford,vsawfordek@paypal.com
526,Jacqui,Walklate,jwalklateel@examiner.com
527,Violante,Eitter,veitterem@foxnews.com
528,Irving,Cambden,icambdenen@booking.com
529,Hagen,Horrod,hhorrodeo@devhub.com
530,Allyn,Beckhouse,abeckhouseep@mlb.com
531,Vance,Moreby,vmorebyeq@wix.com
532,Emmit,Duncan,eduncaner@domainmarket.com
533,Richmond,Conn,rconnes@pbs.org
534,Grange,Arnaldi,garnaldiet@privacy.gov.au
535,Cleveland,Goodrum,cgoodrumeu@goo.gl
536,Sandi,Castenda,scastendaev@instagram.com
537,Guss,Cocks,gcocksew@tinypic.com
538,Sinclair,Langstone,slangstoneex@nih.gov
539,Boony,Wattisham,bwattishamey@cyberchimps.com
540,Toinette,Condon,tcondonez@umn.edu
541,Fields,Gallatly,fgallatlyf0@icio.us
542,Nanni,Wardhough,nwardhoughf1@geocities.jp
543,Leonie,Retallick,lretallickf2@si.edu
544,Wynnie,Heliot,wheliotf3@jigsy.com
545,Irv,Davis,idavisf4@dailymotion.com
546,Heidie,Wahncke,hwahnckef5@webs.com
547,Erastus,Allewell,eallewellf6@zimbio.com
548,Clemmie,Frend,cfrendf7@reverbnation.com
549,Dalli,Mandre,dmandref8@nymag.com
550,Teador,Harrie,tharrief9@unblog.fr
551,Laura,MacCheyne,lmaccheynefa@columbia.edu
552,Vidovik,Kubecka,vkubeckafb@nytimes.com
553,Julianna,Rodgman,jrodgmanfc@epa.gov
554,Trenton,Methuen,tmethuenfd@i2i.jp
555,Claudina,Byrde,cbyrdefe@diigo.com
556,Daryle,Konig,dkonigff@biblegateway.com
557,Mallissa,Hembrow,mhembrowfg@lycos.com
558,Douglass,Haly,dhalyfh@google.com
559,Stuart,Welden,sweldenfi@flickr.com
560,Alvan,Della Scala,adellascalafj@ycombinator.com
561,Rubia,Gillease,rgilleasefk@yellowbook.com
562,Bartholomeus,Bulle,bbullefl@smugmug.com
563,Dorolice,Ricson,dricsonfm@bing.com
564,Karrie,Thrush,kthrushfn@smugmug.com
565,Josselyn,Coch,jcochfo@nature.com
566,Kendrick,McGuffie,kmcguffiefp@umn.edu
567,Arley,Bubbins,abubbinsfq@youku.com
568,Brady,Singers,bsingersfr@kickstarter.com
569,Nickolas,Cicculi,ncicculifs@tinypic.com
570,Isidore,Bernuzzi,ibernuzzift@army.mil
571,Courtnay,Deport,cdeportfu@discuz.net
572,Grover,Pydcock,gpydcockfv@godaddy.com
573,Northrup,Panther,npantherfw@yelp.com
574,Dion,Rubinsohn,drubinsohnfx@independent.co.uk
575,Britney,Grisenthwaite,bgrisenthwaitefy@nih.gov
576,Rosie,Deery,rdeeryfz@about.me
577,Valida,Weeden,vweedeng0@aol.com
578,Kerrin,McArley,kmcarleyg1@lulu.com
579,Anallise,Lasty,alastyg2@mac.com
580,Jessalin,Guerry,jguerryg3@e-recht24.de
581,Nestor,Durran,ndurrang4@bandcamp.com
582,Tremain,Loud,tloudg5@tumblr.com
583,Garrick,Sholem,gsholemg6@digg.com
584,Else,Shevell,eshevellg7@businesswire.com
585,Karrah,Cain,kcaing8@blinklist.com
586,Maiga,Fawks,mfawksg9@gmpg.org
587,Hernando,Twist,htwistga@slashdot.org
588,Neddie,Corwin,ncorwingb@senate.gov
589,Abbe,Yakubovich,ayakubovichgc@instagram.com
590,Kalinda,Teaze,kteazegd@360.cn
591,Thea,Lerohan,tlerohange@stumbleupon.com
592,Winonah,Farres,wfarresgf@com.com
593,Alyssa,Harling,aharlinggg@youtu.be
594,Nefen,Noulton,nnoultongh@hexun.com
595,May,Wooldridge,mwooldridgegi@wix.com
596,Hermione,Cleeves,hcleevesgj@fc2.com
597,Cosette,Topper,ctoppergk@accuweather.com
598,Leonidas,Hulkes,lhulkesgl@dmoz.org
599,Richmound,Boor,rboorgm@themeforest.net
600,Aviva,Bollans,abollansgn@paginegialle.it
601,Leodora,Stivers,lstiversgo@howstuffworks.com
602,Ianthe,Kuban,ikubangp@bing.com
603,Erda,Struis,estruisgq@fotki.com
604,Abran,Scrivner,ascrivnergr@apache.org
605,Mollie,Sivorn,msivorngs@berkeley.edu
606,Rochelle,Drabble,rdrabblegt@studiopress.com
607,Abby,Tollerton,atollertongu@reference.com
608,Lemar,Bartalin,lbartalingv@ucoz.com
609,Gerald,Beere,gbeeregw@tinyurl.com
610,Audry,Glasgow,aglasgowgx@t-online.de
611,Nani,Layzell,nlayzellgy@e-recht24.de
612,Levey,Daintith,ldaintithgz@phoca.cz
613,Hamel,Crysell,hcrysellh0@reddit.com
614,Milzie,O'Tuohy,motuohyh1@weibo.com
615,Allyce,Frederick,afrederickh2@naver.com
616,Inga,Wakley,iwakleyh3@hhs.gov
617,Casey,Morat,cmorath4@rakuten.co.jp
618,Frazier,Melan,fmelanh5@miibeian.gov.cn
619,Marguerite,Samart,msamarth6@ucla.edu
620,Ddene,Coleborn,dcolebornh7@spiegel.de
621,Cara,Bleasby,cbleasbyh8@archive.org
622,Renault,Segebrecht,rsegebrechth9@jiathis.com
623,Tasha,Spurdle,tspurdleha@yellowbook.com
624,Bob,Broadway,bbroadwayhb@trellian.com
625,Alva,Elson,aelsonhc@surveymonkey.com
626,Dael,Mirfin,dmirfinhd@sakura.ne.jp
627,Aubrey,Kingham,akinghamhe@state.tx.us
628,Heath,Quinby,hquinbyhf@amazon.com
629,Lydia,Jollands,ljollandshg@census.gov
630,Jackie,Ferrari,jferrarihh@java.com
631,Caryn,Hullett,chulletthi@bigcartel.com
632,Kingsly,Buche,kbuchehj@opera.com
633,Dorella,Marrian,dmarrianhk@cnet.com
634,Constantine,Seviour,cseviourhl@yellowbook.com
635,Danyelle,Fogg,dfogghm@gizmodo.com
636,Tera,Whitbread,twhitbreadhn@squarespace.com
637,Kristoforo,Elliman,kellimanho@sbwire.com
638,Edward,Jeskins,ejeskinshp@so-net.ne.jp
639,Donn,Kitlee,dkitleehq@goodreads.com
640,Dov,Elce,delcehr@census.gov
641,Morganne,Eyre,meyrehs@irs.gov
642,Cinderella,Legh,cleghht@google.co.jp
643,Lenci,Barnwill,lbarnwillhu@g.co
644,Astra,Westberg,awestberghv@topsy.com
645,Jerrie,Vigors,jvigorshw@seesaa.net
646,Morissa,Corder,mcorderhx@ucoz.com
647,Carmelia,Tharme,ctharmehy@tamu.edu
648,Marylinda,Skade,mskadehz@ning.com
649,Jay,Franseco,jfransecoi0@printfriendly.com
650,Fidole,Gallelli,fgallellii1@goo.gl
651,Haley,Nevison,hnevisoni2@ed.gov
652,Corinne,Kumaar,ckumaari3@harvard.edu
653,Dinah,Denzilow,ddenzilowi4@cam.ac.uk
654,Ethelyn,Slamaker,eslamakeri5@icio.us
655,Dewey,Weepers,dweepersi6@oracle.com
656,Elsinore,MacCrachen,emaccracheni7@tinyurl.com
657,Lynn,Semken,lsemkeni8@bizjournals.com
658,Florry,Tortice,ftorticei9@mapy.cz
659,Tomi,Vittore,tvittoreia@paginegialle.it
660,Rossy,Scandrite,rscandriteib@pagesperso-orange.fr
661,Lyndsay,Furmagier,lfurmagieric@sina.com.cn
662,Spike,Madgwick,smadgwickid@amazon.de
663,Aaron,Veale,avealeie@domainmarket.com
664,Melba,Dunnico,mdunnicoif@shop-pro.jp
665,Lyndsey,Thomlinson,lthomlinsonig@naver.com
666,Jennee,Hatley,jhatleyih@hubpages.com
667,Stormi,Jagiello,sjagielloii@oracle.com
668,Gail,Comberbach,gcomberbachij@disqus.com
669,Ban,Sollars,bsollarsik@jimdo.com
670,Armand,Bosche,aboscheil@whitehouse.gov
671,Mort,Roycraft,mroycraftim@domainmarket.com
672,Halie,Beagin,hbeaginin@thetimes.co.uk
673,Jerad,Rosendall,jrosendallio@illinois.edu
674,Darlleen,Canfield,dcanfieldip@ed.gov
675,Agnes,Giorgi,agiorgiiq@msu.edu
676,Philippine,Petegre,ppetegreir@tiny.cc
677,Zelig,Sparshatt,zsparshattis@arstechnica.com
678,Dennie,James,djamesit@plala.or.jp
679,Burton,McGettrick,bmcgettrickiu@example.com
680,Yorgos,Abrahmson,yabrahmsoniv@hubpages.com
681,Jessalyn,Teasey,jteaseyiw@nasa.gov
682,Neron,Sloat,nsloatix@ucla.edu
683,Maryjane,Riddiford,mriddifordiy@arstechnica.com
684,Tait,Houtby,thoutbyiz@imageshack.us
685,Leoine,Dawidowsky,ldawidowskyj0@mtv.com
686,Artemas,Aaronsohn,aaaronsohnj1@liveinternet.ru
687,Kirsten,Tunmore,ktunmorej2@t.co
688,Marcello,Salery,msaleryj3@netvibes.com
689,Mirna,Checklin,mchecklinj4@ucla.edu
690,Bayard,Athey,batheyj5@archive.org
691,Angela,Moxley,amoxleyj6@narod.ru
692,Abigail,Denney,adenneyj7@themeforest.net
693,Codee,Samme,csammej8@cbslocal.com
694,Corny,Beggin,cbegginj9@forbes.com
695,Carol-jean,Agron,cagronja@51.la
696,Aileen,Kunisch,akunischjb@flickr.com
697,Tobias,Faers,tfaersjc@cnbc.com
698,Killian,Cahan,kcahanjd@webeden.co.uk
699,Farand,Burniston,fburnistonje@utexas.edu
700,Tomaso,Tweedell,ttweedelljf@accuweather.com
701,Gilbertine,Dagnall,gdagnalljg@example.com
702,Rhona,Boone,rboonejh@vistaprint.com
703,Deena,McFadin,dmcfadinji@yellowbook.com
704,Gabriel,Kalderon,gkalderonjj@wordpress.org
705,Kristoforo,Kerfut,kkerfutjk@360.cn
706,Marilin,Lumm,mlummjl@oracle.com
707,Teddy,Petruszka,tpetruszkajm@hp.com
708,Rosemaria,Permain,rpermainjn@intel.com
709,Markos,Domange,mdomangejo@chicagotribune.com
710,Tiena,Hutsby,thutsbyjp@jalbum.net
711,Hunt,Hyndes,hhyndesjq@discovery.com
712,Had,Rayworth,hrayworthjr@forbes.com
713,Pooh,Verey,pvereyjs@squarespace.com
714,Sandie,Sheeres,ssheeresjt@tmall.com
715,Lin,Walsh,lwalshju@weebly.com
716,Erich,Wrench,ewrenchjv@miibeian.gov.cn
717,Philomena,Jenkinson,pjenkinsonjw@census.gov
718,Lucina,Maysor,lmaysorjx@opera.com
719,Katusha,Jeratt,kjerattjy@list-manage.com
720,Libbie,Wherrett,lwherrettjz@oakley.com
721,Rey,Sneddon,rsneddonk0@uol.com.br
722,Bess,Overnell,bovernellk1@xinhuanet.com
723,Heda,Downse,hdownsek2@surveymonkey.com
724,Tiff,Grieger,tgriegerk3@unblog.fr
725,Niven,Kolushev,nkolushevk4@i2i.jp
726,Jesselyn,Ballister,jballisterk5@cocolog-nifty.com
727,Carita,Crean,ccreank6@twitpic.com
728,Marjory,Cotterell,mcotterellk7@jigsy.com
729,Willdon,Rosenfield,wrosenfieldk8@mtv.com
730,Lionello,Kinsman,lkinsmank9@newsvine.com
731,Gussie,Kleinhaut,gkleinhautka@princeton.edu
732,Worden,Spinley,wspinleykb@hao123.com
733,Abba,McGahey,amcgaheykc@hc360.com
734,Auguste,Baggiani,abaggianikd@mapy.cz
735,Luci,McCarrick,lmccarrickke@themeforest.net
736,Willie,Leafe,wleafekf@java.com
737,Shep,Elves,selveskg@multiply.com
738,Nari,Archdeacon,narchdeaconkh@cbsnews.com
739,Zaria,Sheeres,zsheereski@cbsnews.com
740,Barris,Ygoe,bygoekj@flavors.me
741,Elsey,Buddington,ebuddingtonkk@ox.ac.uk
742,Veronike,Kaplan,vkaplankl@examiner.com
743,Wynn,Wallen,wwallenkm@xing.com
744,Jeni,Probbing,jprobbingkn@devhub.com
745,Robby,Honniebal,rhonniebalko@apple.com
746,Claudio,Geydon,cgeydonkp@ibm.com
747,Abraham,Volk,avolkkq@ft.com
748,Alma,Breslau,abreslaukr@cafepress.com
749,Dawna,Cruikshank,dcruikshankks@biglobe.ne.jp
750,Kessiah,Weald,kwealdkt@hhs.gov
751,Gregory,Dunks,gdunksku@addtoany.com
752,Cecilio,Hehl,chehlkv@joomla.org
753,Gerty,Pavlenko,gpavlenkokw@cnbc.com
754,Archambault,Sorrie,asorriekx@squarespace.com
755,Bord,Slyne,bslyneky@ask.com
756,Gardner,Wogden,gwogdenkz@usnews.com
757,Perla,Belshaw,pbelshawl0@ocn.ne.jp
758,Gregoor,Budcock,gbudcockl1@google.co.uk
759,Vernon,Smitham,vsmithaml2@deliciousdays.com
760,Ardra,Greedyer,agreedyerl3@icio.us
761,Dulciana,Youthed,dyouthedl4@seattletimes.com
762,Orlan,Hurich,ohurichl5@geocities.jp
763,Fabiano,Voas,fvoasl6@arizona.edu
764,Fawn,Jimeno,fjimenol7@acquirethisname.com
765,Chandra,Tompkinson,ctompkinsonl8@seattletimes.com
766,Cris,Shawcroft,cshawcroftl9@columbia.edu
767,Kassie,Staynes,kstaynesla@ca.gov
768,Maia,Ffrench,mffrenchlb@t-online.de
769,Tucky,Poge,tpogelc@opera.com
770,Melany,Boggon,mboggonld@bbc.co.uk
771,Bobina,Luxton,bluxtonle@about.me
772,Idell,Ferronel,iferronellf@imgur.com
773,Renado,Dunster,rdunsterlg@geocities.com
774,Giacomo,Brasted,gbrastedlh@nytimes.com
775,Gladi,Robson,grobsonli@ocn.ne.jp
776,Uri,Yurkevich,uyurkevichlj@ft.com
777,Ben,Holdall,bholdalllk@bbc.co.uk
778,Riobard,Talton,rtaltonll@odnoklassniki.ru
779,Alfi,Jossum,ajossumlm@patch.com
780,Isacco,Ovett,iovettln@unicef.org
781,Gisele,Bendon,gbendonlo@theatlantic.com
782,Goraud,Girone,ggironelp@bluehost.com
783,Doy,Rattry,drattrylq@github.com
784,Dolph,Osgordby,dosgordbylr@ehow.com
785,Shem,Saladine,ssaladinels@istockphoto.com
786,Cassandre,Dilliway,cdilliwaylt@uiuc.edu
787,Tyrone,Macauley,tmacauleylu@mtv.com
788,Tuckie,Mogra,tmogralv@usa.gov
789,Alfredo,Buche,abuchelw@yandex.ru
790,Constancy,Hounsham,chounshamlx@tiny.cc
791,Shalom,Spicer,sspicerly@columbia.edu
792,Madalyn,Featherstone,mfeatherstonelz@prnewswire.com
793,Kevon,Morais,kmoraism0@dailymotion.com
794,Carmita,Bartolini,cbartolinim1@prweb.com
795,Claudius,Antonowicz,cantonowiczm2@ucoz.ru
796,Deanne,Speenden,dspeendenm3@symantec.com
797,Twyla,Durward,tdurwardm4@opera.com
798,Kaitlin,Athelstan,kathelstanm5@csmonitor.com
799,Shay,MacPike,smacpikem6@jimdo.com
800,Cybil,Swanborough,cswanboroughm7@upenn.edu
801,Caril,Fearnyhough,cfearnyhoughm8@whitehouse.gov
802,Janis,Greensides,jgreensidesm9@admin.ch
803,Gerek,Meynell,gmeynellma@cmu.edu
804,Donella,Cristoforetti,dcristoforettimb@reddit.com
805,Norah,Cratchley,ncratchleymc@berkeley.edu
806,Ermanno,Temlett,etemlettmd@netvibes.com
807,Kahlil,Tilmouth,ktilmouthme@cnbc.com
808,Noel,Tradewell,ntradewellmf@etsy.com
809,Ignaz,Murfett,imurfettmg@unc.edu
810,Reinhard,Panks,rpanksmh@dropbox.com
811,Esteban,Kalf,ekalfmi@newsvine.com
812,Dilly,Gilbart,dgilbartmj@yandex.ru
813,Syd,Case,scasemk@sourceforge.net
814,Maxim,Oxenford,moxenfordml@princeton.edu
815,Alverta,Lyddy,alyddymm@twitpic.com
816,Huntlee,Sullens,hsullensmn@shutterfly.com
817,Nell,Fletcher,nfletchermo@sun.com
818,Culley,Hubbock,chubbockmp@creativecommons.org
819,Ervin,Eagling,eeaglingmq@wp.com
820,Keely,Le Fevre,klefevremr@about.com
821,Ransom,Croce,rcrocems@i2i.jp
822,Egan,McGorley,emcgorleymt@cnbc.com
823,Vonni,Jacson,vjacsonmu@indiegogo.com
824,Anthe,Denerley,adenerleymv@umich.edu
825,Marcello,Minto,mmintomw@tiny.cc
826,Dorene,MacDougal,dmacdougalmx@imageshack.us
827,Clem,Cushelly,ccushellymy@sina.com.cn
828,Verena,Stidson,vstidsonmz@illinois.edu
829,Alexandr,Hampe,ahampen0@sphinn.com
830,Alejandro,McArtan,amcartann1@free.fr
831,Carmelina,Edden,ceddenn2@dmoz.org
832,Jami,Flintiff,jflintiffn3@auda.org.au
833,Linet,Lightbourne,llightbournen4@census.gov
834,Shanan,Shatliffe,sshatliffen5@stanford.edu
835,Eugene,Ibell,eibelln6@skype.com
836,Georg,Farmery,gfarmeryn7@pinterest.com
837,Dorette,Semark,dsemarkn8@engadget.com
838,Sharon,Penniell,spennielln9@boston.com
839,Gerti,Vitet,gvitetna@shinystat.com
840,Ameline,Camocke,acamockenb@cloudflare.com
841,Amber,Silber,asilbernc@ca.gov
842,Daryl,Deacon,ddeaconnd@ibm.com
843,Natalee,Weavill,nweavillne@prnewswire.com
844,Abraham,Maas,amaasnf@mtv.com
845,Tybi,Grzesiak,tgrzesiakng@google.es
846,Catlaina,Koba,ckobanh@omniture.com
847,Krishnah,Rubin,krubinni@samsung.com
848,Stan,Spellesy,sspellesynj@xing.com
849,Courtney,Nafzger,cnafzgernk@facebook.com
850,Fritz,Glenny,fglennynl@geocities.jp
851,Hollyanne,Gowthrop,hgowthropnm@apple.com
852,Dewey,Tobias,dtobiasnn@nature.com
853,Lotte,Tankus,ltankusno@noaa.gov
854,Rozanna,Endley,rendleynp@icio.us
855,Juliana,Beeze,jbeezenq@so-net.ne.jp
856,Charlot,Joire,cjoirenr@example.com
857,Vergil,Itzakovitz,vitzakovitzns@cpanel.net
858,Madelaine,Jervoise,mjervoisent@hao123.com
859,Waylon,Woliter,wwoliternu@example.com
860,Tandy,Halsall,thalsallnv@tamu.edu
861,Valencia,Trengove,vtrengovenw@examiner.com
862,Tracey,Greetland,tgreetlandnx@gizmodo.com
863,Cassey,Leith,cleithny@independent.co.uk
864,Geno,Dearn,gdearnnz@hao123.com
865,Sergei,Follen,sfolleno0@sohu.com
866,Halsey,Jorioz,hjoriozo1@goodreads.com
867,Yank,Bartles,ybartleso2@fastcompany.com
868,Ardyth,Balcon,abalcono3@issuu.com
869,Maribelle,Witson,mwitsono4@blogspot.com
870,Marley,Charkham,mcharkhamo5@vkontakte.ru
871,Nichole,Morden,nmordeno6@redcross.org
872,Rosamond,Molian,rmoliano7@pcworld.com
873,Karlyn,Feenan,kfeenano8@addtoany.com
874,Charline,Longthorne,clongthorneo9@chicagotribune.com
875,Smitty,Resun,sresunoa@dmoz.org
876,Bonny,Milbank,bmilbankob@360.cn
877,Trenna,Hargrave,thargraveoc@dedecms.com
878,Tasia,MacKerley,tmackerleyod@biglobe.ne.jp
879,Hetty,Hefner,hhefneroe@ask.com
880,Tierney,Del Castello,tdelcastelloof@alibaba.com
881,Winifred,Thorius,wthoriusog@yale.edu
882,Tally,Embery,temberyoh@china.com.cn
883,Bonnie,Cleaver,bcleaveroi@plala.or.jp
884,Abby,Mander,amanderoj@amazonaws.com
885,Arabella,Reckus,areckusok@devhub.com
886,Gran,Lorrimer,glorrimerol@tiny.cc
887,Charmine,Antonucci,cantonucciom@walmart.com
888,Zabrina,Danielli,zdaniellion@google.es
889,Danielle,Biglin,dbiglinoo@amazon.co.jp
890,Susy,Stapele,sstapeleop@vistaprint.com
891,Mose,Middas,mmiddasoq@phpbb.com
892,Tamas,Joyner,tjoyneror@japanpost.jp
893,Haywood,Reckus,hreckusos@boston.com
894,Suzann,D'Errico,sderricoot@vimeo.com
895,Alexi,Sharratt,asharrattou@163.com
896,Costa,O'Day,codayov@hc360.com
897,Jojo,Rippingall,jrippingallow@si.edu
898,Gardiner,Sekulla,gsekullaox@fastcompany.com
899,Zachery,Kesten,zkestenoy@discovery.com
900,Archambault,Vaud,avaudoz@wikimedia.org
901,Geri,Gavozzi,ggavozzip0@icq.com
902,Suzanna,Jakovijevic,sjakovijevicp1@yolasite.com
903,Aksel,Champion,achampionp2@shop-pro.jp
904,Jennica,Rosenzveig,jrosenzveigp3@alexa.com
905,Nelli,Ault,naultp4@facebook.com
906,Rowe,Denkel,rdenkelp5@samsung.com
907,Blinnie,Caunce,bcauncep6@networkadvertising.org
908,Rosabel,Martel,rmartelp7@smh.com.au
909,Nico,Debrick,ndebrickp8@xrea.com
910,Alexina,Nern,anernp9@salon.com
911,Inga,Hubbuck,ihubbuckpa@ucsd.edu
912,Betteann,Pietz,bpietzpb@princeton.edu
913,Abbe,Aleksahkin,aaleksahkinpc@msn.com
914,Natalina,Petrie,npetriepd@free.fr
915,Nan,Schaumaker,nschaumakerpe@nps.gov
916,Dredi,MacKibbon,dmackibbonpf@baidu.com
917,Gavra,Winder,gwinderpg@nyu.edu
918,Arty,Poolman,apoolmanph@wsj.com
919,Delmor,Dermot,ddermotpi@va.gov
920,Thain,Rossander,trossanderpj@soup.io
921,Tara,Tabard,ttabardpk@geocities.com
922,Phylys,Birdwistle,pbirdwistlepl@census.gov
923,Nowell,Esslement,nesslementpm@webeden.co.uk
924,Lynn,Coan,lcoanpn@techcrunch.com
925,Melantha,Falvey,mfalveypo@diigo.com
926,Ursola,Tommei,utommeipp@com.com
927,Rodi,Wolfit,rwolfitpq@histats.com
928,Brigham,Hugh,bhughpr@apple.com
929,Lillis,Scorrer,lscorrerps@oakley.com
930,Markos,Atwood,matwoodpt@guardian.co.uk
931,Antonetta,Advani,aadvanipu@storify.com
932,Clementia,Franzini,cfranzinipv@goo.ne.jp
933,Dougy,Razoux,drazouxpw@360.cn
934,Madison,Behnecken,mbehneckenpx@imdb.com
935,Raine,Antoszczyk,rantoszczykpy@joomla.org
936,Crissy,Klehyn,cklehynpz@webmd.com
937,Giacomo,Dradey,gdradeyq0@unblog.fr
938,Roarke,Chesshire,rchesshireq1@storify.com
939,Laurette,Allsop,lallsopq2@ft.com
940,Amelie,Adolfsen,aadolfsenq3@merriam-webster.com
941,Nada,Hartwell,nhartwellq4@narod.ru
942,Joey,Govinlock,jgovinlockq5@symantec.com
943,Culley,Werner,cwernerq6@japanpost.jp
944,Leese,Karslake,lkarslakeq7@gnu.org
945,Allie,Michal,amichalq8@huffingtonpost.com
946,Zabrina,Forryan,zforryanq9@hibu.com
947,Shaylyn,Fould,sfouldqa@simplemachines.org
948,Cly,Josefsen,cjosefsenqb@netscape.com
949,Eachelle,Sykes,esykesqc@furl.net
950,Amelie,Ollive,aolliveqd@mac.com
951,Binky,Hawkwood,bhawkwoodqe@google.fr
952,Mommy,Espinay,mespinayqf@alibaba.com
953,Berkley,Pinckstone,bpinckstoneqg@dot.gov
954,Fallon,Tarte,ftarteqh@yahoo.co.jp
955,Torr,Maas,tmaasqi@ask.com
956,Zebadiah,Sunock,zsunockqj@china.com.cn
957,Cristobal,Walch,cwalchqk@pcworld.com
958,Shaine,Desporte,sdesporteql@noaa.gov
959,Base,Penwell,bpenwellqm@buzzfeed.com
960,Erskine,Papa,epapaqn@amazon.com
961,Silvie,Mennithorp,smennithorpqo@blog.com
962,Joyann,Keefe,jkeefeqp@japanpost.jp
963,Leonhard,Durrad,ldurradqq@domainmarket.com
964,Alaric,Benadette,abenadetteqr@studiopress.com
965,Devi,Lillgard,dlillgardqs@liveinternet.ru
966,Forester,Mallett,fmallettqt@goo.gl
967,Rachel,Sparshutt,rsparshuttqu@ox.ac.uk
968,Silva,Dyer,sdyerqv@home.pl
969,Gilbertine,Merritt,gmerrittqw@hibu.com
970,Fredra,Tarver,ftarverqx@live.com
971,Shell,Slimm,sslimmqy@vimeo.com
972,Roth,Murt,rmurtqz@sciencedaily.com
973,Joeann,McNabb,jmcnabbr0@dot.gov
974,Jorge,Rosi,jrosir1@adobe.com
975,Karisa,Mockler,kmocklerr2@mtv.com
976,Lani,Clevely,lclevelyr3@google.com.br
977,Cindie,MacPike,cmacpiker4@businesswire.com
978,Goldi,Reddecliffe,greddecliffer5@skyrock.com
979,Gillian,Embery,gemberyr6@hibu.com
980,Caroljean,Lindores,clindoresr7@bizjournals.com
981,Jarib,De Lisle,jdelisler8@mozilla.com
982,Gillian,Mordue,gmorduer9@fda.gov
983,Uriah,Shackle,ushacklera@scribd.com
984,Nady,Dumingo,ndumingorb@aboutads.info
985,Mathilde,Atwel,matwelrc@wordpress.org
986,Davide,Mandell,dmandellrd@uiuc.edu
987,Dave,Golson,dgolsonre@timesonline.co.uk
988,Graig,Buswell,gbuswellrf@free.fr
989,Tremayne,Rutherford,trutherfordrg@pcworld.com
990,Maridel,Luca,mlucarh@joomla.org
991,Jordana,Bodsworth,jbodsworthri@meetup.com
992,Randy,Iffland,rifflandrj@skyrock.com
993,Whitaker,Greeveson,wgreevesonrk@ustream.tv
994,Hodge,Lefeaver,hlefeaverrl@wired.com
995,Clevie,Constantinou,cconstantinourm@cisco.com
996,Oralle,Lauga,olaugarn@behance.net
997,Fergus,Delort,fdelortro@hexun.com
998,Dwayne,Cowdroy,dcowdroyrp@sphinn.com
999,Thoma,Pygott,tpygottrq@over-blog.com
1000,Robinette,Eveleigh,reveleighrr@globo.com
