id,first_name,last_name,email
1,Corliss,Seiler,cseiler0@thetimes.co.uk
2,Isidoro,Fass,ifass1@deviantart.com
3,Stu,Latour,slatour2@exblog.jp
4,Eden,Wield,ewield3@clickbank.net
5,Harald,Toland,htoland4@sbwire.com
6,Serena,Maureen,smaureen5@bizjournals.com
7,Franciska,Rupprecht,frupprecht6@amazon.co.jp
8,Cazzie,Fickling,cfickling7@webmd.com
9,Mary,Garnsworth,mgarnsworth8@freewebs.com
10,Dominic,Olliff,dolliff9@java.com
11,Siegfried,Bexley,sbexleya@symantec.com
12,Fanchette,Statersfield,fstatersfieldb@google.ru
13,Mariette,Leivesley,mleivesleyc@sogou.com
14,Caro,Bordman,cbordmand@ehow.com
15,Billy,Murra,bmurrae@simplemachines.org
16,Zeb,Orwin,zorwinf@biblegateway.com
17,Kandy,Cumbridge,kcumbridgeg@typepad.com
18,Kearney,Rainard,krainardh@dion.ne.jp
19,Norris,Moulsdale,nmoulsdalei@ft.com
20,Hartley,Storrie,hstorriej@hugedomains.com
21,Eddy,Philliphs,ephilliphsk@imageshack.us
22,Wald,Wormell,wwormelll@aol.com
23,Lorine,Ruberry,lruberrym@bluehost.com
24,Marrilee,Gebuhr,mgebuhrn@techcrunch.com
25,Audi,Cowpland,acowplando@baidu.com
26,Ethelred,Ofield,eofieldp@flickr.com
27,Patsy,Dring,pdringq@google.co.uk
28,Diarmid,McLafferty,dmclaffertyr@paginegialle.it
29,Binni,Andrivel,bandrivels@over-blog.com
30,Wendi,Lammie,wlammiet@etsy.com
31,Annelise,Strainge,astraingeu@tinyurl.com
32,Zola,Reubbens,zreubbensv@deliciousdays.com
33,Garrard,Pirie,gpiriew@hugedomains.com
34,Ethelred,Aron,earonx@goo.gl
35,Kristine,McGaugie,kmcgaugiey@newyorker.com
36,Melissa,Hoodlass,mhoodlassz@princeton.edu
37,Benny,Lempel,blempel10@joomla.org
38,Rab,Halm,rhalm11@desdev.cn
39,Ingeborg,Shevlan,ishevlan12@icio.us
40,Egbert,Jurek,ejurek13@auda.org.au
41,Jessie,MacTrustam,jmactrustam14@bizjournals.com
42,Jacob,Giorgini,jgiorgini15@merriam-webster.com
43,Candida,Mathet,cmathet16@google.ca
44,Jamey,Skirling,jskirling17@live.com
45,Obie,Pethrick,opethrick18@flickr.com
46,Aeriell,Joskovitch,ajoskovitch19@networkadvertising.org
47,Dorella,McWhinnie,dmcwhinnie1a@netscape.com
48,Melloney,Catterell,mcatterell1b@ning.com
49,Elfrieda,Olyfant,eolyfant1c@opera.com
50,Jacklyn,Keal,jkeal1d@ustream.tv
51,Tessy,Clemo,tclemo1e@facebook.com
52,Kori,Bees,kbees1f@eventbrite.com
53,Deeann,Cometto,dcometto1g@ox.ac.uk
54,Titus,Soame,tsoame1h@dell.com
55,Helli,Springthorpe,hspringthorpe1i@cpanel.net
56,Thelma,Hember,thember1j@craigslist.org
57,Bunny,McCritchie,bmccritchie1k@archive.org
58,Thaine,Rangeley,trangeley1l@exblog.jp
59,Marsiella,Simmon,msimmon1m@pbs.org
60,Blake,Woolfoot,bwoolfoot1n@apache.org
61,Kristofer,Younie,kyounie1o@moonfruit.com
62,Trixy,Maynard,tmaynard1p@vk.com
63,Anissa,Spridgen,aspridgen1q@netlog.com
64,Bancroft,Bines,bbines1r@nationalgeographic.com
65,Colby,Sumers,csumers1s@state.gov
66,Tamar,Bangiard,tbangiard1t@harvard.edu
67,Kalil,Moodycliffe,kmoodycliffe1u@yelp.com
68,Carola,Joly,cjoly1v@latimes.com
69,Babs,Yourell,byourell1w@php.net
70,Marlin,Avraham,mavraham1x@indiatimes.com
71,Jennine,Bunstone,jbunstone1y@bizjournals.com
72,Jillana,Buckenham,jbuckenham1z@networkadvertising.org
73,Marv,Worster,mworster20@cnn.com
74,Kaycee,Tzuker,ktzuker21@msn.com
75,Garreth,McBean,gmcbean22@google.ru
76,Filbert,Darnbrough,fdarnbrough23@wisc.edu
77,Jessy,Warbey,jwarbey24@java.com
78,Tansy,Yellep,tyellep25@noaa.gov
79,Nels,Peakman,npeakman26@1688.com
80,Mylo,Dyzart,mdyzart27@fc2.com
81,Rebeka,Gabe,rgabe28@bing.com
82,Sher,Wayt,swayt29@hao123.com
83,Al,Clemence,aclemence2a@si.edu
84,Waylen,Jenton,wjenton2b@pagesperso-orange.fr
85,Koenraad,Ilott,kilott2c@va.gov
86,Ermin,Matzaitis,ematzaitis2d@posterous.com
87,Rodi,Sleightholme,rsleightholme2e@1und1.de
88,Marco,Towhey,mtowhey2f@ox.ac.uk
89,Melamie,Leadbeatter,mleadbeatter2g@comcast.net
90,Charis,Granville,cgranville2h@blinklist.com
91,Horatio,Grabban,hgrabban2i@gnu.org
92,Teirtza,Cheson,tcheson2j@latimes.com
93,Abrahan,Littrick,alittrick2k@aol.com
94,Noelyn,Styche,nstyche2l@jigsy.com
95,Melody,Pethrick,mpethrick2m@nifty.com
96,Hermy,Plewman,hplewman2n@freewebs.com
97,Lisette,Philler,lphiller2o@boston.com
98,Quintana,Sibthorp,qsibthorp2p@mysql.com
99,Kylie,Plaister,kplaister2q@netlog.com
100,Robert,Sifleet,rsifleet2r@people.com.cn
101,Hugues,Merlin,hmerlin2s@facebook.com
102,Marwin,Wackett,mwackett2t@si.edu
103,Daven,Cavanaugh,dcavanaugh2u@boston.com
104,Dag,Hanhardt,dhanhardt2v@sun.com
105,Rowney,Goulder,rgoulder2w@discuz.net
106,Dix,Dosdell,ddosdell2x@whitehouse.gov
107,Rutter,Vasyushkhin,rvasyushkhin2y@soup.io
108,Danit,Stallion,dstallion2z@joomla.org
109,Foster,Aspinell,faspinell30@cafepress.com
110,Myrna,Hyndes,mhyndes31@yelp.com
111,Kathye,Perfitt,kperfitt32@tumblr.com
112,Binky,Gascoyne,bgascoyne33@tumblr.com
113,Salvatore,Arnfield,sarnfield34@php.net
114,Gloria,Valenta,gvalenta35@blogger.com
115,Sadella,Kings,skings36@tuttocitta.it
116,Leilah,Zotto,lzotto37@sphinn.com
117,Jodi,Ambrogelli,jambrogelli38@about.me
118,Pattie,Guyer,pguyer39@digg.com
119,Korella,Jostan,kjostan3a@technorati.com
120,Karna,Boutwell,kboutwell3b@ihg.com
121,Derron,Gogerty,dgogerty3c@gov.uk
122,Felice,Quenby,fquenby3d@imgur.com
123,Jarid,Winsor,jwinsor3e@time.com
124,Pascale,Phillpot,pphillpot3f@java.com
125,Bartel,Courtliff,bcourtliff3g@rakuten.co.jp
126,Victoir,Schroeder,vschroeder3h@slashdot.org
127,Corey,Dugue,cdugue3i@ow.ly
128,Danya,Dri,ddri3j@xing.com
129,Sloane,Abrahams,sabrahams3k@cmu.edu
130,Adair,Bernocchi,abernocchi3l@facebook.com
131,Rowland,Mottram,rmottram3m@pagesperso-orange.fr
132,Maribel,Wolverson,mwolverson3n@ocn.ne.jp
133,Frances,Glaister,fglaister3o@addthis.com
134,Edwin,Doumerc,edoumerc3p@nyu.edu
135,Kathie,Draysay,kdraysay3q@weibo.com
136,Marcello,Tombleson,mtombleson3r@ebay.co.uk
137,Courtney,Stein,cstein3s@bloglovin.com
138,Martainn,Killford,mkillford3t@kickstarter.com
139,Aridatha,Simoneschi,asimoneschi3u@cnn.com
140,Felice,Kinglake,fkinglake3v@alexa.com
141,Georgina,Edy,gedy3w@ox.ac.uk
142,Lotty,Liggins,lliggins3x@si.edu
143,Bartram,Mancer,bmancer3y@goodreads.com
144,Mandie,Ferrini,mferrini3z@cargocollective.com
145,Shanna,Scamerden,sscamerden40@tmall.com
146,Xena,Stoltz,xstoltz41@webeden.co.uk
147,Quinton,Bourhill,qbourhill42@wikispaces.com
148,Cordy,Tuffley,ctuffley43@storify.com
149,Tailor,Basnett,tbasnett44@squidoo.com
150,Alison,Conibeer,aconibeer45@youtube.com
151,Morry,Overel,moverel46@macromedia.com
152,Rinaldo,Ould,rould47@flavors.me
153,Carlina,Spatig,cspatig48@desdev.cn
154,Xavier,Borrill,xborrill49@narod.ru
155,Gusti,Leckie,gleckie4a@springer.com
156,Ines,Edison,iedison4b@japanpost.jp
157,Rosella,Calwell,rcalwell4c@latimes.com
158,Gauthier,Malthus,gmalthus4d@behance.net
159,Sheeree,Donaldson,sdonaldson4e@stumbleupon.com
160,Jorrie,Harley,jharley4f@jalbum.net
161,Devan,Iggo,diggo4g@nytimes.com
162,Marysa,Bonnesen,mbonnesen4h@comsenz.com
163,Stacy,Godbolt,sgodbolt4i@tuttocitta.it
164,Cecilia,Inseal,cinseal4j@reuters.com
165,Alexandra,Gunnell,agunnell4k@live.com
166,Joy,Kemish,jkemish4l@hexun.com
167,Shandy,Pfaff,spfaff4m@pbs.org
168,Ofelia,McKeag,omckeag4n@opensource.org
169,Nanon,Golsworthy,ngolsworthy4o@wordpress.com
170,Pavla,Hulles,phulles4p@ycombinator.com
171,Babara,Weatherby,bweatherby4q@linkedin.com
172,Edmon,Matteoli,ematteoli4r@comsenz.com
173,Valentijn,Jeandel,vjeandel4s@angelfire.com
174,Georgia,Pledger,gpledger4t@hatena.ne.jp
175,Corrie,Anselm,canselm4u@digg.com
176,Margaretha,Szantho,mszantho4v@mozilla.com
177,Abraham,Walesa,awalesa4w@creativecommons.org
178,Paige,Flannigan,pflannigan4x@arstechnica.com
179,Fern,Rushbrook,frushbrook4y@deviantart.com
180,Rozalie,Rylstone,rrylstone4z@dmoz.org
181,Miof mela,Hulett,mhulett50@weebly.com
182,Caron,Feavyour,cfeavyour51@oracle.com
183,Gabby,Gounot,ggounot52@opensource.org
184,Blancha,Kryszkiecicz,bkryszkiecicz53@auda.org.au
185,Bobine,Billiard,bbilliard54@behance.net
186,Kelby,Fenix,kfenix55@vk.com
187,Vaughan,Overstreet,voverstreet56@usnews.com
188,Jesselyn,Woolnough,jwoolnough57@cam.ac.uk
189,Pietra,Ailsbury,pailsbury58@nytimes.com
190,Rici,Ashwin,rashwin59@scientificamerican.com
191,Doralynn,Cadore,dcadore5a@geocities.com
192,Silvan,Hynde,shynde5b@admin.ch
193,Federico,Bauduin,fbauduin5c@mozilla.com
194,Randy,Menure,rmenure5d@unc.edu
195,Astrix,Meriot,ameriot5e@miibeian.gov.cn
196,Toma,Beynke,tbeynke5f@diigo.com
197,Margi,Treleaven,mtreleaven5g@marketwatch.com
198,Lorain,Bullivant,lbullivant5h@technorati.com
199,Rolfe,Costard,rcostard5i@homestead.com
200,Manny,Dobeson,mdobeson5j@google.es
201,Celestine,Antognoni,cantognoni5k@google.co.jp
202,Kacy,Garoghan,kgaroghan5l@amazon.de
203,Tracey,Crauford,tcrauford5m@vkontakte.ru
204,Britney,Jansie,bjansie5n@dion.ne.jp
205,Harriette,Mullane,hmullane5o@slate.com
206,Eloisa,Davage,edavage5p@bandcamp.com
207,Frederik,Golly,fgolly5q@nydailynews.com
208,Parsifal,McLuckie,pmcluckie5r@ezinearticles.com
209,Oliy,Bowman,obowman5s@hostgator.com
210,Hubie,Cheetam,hcheetam5t@goo.gl
211,Frasquito,Iuorio,fiuorio5u@baidu.com
212,Rhodia,Dundridge,rdundridge5v@example.com
213,Isidoro,Ortas,iortas5w@nba.com
214,Daphene,Serot,dserot5x@utexas.edu
215,Alyse,Huckell,ahuckell5y@stumbleupon.com
216,Allan,Klousner,aklousner5z@amazon.de
217,Lisabeth,Wolfenden,lwolfenden60@japanpost.jp
218,Gage,Hegel,ghegel61@indiegogo.com
219,Billi,Ambrodi,bambrodi62@springer.com
220,Wallis,Hinkley,whinkley63@delicious.com
221,Phillie,McDermott-Row,pmcdermottrow64@cloudflare.com
222,Oralia,Duhig,oduhig65@un.org
223,Gert,Obell,gobell66@tamu.edu
224,Hastie,Lettson,hlettson67@ucoz.com
225,Burl,Skelcher,bskelcher68@uiuc.edu
226,Sawyer,Sayburn,ssayburn69@hibu.com
227,Karoly,Rapkins,krapkins6a@meetup.com
228,Cass,Wickie,cwickie6b@miibeian.gov.cn
229,Ailbert,Flannery,aflannery6c@ibm.com
230,Liz,Clemmitt,lclemmitt6d@t-online.de
231,Caron,Corck,ccorck6e@feedburner.com
232,Arlan,Yielding,ayielding6f@canalblog.com
233,Deirdre,Stollsteiner,dstollsteiner6g@seesaa.net
234,Benito,Dibb,bdibb6h@cnbc.com
235,Lyn,Mayworth,lmayworth6i@sohu.com
236,Holden,Arnholdt,harnholdt6j@weibo.com
237,Hollis,Tern,htern6k@cbsnews.com
238,Jesselyn,Clubley,jclubley6l@51.la
239,Devina,Coneley,dconeley6m@ezinearticles.com
240,Brande,Bramham,bbramham6n@amazon.de
241,Bernardine,Hadwick,bhadwick6o@mtv.com
242,Evania,Woodvine,ewoodvine6p@earthlink.net
243,Federica,Letterick,fletterick6q@digg.com
244,Drucie,McCord,dmccord6r@soundcloud.com
245,Augustin,Larham,alarham6s@slideshare.net
246,Ardella,Runnett,arunnett6t@berkeley.edu
247,Elfrieda,Colby,ecolby6u@ocn.ne.jp
248,Nolan,Wilfinger,nwilfinger6v@ifeng.com
249,Jolyn,Janssens,jjanssens6w@miitbeian.gov.cn
250,Grier,Fogg,gfogg6x@tripadvisor.com
251,Ivonne,Mothersdale,imothersdale6y@newyorker.com
252,Brander,Edelheid,bedelheid6z@google.co.jp
253,Genevra,Davenell,gdavenell70@geocities.com
254,Bryna,Bere,bbere71@google.com.au
255,Ailyn,Mallows,amallows72@wordpress.com
256,Cacilia,Spoward,cspoward73@rambler.ru
257,Tedmund,Rispen,trispen74@netlog.com
258,Tricia,Garrique,tgarrique75@usda.gov
259,Derek,Dawidowitz,ddawidowitz76@earthlink.net
260,Amalle,Calterone,acalterone77@a8.net
261,Merry,Barbey,mbarbey78@bloglovin.com
262,Gussy,Devine,gdevine79@gravatar.com
263,Carmine,Scutts,cscutts7a@angelfire.com
264,Tammie,Watting,twatting7b@liveinternet.ru
265,Brett,Joan,bjoan7c@flickr.com
266,Silvain,Capron,scapron7d@symantec.com
267,Marj,Pettifor,mpettifor7e@msu.edu
268,Norrie,Elloit,nelloit7f@statcounter.com
269,Malvin,Seear,mseear7g@dell.com
270,Filip,Eberst,feberst7h@miibeian.gov.cn
271,Marten,Yosevitz,myosevitz7i@npr.org
272,Karlene,Dick,kdick7j@prlog.org
273,Craggie,Liptrot,cliptrot7k@so-net.ne.jp
274,Marinna,Balas,mbalas7l@gmpg.org
275,Renie,de Banke,rdebanke7m@amazon.co.jp
276,Connie,Vaissiere,cvaissiere7n@blogs.com
277,Rand,Ambridge,rambridge7o@ifeng.com
278,Lavinia,Kingsbury,lkingsbury7p@posterous.com
279,Cinnamon,Kenright,ckenright7q@reference.com
280,Lucie,Riha,lriha7r@house.gov
281,Franzen,Tomley,ftomley7s@patch.com
282,Germain,Syms,gsyms7t@smugmug.com
283,Reider,Cordel,rcordel7u@angelfire.com
284,Annmaria,Drysdell,adrysdell7v@vk.com
285,Anitra,Budibent,abudibent7w@ucoz.ru
286,Oriana,Solway,osolway7x@ameblo.jp
287,Melisse,Doerling,mdoerling7y@storify.com
288,Zaria,Tripet,ztripet7z@dell.com
289,Giustina,Southall,gsouthall80@uol.com.br
290,Pauline,L'Hommeau,plhommeau81@fotki.com
291,Nicolle,Barkworth,nbarkworth82@mac.com
292,Shannan,Andersen,sandersen83@dyndns.org
293,Nolie,Lindenfeld,nlindenfeld84@delicious.com
294,Kirbie,Kinny,kkinny85@shutterfly.com
295,Abbe,Parnell,aparnell86@mashable.com
296,Alyss,Gland,agland87@webnode.com
297,Seana,Gentric,sgentric88@apache.org
298,Ricoriki,Cardenas,rcardenas89@usda.gov
299,Grady,Wrettum,gwrettum8a@omniture.com
300,Raine,Kleinert,rkleinert8b@discovery.com
301,Hubie,Herreros,hherreros8c@ihg.com
302,Jermaine,Fitzpatrick,jfitzpatrick8d@webs.com
303,Norene,Tice,ntice8e@ucla.edu
304,Hodge,Calwell,hcalwell8f@macromedia.com
305,Fairfax,Wileman,fwileman8g@jimdo.com
306,Kyla,Probate,kprobate8h@shop-pro.jp
307,Kordula,Calvard,kcalvard8i@gmpg.org
308,Kalina,Bunney,kbunney8j@desdev.cn
309,Shelia,Mennell,smennell8k@amazonaws.com
310,Shanta,Tout,stout8l@baidu.com
311,Lissa,Deport,ldeport8m@uol.com.br
312,Herschel,Pendleberry,hpendleberry8n@mayoclinic.com
313,Dulcea,Blazej,dblazej8o@si.edu
314,Robbie,Rickson,rrickson8p@psu.edu
315,Barb,Ellingford,bellingford8q@sciencedaily.com
316,Dorise,Stoppe,dstoppe8r@nsw.gov.au
317,Morissa,McFall,mmcfall8s@slate.com
318,Loni,Rolse,lrolse8t@paypal.com
319,Humbert,Ebbers,hebbers8u@google.it
320,Teresina,Sutherland,tsutherland8v@usatoday.com
321,Elyse,Heckle,eheckle8w@networkadvertising.org
322,Dinnie,Mandal,dmandal8x@irs.gov
323,Dorolice,Camacho,dcamacho8y@buzzfeed.com
324,Carolyne,Hoyt,choyt8z@privacy.gov.au
325,Forest,Yakhin,fyakhin90@prlog.org
326,Prentiss,Powys,ppowys91@xing.com
327,Frederik,Towndrow,ftowndrow92@china.com.cn
328,Aylmer,Raulston,araulston93@smh.com.au
329,Valerie,Peteri,vpeteri94@hud.gov
330,Adoree,Hartop,ahartop95@mac.com
331,Somerset,Disbrey,sdisbrey96@admin.ch
332,Gabie,Conti,gconti97@nba.com
333,Pierce,Mansell,pmansell98@cmu.edu
334,Aubrie,Tubridy,atubridy99@chicagotribune.com
335,Libbey,Frankes,lfrankes9a@wisc.edu
336,Wadsworth,Messham,wmessham9b@wsj.com
337,Danielle,Glasgow,dglasgow9c@arizona.edu
338,Babette,Smithend,bsmithend9d@nhs.uk
339,Harrie,Perfitt,hperfitt9e@bbb.org
340,Francoise,Banishevitz,fbanishevitz9f@blogtalkradio.com
341,Wallie,Ackermann,wackermann9g@friendfeed.com
342,Townie,Ca,tca9h@boston.com
343,Lyndel,Lemin,llemin9i@nationalgeographic.com
344,Gunter,Jacobson,gjacobson9j@gnu.org
345,Walther,Mularkey,wmularkey9k@php.net
346,Meryl,Gainsbury,mgainsbury9l@altervista.org
347,Elbertina,Spinella,espinella9m@google.com.au
348,Beverley,Brunton,bbrunton9n@ox.ac.uk
349,Elfie,Crellin,ecrellin9o@java.com
350,Mischa,Julien,mjulien9p@amazonaws.com
351,Derk,Filip,dfilip9q@discovery.com
352,Garfield,Cecchetelli,gcecchetelli9r@discovery.com
353,Reeva,Farington,rfarington9s@answers.com
354,Chicky,Mimmack,cmimmack9t@gov.uk
355,Ingram,Kubelka,ikubelka9u@gravatar.com
356,Costanza,Lendrem,clendrem9v@nymag.com
357,Sholom,Strickett,sstrickett9w@admin.ch
358,Phillis,Glasscock,pglasscock9x@dailymail.co.uk
359,Brigitte,Lillyman,blillyman9y@mashable.com
360,Kass,Mowlam,kmowlam9z@ask.com
361,Elbert,Lope,elopea0@unblog.fr
362,Worthy,Brunone,wbrunonea1@independent.co.uk
363,Rees,Wealthall,rwealthalla2@purevolume.com
364,Keene,Foro,kforoa3@skyrock.com
365,Carlee,Hurran,churrana4@wikimedia.org
366,Ruddie,Steen,rsteena5@unblog.fr
367,Rois,Conry,rconrya6@lycos.com
368,Chris,Banishevitz,cbanishevitza7@boston.com
369,Shanie,Summerlee,ssummerleea8@youku.com
370,Rochester,Stockton,rstocktona9@virginia.edu
371,Coleman,Silby,csilbyaa@stanford.edu
372,Layton,Shawdforth,lshawdforthab@mac.com
373,Dev,Batch,dbatchac@uol.com.br
374,Roldan,Endicott,rendicottad@house.gov
375,Laverna,Marshal,lmarshalae@facebook.com
376,Afton,Cheek,acheekaf@storify.com
377,Ulrikaumeko,Jizhaki,ujizhakiag@whitehouse.gov
378,Rasia,Ranscome,rranscomeah@uol.com.br
379,Jenna,Hasnip,jhasnipai@51.la
380,Alvis,Scardifeild,ascardifeildaj@odnoklassniki.ru
381,Norine,Poytres,npoytresak@loc.gov
382,Matilda,Wisniowski,mwisniowskial@free.fr
383,Donny,Lightoller,dlightolleram@liveinternet.ru
384,Sherrie,Gutridge,sgutridgean@t-online.de
385,Flossy,Basden,fbasdenao@exblog.jp
386,Ranee,Rigolle,rrigolleap@mail.ru
387,Thorsten,Dowden,tdowdenaq@devhub.com
388,Thelma,Sawyers,tsawyersar@yandex.ru
389,Audi,Isaacson,aisaacsonas@independent.co.uk
390,Nobie,Serrels,nserrelsat@icio.us
391,Paten,Vickars,pvickarsau@howstuffworks.com
392,Amandy,Kidsley,akidsleyav@nps.gov
393,Roxine,Moncey,rmonceyaw@si.edu
394,Lin,Ghost,lghostax@ustream.tv
395,Ferdinanda,Camelli,fcamelliay@wiley.com
396,Prent,Coyne,pcoyneaz@mac.com
397,Sterling,Forbes,sforbesb0@howstuffworks.com
398,Gweneth,Rooke,grookeb1@who.int
399,Jefferey,Brushfield,jbrushfieldb2@ted.com
400,Marie,Reide,mreideb3@craigslist.org
401,Agata,Norcutt,anorcuttb4@fotki.com
402,Auberon,Oldham,aoldhamb5@mediafire.com
403,Lucretia,Dimmack,ldimmackb6@google.com.br
404,Piotr,Daid,pdaidb7@multiply.com
405,Dorthy,Darnody,ddarnodyb8@webs.com
406,Victor,Langforth,vlangforthb9@liveinternet.ru
407,Gelya,Densell,gdensellba@live.com
408,Errol,Cosby,ecosbybb@paginegialle.it
409,Janie,Blacker,jblackerbc@multiply.com
410,Willetta,Olyfat,wolyfatbd@taobao.com
411,Lezley,MacMenemy,lmacmenemybe@paginegialle.it
412,Jasmina,Pollendine,jpollendinebf@opera.com
413,Verge,Conwell,vconwellbg@mit.edu
414,Baxter,Hackforth,bhackforthbh@canalblog.com
415,Alon,Parkman,aparkmanbi@bloglines.com
416,Cedric,Charters,cchartersbj@hp.com
417,Annabela,Swaffer,aswafferbk@cpanel.net
418,Elberta,Sphinxe,esphinxebl@meetup.com
419,Georgena,Anmore,ganmorebm@sciencedaily.com
420,Bobbette,Glasscott,bglasscottbn@pen.io
421,Sherlocke,Tacon,staconbo@webmd.com
422,Euell,Putten,eputtenbp@cpanel.net
423,My,Flescher,mflescherbq@google.de
424,Jo-anne,Girvan,jgirvanbr@github.io
425,Tarrah,Gilbee,tgilbeebs@imgur.com
426,Klarrisa,Czadla,kczadlabt@umn.edu
427,Meggy,Wimpey,mwimpeybu@mysql.com
428,Helenka,Knewstubb,hknewstubbbv@skyrock.com
429,Pauletta,Fabri,pfabribw@qq.com
430,Wallis,Hehnke,whehnkebx@blogs.com
431,Dionne,MacNeil,dmacneilby@cbsnews.com
432,Hilary,Kirtlan,hkirtlanbz@cloudflare.com
433,Jerrilee,Harragin,jharraginc0@amazon.co.jp
434,Dana,Scrange,dscrangec1@edublogs.org
435,Winston,Dobsons,wdobsonsc2@microsoft.com
436,Ilka,Halksworth,ihalksworthc3@oracle.com
437,Curtice,Cahani,ccahanic4@springer.com
438,Laurene,Dracksford,ldracksfordc5@yandex.ru
439,Georgeanne,Lankham,glankhamc6@imageshack.us
440,Buckie,Rimer,brimerc7@uiuc.edu
441,Elana,Hair,ehairc8@elpais.com
442,Alva,Stather,astatherc9@samsung.com
443,Carter,Humbert,chumbertca@pcworld.com
444,Leonanie,Llewellin,lllewellincb@unicef.org
445,Jannelle,Iremonger,jiremongercc@army.mil
446,Alfredo,Royse,aroysecd@jigsy.com
447,Doretta,Caulcutt,dcaulcuttce@hp.com
448,Marcel,St Pierre,mstpierrecf@amazon.de
449,Nye,Szwandt,nszwandtcg@toplist.cz
450,Kitti,Knights,kknightsch@bloglovin.com
451,Maren,Philpots,mphilpotsci@discuz.net
452,Davin,Fray,dfraycj@artisteer.com
453,Kimbell,Monte,kmonteck@storify.com
454,Baldwin,Janusz,bjanuszcl@virginia.edu
455,Osmund,Wiltshier,owiltshiercm@bandcamp.com
456,Selia,Jocelyn,sjocelyncn@dyndns.org
457,Ravid,Ure,rureco@exblog.jp
458,Kacey,Guido,kguidocp@weebly.com
459,Gregg,Holligan,gholligancq@huffingtonpost.com
460,Terrijo,Tabbernor,ttabbernorcr@hud.gov
461,Kendrick,Dolphin,kdolphincs@t.co
462,Lisbeth,Bearward,lbearwardct@4shared.com
463,Isaac,Kensington,ikensingtoncu@51.la
464,Riva,Cobbled,rcobbledcv@washingtonpost.com
465,Gusti,Scamaden,gscamadencw@nbcnews.com
466,Eugenie,McGreal,emcgrealcx@oracle.com
467,Bette-ann,Naulty,bnaultycy@jimdo.com
468,Madlen,Riddock,mriddockcz@whitehouse.gov
469,Stacey,Skamal,sskamald0@altervista.org
470,Gelya,Chattoe,gchattoed1@mozilla.com
471,Esta,Belasco,ebelascod2@drupal.org
472,Dari,Linturn,dlinturnd3@si.edu
473,Freddi,Redholes,fredholesd4@nhs.uk
474,Hannie,Riche,hriched5@sphinn.com
475,Markus,Fautly,mfautlyd6@intel.com
476,Roch,Adelsberg,radelsbergd7@acquirethisname.com
477,Aryn,Shoosmith,ashoosmithd8@salon.com
478,Chicky,Andino,candinod9@wufoo.com
479,Tandi,Sparrowe,tsparroweda@mtv.com
480,Elana,McMichan,emcmichandb@huffingtonpost.com
481,Gloriane,Samways,gsamwaysdc@joomla.org
482,Odetta,Gregoli,ogregolidd@howstuffworks.com
483,Janeta,Hawke,jhawkede@symantec.com
484,Brock,Kubek,bkubekdf@google.com
485,Bernadina,Forcer,bforcerdg@economist.com
486,Kamillah,Whitehouse,kwhitehousedh@apple.com
487,Cleo,Ellard,cellarddi@ustream.tv
488,Ortensia,Gouth,ogouthdj@usa.gov
489,Hort,Bosdet,hbosdetdk@washingtonpost.com
490,Bengt,Bortolini,bbortolinidl@examiner.com
491,Innis,Bronot,ibronotdm@chicagotribune.com
492,Raddy,Poppy,rpoppydn@wix.com
493,Bald,Aucott,baucottdo@unicef.org
494,Josh,De Lascy,jdelascydp@nationalgeographic.com
495,Don,Sambedge,dsambedgedq@redcross.org
496,Cirillo,Prazer,cprazerdr@woothemes.com
497,Jana,Stannering,jstanneringds@apple.com
498,Orrin,Callaway,ocallawaydt@rediff.com
499,Ranee,Lawday,rlawdaydu@blogs.com
500,Lynde,Styan,lstyandv@ow.ly
501,Robina,Garnam,rgarnamdw@youtu.be
502,Fania,Vannuccinii,fvannucciniidx@wikia.com
503,Corenda,Brundle,cbrundledy@alibaba.com
504,Barr,Cordel,bcordeldz@wix.com
505,Nerita,McGeraghty,nmcgeraghtye0@sina.com.cn
506,June,Rainon,jrainone1@1688.com
507,Ulla,McMechan,umcmechane2@seattletimes.com
508,Alvie,Westmacott,awestmacotte3@sohu.com
509,Justinian,Laurent,jlaurente4@twitter.com
510,Clayborne,Ireland,cirelande5@sina.com.cn
511,Nickey,Parrish,nparrishe6@gravatar.com
512,Lizbeth,Mathissen,lmathissene7@dailymotion.com
513,Leena,McGlew,lmcglewe8@buzzfeed.com
514,Clementine,Vasyunkin,cvasyunkine9@webnode.com
515,Shelli,Ellaman,sellamanea@arizona.edu
516,Sandie,Doudny,sdoudnyeb@soundcloud.com
517,Graeme,Godthaab,ggodthaabec@soundcloud.com
518,Nicole,Dibb,ndibbed@google.co.uk
519,Roselle,Waddy,rwaddyee@furl.net
520,Adeline,Warn,awarnef@mozilla.com
521,Rachel,Smitheman,rsmithemaneg@deliciousdays.com
522,Godfree,Coton,gcotoneh@tinypic.com
523,Kenon,Abdy,kabdyei@bloglovin.com
524,Mohammed,Blackburne,mblackburneej@ocn.ne.jp
525,Anatole,Bilsborrow,abilsborrowek@digg.com
526,Ainslee,Lyptratt,alyptrattel@washington.edu
527,Ronda,Onslow,ronslowem@blogtalkradio.com
528,Dasha,Lissandrini,dlissandrinien@ocn.ne.jp
529,Delmer,Mundford,dmundfordeo@usda.gov
530,Frannie,Curtis,fcurtisep@skyrock.com
531,Niles,Rushmare,nrushmareeq@cbslocal.com
532,Tarah,Hembery,themberyer@pen.io
533,Gwendolen,Forestall,gforestalles@wikispaces.com
534,Byron,Bentinck,bbentincket@google.it
535,Shellysheldon,Sutherley,ssutherleyeu@yandex.ru
536,Feliza,Saundercock,fsaundercockev@java.com
537,Manfred,Silverthorne,msilverthorneew@paginegialle.it
538,Rolland,Ovell,rovellex@gmpg.org
539,Cherise,Glastonbury,cglastonburyey@reverbnation.com
540,Chiquia,Stretton,cstrettonez@constantcontact.com
541,Denise,Wigfield,dwigfieldf0@dion.ne.jp
542,Reilly,Paulou,rpaulouf1@dedecms.com
543,Maurizia,Stafford,mstaffordf2@cam.ac.uk
544,Nevsa,Paiton,npaitonf3@etsy.com
545,Trey,Lasty,tlastyf4@springer.com
546,Rhea,Nickels,rnickelsf5@yellowpages.com
547,Eal,Luetchford,eluetchfordf6@wsj.com
548,Samaria,Twyning,stwyningf7@yelp.com
549,Zane,Burberry,zburberryf8@admin.ch
550,Franny,Jakov,fjakovf9@nytimes.com
551,Agnese,Ziems,aziemsfa@cloudflare.com
552,Pauly,Ferrarini,pferrarinifb@reuters.com
553,Nannie,Wolseley,nwolseleyfc@desdev.cn
554,Vinnie,Eytel,veytelfd@joomla.org
555,Alina,Canario,acanariofe@slideshare.net
556,Zonda,Vineall,zvineallff@theglobeandmail.com
557,Artair,Kliment,aklimentfg@europa.eu
558,Ashley,Bartolommeo,abartolommeofh@cnn.com
559,Carroll,Pipping,cpippingfi@nbcnews.com
560,Bernadette,Kanwell,bkanwellfj@ucoz.com
561,Adan,Findlay,afindlayfk@shop-pro.jp
562,Alphard,Klimschak,aklimschakfl@joomla.org
563,Reyna,Romanelli,rromanellifm@netlog.com
564,Homerus,Thorsby,hthorsbyfn@blog.com
565,Craig,Camamill,ccamamillfo@oaic.gov.au
566,Johnny,Dalgliesh,jdalglieshfp@myspace.com
567,Tobi,Scarlan,tscarlanfq@mozilla.com
568,Shaun,Elderidge,selderidgefr@buzzfeed.com
569,Randi,Jefferd,rjefferdfs@nytimes.com
570,Judon,Tewelson,jtewelsonft@fema.gov
571,Dionis,Cockerton,dcockertonfu@microsoft.com
572,Jennica,Arsey,jarseyfv@thetimes.co.uk
573,Lettie,Hilling,lhillingfw@cyberchimps.com
574,Jefferson,Yellop,jyellopfx@cnn.com
575,Maurie,Gill,mgillfy@archive.org
576,Emmaline,Nornable,enornablefz@wsj.com
577,Marie-ann,Ripper,mripperg0@comsenz.com
578,Clerkclaude,Coppens,ccoppensg1@nhs.uk
579,Christean,Ballin,cballing2@blogspot.com
580,Elka,Pullen,epulleng3@china.com.cn
581,Diena,Skala,dskalag4@columbia.edu
582,Merline,Fernely,mfernelyg5@netlog.com
583,Shell,Iacoviello,siacoviellog6@imdb.com
584,Priscilla,Tuite,ptuiteg7@businessinsider.com
585,Norah,Telling,ntellingg8@moonfruit.com
586,Clio,Brendish,cbrendishg9@biglobe.ne.jp
587,Garwin,Waldera,gwalderaga@icq.com
588,Mari,Grigolashvill,mgrigolashvillgb@spotify.com
589,Coriss,Laurenson,claurensongc@gov.uk
590,Cammi,Niesing,cniesinggd@irs.gov
591,Oswell,Dolle,odollege@ted.com
592,Elston,Probin,eprobingf@zdnet.com
593,Sibby,Eller,sellergg@plala.or.jp
594,Darrell,Perrin,dperringh@icq.com
595,Tad,Flohard,tflohardgi@studiopress.com
596,Lawry,Pearce,lpearcegj@gmpg.org
597,Lyndy,Umbert,lumbertgk@virginia.edu
598,Odell,Itshak,oitshakgl@facebook.com
599,Adolpho,Bohlmann,abohlmanngm@wired.com
600,Kienan,Gorner,kgornergn@reuters.com
601,Pearla,Tweddell,ptweddellgo@1und1.de
602,Paten,Lowes,plowesgp@engadget.com
603,Cassey,Lissaman,clissamangq@house.gov
604,Adina,Slemming,aslemminggr@blogtalkradio.com
605,Kellen,Cashen,kcashengs@gov.uk
606,Jeanelle,Gedney,jgedneygt@kickstarter.com
607,Cesya,Kinchley,ckinchleygu@bing.com
608,Imogene,Mellers,imellersgv@nps.gov
609,Hedy,Hanbury-Brown,hhanburybrowngw@addthis.com
610,Abbe,Henderson,ahendersongx@wired.com
611,Griswold,Wyles,gwylesgy@last.fm
612,Belicia,MacKaile,bmackailegz@digg.com
613,Sumner,Aimson,saimsonh0@sphinn.com
614,Gaston,Bucham,gbuchamh1@webnode.com
615,Randell,Dacres,rdacresh2@feedburner.com
616,Tedmund,McCutheon,tmccutheonh3@un.org
617,Cathlene,Sargood,csargoodh4@usatoday.com
618,Vic,Barby,vbarbyh5@youku.com
619,Morten,Iley,mileyh6@vkontakte.ru
620,Fredrick,Fearnall,ffearnallh7@earthlink.net
621,Garwood,Reijmers,greijmersh8@tumblr.com
622,Osbourne,Crutch,ocrutchh9@gravatar.com
623,Karolina,Gooderidge,kgooderidgeha@aboutads.info
624,Laurent,McAvey,lmcaveyhb@sogou.com
625,Pancho,Yeudall,pyeudallhc@blogs.com
626,Erinna,Stango,estangohd@eepurl.com
627,Annadiana,Ambrogi,aambrogihe@unblog.fr
628,Erastus,Copnall,ecopnallhf@imdb.com
629,Cristiano,Irnis,cirnishg@booking.com
630,Tally,Todhunter,ttodhunterhh@surveymonkey.com
631,Gardy,Gasperi,ggasperihi@fda.gov
632,Margaretha,Tirrell,mtirrellhj@marriott.com
633,Garrek,Dampney,gdampneyhk@sohu.com
634,Tierney,Pape,tpapehl@uol.com.br
635,Giusto,Blanko,gblankohm@census.gov
636,Foster,Dowey,fdoweyhn@studiopress.com
637,Emory,Woolveridge,ewoolveridgeho@newyorker.com
638,Johan,Mandrier,jmandrierhp@weibo.com
639,Baxie,Blue,bbluehq@hao123.com
640,Angelo,Possell,apossellhr@posterous.com
641,Netta,Covill,ncovillhs@forbes.com
642,Gweneth,Connick,gconnickht@globo.com
643,Briney,Moorman,bmoormanhu@cbslocal.com
644,Brenna,Gullis,bgullishv@google.co.jp
645,Kirsti,Suston,ksustonhw@sciencedaily.com
646,Torin,Nutbeem,tnutbeemhx@shop-pro.jp
647,Merle,Ensor,mensorhy@newyorker.com
648,Marty,Bunney,mbunneyhz@infoseek.co.jp
649,Van,Asken,vaskeni0@dailymotion.com
650,Lincoln,Scipsey,lscipseyi1@un.org
651,Gaven,Granger,ggrangeri2@dailymail.co.uk
652,Karney,Verden,kverdeni3@gnu.org
653,Birdie,Campbell,bcampbelli4@wired.com
654,Miran,Tregido,mtregidoi5@ezinearticles.com
655,Kelby,Sussams,ksussamsi6@guardian.co.uk
656,Hortense,Ziemen,hziemeni7@twitpic.com
657,Dorie,Joberne,djobernei8@sitemeter.com
658,Berkeley,Melmore,bmelmorei9@discuz.net
659,Godart,Cicchitello,gcicchitelloia@java.com
660,Tatum,Willas,twillasib@multiply.com
661,Harmon,Bakhrushin,hbakhrushinic@addthis.com
662,Karleen,Maplestone,kmaplestoneid@ft.com
663,Adi,Rubinow,arubinowie@artisteer.com
664,Traci,Rumsey,trumseyif@vkontakte.ru
665,Venita,Bonfield,vbonfieldig@elegantthemes.com
666,Angelle,Ellsbury,aellsburyih@weather.com
667,Hilliard,Beadon,hbeadonii@wp.com
668,Vania,Friedenbach,vfriedenbachij@topsy.com
669,Bengt,April,baprilik@sourceforge.net
670,Trula,Knevet,tknevetil@jalbum.net
671,Evin,Heliot,eheliotim@harvard.edu
672,Ichabod,Cantillion,icantillionin@psu.edu
673,Sibylla,Trueman,struemanio@github.com
674,Elizabeth,Grimshaw,egrimshawip@shinystat.com
675,Kaylee,Matokhnin,kmatokhniniq@nps.gov
676,Alysa,Clyburn,aclyburnir@hud.gov
677,Yorgos,Rundall,yrundallis@taobao.com
678,Gusti,Brabbs,gbrabbsit@ca.gov
679,Ichabod,Leynham,ileynhamiu@addtoany.com
680,Shawnee,Gahan,sgahaniv@va.gov
681,Lion,Oxbury,loxburyiw@webnode.com
682,Bobette,Joseff,bjoseffix@rediff.com
683,Tim,Fawcus,tfawcusiy@harvard.edu
684,Langston,Mustin,lmustiniz@google.com.hk
685,Pauli,Horbath,phorbathj0@yellowbook.com
686,Marietta,Rawsen,mrawsenj1@wp.com
687,Terence,Jennick,tjennickj2@amazon.co.uk
688,Pammy,Timothy,ptimothyj3@bigcartel.com
689,Adriena,Klimaszewski,aklimaszewskij4@google.ca
690,Judd,Jozefowicz,jjozefowiczj5@latimes.com
691,Verile,Beel,vbeelj6@arizona.edu
692,Norman,Atteridge,natteridgej7@google.ru
693,Ban,Naisbet,bnaisbetj8@state.tx.us
694,Stevena,Gallienne,sgalliennej9@businessweek.com
695,Giorgio,Briatt,gbriattja@census.gov
696,Nettle,Delagua,ndelaguajb@fotki.com
697,Rosco,Measor,rmeasorjc@digg.com
698,Gustav,Duffill,gduffilljd@cisco.com
699,Ignace,Mandal,imandalje@purevolume.com
700,Jedidiah,Ewenson,jewensonjf@phpbb.com
701,Nadine,Kellen,nkellenjg@dyndns.org
702,Emmalynne,Baude,ebaudejh@rakuten.co.jp
703,Ichabod,Stubbeley,istubbeleyji@cloudflare.com
704,Elsie,Canty,ecantyjj@phoca.cz
705,Mariana,Iannelli,miannellijk@sohu.com
706,Murdoch,Hamstead,mhamsteadjl@php.net
707,Farlee,Dawtre,fdawtrejm@hhs.gov
708,Nerissa,Kimber,nkimberjn@oaic.gov.au
709,Gardie,Tumasian,gtumasianjo@example.com
710,Sherie,Jaggard,sjaggardjp@bloglines.com
711,Jareb,Tye,jtyejq@cnn.com
712,Cirillo,Musprat,cmuspratjr@dot.gov
713,Lucita,Faulkener,lfaulkenerjs@answers.com
714,Selena,Tregaskis,stregaskisjt@e-recht24.de
715,Katrina,Eyton,keytonju@apache.org
716,Peggi,Cabrera,pcabrerajv@spiegel.de
717,Isak,Odney,iodneyjw@bbc.co.uk
718,Bradley,Witul,bwituljx@redcross.org
719,Frederique,Bagley,fbagleyjy@indiatimes.com
720,Jinny,Learmount,jlearmountjz@uol.com.br
721,Lorette,Dilrew,ldilrewk0@parallels.com
722,Fabe,Jex,fjexk1@tinyurl.com
723,Brenn,Tchaikovsky,btchaikovskyk2@phoca.cz
724,Dennis,Naldrett,dnaldrettk3@miibeian.gov.cn
725,Chester,Brimilcombe,cbrimilcombek4@amazon.de
726,Fields,Mazin,fmazink5@mysql.com
727,Chelsy,Wooller,cwoollerk6@foxnews.com
728,Yehudi,Doughtery,ydoughteryk7@t-online.de
729,Willy,Robardley,wrobardleyk8@liveinternet.ru
730,Kerry,Akett,kakettk9@ed.gov
731,Karlee,Begley,kbegleyka@cocolog-nifty.com
732,Tobias,Reucastle,treucastlekb@csmonitor.com
733,Krissy,Hadleigh,khadleighkc@lulu.com
734,Rosabella,Southouse,rsouthousekd@seattletimes.com
735,Venita,Patnelli,vpatnellike@infoseek.co.jp
736,Clarice,Absolon,cabsolonkf@sbwire.com
737,Lavena,Cantera,lcanterakg@creativecommons.org
738,Dael,Luney,dluneykh@npr.org
739,Filmer,Aksell,faksellki@soup.io
740,Shirline,Liles,slileskj@chron.com
741,Bertrando,Wakeman,bwakemankk@free.fr
742,Arlan,Cassel,acasselkl@ox.ac.uk
743,Skip,Drohan,sdrohankm@sciencedirect.com
744,Evangelia,Bezemer,ebezemerkn@yale.edu
745,Lamont,Vaughan-Hughes,lvaughanhughesko@mit.edu
746,Elsinore,Buard,ebuardkp@pbs.org
747,Ginnie,Huerta,ghuertakq@wordpress.org
748,Pepito,Hainge,phaingekr@amazon.com
749,Claudette,Lehrer,clehrerks@hatena.ne.jp
750,Jacky,Pringuer,jpringuerkt@sbwire.com
751,Agace,Tilney,atilneyku@phpbb.com
752,Tillie,Wayt,twaytkv@gizmodo.com
753,Spencer,Alway,salwaykw@blogger.com
754,Hasty,Waghorne,hwaghornekx@google.co.uk
755,Ruddy,Southall,rsouthallky@slate.com
756,Nathanial,Killwick,nkillwickkz@jugem.jp
757,Hildy,McCaig,hmccaigl0@cnn.com
758,Connor,Synan,csynanl1@nsw.gov.au
759,Lanie,Warden,lwardenl2@deliciousdays.com
760,Giorgi,McClay,gmcclayl3@live.com
761,Thorin,Ambrogelli,tambrogellil4@zimbio.com
762,Alex,Hoy,ahoyl5@barnesandnoble.com
763,Constanta,Barhims,cbarhimsl6@smugmug.com
764,Shanna,Calan,scalanl7@umn.edu
765,Danyelle,Stonestreet,dstonestreetl8@paypal.com
766,Cherie,Owlner,cowlnerl9@yelp.com
767,Arri,Pedrick,apedrickla@forbes.com
768,Klemens,Keep,kkeeplb@ycombinator.com
769,Adriana,Beat,abeatlc@china.com.cn
770,Marja,Shiers,mshiersld@so-net.ne.jp
771,Stanfield,Matyas,smatyasle@europa.eu
772,Nana,Housego,nhousegolf@imdb.com
773,Raynard,Dibden,rdibdenlg@sciencedirect.com
774,Nelia,Jerok,njeroklh@redcross.org
775,Mignonne,McClements,mmcclementsli@sbwire.com
776,Cord,Aguirrezabala,caguirrezabalalj@bandcamp.com
777,Lucila,Corbould,lcorbouldlk@about.me
778,Claudina,Dufoure,cdufourell@marriott.com
779,Mallorie,Tommasetti,mtommasettilm@marketwatch.com
780,Siobhan,Tison,stisonln@qq.com
781,Leone,Preedy,lpreedylo@comsenz.com
782,Lorenza,Gartery,lgarterylp@nasa.gov
783,Weber,Malafe,wmalafelq@about.com
784,Rockey,Pechold,rpecholdlr@ocn.ne.jp
785,Brady,MacKnight,bmacknightls@lulu.com
786,Jacquelyn,Alger,jalgerlt@google.fr
787,Berkly,Booy,bbooylu@dell.com
788,Rollin,Luten,rlutenlv@state.gov
789,Fawne,McDonell,fmcdonelllw@tumblr.com
790,Zelig,Flasby,zflasbylx@apple.com
791,Morganica,Gingedale,mgingedalely@jugem.jp
792,Lorri,Goodier,lgoodierlz@army.mil
793,Tamra,Duckworth,tduckworthm0@slate.com
794,Gypsy,Gianetti,ggianettim1@accuweather.com
795,Kerwin,Jimmison,kjimmisonm2@creativecommons.org
796,Bill,Urlich,burlichm3@domainmarket.com
797,Lauralee,Biddleston,lbiddlestonm4@taobao.com
798,Abagael,Maevela,amaevelam5@jiathis.com
799,Tiffanie,McIntosh,tmcintoshm6@tinyurl.com
800,Kerwin,Maffia,kmaffiam7@biblegateway.com
801,Markos,Dawbury,mdawburym8@oaic.gov.au
802,Sisely,Bestall,sbestallm9@discovery.com
803,Robert,Klimentov,rklimentovma@github.io
804,Dulcy,Seleway,dselewaymb@wordpress.com
805,Emlyn,Dyster,edystermc@seesaa.net
806,Esme,Jorck,ejorckmd@cnn.com
807,Prent,Farleigh,pfarleighme@wordpress.com
808,Decca,Gatling,dgatlingmf@amazon.de
809,Ax,Birdsey,abirdseymg@skype.com
810,Aggi,Darrach,adarrachmh@wikispaces.com
811,Beitris,Bianco,bbiancomi@noaa.gov
812,Zelig,Piotr,zpiotrmj@msu.edu
813,Costa,Ciccarelli,cciccarellimk@icq.com
814,Catie,Mapp,cmappml@cmu.edu
815,Trude,Vasiljevic,tvasiljevicmm@topsy.com
816,Cammi,Ovington,covingtonmn@myspace.com
817,Derwin,Dealy,ddealymo@devhub.com
818,Osmund,Salterne,osalternemp@shop-pro.jp
819,Humbert,Aicheson,haichesonmq@acquirethisname.com
820,Nanete,Kirwan,nkirwanmr@utexas.edu
821,Win,Grimmert,wgrimmertms@elegantthemes.com
822,Alasteir,Chern,achernmt@51.la
823,Simeon,Chalke,schalkemu@slate.com
824,Claude,Powton,cpowtonmv@wp.com
825,Merrick,Alban,malbanmw@wired.com
826,Shaw,Meates,smeatesmx@ezinearticles.com
827,Salvatore,Goldsby,sgoldsbymy@shinystat.com
828,Karlik,McGrowther,kmcgrowthermz@booking.com
829,Hartley,Tills,htillsn0@auda.org.au
830,Ive,Dibner,idibnern1@mediafire.com
831,Joane,Crinage,jcrinagen2@cnbc.com
832,Janot,Blanchet,jblanchetn3@a8.net
833,Layney,Cobleigh,lcobleighn4@liveinternet.ru
834,Pansy,Loncaster,ploncastern5@china.com.cn
835,Edin,Eydel,eeydeln6@deliciousdays.com
836,Neils,Kinvig,nkinvign7@bigcartel.com
837,Hynda,Belch,hbelchn8@webmd.com
838,Pauline,Mosdill,pmosdilln9@mapquest.com
839,Debbie,Sirr,dsirrna@xrea.com
840,Olva,Canner,ocannernb@sina.com.cn
841,Nonah,Leif,nleifnc@privacy.gov.au
842,Georgena,Slingsby,gslingsbynd@independent.co.uk
843,Gui,Butson,gbutsonne@bluehost.com
844,Tabbitha,Langan,tlangannf@addtoany.com
845,Marylin,Howse,mhowseng@businessweek.com
846,Rose,Dorney,rdorneynh@flickr.com
847,Joe,Lahrs,jlahrsni@slideshare.net
848,Towney,Herley,therleynj@ifeng.com
849,Aubrie,Ewbanche,aewbanchenk@forbes.com
850,Barry,Kellart,bkellartnl@histats.com
851,Freddie,Catto,fcattonm@engadget.com
852,Nero,Whye,nwhyenn@marketwatch.com
853,Anjanette,Ferres,aferresno@state.tx.us
854,Heinrik,Humby,hhumbynp@elegantthemes.com
855,Harper,Decourcy,hdecourcynq@dion.ne.jp
856,Lynna,Mc Giffin,lmcgiffinnr@myspace.com
857,Christin,Weavill,cweavillns@yahoo.co.jp
858,Caye,Massei,cmasseint@webnode.com
859,Vassily,Devenport,vdevenportnu@prlog.org
860,Edvard,Folkerts,efolkertsnv@illinois.edu
861,Marybelle,Bakeup,mbakeupnw@xrea.com
862,Conan,Klampt,cklamptnx@ifeng.com
863,Leta,Deporte,ldeporteny@slideshare.net
864,Meaghan,Loveday,mlovedaynz@economist.com
865,Milissent,Halgarth,mhalgartho0@wiley.com
866,Nanci,Eldredge,neldredgeo1@wordpress.org
867,Ludwig,Shoobridge,lshoobridgeo2@reverbnation.com
868,Chadd,Fairnington,cfairningtono3@jugem.jp
869,Agatha,Franzolini,afranzolinio4@1688.com
870,Beaufort,Forward,bforwardo5@earthlink.net
871,Tera,Serchwell,tserchwello6@yelp.com
872,Gianni,Hubback,ghubbacko7@va.gov
873,Lilia,Stirrip,lstirripo8@4shared.com
874,Jorey,MacFie,jmacfieo9@macromedia.com
875,Henry,Clyne,hclyneoa@upenn.edu
876,Antonie,Cleminshaw,acleminshawob@youtube.com
877,Red,Pietersen,rpietersenoc@blogger.com
878,Titus,Wilsdon,twilsdonod@php.net
879,Peyton,Grief,pgriefoe@blogspot.com
880,Junina,Fitzsymonds,jfitzsymondsof@house.gov
881,Reuven,Alten,raltenog@mysql.com
882,Sidoney,Cudbertson,scudbertsonoh@wix.com
883,Brook,Jewster,bjewsteroi@senate.gov
884,Holmes,Palmby,hpalmbyoj@github.io
885,Sullivan,Arboine,sarboineok@eventbrite.com
886,Laina,Boutcher,lboutcherol@tinypic.com
887,Gabbi,Bransdon,gbransdonom@alibaba.com
888,Francklin,Markwick,fmarkwickon@examiner.com
889,Sheeree,Parrot,sparrotoo@cbsnews.com
890,Alli,Stenyng,astenyngop@barnesandnoble.com
891,Julianna,Goghin,jgoghinoq@sakura.ne.jp
892,Allyn,Golston,agolstonor@unicef.org
893,Kaila,Denge,kdengeos@vkontakte.ru
894,Flora,Kinnard,fkinnardot@nbcnews.com
895,Eb,Gerok,egerokou@cnn.com
896,Kimberley,Wilber,kwilberov@timesonline.co.uk
897,Johnathon,Gormally,jgormallyow@mapy.cz
898,Cecilius,Whimp,cwhimpox@squarespace.com
899,Aura,Longley,alongleyoy@cafepress.com
900,Donielle,Blackburn,dblackburnoz@paypal.com
901,Dawn,Newling,dnewlingp0@marketwatch.com
902,Cleveland,Sandes,csandesp1@twitter.com
903,Kaine,Chelam,kchelamp2@so-net.ne.jp
904,Louie,Duckworth,lduckworthp3@squarespace.com
905,Tiena,Calyton,tcalytonp4@unc.edu
906,Ira,Cavozzi,icavozzip5@creativecommons.org
907,Ritchie,MacAscaidh,rmacascaidhp6@globo.com
908,Esteban,Dominico,edominicop7@kickstarter.com
909,Janice,de Clerc,jdeclercp8@list-manage.com
910,Stanford,Crellim,screllimp9@ocn.ne.jp
911,Karney,Jedrachowicz,kjedrachowiczpa@intel.com
912,Shawna,Bolver,sbolverpb@plala.or.jp
913,Randell,Vannucci,rvannuccipc@webs.com
914,Orbadiah,Gullis,ogullispd@berkeley.edu
915,Molly,Skule,mskulepe@bbb.org
916,Damian,Kernan,dkernanpf@issuu.com
917,Broddie,Pound,bpoundpg@tiny.cc
918,Vincenty,Groomebridge,vgroomebridgeph@tripadvisor.com
919,Therese,Thomkins,tthomkinspi@people.com.cn
920,Nesta,Blune,nblunepj@craigslist.org
921,Dalia,Tunnoch,dtunnochpk@miitbeian.gov.cn
922,Julianne,Davet,jdavetpl@surveymonkey.com
923,Darleen,Heathorn,dheathornpm@wsj.com
924,Letisha,Culkin,lculkinpn@icio.us
925,Brittne,Blanchard,bblanchardpo@mapquest.com
926,Neill,Bryns,nbrynspp@timesonline.co.uk
927,Tull,Nemchinov,tnemchinovpq@tuttocitta.it
928,Pansie,Colnet,pcolnetpr@telegraph.co.uk
929,Kelvin,Tribe,ktribeps@amazon.co.uk
930,Gaile,Burrill,gburrillpt@gravatar.com
931,Lanita,Cormode,lcormodepu@aol.com
932,Lucias,Swabey,lswabeypv@si.edu
933,Durward,Klazenga,dklazengapw@gizmodo.com
934,Sonnie,Hallowell,shallowellpx@ebay.com
935,Elbert,Bartlam,ebartlampy@sogou.com
936,Marjy,Castille,mcastillepz@princeton.edu
937,Tomlin,McDoual,tmcdoualq0@arizona.edu
938,Suki,Hoonahan,shoonahanq1@bloomberg.com
939,Sonni,Volcker,svolckerq2@amazonaws.com
940,Sibel,Adiscot,sadiscotq3@moonfruit.com
941,Martha,Bronot,mbronotq4@army.mil
942,Deina,Corthes,dcorthesq5@360.cn
943,Alanson,Jolin,ajolinq6@github.io
944,Frankie,Asprey,faspreyq7@dion.ne.jp
945,Candy,Blaisdell,cblaisdellq8@usgs.gov
946,Alisa,Spafford,aspaffordq9@techcrunch.com
947,Ricki,Levington,rlevingtonqa@narod.ru
948,Derron,Gilstin,dgilstinqb@icio.us
949,Mareah,Brimman,mbrimmanqc@rediff.com
950,Larisa,Andriveau,landriveauqd@freewebs.com
951,Starla,Balchin,sbalchinqe@epa.gov
952,Reta,Oiller,roillerqf@eepurl.com
953,Ruben,Gatcliff,rgatcliffqg@theglobeandmail.com
954,Jany,Engelmann,jengelmannqh@posterous.com
955,Sinclare,Valett,svalettqi@zimbio.com
956,Marilyn,Twamley,mtwamleyqj@google.es
957,Harcourt,Badby,hbadbyqk@posterous.com
958,Alonso,O'Gormley,aogormleyql@apple.com
959,Konstantin,Hafner,khafnerqm@amazon.de
960,Grannie,Bitcheno,gbitchenoqn@weibo.com
961,Kyle,Northam,knorthamqo@jiathis.com
962,Alvera,Gutridge,agutridgeqp@examiner.com
963,Patrizio,Bosch,pboschqq@nba.com
964,Anica,Fasson,afassonqr@hc360.com
965,Pattin,Cuniffe,pcuniffeqs@ucla.edu
966,Kathryne,Landells,klandellsqt@irs.gov
967,Remington,Hassin,rhassinqu@w3.org
968,Heidie,Akehurst,hakehurstqv@ask.com
969,Siobhan,Bugdall,sbugdallqw@virginia.edu
970,Tracey,Sadler,tsadlerqx@mapquest.com
971,Lyssa,Crump,lcrumpqy@chron.com
972,Hope,MacGeaney,hmacgeaneyqz@trellian.com
973,Mitchell,McCreagh,mmccreaghr0@auda.org.au
974,Rayner,Illem,rillemr1@who.int
975,Herold,Skerme,hskermer2@whitehouse.gov
976,Ellynn,Lettington,elettingtonr3@fc2.com
977,Leonard,Louw,llouwr4@exblog.jp
978,Gianni,Golland,ggollandr5@multiply.com
979,Licha,Leban,llebanr6@earthlink.net
980,Tony,Coping,tcopingr7@opensource.org
981,Alayne,Trippick,atrippickr8@psu.edu
982,Hilary,Kebell,hkebellr9@psu.edu
983,Hannah,McDonnell,hmcdonnellra@ft.com
984,Adolpho,Cypler,acyplerrb@si.edu
985,Fairleigh,Di Matteo,fdimatteorc@phoca.cz
986,Stacey,Kiggel,skiggelrd@mysql.com
987,Courtney,Presdie,cpresdiere@domainmarket.com
988,Jarrod,Josephs,jjosephsrf@ustream.tv
989,Aurlie,Purse,apurserg@scribd.com
990,Lois,Castellani,lcastellanirh@redcross.org
991,Roselia,Frankum,rfrankumri@homestead.com
992,Jodee,Hamshar,jhamsharrj@slideshare.net
993,Blondelle,Eynald,beynaldrk@yelp.com
994,Malorie,Spicer,mspicerrl@nydailynews.com
995,Minda,Davidwitz,mdavidwitzrm@bigcartel.com
996,Gaynor,Eastope,geastopern@wufoo.com
997,Godard,Kimblin,gkimblinro@si.edu
998,Kleon,Browett,kbrowettrp@examiner.com
999,Demott,Spanton,dspantonrq@bluehost.com
1000,Wells,Rozsa,wrozsarr@netscape.com
