id,first_name,last_name,email
1,Lindsey,Batistelli,lbatistelli0@twitpic.com
2,Emmerich,Jakubovits,ejakubovits1@wordpress.org
3,Geordie,Spier,gspier2@microsoft.com
4,Kattie,Menary,kmenary3@go.com
5,Mabelle,Serck,mserck4@taobao.com
6,Bab,Murfin,bmurfin5@de.vu
7,Emera,Wolfenden,ewolfenden6@tripod.com
8,Reinaldos,Craisford,rcraisford7@merriam-webster.com
9,Viv,Constant,vconstant8@cafepress.com
10,Ailsun,Landsman,alandsman9@miibeian.gov.cn
11,Bobbie,Bricklebank,bbricklebanka@bing.com
12,Merissa,Ellison,mellisonb@uiuc.edu
13,Jethro,Cradock,jcradockc@phpbb.com
14,Edsel,Muckart,emuckartd@craigslist.org
15,Elfreda,Wicklen,ewicklene@dailymotion.com
16,Erskine,Fosh,efoshf@umich.edu
17,Guthry,Gallymore,ggallymoreg@booking.com
18,Rodger,Gluyus,rgluyush@digg.com
19,Roberta,Danher,rdanheri@wiley.com
20,Channa,Paddy,cpaddyj@bizjournals.com
21,Eduino,Le Surf,elesurfk@nature.com
22,Hart,Lukas,hlukasl@bloglines.com
23,Angie,Ruckman,aruckmanm@bandcamp.com
24,Ryley,Kaye,rkayen@hexun.com
25,Jayme,Arnull,jarnullo@dot.gov
26,Wallace,Standidge,wstandidgep@wufoo.com
27,Tiebold,McGregor,tmcgregorq@prnewswire.com
28,Barth,Rand,brandr@ted.com
29,Stacy,Brignell,sbrignells@time.com
30,Alicea,Antrack,aantrackt@reddit.com
31,Giralda,Thornber,gthornberu@nsw.gov.au
32,Georgeta,Housden,ghousdenv@oracle.com
33,Gerhard,Mara,gmaraw@booking.com
34,Melisa,Boake,mboakex@weather.com
35,Silvan,Tuckie,stuckiey@skype.com
36,Tasia,Cockerill,tcockerillz@harvard.edu
37,Giovanna,Duiged,gduiged10@harvard.edu
38,Christi,Kleisle,ckleisle11@hubpages.com
39,Hebert,Creasey,hcreasey12@smugmug.com
40,Meara,Filewood,mfilewood13@hao123.com
41,Lelah,MacDearmaid,lmacdearmaid14@foxnews.com
42,Butch,Stenner,bstenner15@nyu.edu
43,Rey,Raynes,rraynes16@domainmarket.com
44,Sutherlan,Trowl,strowl17@fastcompany.com
45,Ede,Whale,ewhale18@pagesperso-orange.fr
46,Lauraine,Kilshaw,lkilshaw19@nbcnews.com
47,Britte,Eastman,beastman1a@washington.edu
48,Ewen,Jonah,ejonah1b@disqus.com
49,Philip,Gisbourn,pgisbourn1c@alexa.com
50,Monika,Pallasch,mpallasch1d@com.com
51,Helga,Farryan,hfarryan1e@barnesandnoble.com
52,Suzanna,Pabelik,spabelik1f@tripadvisor.com
53,Pegeen,Roaf,proaf1g@tumblr.com
54,Rod,Nibley,rnibley1h@bizjournals.com
55,Brandyn,Smees,bsmees1i@bizjournals.com
56,Jackquelin,Schimoni,jschimoni1j@home.pl
57,Camala,Rickson,crickson1k@statcounter.com
58,Mufi,Houndson,mhoundson1l@usatoday.com
59,Teena,Bate,tbate1m@clickbank.net
60,Ophelia,Klauer,oklauer1n@webmd.com
61,Sandi,Cundey,scundey1o@buzzfeed.com
62,Eldridge,Vibert,evibert1p@networkadvertising.org
63,Margeaux,Heditch,mheditch1q@wiley.com
64,Devland,Fagge,dfagge1r@microsoft.com
65,Karisa,Matthis,kmatthis1s@tripadvisor.com
66,Leandra,Judron,ljudron1t@lycos.com
67,Zara,Scryne,zscryne1u@etsy.com
68,Kev,Paradin,kparadin1v@blogspot.com
69,Emmaline,Smidmore,esmidmore1w@infoseek.co.jp
70,Duke,Hunday,dhunday1x@rediff.com
71,Anjela,Lawey,alawey1y@archive.org
72,Spencer,Bradburne,sbradburne1z@ycombinator.com
73,Mellisent,Priddy,mpriddy20@diigo.com
74,Goddart,Dwyer,gdwyer21@unicef.org
75,Matias,Leonarde,mleonarde22@hao123.com
76,Lenora,Maclaine,lmaclaine23@wsj.com
77,Cheryl,Grimmer,cgrimmer24@webmd.com
78,Vanya,O'Scully,voscully25@dot.gov
79,Sofia,Creaney,screaney26@amazon.co.uk
80,Maris,Stede,mstede27@fema.gov
81,Sauveur,Mordey,smordey28@zimbio.com
82,Keriann,Truss,ktruss29@nydailynews.com
83,Chic,Strafford,cstrafford2a@ehow.com
84,Marget,Bouts,mbouts2b@spiegel.de
85,Lydon,Kindred,lkindred2c@plala.or.jp
86,Julee,Shellcross,jshellcross2d@themeforest.net
87,Savina,Severy,ssevery2e@usgs.gov
88,Cesar,Filipyev,cfilipyev2f@tuttocitta.it
89,Catharina,Gertz,cgertz2g@bluehost.com
90,Clovis,Short,cshort2h@de.vu
91,Buckie,Apted,bapted2i@blinklist.com
92,Lorne,Pioch,lpioch2j@bravesites.com
93,Katleen,Goldsworthy,kgoldsworthy2k@barnesandnoble.com
94,Izaak,Huxster,ihuxster2l@infoseek.co.jp
95,Doll,Wofenden,dwofenden2m@dedecms.com
96,Erika,Prando,eprando2n@tinyurl.com
97,Jerrie,Bickerdicke,jbickerdicke2o@usgs.gov
98,Leilah,Tatersale,ltatersale2p@reference.com
99,La verne,Leathers,lleathers2q@diigo.com
100,Howey,Caps,hcaps2r@github.com
101,Marcus,Duval,mduval2s@timesonline.co.uk
102,Joly,Whightman,jwhightman2t@deliciousdays.com
103,Zacharias,Paff,zpaff2u@sogou.com
104,Maisie,Idel,midel2v@dedecms.com
105,Ryan,Deluze,rdeluze2w@who.int
106,Kristel,Manntschke,kmanntschke2x@ifeng.com
107,Gunar,Clues,gclues2y@fotki.com
108,Pru,Tinkler,ptinkler2z@cocolog-nifty.com
109,Morton,Fenna,mfenna30@tiny.cc
110,Mikkel,Loges,mloges31@addtoany.com
111,Stormi,Morfield,smorfield32@posterous.com
112,Lucias,Maidment,lmaidment33@google.com.hk
113,Octavius,Frisch,ofrisch34@narod.ru
114,Hernando,Osmond,hosmond35@simplemachines.org
115,Octavius,Pettecrew,opettecrew36@google.com.br
116,Giraldo,Warnes,gwarnes37@jigsy.com
117,Christiano,Hadland,chadland38@acquirethisname.com
118,Nye,Walstow,nwalstow39@eepurl.com
119,Davidson,Shirland,dshirland3a@pinterest.com
120,Boycie,Attwell,battwell3b@forbes.com
121,Wells,Maghull,wmaghull3c@zdnet.com
122,Nancy,Crich,ncrich3d@nifty.com
123,Candida,Tinklin,ctinklin3e@google.co.uk
124,Lory,Lumsdaine,llumsdaine3f@jigsy.com
125,Dael,Poyser,dpoyser3g@weebly.com
126,Kris,Bogges,kbogges3h@yale.edu
127,Janela,Smeath,jsmeath3i@dell.com
128,Lorenza,Janning,ljanning3j@theguardian.com
129,Dix,Prover,dprover3k@china.com.cn
130,Ellissa,Simes,esimes3l@is.gd
131,Andras,Bosma,abosma3m@vkontakte.ru
132,Chandra,Wimmers,cwimmers3n@stanford.edu
133,Tate,McCrudden,tmccrudden3o@slashdot.org
134,Teresina,Fitzsymonds,tfitzsymonds3p@columbia.edu
135,Elbertina,Seers,eseers3q@boston.com
136,Tess,Magee,tmagee3r@dropbox.com
137,Cymbre,McFeat,cmcfeat3s@istockphoto.com
138,Dorry,Bernade,dbernade3t@yellowpages.com
139,See,Casale,scasale3u@creativecommons.org
140,Faith,Cradick,fcradick3v@cpanel.net
141,Alfonso,Doldon,adoldon3w@tripod.com
142,Elli,Le Ball,eleball3x@elpais.com
143,Carolin,Gunderson,cgunderson3y@exblog.jp
144,Warren,Kettell,wkettell3z@google.com
145,Kin,Cattermoul,kcattermoul40@sun.com
146,Even,Cumber,ecumber41@domainmarket.com
147,Branden,Whorlow,bwhorlow42@dmoz.org
148,Yasmin,Molnar,ymolnar43@dropbox.com
149,Kristan,Dochon,kdochon44@liveinternet.ru
150,Giacinta,Bess,gbess45@mapy.cz
151,Benny,Allabush,ballabush46@si.edu
152,Alfy,Gerardi,agerardi47@economist.com
153,Thomasina,Fogarty,tfogarty48@yelp.com
154,Shirleen,Friday,sfriday49@wiley.com
155,Brandice,Issatt,bissatt4a@techcrunch.com
156,Wilhelm,Loding,wloding4b@examiner.com
157,Mitch,Sherel,msherel4c@howstuffworks.com
158,Marjorie,Klausen,mklausen4d@mashable.com
159,Dur,Aylmore,daylmore4e@hugedomains.com
160,Richmond,Cutford,rcutford4f@bluehost.com
161,Christine,McNevin,cmcnevin4g@admin.ch
162,Matilda,Chipping,mchipping4h@businessweek.com
163,Karlyn,Islep,kislep4i@mashable.com
164,Leila,Ghelerdini,lghelerdini4j@craigslist.org
165,Ruddie,Lerhinan,rlerhinan4k@about.com
166,Oona,Kohrs,okohrs4l@acquirethisname.com
167,Bartel,Aronson,baronson4m@jigsy.com
168,Brandtr,Blakebrough,bblakebrough4n@slideshare.net
169,Natal,Greed,ngreed4o@squidoo.com
170,Alexa,Bennallck,abennallck4p@reddit.com
171,Alaric,Baldack,abaldack4q@google.fr
172,Emmalyn,Schaben,eschaben4r@bigcartel.com
173,Chauncey,Jiggen,cjiggen4s@microsoft.com
174,Isac,Peyntue,ipeyntue4t@freewebs.com
175,Alfons,Link,alink4u@springer.com
176,Rutledge,Dowrey,rdowrey4v@sitemeter.com
177,Gwenni,Pote,gpote4w@usda.gov
178,Dotty,Bridgman,dbridgman4x@last.fm
179,Kellen,Archer,karcher4y@wisc.edu
180,Sybil,Craise,scraise4z@yellowbook.com
181,Kristian,Martynka,kmartynka50@addtoany.com
182,Jolene,Kolinsky,jkolinsky51@umn.edu
183,Miriam,Dunford,mdunford52@howstuffworks.com
184,Derek,Ellph,dellph53@ucla.edu
185,Abbi,Herculson,aherculson54@godaddy.com
186,Sherlocke,Mateiko,smateiko55@google.com
187,Candra,Matus,cmatus56@earthlink.net
188,Axe,Comley,acomley57@forbes.com
189,Annalise,Jancso,ajancso58@si.edu
190,Marja,Birkenhead,mbirkenhead59@weather.com
191,Ailsun,Gaven,agaven5a@hc360.com
192,Kristy,Pennell,kpennell5b@utexas.edu
193,Dov,Baraja,dbaraja5c@privacy.gov.au
194,Beatrice,Blockey,bblockey5d@ft.com
195,Walden,Beare,wbeare5e@ustream.tv
196,Stephannie,Cordel,scordel5f@oracle.com
197,Gerrie,Gabbatiss,ggabbatiss5g@acquirethisname.com
198,Sacha,Gales,sgales5h@mozilla.com
199,Franklin,Presser,fpresser5i@cloudflare.com
200,Thom,Drover,tdrover5j@ameblo.jp
201,Laurette,Hanna,lhanna5k@omniture.com
202,Pavia,Lettice,plettice5l@reference.com
203,Teodorico,Midlane,tmidlane5m@nbcnews.com
204,Dylan,Rawsen,drawsen5n@amazon.de
205,Tyler,Pyford,tpyford5o@ezinearticles.com
206,Calida,Batalle,cbatalle5p@miitbeian.gov.cn
207,Elfrieda,Derges,ederges5q@shareasale.com
208,Jaymee,Ryton,jryton5r@forbes.com
209,Wyn,Nornasell,wnornasell5s@engadget.com
210,Aimil,Townley,atownley5t@thetimes.co.uk
211,Deeann,Podd,dpodd5u@newyorker.com
212,Carlie,Batham,cbatham5v@discovery.com
213,Lauretta,Kemmett,lkemmett5w@umn.edu
214,Trent,Mayworth,tmayworth5x@amazon.de
215,Morty,Younghusband,myounghusband5y@wufoo.com
216,Tabbie,Reuven,treuven5z@example.com
217,Gabriello,Melluish,gmelluish60@cloudflare.com
218,Bobby,Paike,bpaike61@wikipedia.org
219,Barret,Di Pietro,bdipietro62@icq.com
220,Whittaker,Diffley,wdiffley63@blogs.com
221,Albertina,Curlis,acurlis64@guardian.co.uk
222,Albina,Penlington,apenlington65@earthlink.net
223,Priscilla,Britee,pbritee66@google.com.au
224,Abbye,Thredder,athredder67@youtu.be
225,Raymund,Powton,rpowton68@nps.gov
226,Woody,Fain,wfain69@cbsnews.com
227,Georg,Lorentz,glorentz6a@github.com
228,Jacinthe,Connechy,jconnechy6b@jiathis.com
229,Olympie,Crate,ocrate6c@infoseek.co.jp
230,Rosetta,Merck,rmerck6d@nbcnews.com
231,Cati,Sawyers,csawyers6e@facebook.com
232,Simona,Escalero,sescalero6f@indiatimes.com
233,Alain,Adshad,aadshad6g@github.io
234,Lyndy,Stonebanks,lstonebanks6h@xing.com
235,Esta,Zohrer,ezohrer6i@ihg.com
236,Devland,Wensley,dwensley6j@gravatar.com
237,Basilio,Medd,bmedd6k@sina.com.cn
238,Wendy,Alf,walf6l@nymag.com
239,Alick,Dundendale,adundendale6m@china.com.cn
240,Nadeen,Hawkswood,nhawkswood6n@imgur.com
241,Janaye,Petrovykh,jpetrovykh6o@ycombinator.com
242,Ines,Dovinson,idovinson6p@samsung.com
243,Ashlee,Roels,aroels6q@latimes.com
244,Pavel,Crathern,pcrathern6r@feedburner.com
245,Florian,Carvell,fcarvell6s@vkontakte.ru
246,Lazare,Corzon,lcorzon6t@delicious.com
247,Paton,Lawlan,plawlan6u@google.co.jp
248,Merilyn,Pearsall,mpearsall6v@redcross.org
249,Adelind,Dibling,adibling6w@walmart.com
250,George,De Francisci,gdefrancisci6x@unc.edu
251,Lonee,Lautie,llautie6y@forbes.com
252,Ricky,Greystoke,rgreystoke6z@foxnews.com
253,Romy,Trussell,rtrussell70@sun.com
254,Adoree,Whitehorne,awhitehorne71@51.la
255,Monro,Baudts,mbaudts72@desdev.cn
256,Marin,Olrenshaw,molrenshaw73@answers.com
257,Mikey,Chasmoor,mchasmoor74@yolasite.com
258,Salvador,Epinoy,sepinoy75@reverbnation.com
259,Della,Reddihough,dreddihough76@accuweather.com
260,Jamil,Durbin,jdurbin77@ft.com
261,Giovanni,Le Pine,glepine78@w3.org
262,Layne,Larmet,llarmet79@cloudflare.com
263,Gearalt,Craig,gcraig7a@pbs.org
264,Almire,Scarrott,ascarrott7b@mit.edu
265,Veronique,Worg,vworg7c@va.gov
266,Alyce,Darlington,adarlington7d@4shared.com
267,Kennan,Jacob,kjacob7e@census.gov
268,Martha,Waldren,mwaldren7f@psu.edu
269,Terri,Hallewell,thallewell7g@patch.com
270,Abbe,Weatherley,aweatherley7h@virginia.edu
271,Maryl,Brecknall,mbrecknall7i@zdnet.com
272,Pooh,Flacknell,pflacknell7j@flickr.com
273,Glori,Paulet,gpaulet7k@webs.com
274,Justinn,Ditzel,jditzel7l@jigsy.com
275,Darda,Yitzhakof,dyitzhakof7m@ucsd.edu
276,Arlan,Ferby,aferby7n@gmpg.org
277,Roxana,Fearne,rfearne7o@delicious.com
278,Hestia,Grzelak,hgrzelak7p@pagesperso-orange.fr
279,Malinde,Osipenko,mosipenko7q@china.com.cn
280,Valentine,Trower,vtrower7r@infoseek.co.jp
281,Cindelyn,Reimer,creimer7s@skyrock.com
282,Roobbie,Morville,rmorville7t@ucoz.com
283,Beatrix,Yeardley,byeardley7u@time.com
284,Cariotta,Giffon,cgiffon7v@princeton.edu
285,Lane,Rosengart,lrosengart7w@surveymonkey.com
286,Toby,Swafford,tswafford7x@amazon.com
287,Iggie,Stollman,istollman7y@umich.edu
288,Hilly,Olkowicz,holkowicz7z@webnode.com
289,Fredi,Soldi,fsoldi80@opensource.org
290,Keary,Macilhench,kmacilhench81@disqus.com
291,Marice,Wedmore.,mwedmore82@nbcnews.com
292,Mateo,Evett,mevett83@e-recht24.de
293,Merci,Titherington,mtitherington84@webnode.com
294,Selby,Sirl,ssirl85@imageshack.us
295,Olva,MacCague,omaccague86@java.com
296,Waverley,Engledow,wengledow87@samsung.com
297,Janenna,Mottinelli,jmottinelli88@moonfruit.com
298,Brena,Rippen,brippen89@java.com
299,Dore,Barehead,dbarehead8a@dailymail.co.uk
300,Atalanta,Oldall,aoldall8b@ebay.com
301,Konstantine,Madgwick,kmadgwick8c@mit.edu
302,Jeth,Spini,jspini8d@vk.com
303,Sterling,Dudman,sdudman8e@google.com.br
304,Ferdinanda,Dragge,fdragge8f@reddit.com
305,Gale,McRinn,gmcrinn8g@usda.gov
306,Mellie,Snoddin,msnoddin8h@macromedia.com
307,Rhiamon,Fairnie,rfairnie8i@gmpg.org
308,Spence,Mayward,smayward8j@tmall.com
309,Orville,Lynam,olynam8k@ebay.com
310,Nerita,Beminster,nbeminster8l@etsy.com
311,Georgena,Godier,ggodier8m@elegantthemes.com
312,Wendell,Kubasek,wkubasek8n@altervista.org
313,Ruthe,Langworthy,rlangworthy8o@sakura.ne.jp
314,Braden,Shorthill,bshorthill8p@unesco.org
315,Twyla,Harston,tharston8q@gravatar.com
316,Husain,Stones,hstones8r@virginia.edu
317,Thacher,Davydkov,tdavydkov8s@icio.us
318,Addi,Pesik,apesik8t@nhs.uk
319,Yvonne,Clewley,yclewley8u@cdbaby.com
320,Donielle,Phillipps,dphillipps8v@miibeian.gov.cn
321,Alix,Walcher,awalcher8w@shareasale.com
322,Cherilynn,Glenister,cglenister8x@google.it
323,Ange,Rhubottom,arhubottom8y@theatlantic.com
324,Ilsa,Patise,ipatise8z@unesco.org
325,Gaynor,Curgenuer,gcurgenuer90@noaa.gov
326,Theadora,Ryall,tryall91@mtv.com
327,Esmaria,Knight,eknight92@fema.gov
328,Ronny,Reaney,rreaney93@4shared.com
329,Merissa,O' Driscoll,modriscoll94@google.fr
330,Briana,Gatley,bgatley95@ifeng.com
331,Roi,Mitchenson,rmitchenson96@sciencedirect.com
332,Johny,Keeves,jkeeves97@walmart.com
333,Caresa,Coddrington,ccoddrington98@weibo.com
334,Sephira,Coxon,scoxon99@list-manage.com
335,Shayla,Le Surf,slesurf9a@sourceforge.net
336,Dilan,Mosconi,dmosconi9b@fc2.com
337,Zoe,Burburough,zburburough9c@toplist.cz
338,Tim,Roalfe,troalfe9d@cpanel.net
339,Irma,Dominick,idominick9e@networkadvertising.org
340,Philippine,Nancekivell,pnancekivell9f@marriott.com
341,Dag,Allom,dallom9g@amazon.de
342,Bruno,Cornillot,bcornillot9h@msu.edu
343,Moll,Buse,mbuse9i@slashdot.org
344,Willie,Copner,wcopner9j@typepad.com
345,Ivonne,Halward,ihalward9k@naver.com
346,Vidovik,Dablin,vdablin9l@epa.gov
347,Byrle,Derwin,bderwin9m@buzzfeed.com
348,Jandy,Byway,jbyway9n@miitbeian.gov.cn
349,Felice,Bottlestone,fbottlestone9o@studiopress.com
350,Sydney,Maudson,smaudson9p@nifty.com
351,Erin,Inch,einch9q@multiply.com
352,Karie,Dreghorn,kdreghorn9r@dion.ne.jp
353,Dollie,Sowden,dsowden9s@harvard.edu
354,Jolene,Trevains,jtrevains9t@hhs.gov
355,Jody,Letteresse,jletteresse9u@drupal.org
356,Josee,Lonie,jlonie9v@uol.com.br
357,Amory,Crumbie,acrumbie9w@ovh.net
358,Antonie,Tolworthy,atolworthy9x@histats.com
359,Patty,Osgarby,posgarby9y@buzzfeed.com
360,Haslett,Liven,hliven9z@amazon.de
361,Harri,Ingleton,hingletona0@github.com
362,Darrick,Durdy,ddurdya1@com.com
363,Jonell,Blackall,jblackalla2@hao123.com
364,Jenilee,Morling,jmorlinga3@google.de
365,Erny,Oels,eoelsa4@ameblo.jp
366,Rebecca,Mougeot,rmougeota5@php.net
367,Mei,Strickett,mstricketta6@washington.edu
368,Nickie,Kealy,nkealya7@archive.org
369,Colas,Simonot,csimonota8@house.gov
370,Barnard,Flaxman,bflaxmana9@samsung.com
371,Leone,Armer,larmeraa@discovery.com
372,Lucita,Melia,lmeliaab@sourceforge.net
373,Meggi,Gear,mgearac@harvard.edu
374,Curr,Shakelade,cshakeladead@unblog.fr
375,Haily,Agnolo,hagnoloae@blog.com
376,Miof mela,Bracer,mbraceraf@earthlink.net
377,Joannes,Lindborg,jlindborgag@quantcast.com
378,Lindsey,Priestley,lpriestleyah@umn.edu
379,Joseph,Kobpac,jkobpacai@over-blog.com
380,Carole,Gudgen,cgudgenaj@topsy.com
381,Aurie,Peacey,apeaceyak@hugedomains.com
382,Mendy,Oldknow,moldknowal@topsy.com
383,Wynn,Hammerich,whammericham@diigo.com
384,Annmaria,Jakaway,ajakawayan@disqus.com
385,Lodovico,Barling,lbarlingao@last.fm
386,Hobie,Corre,hcorreap@dion.ne.jp
387,Filip,Top,ftopaq@amazon.co.uk
388,Arman,Nortunen,anortunenar@netvibes.com
389,Leo,St. Clair,lstclairas@discuz.net
390,Franzen,Giacoboni,fgiacoboniat@huffingtonpost.com
391,Fey,Gwilt,fgwiltau@bloglovin.com
392,Tobie,Duigan,tduiganav@npr.org
393,Buddy,Bramwich,bbramwichaw@jimdo.com
394,Karen,Dilks,kdilksax@independent.co.uk
395,Hedi,Dundendale,hdundendaleay@dell.com
396,Zorah,Bigglestone,zbigglestoneaz@discuz.net
397,Calypso,Ayliff,cayliffb0@1688.com
398,Alasdair,Gerasch,ageraschb1@soundcloud.com
399,Filberto,Mickleborough,fmickleboroughb2@zimbio.com
400,Zahara,Daviddi,zdaviddib3@usa.gov
401,Sayers,Chamley,schamleyb4@sphinn.com
402,Raffarty,Doulden,rdouldenb5@xing.com
403,Brent,Enrietto,benriettob6@csmonitor.com
404,Linnie,Biesinger,lbiesingerb7@multiply.com
405,Raymond,Brameld,rbrameldb8@icio.us
406,Daloris,Liggins,dligginsb9@so-net.ne.jp
407,Dory,Hartup,dhartupba@ed.gov
408,Avictor,Cay,acaybb@domainmarket.com
409,Wendye,Borrel,wborrelbc@miibeian.gov.cn
410,Spenser,Houlden,shouldenbd@google.com.br
411,Lanie,Huguet,lhuguetbe@dagondesign.com
412,Cordy,Darrow,cdarrowbf@ezinearticles.com
413,Krisha,Shurmer,kshurmerbg@reuters.com
414,Fannie,Paley,fpaleybh@geocities.jp
415,Bendite,Fells,bfellsbi@usda.gov
416,Helsa,O'Feeney,hofeeneybj@wunderground.com
417,Rose,Foxworthy,rfoxworthybk@businessinsider.com
418,Arlan,Giovani,agiovanibl@indiatimes.com
419,Riki,Beidebeke,rbeidebekebm@pinterest.com
420,Alyse,MacMakin,amacmakinbn@infoseek.co.jp
421,Torrance,Bunkle,tbunklebo@tuttocitta.it
422,Rosy,Ren,rrenbp@vimeo.com
423,Blair,Simes,bsimesbq@alexa.com
424,Irvin,Simonnin,isimonninbr@netlog.com
425,Fields,Carlin,fcarlinbs@taobao.com
426,Roseann,Southcomb,rsouthcombbt@deliciousdays.com
427,Gaultiero,Steuhlmeyer,gsteuhlmeyerbu@cnn.com
428,Diana,Danilewicz,ddanilewiczbv@wp.com
429,Malvin,Heathfield,mheathfieldbw@taobao.com
430,Gregorio,Baudet,gbaudetbx@dropbox.com
431,Dolph,Banishevitz,dbanishevitzby@163.com
432,Christine,Gooderridge,cgooderridgebz@comsenz.com
433,Bay,Codd,bcoddc0@goodreads.com
434,Mordy,Grantham,mgranthamc1@istockphoto.com
435,Wyatt,Strutton,wstruttonc2@woothemes.com
436,Beltran,Jentzsch,bjentzschc3@army.mil
437,Frasier,Silbert,fsilbertc4@soup.io
438,Lorrie,Uzzell,luzzellc5@theatlantic.com
439,Stanislaw,Doniso,sdonisoc6@theatlantic.com
440,Cayla,Ledwidge,cledwidgec7@bloglovin.com
441,Clyde,Maleney,cmaleneyc8@sourceforge.net
442,Fulvia,Suffield,fsuffieldc9@fema.gov
443,Parker,Grangier,pgrangierca@de.vu
444,Kerk,Brimm,kbrimmcb@feedburner.com
445,Noemi,Chillistone,nchillistonecc@ebay.com
446,Maynord,Fasham,mfashamcd@dailymail.co.uk
447,Gabriella,Keetch,gkeetchce@slideshare.net
448,Dotti,Ganley,dganleycf@comcast.net
449,Ian,Hodge,ihodgecg@ehow.com
450,Iago,Yanne,iyannech@seattletimes.com
451,Diannne,Caple,dcapleci@rediff.com
452,Jilly,Mineghelli,jmineghellicj@un.org
453,Bartel,Cone,bconeck@alexa.com
454,Edlin,Cristobal,ecristobalcl@smh.com.au
455,Ira,Durham,idurhamcm@spotify.com
456,Pen,Sprey,pspreycn@paypal.com
457,Ingeborg,Perry,iperryco@cafepress.com
458,Lianna,Crowder,lcrowdercp@icq.com
459,Jackquelin,Juppe,jjuppecq@nba.com
460,Robena,Larret,rlarretcr@jigsy.com
461,Burl,Aldrin,baldrincs@arstechnica.com
462,Colby,Huskinson,chuskinsonct@mlb.com
463,Emile,Gethen,egethencu@typepad.com
464,Kristopher,Mesant,kmesantcv@mlb.com
465,Johnette,Cansdale,jcansdalecw@bing.com
466,Fredric,Lezemere,flezemerecx@washingtonpost.com
467,Gerick,Moors,gmoorscy@digg.com
468,Ulric,Fotheringham,ufotheringhamcz@squarespace.com
469,Markos,Pien,mpiend0@domainmarket.com
470,Lela,Vassar,lvassard1@linkedin.com
471,Ira,Wallentin,iwallentind2@mysql.com
472,Letta,Jan,ljand3@icq.com
473,Cami,Heape,cheaped4@auda.org.au
474,Catie,Kristiansen,ckristiansend5@unicef.org
475,Purcell,Tayloe,ptayloed6@techcrunch.com
476,Bernadene,Goodluck,bgoodluckd7@bigcartel.com
477,Dacia,Giacoppo,dgiacoppod8@quantcast.com
478,Marya,McGing,mmcgingd9@cloudflare.com
479,Ericha,O'Howbane,eohowbaneda@opensource.org
480,Maia,Alday,maldaydb@multiply.com
481,Kliment,Whales,kwhalesdc@elpais.com
482,Lois,Warters,lwartersdd@blogspot.com
483,Chrotoem,Belchem,cbelchemde@comcast.net
484,Estevan,Titt,etittdf@wp.com
485,Babb,Habercham,bhaberchamdg@google.de
486,Jordana,Maddie,jmaddiedh@infoseek.co.jp
487,Gavan,Winsper,gwinsperdi@army.mil
488,Leonid,Pleat,lpleatdj@dmoz.org
489,Tracey,Lauder,tlauderdk@etsy.com
490,Lorelle,Lovegrove,llovegrovedl@icq.com
491,Connie,Peffer,cpefferdm@nbcnews.com
492,Austin,Blower,ablowerdn@wordpress.org
493,Jerald,Karlsen,jkarlsendo@last.fm
494,Weber,Coucher,wcoucherdp@timesonline.co.uk
495,Kinny,Luipold,kluipolddq@123-reg.co.uk
496,Pepe,Ayliff,payliffdr@clickbank.net
497,Marcellus,Wemyss,mwemyssds@ovh.net
498,Caldwell,Dannett,cdannettdt@virginia.edu
499,Edith,Atchly,eatchlydu@typepad.com
500,Arleen,Bauld,abaulddv@furl.net
501,Ephraim,Lee,eleedw@constantcontact.com
502,Iseabal,Batistelli,ibatistellidx@bing.com
503,Ranice,Regan,rregandy@toplist.cz
504,Belicia,Zimmermanns,bzimmermannsdz@tripadvisor.com
505,Sheelagh,Ameer-Beg,sameerbege0@craigslist.org
506,Bevan,Bernardez,bbernardeze1@freewebs.com
507,Mikol,Dayton,mdaytone2@jimdo.com
508,Kayne,Robertshaw,krobertshawe3@cpanel.net
509,Rockwell,Hackly,rhacklye4@godaddy.com
510,Easter,Girdwood,egirdwoode5@so-net.ne.jp
511,Benny,Tyers,btyerse6@latimes.com
512,Kurtis,O'Malley,komalleye7@google.co.jp
513,Barbabra,Decruse,bdecrusee8@youtube.com
514,Lilyan,Raubenheimer,lraubenheimere9@icio.us
515,Gale,Wrefford,gwreffordea@deliciousdays.com
516,Sondra,Lemasney,slemasneyeb@google.co.jp
517,Johanna,Glaves,jglavesec@hibu.com
518,Pippa,Ticehurst,pticehursted@smugmug.com
519,Allsun,Murray,amurrayee@cocolog-nifty.com
520,Moise,Dutt,mduttef@umich.edu
521,Stu,Idel,sideleg@plala.or.jp
522,Jessica,Gwilym,jgwilymeh@reuters.com
523,Elise,Badwick,ebadwickei@huffingtonpost.com
524,Jared,Roset,jrosetej@netlog.com
525,Rand,d' Elboux,rdelbouxek@unc.edu
526,Erl,Shayler,eshaylerel@weibo.com
527,Dorine,Doumic,ddoumicem@scribd.com
528,Meredith,Lowes,mlowesen@elpais.com
529,Kakalina,Fynes,kfyneseo@yale.edu
530,Bessie,Vedekhin,bvedekhinep@illinois.edu
531,Clyde,Shovelbottom,cshovelbottomeq@utexas.edu
532,Giralda,Bollis,gbolliser@timesonline.co.uk
533,Flory,Tierny,ftiernyes@google.nl
534,Sibbie,Feander,sfeanderet@dailymotion.com
535,Chiarra,Knyvett,cknyvetteu@uol.com.br
536,Stevie,Beddard,sbeddardev@wsj.com
537,Roseanne,Hedman,rhedmanew@answers.com
538,Andrey,Brokenbrow,abrokenbrowex@hugedomains.com
539,Merv,Deegin,mdeeginey@homestead.com
540,Kimberlyn,Fahey,kfaheyez@earthlink.net
541,Carlyn,Alessandrucci,calessandruccif0@booking.com
542,Conni,Broxton,cbroxtonf1@imdb.com
543,Haleigh,Arkcoll,harkcollf2@facebook.com
544,Elnar,Gryglewski,egryglewskif3@newyorker.com
545,Jamie,Gollard,jgollardf4@addthis.com
546,Bruis,McGilleghole,bmcgillegholef5@wordpress.com
547,Alisander,Zorzoni,azorzonif6@theglobeandmail.com
548,Cyndi,Carnell,ccarnellf7@theatlantic.com
549,Bentlee,Tremonte,btremontef8@altervista.org
550,Yorke,Fairbourne,yfairbournef9@de.vu
551,Minette,Gores,mgoresfa@photobucket.com
552,Carley,O'Sheeryne,cosheerynefb@wordpress.org
553,Yehudit,Buckston,ybuckstonfc@weather.com
554,Vivien,Cumming,vcummingfd@usda.gov
555,Burlie,Dawson,bdawsonfe@dropbox.com
556,Tan,Lewerenz,tlewerenzff@angelfire.com
557,Darill,Stuehmeier,dstuehmeierfg@sciencedaily.com
558,Zilvia,Kingswoode,zkingswoodefh@tripadvisor.com
559,Mame,Potten,mpottenfi@infoseek.co.jp
560,Jacqui,Prazor,jprazorfj@craigslist.org
561,Leticia,Cancellor,lcancellorfk@nationalgeographic.com
562,Amabel,Gundrey,agundreyfl@senate.gov
563,Free,Byne,fbynefm@wsj.com
564,Merline,Carff,mcarfffn@wix.com
565,Ingeberg,Robart,irobartfo@multiply.com
566,Tarrance,Fenwick,tfenwickfp@canalblog.com
567,Killy,Sille,ksillefq@amazon.com
568,Fran,Nuttall,fnuttallfr@google.com.br
569,Eva,Munton,emuntonfs@de.vu
570,Cindy,Skypp,cskyppft@auda.org.au
571,Hyacinthe,Worthy,hworthyfu@time.com
572,Helena,Maddison,hmaddisonfv@bizjournals.com
573,Ramsey,Myring,rmyringfw@facebook.com
574,Reider,Scott,rscottfx@youtube.com
575,Ajay,Gosswell,agosswellfy@time.com
576,Webster,Klimshuk,wklimshukfz@springer.com
577,Glen,Eversley,geversleyg0@dedecms.com
578,Gwyn,Hubbuck,ghubbuckg1@photobucket.com
579,Lyon,Uzelli,luzellig2@shop-pro.jp
580,Atlanta,Gandar,agandarg3@constantcontact.com
581,Ashlin,Satford,asatfordg4@printfriendly.com
582,Lillis,Letherbury,lletherburyg5@microsoft.com
583,Ravid,Kingscott,rkingscottg6@usa.gov
584,Fletcher,Petri,fpetrig7@furl.net
585,Karlie,Baiss,kbaissg8@theglobeandmail.com
586,Alidia,Allanby,aallanbyg9@cnet.com
587,Benny,Verrills,bverrillsga@reddit.com
588,Elnar,Tipping,etippinggb@biglobe.ne.jp
589,Randi,Broadnicke,rbroadnickegc@soup.io
590,Ashlie,Whybrow,awhybrowgd@technorati.com
591,Paco,Ribeiro,pribeiroge@fc2.com
592,Helge,Kaasman,hkaasmangf@dropbox.com
593,Anselm,Salmon,asalmongg@economist.com
594,Lovell,Purveys,lpurveysgh@blogspot.com
595,Idell,Molan,imolangi@google.ru
596,Cheston,Southerell,csoutherellgj@drupal.org
597,Hallie,Blaydon,hblaydongk@redcross.org
598,Agnella,Columbell,acolumbellgl@fda.gov
599,Willabella,Losseljong,wlosseljonggm@reddit.com
600,Linea,Shilstone,lshilstonegn@wisc.edu
601,Lothaire,Pleace,lpleacego@360.cn
602,Natty,Clement,nclementgp@networksolutions.com
603,Raleigh,Cherrison,rcherrisongq@samsung.com
604,Ginger,Varrow,gvarrowgr@wix.com
605,Gena,Chomiszewski,gchomiszewskigs@mediafire.com
606,Mag,Stidston,mstidstongt@ca.gov
607,Carrol,Emson,cemsongu@dell.com
608,Winny,Kezar,wkezargv@plala.or.jp
609,Teodor,Halmkin,thalmkingw@free.fr
610,Halli,Dillicate,hdillicategx@ibm.com
611,Bertie,Gumly,bgumlygy@upenn.edu
612,Deana,Lacaze,dlacazegz@vk.com
613,Merilyn,Hallmark,mhallmarkh0@cnn.com
614,Renate,Sherwen,rsherwenh1@mozilla.org
615,Cullin,Garms,cgarmsh2@wikipedia.org
616,Olenka,Chaves,ochavesh3@wikispaces.com
617,Dahlia,Stoade,dstoadeh4@myspace.com
618,Burg,Bosnell,bbosnellh5@spotify.com
619,Laurena,Starsmeare,lstarsmeareh6@oracle.com
620,Alair,Hardingham,ahardinghamh7@apple.com
621,Rachele,Maharg,rmahargh8@qq.com
622,Frasco,Neilands,fneilandsh9@hhs.gov
623,Rosemary,Kirman,rkirmanha@ebay.co.uk
624,Petronille,Halfhide,phalfhidehb@cbslocal.com
625,Mora,Skirven,mskirvenhc@wired.com
626,Brande,Glen,bglenhd@theguardian.com
627,Sabina,Lassey,slasseyhe@amazonaws.com
628,Imogen,Gruby,igrubyhf@cdc.gov
629,Roselia,Milan,rmilanhg@thetimes.co.uk
630,Theodor,Sterrie,tsterriehh@cbc.ca
631,Svend,Birch,sbirchhi@usgs.gov
632,Demetrius,Theunissen,dtheunissenhj@istockphoto.com
633,Corey,Kauschke,ckauschkehk@webmd.com
634,Lila,Cleynman,lcleynmanhl@reddit.com
635,Zia,Twiddell,ztwiddellhm@washingtonpost.com
636,Gregoire,Winterton,gwintertonhn@t-online.de
637,Kora,Worvell,kworvellho@cornell.edu
638,Iormina,Bumby,ibumbyhp@howstuffworks.com
639,Terri,Shimwell,tshimwellhq@indiegogo.com
640,Riccardo,Joire,rjoirehr@google.nl
641,Ninette,Condon,ncondonhs@furl.net
642,Christiane,Clilverd,cclilverdht@tinypic.com
643,Kristan,Luckwell,kluckwellhu@redcross.org
644,Lotta,Waddell,lwaddellhv@walmart.com
645,Kin,Haskew,khaskewhw@netvibes.com
646,Doreen,Sammons,dsammonshx@sina.com.cn
647,Herman,Baldacchino,hbaldacchinohy@timesonline.co.uk
648,Lona,Joontjes,ljoontjeshz@deliciousdays.com
649,Raleigh,Bartlett,rbartletti0@t-online.de
650,Lorraine,Lougheed,llougheedi1@spiegel.de
651,Jarid,Weed,jweedi2@moonfruit.com
652,Gail,O' Mullane,gomullanei3@prlog.org
653,Paco,Balasin,pbalasini4@examiner.com
654,Minerva,Stanfield,mstanfieldi5@wisc.edu
655,Enrichetta,Braisher,ebraisheri6@shinystat.com
656,Gerladina,McConnell,gmcconnelli7@jigsy.com
657,Elisa,Leving,elevingi8@oaic.gov.au
658,Britt,Abramzon,babramzoni9@posterous.com
659,Hewett,Cockayme,hcockaymeia@amazonaws.com
660,Cora,Reside,cresideib@hao123.com
661,Malissa,Avrahamof,mavrahamofic@linkedin.com
662,Corey,Luck,cluckid@cbc.ca
663,Rosalyn,MacKimmie,rmackimmieie@acquirethisname.com
664,Malcolm,Relfe,mrelfeif@blogs.com
665,Sinclare,Perrelle,sperrelleig@tmall.com
666,Almira,Bennedsen,abennedsenih@opensource.org
667,Gil,Pargiter,gpargiterii@fotki.com
668,Shurwood,Ace,saceij@ask.com
669,Sharl,Glenn,sglennik@pbs.org
670,Lelah,Fillingham,lfillinghamil@skyrock.com
671,Andras,Alsop,aalsopim@unicef.org
672,Luise,Paintain,lpaintainin@pen.io
673,Stanfield,Sawley,ssawleyio@nymag.com
674,Maurise,Fowden,mfowdenip@reverbnation.com
675,Gawen,Mower,gmoweriq@furl.net
676,Misha,Boardman,mboardmanir@google.de
677,Jammie,Osbourn,josbournis@latimes.com
678,Perle,Kinglesyd,pkinglesydit@uol.com.br
679,Pamela,Mulran,pmulraniu@craigslist.org
680,Hoyt,Bonifas,hbonifasiv@guardian.co.uk
681,Reed,Slocom,rslocomiw@creativecommons.org
682,Galina,Kentwell,gkentwellix@issuu.com
683,Olly,Poppleton,opoppletoniy@paypal.com
684,Merilee,Brace,mbraceiz@bizjournals.com
685,Florenza,Denisevich,fdenisevichj0@topsy.com
686,Pippo,Antonsson,pantonssonj1@ox.ac.uk
687,Star,Worgan,sworganj2@t.co
688,Bethina,Whenham,bwhenhamj3@cdbaby.com
689,Clementia,Taggett,ctaggettj4@dmoz.org
690,Carlyn,Temby,ctembyj5@wikimedia.org
691,Riva,Hugonet,rhugonetj6@msu.edu
692,Nevsa,Greenough,ngreenoughj7@dot.gov
693,Othelia,Joderli,ojoderlij8@businessinsider.com
694,Karrie,Brobeck,kbrobeckj9@arizona.edu
695,Pansie,Knifton,pkniftonja@github.com
696,Lisha,Alphonso,lalphonsojb@dagondesign.com
697,Karola,Roderigo,kroderigojc@oracle.com
698,Grazia,Whitley,gwhitleyjd@constantcontact.com
699,Sherlock,Sturt,ssturtje@a8.net
700,Marcelo,Jedrzejewicz,mjedrzejewiczjf@skyrock.com
701,Seth,Vink,svinkjg@dell.com
702,Kylen,Slatter,kslatterjh@jigsy.com
703,Waldon,MacKellen,wmackellenji@epa.gov
704,Ryann,Daout,rdaoutjj@ameblo.jp
705,Terrill,Sackey,tsackeyjk@a8.net
706,Germayne,Degoe,gdegoejl@huffingtonpost.com
707,Farrel,Nelligan,fnelliganjm@sbwire.com
708,Theodosia,Bosley,tbosleyjn@lycos.com
709,Royal,Levison,rlevisonjo@examiner.com
710,Maureene,Bodham,mbodhamjp@foxnews.com
711,Jordain,Joyce,jjoycejq@jigsy.com
712,Chas,Boys,cboysjr@gov.uk
713,Marcelline,Algy,malgyjs@dailymotion.com
714,Salvatore,Franz,sfranzjt@craigslist.org
715,Talia,Champerlen,tchamperlenju@list-manage.com
716,Rich,Vango,rvangojv@seattletimes.com
717,Willard,Kelway,wkelwayjw@slashdot.org
718,Giulio,Snelling,gsnellingjx@imdb.com
719,Clarita,Petrusch,cpetruschjy@wikispaces.com
720,Jess,Bynert,jbynertjz@wikia.com
721,Konstantin,Clohisey,kclohiseyk0@vk.com
722,Alessandro,Dahl,adahlk1@ftc.gov
723,Lane,Rennox,lrennoxk2@ebay.com
724,Mureil,Knewstub,mknewstubk3@hibu.com
725,Bryon,Corser,bcorserk4@pinterest.com
726,Darelle,Nayer,dnayerk5@ted.com
727,Rhodia,Wyburn,rwyburnk6@smh.com.au
728,Diane-marie,Gateland,dgatelandk7@jalbum.net
729,Aldin,Tudgay,atudgayk8@surveymonkey.com
730,Caleb,Thieme,cthiemek9@is.gd
731,Elle,Enos,eenoska@example.com
732,Genevieve,Juares,gjuareskb@flickr.com
733,Ulrich,Gwillim,ugwillimkc@51.la
734,Brig,St. Aubyn,bstaubynkd@a8.net
735,Elysia,Merrgen,emerrgenke@flavors.me
736,Chaddy,Betancourt,cbetancourtkf@ed.gov
737,Hunter,Blagbrough,hblagbroughkg@howstuffworks.com
738,Adriaens,Payn,apaynkh@pbs.org
739,Chrissie,Connett,cconnettki@imdb.com
740,Nola,Bottomley,nbottomleykj@earthlink.net
741,Mavra,Stelli,mstellikk@myspace.com
742,Hans,Crannell,hcrannellkl@diigo.com
743,Gilberto,Haddeston,ghaddestonkm@ft.com
744,Marge,Tournie,mtourniekn@phpbb.com
745,Berty,Greader,bgreaderko@fotki.com
746,Scottie,De Beauchamp,sdebeauchampkp@spiegel.de
747,Michaela,Allsobrook,mallsobrookkq@plala.or.jp
748,Tanitansy,Screeton,tscreetonkr@sciencedirect.com
749,Darda,Luxford,dluxfordks@moonfruit.com
750,Katya,Butland,kbutlandkt@weebly.com
751,Nannie,Duguid,nduguidku@oakley.com
752,Janenna,Coil,jcoilkv@youtube.com
753,Ethelind,Pratley,epratleykw@chicagotribune.com
754,Katharina,Erley,kerleykx@ox.ac.uk
755,Guthrie,Worms,gwormsky@oakley.com
756,Rhodia,Aldington,raldingtonkz@smugmug.com
757,Marcy,Lawlings,mlawlingsl0@usda.gov
758,Mariann,Thormwell,mthormwelll1@stumbleupon.com
759,Benita,Aucutt,baucuttl2@pcworld.com
760,Hakim,Welbourn,hwelbournl3@washington.edu
761,Dal,Loughran,dloughranl4@ibm.com
762,Udall,Kisar,ukisarl5@cocolog-nifty.com
763,Suzie,Rozsa,srozsal6@sbwire.com
764,Joe,Mully,jmullyl7@dion.ne.jp
765,Jeff,Hasney,jhasneyl8@weibo.com
766,Bronnie,Hallstone,bhallstonel9@paginegialle.it
767,Deane,Filipiak,dfilipiakla@amazon.co.uk
768,Chrissie,Meddows,cmeddowslb@hugedomains.com
769,Jacinda,Bennellick,jbennellicklc@gov.uk
770,Hube,Blaza,hblazald@jiathis.com
771,Bing,Porch,bporchle@paypal.com
772,Olenolin,Burke,oburkelf@multiply.com
773,Franky,Bakhrushin,fbakhrushinlg@cafepress.com
774,Florenza,Iacobini,fiacobinilh@bing.com
775,Sanderson,O' Scallan,soscallanli@wired.com
776,Roselin,Taffurelli,rtaffurellilj@google.es
777,Alexandra,Holton,aholtonlk@usa.gov
778,Anderson,Lowle,alowlell@example.com
779,Levin,Gerraty,lgerratylm@gnu.org
780,Renate,Finlay,rfinlayln@miibeian.gov.cn
781,Falito,Coleby,fcolebylo@indiatimes.com
782,Normy,Wheal,nwheallp@opensource.org
783,Kev,Capaldi,kcapaldilq@weibo.com
784,Mathe,Mabbitt,mmabbittlr@imgur.com
785,Cathie,Gathercole,cgathercolels@google.de
786,Dawn,Landrean,dlandreanlt@acquirethisname.com
787,Flossie,Trewin,ftrewinlu@shinystat.com
788,Berna,Lampaert,blampaertlv@columbia.edu
789,Cicely,Castellucci,ccastelluccilw@wunderground.com
790,Zachariah,Crittal,zcrittallx@engadget.com
791,Klement,Brombell,kbrombellly@wufoo.com
792,Demott,Toplis,dtoplislz@sfgate.com
793,Darryl,Ceccoli,dceccolim0@redcross.org
794,Godfree,Stollard,gstollardm1@oaic.gov.au
795,Lizabeth,Shirtcliffe,lshirtcliffem2@com.com
796,Lelia,Cardenoso,lcardenosom3@mapquest.com
797,Mike,Bourgourd,mbourgourdm4@sun.com
798,Sarajane,Marco,smarcom5@netvibes.com
799,Hadlee,Sorey,hsoreym6@dell.com
800,Moore,Antonijevic,mantonijevicm7@fc2.com
801,Denice,Easey,deaseym8@diigo.com
802,Phedra,Della Scala,pdellascalam9@i2i.jp
803,Torr,Dadley,tdadleyma@biglobe.ne.jp
804,Dana,Greensmith,dgreensmithmb@twitpic.com
805,Eunice,Gillingham,egillinghammc@ning.com
806,Kimberli,Braga,kbragamd@intel.com
807,Jacquelin,Greenwood,jgreenwoodme@plala.or.jp
808,Barnett,Norrie,bnorriemf@yellowpages.com
809,Talbot,Moule,tmoulemg@over-blog.com
810,Ulrica,Kneale,uknealemh@pcworld.com
811,Olenolin,Storcke,ostorckemi@taobao.com
812,Ephraim,McCaughren,emccaughrenmj@yelp.com
813,Nick,Spellecy,nspellecymk@youtube.com
814,Guntar,Childerley,gchilderleyml@craigslist.org
815,Corabel,Dimbylow,cdimbylowmm@drupal.org
816,Jobi,Cocci,jcoccimn@purevolume.com
817,Penny,Birnie,pbirniemo@multiply.com
818,Winnifred,Ceresa,wceresamp@squidoo.com
819,Kristel,Allbrook,kallbrookmq@discuz.net
820,Roddie,Rotter,rrottermr@artisteer.com
821,Rochester,Nutkin,rnutkinms@163.com
822,Tabbie,Klarzynski,tklarzynskimt@de.vu
823,Tami,Wewell,twewellmu@4shared.com
824,Jefferson,Sandom,jsandommv@live.com
825,Cointon,Robjant,crobjantmw@ted.com
826,Jena,Nelius,jneliusmx@so-net.ne.jp
827,Deloria,Firminger,dfirmingermy@nih.gov
828,Windy,Denman,wdenmanmz@shop-pro.jp
829,Kristoforo,O'Carney,kocarneyn0@taobao.com
830,Chevy,Hame,chamen1@photobucket.com
831,Adorne,Stealey,astealeyn2@wikispaces.com
832,Gaston,Gabe,ggaben3@who.int
833,Ally,Routhorn,arouthornn4@cbsnews.com
834,Kristina,Barnwille,kbarnwillen5@thetimes.co.uk
835,Sheelah,Plett,splettn6@dedecms.com
836,Corabelle,Dell Casa,cdellcasan7@quantcast.com
837,Catherina,Izakof,cizakofn8@ebay.com
838,Modesta,Mitton,mmittonn9@nifty.com
839,Charlie,Stickley,cstickleyna@github.com
840,Huey,Tumilson,htumilsonnb@zdnet.com
841,Sheridan,Beyer,sbeyernc@businesswire.com
842,Calhoun,Guslon,cguslonnd@t-online.de
843,Clarance,Noir,cnoirne@msu.edu
844,Leona,Melbury,lmelburynf@chron.com
845,Eolande,Sheehan,esheehanng@pbs.org
846,Townie,Uzzell,tuzzellnh@tripadvisor.com
847,Rodi,Canty,rcantyni@discuz.net
848,Mathew,Stubbes,mstubbesnj@hexun.com
849,Ricky,Hedges,rhedgesnk@npr.org
850,Sonny,Pflieger,spfliegernl@sogou.com
851,Beale,Heis,bheisnm@yale.edu
852,Lenard,Slocum,lslocumnn@blogs.com
853,Esdras,Cholton,echoltonno@auda.org.au
854,Emmie,Heeks,eheeksnp@unblog.fr
855,Lillis,Woods,lwoodsnq@admin.ch
856,Sadella,Lipscombe,slipscombenr@ted.com
857,Boyce,Goutcher,bgoutcherns@ucoz.ru
858,Kimball,Bonifant,kbonifantnt@ask.com
859,Crissie,Daid,cdaidnu@odnoklassniki.ru
860,Dasi,Fogel,dfogelnv@geocities.com
861,Jemima,Galliver,jgallivernw@hostgator.com
862,Gabbie,Czapla,gczaplanx@wikispaces.com
863,Margery,McSperron,mmcsperronny@csmonitor.com
864,Berkly,Cullingford,bcullingfordnz@irs.gov
865,Urban,Cicculi,ucicculio0@t.co
866,Morissa,Morten,mmorteno1@gmpg.org
867,Zonda,Lindblom,zlindblomo2@rakuten.co.jp
868,Letta,Menham,lmenhamo3@sogou.com
869,Mitchell,Barts,mbartso4@si.edu
870,Hatty,Storrah,hstorraho5@sfgate.com
871,Siouxie,MacCostye,smaccostyeo6@wix.com
872,Leonelle,Potebury,lpoteburyo7@angelfire.com
873,Ivar,Scardifield,iscardifieldo8@tinyurl.com
874,Reinwald,Kippax,rkippaxo9@army.mil
875,Ev,Loud,eloudoa@bizjournals.com
876,Raye,Childers,rchildersob@stumbleupon.com
877,Marcile,Redan,mredanoc@a8.net
878,Duffie,Winchcomb,dwinchcombod@dot.gov
879,Carey,Hannum,channumoe@huffingtonpost.com
880,Willyt,Iacoviello,wiacovielloof@webs.com
881,Mathias,Gresty,mgrestyog@mashable.com
882,Annaliese,Lambirth,alambirthoh@ed.gov
883,Marrissa,Morritt,mmorrittoi@businessweek.com
884,Lorena,Kimber,lkimberoj@cocolog-nifty.com
885,Ginger,Ransbury,gransburyok@theatlantic.com
886,Tess,Fowkes,tfowkesol@ucoz.ru
887,Dalenna,Billitteri,dbillitteriom@gnu.org
888,Adam,Cluney,acluneyon@ca.gov
889,Carita,Riply,criplyoo@pen.io
890,Esdras,Dubock,edubockop@stanford.edu
891,Eula,Pinare,epinareoq@discuz.net
892,Darla,Bladesmith,dbladesmithor@thetimes.co.uk
893,Atalanta,Rannells,arannellsos@bbc.co.uk
894,Jan,Pedracci,jpedracciot@devhub.com
895,Giselbert,Macci,gmacciou@sbwire.com
896,Ranice,Bennedsen,rbennedsenov@yellowbook.com
897,Renata,Hambling,rhamblingow@fastcompany.com
898,Lizbeth,Causier,lcausierox@fda.gov
899,Corene,Hegarty,chegartyoy@google.co.jp
900,Iain,Hepher,ihepheroz@phoca.cz
901,Merola,Roycroft,mroycroftp0@unicef.org
902,Noe,Entwhistle,nentwhistlep1@qq.com
903,Billie,Nelles,bnellesp2@netvibes.com
904,Whitney,Joslyn,wjoslynp3@ihg.com
905,Thacher,Tooley,ttooleyp4@yellowbook.com
906,Ettie,Hegley,ehegleyp5@hibu.com
907,Roberta,Gresly,rgreslyp6@bigcartel.com
908,Miller,Doctor,mdoctorp7@dedecms.com
909,Leelah,Schust,lschustp8@examiner.com
910,Marley,Lamberti,mlambertip9@nytimes.com
911,Marcela,Zuanelli,mzuanellipa@uiuc.edu
912,Francene,Stanett,fstanettpb@issuu.com
913,Ruy,Ottawell,rottawellpc@geocities.com
914,Nathanael,Knevett,nknevettpd@smh.com.au
915,Gardy,Lancett,glancettpe@usatoday.com
916,Pacorro,Marrington,pmarringtonpf@seesaa.net
917,Ferdinanda,Phippard,fphippardpg@deliciousdays.com
918,Faythe,Marder,fmarderph@comsenz.com
919,Darnell,Puttick,dputtickpi@oaic.gov.au
920,Boony,Porch,bporchpj@vkontakte.ru
921,Ellerey,Alfwy,ealfwypk@arizona.edu
922,Brigitte,Bleakley,bbleakleypl@issuu.com
923,Thomasin,Reubens,treubenspm@forbes.com
924,Shannen,Chellam,schellampn@stanford.edu
925,Ardys,Schaffler,aschafflerpo@auda.org.au
926,Danny,Wickenden,dwickendenpp@wunderground.com
927,Blanche,Henkmann,bhenkmannpq@csmonitor.com
928,Malissa,Redmayne,mredmaynepr@over-blog.com
929,Thorin,Kembery,tkemberyps@businessinsider.com
930,Shanon,McRonald,smcronaldpt@comcast.net
931,Kiel,Andreuzzi,kandreuzzipu@vinaora.com
932,Madel,Sonschein,msonscheinpv@ning.com
933,Christin,Cousins,ccousinspw@cam.ac.uk
934,Mort,Lukehurst,mlukehurstpx@rediff.com
935,Gibb,Naire,gnairepy@jugem.jp
936,Cesar,Haugg,chauggpz@nationalgeographic.com
937,Elspeth,Henricsson,ehenricssonq0@chron.com
938,Ancell,Ormerod,aormerodq1@bing.com
939,Guntar,Pippin,gpippinq2@ucla.edu
940,Britney,Balint,bbalintq3@people.com.cn
941,Koralle,Gajewski,kgajewskiq4@java.com
942,Benjie,Whiles,bwhilesq5@umich.edu
943,Roy,Mynett,rmynettq6@jugem.jp
944,Anjanette,Pont,apontq7@digg.com
945,Craggie,Hinckes,chinckesq8@elegantthemes.com
946,Case,Giffkins,cgiffkinsq9@flavors.me
947,Zebulen,Egel,zegelqa@theglobeandmail.com
948,Lefty,Grimble,lgrimbleqb@youtube.com
949,Amberly,Romanski,aromanskiqc@tuttocitta.it
950,Krysta,Jane,kjaneqd@geocities.com
951,Lori,MacGlory,lmacgloryqe@t-online.de
952,Dukie,O'Spellissey,dospellisseyqf@hp.com
953,Ranique,Summerhayes,rsummerhayesqg@dmoz.org
954,Talbert,Sansom,tsansomqh@yellowpages.com
955,Berna,Crowther,bcrowtherqi@go.com
956,Albertina,Sainthill,asainthillqj@livejournal.com
957,Kailey,Askie,kaskieqk@cnbc.com
958,Adelaide,Conti,acontiql@china.com.cn
959,Clementine,Ondrousek,condrousekqm@technorati.com
960,Mandi,Kernermann,mkernermannqn@wired.com
961,Christiana,Kender,ckenderqo@indiatimes.com
962,Aymer,Ortmann,aortmannqp@godaddy.com
963,Alaster,Spoerl,aspoerlqq@sun.com
964,Claudian,Holburn,cholburnqr@bloglovin.com
965,Ardine,Shawcross,ashawcrossqs@tumblr.com
966,Eduino,Barreau,ebarreauqt@macromedia.com
967,Madelon,Stockall,mstockallqu@vinaora.com
968,Roth,Oxborrow,roxborrowqv@usda.gov
969,Brannon,McAusland,bmcauslandqw@patch.com
970,Carce,Van Geffen,cvangeffenqx@ebay.com
971,Killy,Cushelly,kcushellyqy@mediafire.com
972,Linoel,Standbridge,lstandbridgeqz@java.com
973,Nealson,Santello,nsantellor0@nih.gov
974,Eilis,Sprouls,esproulsr1@amazonaws.com
975,Ermengarde,Bilson,ebilsonr2@youtube.com
976,Dirk,MacLoughlin,dmacloughlinr3@independent.co.uk
977,Roddie,Trippett,rtrippettr4@twitpic.com
978,Leodora,McNelis,lmcnelisr5@nsw.gov.au
979,Chrotoem,Chatres,cchatresr6@topsy.com
980,Marline,Nisuis,mnisuisr7@51.la
981,Ced,Woolcocks,cwoolcocksr8@pinterest.com
982,Jeremiah,Shurey,jshureyr9@rediff.com
983,Sophia,Hartshorn,shartshornra@ted.com
984,Honey,Stebbings,hstebbingsrb@tmall.com
985,Adriaens,Lawlor,alawlorrc@google.pl
986,Adler,Pantin,apantinrd@cdc.gov
987,Mildrid,Libreros,mlibrerosre@4shared.com
988,Nonie,Jennings,njenningsrf@bloglovin.com
989,Atlanta,Murtagh,amurtaghrg@wiley.com
990,Nathanial,Jellyman,njellymanrh@nasa.gov
991,Alic,Keasey,akeaseyri@cargocollective.com
992,Goldy,Shiell,gshiellrj@epa.gov
993,Wanda,Sauniere,wsauniererk@imdb.com
994,Gaylene,Seiffert,gseiffertrl@networksolutions.com
995,Ethelyn,Limbourne,elimbournerm@ameblo.jp
996,Nonna,Quaife,nquaifern@phpbb.com
997,Afton,Danford,adanfordro@virginia.edu
998,Nessa,Elbourne,nelbournerp@google.co.jp
999,Sarine,Headley,sheadleyrq@va.gov
1000,Townsend,Curtois,tcurtoisrr@nifty.com
