id,first_name,last_name,email
1,Frederick,Simla,fsimla0@google.es
2,Sydelle,Conklin,sconklin1@google.fr
3,Mireille,Kaas,mkaas2@weather.com
4,Edmund,Willoughway,ewilloughway3@about.me
5,Miguel,Buss,mbuss4@telegraph.co.uk
6,Andris,Tibbotts,atibbotts5@friendfeed.com
7,Zorana,Service,zservice6@jiathis.com
8,Haskel,Petroulis,hpetroulis7@ifeng.com
9,Dane,Kreuzer,dkreuzer8@addtoany.com
10,Appolonia,Paddon,apaddon9@ning.com
11,Juliette,Hume,jhumea@acquirethisname.com
12,Dickie,Rosenshine,drosenshineb@mashable.com
13,Allyn,Jekyll,ajekyllc@mysql.com
14,Ermentrude,England,eenglandd@zimbio.com
15,Dacy,Wayvill,dwayville@ovh.net
16,Phil,Goodwyn,pgoodwynf@europa.eu
17,Latashia,McHenry,lmchenryg@shinystat.com
18,Julia,Gallally,jgallallyh@i2i.jp
19,Arturo,Abbe,aabbei@over-blog.com
20,Shandeigh,Klimas,sklimasj@nydailynews.com
21,Jethro,Brunesco,jbrunescok@dailymail.co.uk
22,Roselia,Spurrier,rspurrierl@nymag.com
23,Alessandro,Radke,aradkem@google.fr
24,Carlotta,Campione,ccampionen@webmd.com
25,Valentin,Dungate,vdungateo@time.com
26,Wrennie,Dundridge,wdundridgep@wisc.edu
27,Alison,Grinston,agrinstonq@yale.edu
28,Gwenette,Leaton,gleatonr@skyrock.com
29,Zane,Tankus,ztankuss@dyndns.org
30,Brandyn,Ranson,bransont@hostgator.com
31,Patrizius,Gokes,pgokesu@cafepress.com
32,Temple,Tunsley,ttunsleyv@artisteer.com
33,Tallulah,Schultze,tschultzew@salon.com
34,Neil,Zarfai,nzarfaix@opera.com
35,Danika,Rusk,drusky@domainmarket.com
36,Adaline,Izzat,aizzatz@independent.co.uk
37,Ginnifer,Perle,gperle10@usnews.com
38,Adaline,Fadell,afadell11@twitpic.com
39,Nerte,Cornbill,ncornbill12@behance.net
40,Erinna,Malmar,emalmar13@oracle.com
41,Dale,Moseby,dmoseby14@jugem.jp
42,Sigismond,Curnokk,scurnokk15@gov.uk
43,Heda,Avesque,havesque16@telegraph.co.uk
44,Martainn,Woodier,mwoodier17@tiny.cc
45,Valaree,Elger,velger18@github.io
46,Blythe,Emslie,bemslie19@yellowbook.com
47,Allie,Crocket,acrocket1a@craigslist.org
48,Livia,Courtonne,lcourtonne1b@bbc.co.uk
49,Dru,Hollerin,dhollerin1c@goo.gl
50,Kizzie,Faunch,kfaunch1d@blinklist.com
51,Lelah,Fellowes,lfellowes1e@elpais.com
52,Eadmund,Mewis,emewis1f@ifeng.com
53,Latrina,Cullington,lcullington1g@gov.uk
54,Ronny,Collacombe,rcollacombe1h@ycombinator.com
55,Paule,O'Hannen,pohannen1i@state.gov
56,Lem,Sheen,lsheen1j@macromedia.com
57,Oberon,Shingler,oshingler1k@indiegogo.com
58,Austina,Mc Andrew,amcandrew1l@technorati.com
59,Jozef,Wearn,jwearn1m@businessinsider.com
60,Esteban,Kyngdon,ekyngdon1n@simplemachines.org
61,Bondy,Thompsett,bthompsett1o@twitpic.com
62,Alexia,Cheasman,acheasman1p@last.fm
63,Florentia,Huddy,fhuddy1q@mediafire.com
64,Ken,De Simone,kdesimone1r@stumbleupon.com
65,Kat,McPhee,kmcphee1s@youku.com
66,Kippie,Scinelli,kscinelli1t@rediff.com
67,Cordula,McCumesky,cmccumesky1u@godaddy.com
68,Xenos,Drohan,xdrohan1v@theatlantic.com
69,Merill,Leeuwerink,mleeuwerink1w@slideshare.net
70,Arlene,Robathon,arobathon1x@thetimes.co.uk
71,Meyer,Bodiam,mbodiam1y@adobe.com
72,Janenna,Strewther,jstrewther1z@mac.com
73,Nadya,Lambe,nlambe20@pagesperso-orange.fr
74,Janaye,McClymont,jmcclymont21@imageshack.us
75,Rosamund,Boulter,rboulter22@berkeley.edu
76,Ashley,Cullabine,acullabine23@flickr.com
77,Kenny,Heino,kheino24@ucoz.ru
78,Kippy,Jeannenet,kjeannenet25@indiatimes.com
79,Twila,Wardingly,twardingly26@csmonitor.com
80,Emmey,Kilbey,ekilbey27@google.pl
81,Kathye,Galiero,kgaliero28@berkeley.edu
82,Jacobo,Dobbie,jdobbie29@addthis.com
83,Colas,Bladge,cbladge2a@flickr.com
84,Barbette,L'Homme,blhomme2b@mit.edu
85,Halie,Shoosmith,hshoosmith2c@intel.com
86,Domingo,Elland,delland2d@jigsy.com
87,Vidovik,Kubek,vkubek2e@timesonline.co.uk
88,Tim,GiacobbiniJacob,tgiacobbinijacob2f@xinhuanet.com
89,Norton,Lavell,nlavell2g@state.gov
90,Christopher,Danilenko,cdanilenko2h@github.com
91,Tiphani,Anniwell,tanniwell2i@rakuten.co.jp
92,Perceval,Oliphant,poliphant2j@t.co
93,Althea,Ilyushkin,ailyushkin2k@skype.com
94,Zelig,Eul,zeul2l@macromedia.com
95,Brenda,Tupper,btupper2m@icio.us
96,Ruthann,Gaize,rgaize2n@people.com.cn
97,Cristiano,Bartelli,cbartelli2o@ft.com
98,Riobard,Perrot,rperrot2p@clickbank.net
99,Eden,De Rechter,ederechter2q@theatlantic.com
100,Loreen,Andrelli,landrelli2r@google.de
101,Lorin,Northwood,lnorthwood2s@facebook.com
102,Dillie,Paschek,dpaschek2t@nasa.gov
103,Lucila,Burnhill,lburnhill2u@instagram.com
104,Shaylyn,Bownas,sbownas2v@stanford.edu
105,Kittie,Kennea,kkennea2w@netvibes.com
106,Stormi,Henrych,shenrych2x@addtoany.com
107,Aila,Hegley,ahegley2y@opera.com
108,Jarid,Lavies,jlavies2z@si.edu
109,Tabbie,Edser,tedser30@blinklist.com
110,Eberto,Kinnock,ekinnock31@independent.co.uk
111,Leonardo,Rollin,lrollin32@elpais.com
112,Marti,Atley,matley33@creativecommons.org
113,Minda,Horder,mhorder34@tinypic.com
114,Baldwin,Di Biagi,bdibiagi35@twitter.com
115,Cornelle,Kauscher,ckauscher36@gnu.org
116,Mariam,Espinho,mespinho37@networksolutions.com
117,Cymbre,Ruslinge,cruslinge38@cdc.gov
118,Fianna,Eagland,feagland39@oaic.gov.au
119,Carri,Westerman,cwesterman3a@chronoengine.com
120,Minna,Hasell,mhasell3b@yelp.com
121,Gabe,Dorking,gdorking3c@newyorker.com
122,Waylan,McMylor,wmcmylor3d@skype.com
123,Cassondra,Plevey,cplevey3e@discuz.net
124,Rozele,Garrique,rgarrique3f@illinois.edu
125,Diandra,Atchly,datchly3g@paginegialle.it
126,Reinald,Dumelow,rdumelow3h@jalbum.net
127,Lorna,Ciric,lciric3i@bing.com
128,Hinda,Gronaller,hgronaller3j@photobucket.com
129,Juieta,Wavish,jwavish3k@ox.ac.uk
130,Ealasaid,Blamphin,eblamphin3l@networksolutions.com
131,Town,Monteith,tmonteith3m@usatoday.com
132,Ortensia,Benit,obenit3n@sciencedaily.com
133,Sidnee,Coggan,scoggan3o@state.gov
134,Ashil,Brinded,abrinded3p@cyberchimps.com
135,Thibaud,Nucator,tnucator3q@patch.com
136,Darrin,Collumbine,dcollumbine3r@cbslocal.com
137,Cly,Pettie,cpettie3s@zdnet.com
138,Lambert,Sinisbury,lsinisbury3t@admin.ch
139,Teresita,Beet,tbeet3u@squarespace.com
140,Vivia,Setford,vsetford3v@dailymotion.com
141,Phil,Fogt,pfogt3w@slideshare.net
142,Arnold,Maidment,amaidment3x@nhs.uk
143,Leo,Starte,lstarte3y@twitpic.com
144,Ev,Middell,emiddell3z@privacy.gov.au
145,Kerr,Riccioppo,kriccioppo40@twitpic.com
146,Mara,Royson,mroyson41@wix.com
147,Loria,Muscott,lmuscott42@google.com.au
148,Hamel,Willford,hwillford43@google.ru
149,Lois,McMillan,lmcmillan44@geocities.jp
150,Robbyn,Bertram,rbertram45@blogspot.com
151,Vlad,How to preserve,vhowtopreserve46@cbslocal.com
152,Nancie,Andreou,nandreou47@instagram.com
153,Pepito,Presman,ppresman48@ted.com
154,Barbette,Arnely,barnely49@taobao.com
155,Jacenta,Chezier,jchezier4a@boston.com
156,Lenard,Keyser,lkeyser4b@4shared.com
157,Annelise,Denial,adenial4c@csmonitor.com
158,Dee dee,Loverock,dloverock4d@alibaba.com
159,Helyn,Kneale,hkneale4e@kickstarter.com
160,Silas,Zanettini,szanettini4f@prnewswire.com
161,Locke,Carff,lcarff4g@hc360.com
162,Liesa,Maiden,lmaiden4h@nydailynews.com
163,Niccolo,Leaf,nleaf4i@ihg.com
164,Cody,Kardos-Stowe,ckardosstowe4j@vk.com
165,Horace,Ferrarin,hferrarin4k@sbwire.com
166,Giustino,Swire,gswire4l@jiathis.com
167,Ignacius,Fransinelli,ifransinelli4m@loc.gov
168,Rowen,Wapol,rwapol4n@dailymail.co.uk
169,Barrie,Kondratyuk,bkondratyuk4o@answers.com
170,Margaux,Grocutt,mgrocutt4p@comcast.net
171,Chas,Golton,cgolton4q@4shared.com
172,Rog,Ashley,rashley4r@shop-pro.jp
173,Andie,Bowdidge,abowdidge4s@chron.com
174,Ingrid,Snailham,isnailham4t@boston.com
175,Anita,Pople,apople4u@dion.ne.jp
176,Darb,Tallboy,dtallboy4v@eventbrite.com
177,Merralee,Jenkerson,mjenkerson4w@blinklist.com
178,Saraann,Kydd,skydd4x@gnu.org
179,Eberhard,Hellewell,ehellewell4y@yellowpages.com
180,Karine,Aslam,kaslam4z@github.com
181,Everard,Pickston,epickston50@buzzfeed.com
182,Clair,Demongeot,cdemongeot51@opera.com
183,Korrie,Cassy,kcassy52@umich.edu
184,Karol,Kirdsch,kkirdsch53@joomla.org
185,Lind,Sydney,lsydney54@jalbum.net
186,Remy,Esh,resh55@sakura.ne.jp
187,Constantino,Borsnall,cborsnall56@columbia.edu
188,Mellie,Winteringham,mwinteringham57@google.com.au
189,Klement,Gronou,kgronou58@prnewswire.com
190,Olenolin,Scoyne,oscoyne59@soundcloud.com
191,Hercules,Swinburne,hswinburne5a@google.com
192,Ettie,Fairnie,efairnie5b@wikipedia.org
193,Thomasa,Reven,treven5c@home.pl
194,Raffarty,Spelsbury,rspelsbury5d@tinypic.com
195,Bennie,Baldung,bbaldung5e@mapy.cz
196,Carlee,Linke,clinke5f@hp.com
197,Gennifer,Upham,gupham5g@delicious.com
198,Burnaby,Spiaggia,bspiaggia5h@dell.com
199,Brade,Gosdin,bgosdin5i@google.com.hk
200,Donavon,Beldom,dbeldom5j@chron.com
201,Vallie,Fowler,vfowler5k@yelp.com
202,Darline,Trudgian,dtrudgian5l@vistaprint.com
203,Dyana,Kummerlowe,dkummerlowe5m@sphinn.com
204,Ibby,Point,ipoint5n@furl.net
205,Wilhelmine,Euler,weuler5o@live.com
206,Hailee,Trundler,htrundler5p@fotki.com
207,Codie,Higbin,chigbin5q@vimeo.com
208,Gwen,Gasking,ggasking5r@miibeian.gov.cn
209,Keelby,Foucar,kfoucar5s@51.la
210,Kip,Vedikhov,kvedikhov5t@springer.com
211,Ker,Rauprich,krauprich5u@abc.net.au
212,Horatio,Stiven,hstiven5v@senate.gov
213,Marcelia,Purvis,mpurvis5w@fda.gov
214,Baudoin,Keilty,bkeilty5x@nsw.gov.au
215,Pammy,England,pengland5y@independent.co.uk
216,Reynard,Elsbury,relsbury5z@people.com.cn
217,Evvy,Berndtsson,eberndtsson60@amazon.co.uk
218,Delbert,Whitley,dwhitley61@google.ca
219,Jerry,Kettel,jkettel62@baidu.com
220,Doreen,Altham,daltham63@army.mil
221,Shanta,Belmont,sbelmont64@ehow.com
222,Friederike,Luter,fluter65@army.mil
223,Betta,Hansom,bhansom66@ycombinator.com
224,Timoteo,Commin,tcommin67@microsoft.com
225,Malchy,Vescovo,mvescovo68@google.it
226,Amalita,Sylvester,asylvester69@skype.com
227,Lindsay,Convery,lconvery6a@qq.com
228,Candy,Byart,cbyart6b@bizjournals.com
229,Hanny,Grund,hgrund6c@storify.com
230,Eugenia,Acomb,eacomb6d@arstechnica.com
231,Mara,Bryett,mbryett6e@indiatimes.com
232,Gregoire,Seeks,gseeks6f@meetup.com
233,Kyle,Mort,kmort6g@dedecms.com
234,Adelheid,Triggle,atriggle6h@nba.com
235,Berky,Rickarsey,brickarsey6i@wikispaces.com
236,Con,Lauritsen,clauritsen6j@cam.ac.uk
237,Deni,Skade,dskade6k@nytimes.com
238,Dru,Tring,dtring6l@privacy.gov.au
239,Ranice,Ellicombe,rellicombe6m@icq.com
240,Rosanna,Vignal,rvignal6n@answers.com
241,Margi,Scahill,mscahill6o@dedecms.com
242,Jazmin,Beldan,jbeldan6p@oaic.gov.au
243,Brendin,Gimson,bgimson6q@51.la
244,Lari,Eustace,leustace6r@digg.com
245,Kassey,Squire,ksquire6s@un.org
246,Hugues,Shilston,hshilston6t@salon.com
247,Roman,Suddards,rsuddards6u@prnewswire.com
248,Harry,Aloigi,haloigi6v@weather.com
249,Rebeca,Newbegin,rnewbegin6w@plala.or.jp
250,Claude,Spellworth,cspellworth6x@nifty.com
251,Garth,Caffery,gcaffery6y@craigslist.org
252,Omar,Erskine Sandys,oerskinesandys6z@sphinn.com
253,Odella,Bicheno,obicheno70@imageshack.us
254,Gabriel,Lorrain,glorrain71@github.com
255,Adelheid,MacGahy,amacgahy72@army.mil
256,Anet,Macveigh,amacveigh73@deliciousdays.com
257,Elton,Briiginshaw,ebriiginshaw74@simplemachines.org
258,Lindsey,Royall,lroyall75@vistaprint.com
259,Novelia,Casford,ncasford76@apple.com
260,Vincent,Strutley,vstrutley77@msn.com
261,Ailey,Chalice,achalice78@pbs.org
262,Arlette,Cuncarr,acuncarr79@google.it
263,Care,Bound,cbound7a@fda.gov
264,Dagny,Learmount,dlearmount7b@howstuffworks.com
265,Norina,Grodden,ngrodden7c@cocolog-nifty.com
266,Henrietta,Jenicek,hjenicek7d@va.gov
267,Frants,Curnnok,fcurnnok7e@si.edu
268,Mauricio,Paxman,mpaxman7f@discuz.net
269,Alasteir,Ivanshintsev,aivanshintsev7g@technorati.com
270,Helenelizabeth,Blackly,hblackly7h@cdc.gov
271,Meredeth,Bredgeland,mbredgeland7i@google.ca
272,Willy,Looker,wlooker7j@auda.org.au
273,Maura,Probey,mprobey7k@ucoz.ru
274,Dorry,Bilt,dbilt7l@wordpress.com
275,Dorelle,Elliff,delliff7m@tiny.cc
276,Renato,Penright,rpenright7n@newsvine.com
277,Hardy,Burchatt,hburchatt7o@altervista.org
278,Odelinda,Matkovic,omatkovic7p@berkeley.edu
279,Rollie,Harrisson,rharrisson7q@apple.com
280,Megan,Mattimoe,mmattimoe7r@plala.or.jp
281,Nil,Noblet,nnoblet7s@geocities.jp
282,Tudor,Stidson,tstidson7t@biblegateway.com
283,Kathrine,Aburrow,kaburrow7u@gmpg.org
284,Cherianne,Stanes,cstanes7v@msn.com
285,Briny,Sanford,bsanford7w@google.es
286,Juliette,Steggals,jsteggals7x@harvard.edu
287,Anitra,Baff,abaff7y@disqus.com
288,Fae,Yewdale,fyewdale7z@blogtalkradio.com
289,Clint,Cusack,ccusack80@theguardian.com
290,Emilee,Pauleau,epauleau81@google.com
291,Agnella,Heeks,aheeks82@omniture.com
292,Charlot,Pearson,cpearson83@paginegialle.it
293,Allan,Fomichyov,afomichyov84@joomla.org
294,Dell,Laughren,dlaughren85@pinterest.com
295,Amie,Bernetti,abernetti86@umn.edu
296,Iormina,Mussard,imussard87@businesswire.com
297,Selma,Wagon,swagon88@yellowbook.com
298,Tamarra,Doreward,tdoreward89@google.cn
299,Allister,Goodlad,agoodlad8a@bloglines.com
300,Adan,Scottesmoor,ascottesmoor8b@trellian.com
301,Al,Wodeland,awodeland8c@dailymotion.com
302,Ansel,Bravery,abravery8d@si.edu
303,Trenton,Georgot,tgeorgot8e@rambler.ru
304,Spense,Hugill,shugill8f@fema.gov
305,Kiah,Athy,kathy8g@yandex.ru
306,Obadiah,Drewell,odrewell8h@eepurl.com
307,Ray,Skipton,rskipton8i@nhs.uk
308,Veradis,Havesides,vhavesides8j@bravesites.com
309,Timi,Matzen,tmatzen8k@naver.com
310,Jessy,Gotter,jgotter8l@acquirethisname.com
311,Robinet,Yakunkin,ryakunkin8m@over-blog.com
312,Janine,Claessens,jclaessens8n@ibm.com
313,Niall,Hedling,nhedling8o@moonfruit.com
314,Karisa,Le Fevre,klefevre8p@vimeo.com
315,Aime,Jarrel,ajarrel8q@netscape.com
316,Blanch,Cavendish,bcavendish8r@blogspot.com
317,Ulric,Southward,usouthward8s@cbsnews.com
318,Agnesse,Corrison,acorrison8t@sitemeter.com
319,Myra,Crowden,mcrowden8u@theatlantic.com
320,Cameron,Potter,cpotter8v@hugedomains.com
321,Gibby,House,ghouse8w@virginia.edu
322,Derwin,Capener,dcapener8x@economist.com
323,Talbert,Leader,tleader8y@1688.com
324,Malcolm,Menico,mmenico8z@spotify.com
325,Tracy,Nerne,tnerne90@spotify.com
326,Angeline,Nunes Nabarro,anunesnabarro91@narod.ru
327,Catharine,Taks,ctaks92@omniture.com
328,Valentine,Loker,vloker93@java.com
329,Keelia,Darnbrough,kdarnbrough94@ucla.edu
330,Jordan,Kells,jkells95@w3.org
331,Bren,Miquelet,bmiquelet96@webs.com
332,Rebekkah,Norley,rnorley97@woothemes.com
333,Izabel,Huddy,ihuddy98@woothemes.com
334,Konstantine,Urlin,kurlin99@home.pl
335,Ingram,Grabeham,igrabeham9a@livejournal.com
336,Everard,Cucuzza,ecucuzza9b@arizona.edu
337,Seth,Bruckenthal,sbruckenthal9c@imageshack.us
338,Vittoria,Peppin,vpeppin9d@addtoany.com
339,Claudelle,Spraberry,cspraberry9e@ft.com
340,Alene,Yanyushkin,ayanyushkin9f@simplemachines.org
341,Evyn,De Few,edefew9g@xinhuanet.com
342,Lyman,Blaylock,lblaylock9h@google.com
343,Danielle,Barrable,dbarrable9i@redcross.org
344,Upton,Rotham,urotham9j@timesonline.co.uk
345,Ivett,Wilcott,iwilcott9k@facebook.com
346,Isidor,Dowgill,idowgill9l@jimdo.com
347,Maison,Sizzey,msizzey9m@weebly.com
348,Wat,Scothron,wscothron9n@dion.ne.jp
349,Rayner,Reason,rreason9o@usgs.gov
350,Maegan,Smalman,msmalman9p@cnbc.com
351,Wynny,Coils,wcoils9q@domainmarket.com
352,Gage,Mahody,gmahody9r@princeton.edu
353,Elberta,Normabell,enormabell9s@storify.com
354,Conny,Hanington,chanington9t@flavors.me
355,Bertrand,Capstaff,bcapstaff9u@de.vu
356,Ichabod,Prandini,iprandini9v@ted.com
357,Gideon,Fenna,gfenna9w@liveinternet.ru
358,Gearard,Scourfield,gscourfield9x@wisc.edu
359,Tedie,Perrottet,tperrottet9y@globo.com
360,Ellwood,Coudray,ecoudray9z@tmall.com
361,Matthew,Oxtarby,moxtarbya0@fda.gov
362,Nertie,Podmore,npodmorea1@amazon.co.jp
363,Deerdre,Sink,dsinka2@dion.ne.jp
364,Mylo,Lander,mlandera3@guardian.co.uk
365,Georgianna,Forte,gfortea4@abc.net.au
366,Clair,Luddy,cluddya5@si.edu
367,Eileen,Kniveton,eknivetona6@mtv.com
368,Allina,Yorath,ayoratha7@dailymotion.com
369,Harlin,Heustice,hheusticea8@google.es
370,Harold,Label,hlabela9@nhs.uk
371,Morley,Bowman,mbowmanaa@time.com
372,Reinaldos,Dzenisenka,rdzenisenkaab@cyberchimps.com
373,Karissa,Duerden,kduerdenac@live.com
374,Kala,Abdie,kabdiead@bloglovin.com
375,Raychel,MacCarlich,rmaccarlichae@psu.edu
376,Raphael,Petrakov,rpetrakovaf@imgur.com
377,Giffie,Timbridge,gtimbridgeag@dailymail.co.uk
378,Joachim,Snodin,jsnodinah@booking.com
379,Angeline,Sibary,asibaryai@ox.ac.uk
380,Darbie,Deason,ddeasonaj@oaic.gov.au
381,Rick,Bwy,rbwyak@hud.gov
382,Margy,Glacken,mglackenal@hc360.com
383,Ola,Rubel,orubelam@163.com
384,Paolina,Featherston,pfeatherstonan@sakura.ne.jp
385,Scarface,Emsden,semsdenao@sfgate.com
386,Fancie,Zucker,fzuckerap@de.vu
387,Elane,Andreucci,eandreucciaq@moonfruit.com
388,Justis,Simes,jsimesar@nsw.gov.au
389,Sukey,Sharrem,ssharremas@jugem.jp
390,Christan,Reightley,creightleyat@utexas.edu
391,Niccolo,Imesen,nimesenau@dedecms.com
392,Karmen,Hanney,khanneyav@rakuten.co.jp
393,Steffi,Ivory,sivoryaw@angelfire.com
394,Harbert,Fahy,hfahyax@cdc.gov
395,Quintilla,Trolley,qtrolleyay@imdb.com
396,Odetta,Withringten,owithringtenaz@earthlink.net
397,Milka,Duran,mduranb0@intel.com
398,Giana,Middlemass,gmiddlemassb1@narod.ru
399,Barrett,Cuerda,bcuerdab2@hubpages.com
400,Miquela,Smallthwaite,msmallthwaiteb3@booking.com
401,Merissa,Bariball,mbariballb4@economist.com
402,Harriott,Wilsone,hwilsoneb5@parallels.com
403,Analiese,Pickering,apickeringb6@is.gd
404,Karlen,Riordan,kriordanb7@deviantart.com
405,Danna,Ferre,dferreb8@ihg.com
406,Vinson,Cavan,vcavanb9@ucoz.ru
407,Frederich,Clorley,fclorleyba@ask.com
408,Josh,Loades,jloadesbb@youku.com
409,Kane,Corstan,kcorstanbc@state.tx.us
410,Rustie,Feek,rfeekbd@cafepress.com
411,Amabelle,Darlington,adarlingtonbe@bravesites.com
412,Redd,Galpen,rgalpenbf@baidu.com
413,Zak,Grimsey,zgrimseybg@nbcnews.com
414,Brook,Ficken,bfickenbh@ebay.com
415,Lorine,Zimmerman,lzimmermanbi@netscape.com
416,Mitzi,Burge,mburgebj@a8.net
417,Janis,Headings,jheadingsbk@google.nl
418,Mirabelle,Weadick,mweadickbl@sciencedaily.com
419,Lelah,Winfindale,lwinfindalebm@dot.gov
420,Charmane,Tailby,ctailbybn@microsoft.com
421,Tiebout,Lattimer,tlattimerbo@epa.gov
422,Francisco,Baldery,fbalderybp@odnoklassniki.ru
423,Harriott,Sorrill,hsorrillbq@amazon.com
424,Gram,Scruby,gscrubybr@spotify.com
425,Lonnie,Penddreth,lpenddrethbs@edublogs.org
426,Burl,Reynard,breynardbt@last.fm
427,Dee,Daleman,ddalemanbu@ning.com
428,Lynett,Grishakin,lgrishakinbv@simplemachines.org
429,Nari,Antonovic,nantonovicbw@dailymail.co.uk
430,Gardner,Seamen,gseamenbx@phpbb.com
431,Karna,Farnon,kfarnonby@wiley.com
432,Matelda,Rawsen,mrawsenbz@skype.com
433,Ursala,Briat,ubriatc0@tmall.com
434,Iris,Maasze,imaaszec1@illinois.edu
435,Rachele,Redley,rredleyc2@blogs.com
436,Benoite,Traite,btraitec3@privacy.gov.au
437,Ripley,Sprull,rsprullc4@admin.ch
438,Anallise,Skilton,askiltonc5@apple.com
439,Olivie,Woolaston,owoolastonc6@auda.org.au
440,Fons,Farquharson,ffarquharsonc7@nasa.gov
441,Alfreda,Miquelet,amiqueletc8@dyndns.org
442,Barbra,Waterman,bwatermanc9@nyu.edu
443,Fredric,Zuann,fzuannca@sfgate.com
444,Maye,Stranio,mstraniocb@blogspot.com
445,Rebbecca,Smallacombe,rsmallacombecc@shop-pro.jp
446,Nilson,Ghelardoni,nghelardonicd@mediafire.com
447,Wandis,Lettuce,wlettucece@washingtonpost.com
448,Schuyler,Buessen,sbuessencf@imageshack.us
449,Mortie,Powter,mpowtercg@alexa.com
450,Jess,Feasby,jfeasbych@discovery.com
451,Kirstin,Bengefield,kbengefieldci@pinterest.com
452,Shena,Traylen,straylencj@shareasale.com
453,Erica,Abramowitz,eabramowitzck@un.org
454,Leonore,Keelinge,lkeelingecl@thetimes.co.uk
455,Israel,Skillington,iskillingtoncm@businessweek.com
456,Gabrielle,Shingles,gshinglescn@meetup.com
457,Kacy,Tomkys,ktomkysco@seattletimes.com
458,Penrod,Hatz,phatzcp@dailymotion.com
459,Linet,Cruikshanks,lcruikshankscq@addtoany.com
460,Tamqrah,Battey,tbatteycr@hao123.com
461,Bealle,Sinnie,bsinniecs@abc.net.au
462,Hubert,Dawnay,hdawnayct@mysql.com
463,Mason,Kidstoun,mkidstouncu@posterous.com
464,Blanche,Summerhayes,bsummerhayescv@facebook.com
465,Nellie,Belsher,nbelshercw@1und1.de
466,Mignon,Duckfield,mduckfieldcx@blog.com
467,Caresse,Yakebovitch,cyakebovitchcy@amazon.de
468,Mariel,Juniper,mjunipercz@cornell.edu
469,Rosalia,Antoinet,rantoinetd0@g.co
470,Ilyse,Howsego,ihowsegod1@godaddy.com
471,Marcile,Twyford,mtwyfordd2@deliciousdays.com
472,Sabine,Lindbergh,slindberghd3@usgs.gov
473,Guilbert,Mauger,gmaugerd4@naver.com
474,Anjela,Essery,aesseryd5@opera.com
475,Ruttger,Antoszewski,rantoszewskid6@sciencedirect.com
476,Ana,Leggis,aleggisd7@home.pl
477,Stewart,Pye,spyed8@deviantart.com
478,Kurt,Prydie,kprydied9@a8.net
479,Linea,Philps,lphilpsda@jalbum.net
480,Rupert,Marling,rmarlingdb@de.vu
481,Flss,Lynd,flynddc@dion.ne.jp
482,Eugen,Lonie,eloniedd@statcounter.com
483,Hagan,Fowler,hfowlerde@ocn.ne.jp
484,Marshal,Anyon,manyondf@buzzfeed.com
485,Lancelot,Fawdry,lfawdrydg@scribd.com
486,Kimberly,Gergler,kgerglerdh@toplist.cz
487,Angel,Toffel,atoffeldi@friendfeed.com
488,Saw,Boshere,sbosheredj@vkontakte.ru
489,Jason,Boxer,jboxerdk@last.fm
490,Gerri,Deshorts,gdeshortsdl@mysql.com
491,Horton,Murie,hmuriedm@prweb.com
492,Neron,Hillen,nhillendn@sitemeter.com
493,Justinian,Haughey,jhaugheydo@nytimes.com
494,Maxine,Kirwin,mkirwindp@microsoft.com
495,Ilsa,Casey,icaseydq@booking.com
496,Edwina,Roches,erochesdr@canalblog.com
497,Laraine,Camplejohn,lcamplejohnds@skyrock.com
498,Codee,Cornall,ccornalldt@telegraph.co.uk
499,Redd,Townrow,rtownrowdu@reference.com
500,Syman,Sidle,ssidledv@ucoz.com
501,Lorna,Powner,lpownerdw@flavors.me
502,Maryanne,Portt,mporttdx@cbslocal.com
503,Marabel,Klesse,mklessedy@hostgator.com
504,Maureen,Witch,mwitchdz@xinhuanet.com
505,Marta,Imlach,mimlache0@nationalgeographic.com
506,Bethina,Winchurst,bwinchurste1@zimbio.com
507,Barbee,Norfolk,bnorfolke2@unesco.org
508,Farr,Askam,faskame3@ustream.tv
509,Arnold,Wolvey,awolveye4@nasa.gov
510,Shawn,Garlant,sgarlante5@dell.com
511,Mariann,Beaford,mbeaforde6@istockphoto.com
512,Elisabetta,Cardello,ecardelloe7@whitehouse.gov
513,Patric,Van der Kruijs,pvanderkruijse8@parallels.com
514,Randolf,Rawsen,rrawsene9@senate.gov
515,Parsifal,Caudle,pcaudleea@github.com
516,Rebbecca,Kimblen,rkimbleneb@thetimes.co.uk
517,Gertrudis,Almond,galmondec@wunderground.com
518,Kevyn,Mazillius,kmazilliused@sohu.com
519,Murray,Gabbat,mgabbatee@opera.com
520,Fitz,Perkin,fperkinef@utexas.edu
521,Tiertza,Belsham,tbelshameg@intel.com
522,Xena,Yezafovich,xyezafovicheh@t-online.de
523,Gabriellia,Whysall,gwhysallei@a8.net
524,Adoree,Hann,ahannej@home.pl
525,Jeannine,Ottewill,jottewillek@unc.edu
526,Berni,Lush,blushel@chicagotribune.com
527,Gare,Casaro,gcasaroem@myspace.com
528,Staci,Searsby,ssearsbyen@tinyurl.com
529,Tammie,Nodin,tnodineo@mit.edu
530,Bibi,Whebell,bwhebellep@so-net.ne.jp
531,Calhoun,Mattessen,cmattesseneq@webs.com
532,Amara,Watton,awattoner@exblog.jp
533,Ash,Gaber,agaberes@shareasale.com
534,Lenora,Bridat,lbridatet@livejournal.com
535,Caye,Pearse,cpearseeu@microsoft.com
536,Romona,Heard,rheardev@wordpress.org
537,Kacie,Grinter,kgrinterew@moonfruit.com
538,Jarrett,Elks,jelksex@is.gd
539,Tildie,Shailer,tshailerey@umich.edu
540,Skipper,Bimrose,sbimroseez@netlog.com
541,Jerrylee,Keer,jkeerf0@unblog.fr
542,Annalise,Klosser,aklosserf1@unc.edu
543,Thomasa,Wharram,twharramf2@imageshack.us
544,Zelma,Rolfo,zrolfof3@miitbeian.gov.cn
545,Basilio,Hansley,bhansleyf4@paypal.com
546,Heidie,Wardley,hwardleyf5@about.me
547,Trish,Rembrant,trembrantf6@tamu.edu
548,Bess,Vye,bvyef7@jiathis.com
549,Joya,Golagley,jgolagleyf8@unesco.org
550,Ferdy,Adamiak,fadamiakf9@columbia.edu
551,Shea,Coulsen,scoulsenfa@bandcamp.com
552,Vikky,Fifoot,vfifootfb@themeforest.net
553,Vinson,Tarbox,vtarboxfc@bigcartel.com
554,Cheston,Mowlam,cmowlamfd@engadget.com
555,Emalee,Rodrig,erodrigfe@mapquest.com
556,Artemus,Cranstone,acranstoneff@flavors.me
557,Zacharias,Wank,zwankfg@scribd.com
558,Siobhan,Munnion,smunnionfh@msu.edu
559,Drake,Kelshaw,dkelshawfi@bbb.org
560,Tann,Killbey,tkillbeyfj@dagondesign.com
561,Perry,Jacombs,pjacombsfk@furl.net
562,Stephanus,Hickin,shickinfl@youku.com
563,Estevan,Huskisson,ehuskissonfm@oakley.com
564,Susanetta,Spikings,sspikingsfn@domainmarket.com
565,Dulsea,Napoli,dnapolifo@istockphoto.com
566,Torrence,Stookes,tstookesfp@mashable.com
567,Coletta,Sibson,csibsonfq@51.la
568,Gabbi,Egerton,gegertonfr@microsoft.com
569,Vern,Cotterell,vcotterellfs@bloomberg.com
570,Chloe,Durram,cdurramft@amazonaws.com
571,Mersey,Tosh,mtoshfu@goodreads.com
572,Ysabel,Platt,yplattfv@angelfire.com
573,Beaufort,O'Dunniom,bodunniomfw@yellowpages.com
574,Cherye,Boxen,cboxenfx@vkontakte.ru
575,Rosamund,Flockhart,rflockhartfy@cbc.ca
576,Rosella,Paliser,rpaliserfz@toplist.cz
577,Ariella,Birdfield,abirdfieldg0@free.fr
578,Clywd,Clendennen,cclendenneng1@dailymail.co.uk
579,Yelena,Tritten,ytritteng2@patch.com
580,Anselma,Kleinholz,akleinholzg3@mac.com
581,Emile,Senten,esenteng4@addthis.com
582,Tyler,Yuryichev,tyuryichevg5@fda.gov
583,Sybil,Sambals,ssambalsg6@phpbb.com
584,Frants,Mancell,fmancellg7@freewebs.com
585,Melodee,Seatter,mseatterg8@jimdo.com
586,Dale,Berns,dbernsg9@cbsnews.com
587,Madelin,Kevlin,mkevlinga@telegraph.co.uk
588,Maxie,Brymner,mbrymnergb@digg.com
589,Herman,Branigan,hbranigangc@example.com
590,Korella,Nurny,knurnygd@ocn.ne.jp
591,Aron,Bellringer,abellringerge@reverbnation.com
592,Rhonda,Killford,rkillfordgf@wikimedia.org
593,Lorry,Easum,leasumgg@cam.ac.uk
594,Roy,Barthelmes,rbarthelmesgh@si.edu
595,Pablo,Odda,poddagi@europa.eu
596,Martha,Telega,mtelegagj@livejournal.com
597,Bianka,Gibberd,bgibberdgk@mapy.cz
598,Celeste,Koeppke,ckoeppkegl@t.co
599,Ganny,Verbeek,gverbeekgm@123-reg.co.uk
600,Nerta,Karchowski,nkarchowskign@sina.com.cn
601,Shalna,Thal,sthalgo@ask.com
602,Odille,Widdowson,owiddowsongp@xrea.com
603,Pablo,Stode,pstodegq@eepurl.com
604,Ardelia,Skett,askettgr@comsenz.com
605,Jany,Ginnally,jginnallygs@taobao.com
606,Mason,Jeskin,mjeskingt@si.edu
607,Perren,Grote,pgrotegu@acquirethisname.com
608,Staffard,Barkess,sbarkessgv@parallels.com
609,Arlie,Lochhead,alochheadgw@yellowpages.com
610,Barris,Huitson,bhuitsongx@mlb.com
611,Lem,O' Shea,losheagy@telegraph.co.uk
612,Diarmid,Bamforth,dbamforthgz@bing.com
613,Mirella,Lapre,mlapreh0@nps.gov
614,Deanna,Meeks,dmeeksh1@epa.gov
615,Marion,Dursley,mdursleyh2@wsj.com
616,Faunie,Bonnick,fbonnickh3@merriam-webster.com
617,Kacey,Grewcock,kgrewcockh4@t.co
618,Koressa,Farnorth,kfarnorthh5@examiner.com
619,Ange,Mulcahy,amulcahyh6@mlb.com
620,Emmy,Erickssen,eerickssenh7@opensource.org
621,Horton,Dalling,hdallingh8@qq.com
622,Urbanus,Harvard,uharvardh9@google.fr
623,Elsbeth,Dabell,edabellha@time.com
624,Jandy,Grisard,jgrisardhb@hao123.com
625,Wayland,Danielli,wdaniellihc@washington.edu
626,Bear,Heselwood,bheselwoodhd@independent.co.uk
627,Katleen,Bagster,kbagsterhe@furl.net
628,Maudie,Saxelby,msaxelbyhf@netvibes.com
629,Aloisia,Bernade,abernadehg@dailymail.co.uk
630,Bryce,Ateridge,bateridgehh@reddit.com
631,Brennen,Python,bpythonhi@boston.com
632,Doretta,Wein,dweinhj@wp.com
633,Rena,Tern,rternhk@ucoz.ru
634,Irving,Tempest,itempesthl@canalblog.com
635,Herminia,Inglesent,hinglesenthm@disqus.com
636,Carol,Dutton,cduttonhn@feedburner.com
637,Gaynor,Oylett,goylettho@unicef.org
638,Filippa,Sewart,fsewarthp@360.cn
639,Antonia,Traves,atraveshq@sitemeter.com
640,Everard,Barnaclough,ebarnacloughhr@facebook.com
641,Tallie,Squeers,tsqueershs@illinois.edu
642,Forrest,Goodanew,fgoodanewht@symantec.com
643,Paule,Geeraert,pgeeraerthu@devhub.com
644,Korrie,Barwick,kbarwickhv@buzzfeed.com
645,Kasper,Corstan,kcorstanhw@amazon.com
646,Danice,Polglase,dpolglasehx@comcast.net
647,Earlie,Pouck,epouckhy@java.com
648,Stanislas,Schubuser,sschubuserhz@java.com
649,Ame,Samet,asameti0@nps.gov
650,Madel,Mellhuish,mmellhuishi1@who.int
651,Sherilyn,Zecchi,szecchii2@webs.com
652,Roldan,Johnson,rjohnsoni3@uol.com.br
653,Bradley,Lesek,bleseki4@netlog.com
654,Lola,Woollett,lwoolletti5@squarespace.com
655,Arlyne,Hallstone,ahallstonei6@utexas.edu
656,Evered,Sissel,esisseli7@tripod.com
657,Buck,Klimushev,bklimushevi8@marriott.com
658,Corny,Lavelle,clavellei9@about.com
659,Sloane,Calton,scaltonia@slideshare.net
660,Ginny,Uttridge,guttridgeib@washington.edu
661,Keary,Penniell,kpenniellic@flavors.me
662,Zia,Faley,zfaleyid@walmart.com
663,Husein,Harverson,hharversonie@cornell.edu
664,Verge,Gasker,vgaskerif@reuters.com
665,Grantham,Doxsey,gdoxseyig@prweb.com
666,Mylo,O' Hogan,mohoganih@dion.ne.jp
667,Gaspard,Stradling,gstradlingii@gov.uk
668,Jeralee,Palia,jpaliaij@tripadvisor.com
669,Herc,Yakebovich,hyakebovichik@msu.edu
670,Monroe,Gartland,mgartlandil@nymag.com
671,Clovis,Petken,cpetkenim@mac.com
672,Jamie,Ericssen,jericssenin@twitter.com
673,Korrie,Dignum,kdignumio@va.gov
674,Dorian,Ambroix,dambroixip@a8.net
675,Arabelle,Neeves,aneevesiq@uiuc.edu
676,Dacey,Stockton,dstocktonir@aol.com
677,Eugenia,Maultby,emaultbyis@wp.com
678,Engelbert,Hasker,ehaskerit@cnn.com
679,Fayina,Fessby,ffessbyiu@webnode.com
680,Al,McCombe,amccombeiv@e-recht24.de
681,Xenia,Chadwell,xchadwelliw@slashdot.org
682,Tonie,Naismith,tnaismithix@tinyurl.com
683,Lorianna,Morais,lmoraisiy@bing.com
684,Caro,Rentoll,crentolliz@youtube.com
685,Frances,Hounsom,fhounsomj0@zimbio.com
686,Franni,Voden,fvodenj1@nytimes.com
687,Corey,Dalman,cdalmanj2@fc2.com
688,Rudiger,Seeds,rseedsj3@army.mil
689,Joly,Coulton,jcoultonj4@flavors.me
690,Letisha,Poundesford,lpoundesfordj5@ft.com
691,Feodor,Gemlett,fgemlettj6@nytimes.com
692,Madalena,Peterffy,mpeterffyj7@time.com
693,Sasha,Meaton,smeatonj8@gravatar.com
694,Rowney,Lovie,rloviej9@hibu.com
695,Mercy,O'Lahy,molahyja@washington.edu
696,Dode,Malafe,dmalafejb@unesco.org
697,Cyndie,Tavernor,ctavernorjc@freewebs.com
698,Amandi,Drissell,adrisselljd@techcrunch.com
699,Tamarah,Vinau,tvinauje@kickstarter.com
700,Lanna,Antonchik,lantonchikjf@sogou.com
701,Monty,Wickey,mwickeyjg@hugedomains.com
702,Alair,Mordue,amorduejh@oakley.com
703,Hanan,McCurley,hmccurleyji@pcworld.com
704,Rich,Wallis,rwallisjj@vkontakte.ru
705,Gilberto,Saladine,gsaladinejk@addtoany.com
706,Cecilio,Burkwood,cburkwoodjl@howstuffworks.com
707,Noell,Drew-Clifton,ndrewcliftonjm@home.pl
708,Roma,Larman,rlarmanjn@cargocollective.com
709,Husain,Francescoccio,hfrancescocciojo@gnu.org
710,Germaine,Beebe,gbeebejp@yahoo.com
711,Starlene,Fishleigh,sfishleighjq@loc.gov
712,Blake,Waylen,bwaylenjr@google.com.hk
713,Berton,McMurraya,bmcmurrayajs@mapy.cz
714,Glyn,Crew,gcrewjt@nsw.gov.au
715,Theresita,Castelijn,tcastelijnju@wordpress.com
716,Teodoor,Hassewell,thassewelljv@imageshack.us
717,Mord,Bazoche,mbazochejw@princeton.edu
718,Caitrin,Tooby,ctoobyjx@wikipedia.org
719,Arch,Gitthouse,agitthousejy@t-online.de
720,Lennie,Ciciotti,lciciottijz@arizona.edu
721,Iris,Tregensoe,itregensoek0@google.ru
722,Shayna,Droogan,sdroogank1@fotki.com
723,Daria,Castree,dcastreek2@yahoo.co.jp
724,Starlin,McAtamney,smcatamneyk3@upenn.edu
725,Diarmid,Bellow,dbellowk4@pcworld.com
726,Belia,Cluer,bcluerk5@abc.net.au
727,Kurtis,Semrad,ksemradk6@facebook.com
728,Klaus,Nurdin,knurdink7@bizjournals.com
729,Gavrielle,Bazley,gbazleyk8@clickbank.net
730,Kinsley,Atkyns,katkynsk9@github.com
731,Sholom,Wenham,swenhamka@tinypic.com
732,Loy,Springett,lspringettkb@devhub.com
733,Lorenzo,Goodbur,lgoodburkc@eventbrite.com
734,Cozmo,Whatsize,cwhatsizekd@usatoday.com
735,Penni,MacShirrie,pmacshirrieke@about.com
736,Gladys,Necrews,gnecrewskf@aboutads.info
737,Aleece,Wemyss,awemysskg@newsvine.com
738,Jerrold,Salomon,jsalomonkh@hhs.gov
739,Berna,Kaas,bkaaski@gnu.org
740,Rodger,Andreou,randreoukj@virginia.edu
741,Jemie,Christofe,jchristofekk@craigslist.org
742,Sheffy,MacCrachen,smaccrachenkl@pen.io
743,Cyrus,Zouch,czouchkm@answers.com
744,Mitchell,Noraway,mnorawaykn@a8.net
745,Omero,Ebertz,oebertzko@cnet.com
746,Millie,Deetch,mdeetchkp@ocn.ne.jp
747,Fielding,Oxterby,foxterbykq@printfriendly.com
748,Justina,Huntley,jhuntleykr@gov.uk
749,Tibold,Realph,trealphks@sfgate.com
750,Constantina,Coxhell,ccoxhellkt@seattletimes.com
751,Otho,Baly,obalyku@ovh.net
752,Adena,Himsworth,ahimsworthkv@miitbeian.gov.cn
753,Boonie,Quinsee,bquinseekw@posterous.com
754,Bonnee,Stearley,bstearleykx@photobucket.com
755,Ariela,Curran,acurranky@bing.com
756,Caroljean,Sellars,csellarskz@telegraph.co.uk
757,Elset,Hathwood,ehathwoodl0@uol.com.br
758,Allix,Absolom,aabsoloml1@sphinn.com
759,Cathrin,Crisford,ccrisfordl2@smugmug.com
760,Rudie,Methringham,rmethringhaml3@ezinearticles.com
761,Jessamyn,Pulver,jpulverl4@usnews.com
762,Ailbert,Larraway,alarrawayl5@unblog.fr
763,Miranda,Polkinhorn,mpolkinhornl6@ox.ac.uk
764,Issi,McKune,imckunel7@java.com
765,Glenden,Stollery,gstolleryl8@chicagotribune.com
766,Farris,Cholmondeley,fcholmondeleyl9@shop-pro.jp
767,Sofie,Gooddie,sgooddiela@upenn.edu
768,Robbi,Gommowe,rgommowelb@4shared.com
769,Thaddeus,McCloid,tmccloidlc@weibo.com
770,Mick,Dibbin,mdibbinld@gnu.org
771,Emlynn,Knutton,eknuttonle@reuters.com
772,Nikolai,Daine,ndainelf@live.com
773,Brook,Belshaw,bbelshawlg@telegraph.co.uk
774,Monique,Eloy,meloylh@bbb.org
775,Dory,Emptage,demptageli@adobe.com
776,Gusty,Mussard,gmussardlj@marriott.com
777,Cassi,Fulton,cfultonlk@discuz.net
778,Verge,Durand,vdurandll@example.com
779,Darrick,McKag,dmckaglm@de.vu
780,Hayley,Wadge,hwadgeln@un.org
781,Brander,Andress,bandresslo@de.vu
782,Archer,Winch,awinchlp@kickstarter.com
783,Godfry,Menault,gmenaultlq@earthlink.net
784,Thibaut,Gandrich,tgandrichlr@163.com
785,Roxie,Broxis,rbroxisls@angelfire.com
786,Alvera,Tumilson,atumilsonlt@cafepress.com
787,Modesta,Ferens,mferenslu@cdbaby.com
788,Daffie,Arnett,darnettlv@plala.or.jp
789,Franklin,Adolfsen,fadolfsenlw@lulu.com
790,Gale,Basford,gbasfordlx@drupal.org
791,Aguie,Sagar,asagarly@last.fm
792,Stacy,Dockerty,sdockertylz@webnode.com
793,Hadleigh,Sharpe,hsharpem0@hatena.ne.jp
794,Ber,Darrington,bdarringtonm1@paypal.com
795,Arin,Rothon,arothonm2@samsung.com
796,Archibold,Beharrell,abeharrellm3@xing.com
797,Ruperta,Mouan,rmouanm4@dailymail.co.uk
798,Lyle,Steljes,lsteljesm5@wunderground.com
799,Bancroft,Crayke,bcraykem6@google.co.uk
800,Byrann,Senechell,bsenechellm7@ca.gov
801,Tam,Sillwood,tsillwoodm8@tamu.edu
802,Claudian,Corless,ccorlessm9@whitehouse.gov
803,Barthel,Rollett,brollettma@chicagotribune.com
804,Zacharias,Borne,zbornemb@umich.edu
805,Celinda,Ivanikhin,civanikhinmc@elegantthemes.com
806,Olly,Emerine,oemerinemd@economist.com
807,Kath,McConway,kmcconwayme@rediff.com
808,Corrinne,Boncoeur,cboncoeurmf@nps.gov
809,Ripley,Titherington,rtitheringtonmg@about.me
810,Carlotta,Velareal,cvelarealmh@oaic.gov.au
811,Niel,Rapi,nrapimi@tinypic.com
812,Kliment,Beagen,kbeagenmj@ehow.com
813,Zechariah,Lisamore,zlisamoremk@tumblr.com
814,Aarika,Erasmus,aerasmusml@wikispaces.com
815,Mischa,Lease,mleasemm@wikipedia.org
816,Matthaeus,Tosdevin,mtosdevinmn@princeton.edu
817,Harbert,MacDonogh,hmacdonoghmo@webs.com
818,Hugibert,Longmore,hlongmoremp@state.tx.us
819,Nichole,Tilling,ntillingmq@multiply.com
820,Herculie,Stawell,hstawellmr@oaic.gov.au
821,Billie,Iles,bilesms@google.com
822,Cherilyn,Patillo,cpatillomt@exblog.jp
823,Ddene,Von Hindenburg,dvonhindenburgmu@salon.com
824,Urson,Oddboy,uoddboymv@purevolume.com
825,Clemmie,Bloss,cblossmw@shutterfly.com
826,Carmella,Wormald,cwormaldmx@skyrock.com
827,Loydie,Treadaway,ltreadawaymy@google.es
828,Lonnard,Mapowder,lmapowdermz@dyndns.org
829,Feodora,Olennikov,folennikovn0@pcworld.com
830,Adelaide,Chinge,achingen1@chronoengine.com
831,Daryl,Hargraves,dhargravesn2@ibm.com
832,Emilee,Shawcross,eshawcrossn3@cargocollective.com
833,Kelsey,Zukerman,kzukermann4@bravesites.com
834,Lurette,Carwithan,lcarwithann5@parallels.com
835,Hermy,Stallen,hstallenn6@soup.io
836,Dorene,Barrett,dbarrettn7@de.vu
837,Travers,Woolston,twoolstonn8@acquirethisname.com
838,Adamo,MacKowle,amackowlen9@yahoo.com
839,Becka,Kubatsch,bkubatschna@zdnet.com
840,Teddie,Conneely,tconneelynb@joomla.org
841,Lydia,Bolderoe,lbolderoenc@ibm.com
842,Frazier,Sephton,fsephtonnd@yellowbook.com
843,Laetitia,De Ruel,lderuelne@artisteer.com
844,Cynde,Bruckent,cbruckentnf@skyrock.com
845,Dorey,Tweede,dtweedeng@alibaba.com
846,Fitzgerald,Matzke,fmatzkenh@cnbc.com
847,Sarajane,Sell,ssellni@yellowbook.com
848,Auberon,Routhorn,arouthornnj@joomla.org
849,Ailis,Tucker,atuckernk@ebay.com
850,Winifield,Dewdney,wdewdneynl@weibo.com
851,Bealle,Ferrey,bferreynm@biglobe.ne.jp
852,Shadow,Theakston,stheakstonnn@qq.com
853,Fonsie,Rhodes,frhodesno@craigslist.org
854,Salvador,Meah,smeahnp@chicagotribune.com
855,Stuart,Di Iorio,sdiiorionq@globo.com
856,Dacia,Ilett,dilettnr@com.com
857,Karon,Emblen,kemblenns@odnoklassniki.ru
858,Eba,Heatlie,eheatlient@phpbb.com
859,Rozele,Sher,rshernu@bloglovin.com
860,Marty,Kirkby,mkirkbynv@forbes.com
861,Dru,Boud,dboudnw@usnews.com
862,Stevie,Jephcote,sjephcotenx@jugem.jp
863,Merrill,Dowbekin,mdowbekinny@deviantart.com
864,Gail,Haddleston,ghaddlestonnz@imageshack.us
865,Florette,Weatherup,fweatherupo0@cargocollective.com
866,Lorraine,MacMillan,lmacmillano1@google.cn
867,Bogart,McCafferty,bmccaffertyo2@is.gd
868,Shurwood,Rosenstock,srosenstocko3@auda.org.au
869,Malynda,Tiltman,mtiltmano4@vk.com
870,Beau,Aingell,baingello5@aboutads.info
871,Salomo,Hazael,shazaelo6@webeden.co.uk
872,Fran,Volleth,fvolletho7@umn.edu
873,Hayyim,Muffett,hmuffetto8@netscape.com
874,Aron,Goshawk,agoshawko9@merriam-webster.com
875,Raychel,MattiCCI,rmatticcioa@lulu.com
876,Elle,Huge,ehugeob@wsj.com
877,Loralie,Vedekhov,lvedekhovoc@telegraph.co.uk
878,Cullie,Hek,chekod@themeforest.net
879,Mab,Kennewell,mkennewelloe@free.fr
880,Clerissa,Hedau,chedauof@ehow.com
881,Koo,Lafferty,klaffertyog@phpbb.com
882,Carlie,Boulger,cboulgeroh@bloglines.com
883,Gordy,Pettit,gpettitoi@wisc.edu
884,Wilt,Ronchi,wronchioj@google.pl
885,Toiboid,Kender,tkenderok@free.fr
886,Tades,Fiddian,tfiddianol@feedburner.com
887,Stefanie,Sambals,ssambalsom@apache.org
888,Victoria,Bowmen,vbowmenon@uol.com.br
889,Sherilyn,Walewski,swalewskioo@wordpress.com
890,Bertine,Oldred,boldredop@amazon.de
891,Ferdie,Pechell,fpechelloq@plala.or.jp
892,Carlotta,Jaquest,cjaquestor@sphinn.com
893,Demetri,Picton,dpictonos@webs.com
894,Merrel,Ferrini,mferriniot@eepurl.com
895,Tabby,Wainscoat,twainscoatou@desdev.cn
896,Carrissa,Epsly,cepslyov@dagondesign.com
897,Jada,Wyss,jwyssow@fotki.com
898,Gage,Lavington,glavingtonox@storify.com
899,Curtice,Lenney,clenneyoy@java.com
900,Corny,Stackbridge,cstackbridgeoz@noaa.gov
901,Gwennie,Byres,gbyresp0@4shared.com
902,Allys,Mobberley,amobberleyp1@vimeo.com
903,Dunn,Deneve,ddenevep2@123-reg.co.uk
904,Neila,Klimontovich,nklimontovichp3@blogs.com
905,Milicent,Haydn,mhaydnp4@bing.com
906,Neala,Chatenet,nchatenetp5@comsenz.com
907,Vincents,Beidebeke,vbeidebekep6@creativecommons.org
908,Renae,Simonnot,rsimonnotp7@google.com.br
909,Tessi,McVitie,tmcvitiep8@yellowpages.com
910,Dianna,Drohan,ddrohanp9@apache.org
911,Burl,Piddington,bpiddingtonpa@kickstarter.com
912,Eddie,Sheards,esheardspb@squidoo.com
913,Ingemar,Bendell,ibendellpc@github.io
914,Nesta,Strowther,nstrowtherpd@zimbio.com
915,Ofelia,Wilfinger,owilfingerpe@odnoklassniki.ru
916,Rosco,O'Henehan,rohenehanpf@scientificamerican.com
917,Joellen,Gutridge,jgutridgepg@quantcast.com
918,Tybi,Montier,tmontierph@cbsnews.com
919,Audry,Fairman,afairmanpi@amazon.de
920,Elisa,Frangleton,efrangletonpj@diigo.com
921,Jannel,Ashdown,jashdownpk@hostgator.com
922,Ulrica,Goodbairn,ugoodbairnpl@hud.gov
923,Nichole,Wolfenden,nwolfendenpm@blogger.com
924,Jolee,Ambroix,jambroixpn@timesonline.co.uk
925,Nestor,Bolver,nbolverpo@trellian.com
926,Adella,Drackford,adrackfordpp@histats.com
927,Garth,Esposito,gespositopq@ebay.com
928,Felipa,Febry,ffebrypr@walmart.com
929,Moselle,Chattelaine,mchattelaineps@feedburner.com
930,Stephine,Galletley,sgalletleypt@yahoo.com
931,Leontyne,Nowick,lnowickpu@people.com.cn
932,Dorisa,Drei,ddreipv@gravatar.com
933,Grantley,Bassill,gbassillpw@latimes.com
934,Friederike,Duester,fduesterpx@hugedomains.com
935,Stephana,De Clairmont,sdeclairmontpy@example.com
936,Belicia,Farley,bfarleypz@guardian.co.uk
937,Colene,Laming,clamingq0@delicious.com
938,Matty,Rickesies,mrickesiesq1@xinhuanet.com
939,Ephraim,Sibun,esibunq2@github.com
940,Nara,Mesant,nmesantq3@plala.or.jp
941,Carolann,Cornelisse,ccornelisseq4@amazon.de
942,Nicole,Beart,nbeartq5@usa.gov
943,Cordy,Wagnerin,cwagnerinq6@pen.io
944,Elsi,Ondracek,eondracekq7@wikimedia.org
945,Emelia,Gimber,egimberq8@seesaa.net
946,Horacio,See,hseeq9@artisteer.com
947,Jessi,Sainer,jsainerqa@clickbank.net
948,Luke,de Zamora,ldezamoraqb@stanford.edu
949,Candis,Ollerenshaw,collerenshawqc@amazonaws.com
950,Ginni,Coots,gcootsqd@unicef.org
951,Stefano,McKeller,smckellerqe@networksolutions.com
952,Eleanor,Wassung,ewassungqf@typepad.com
953,Avrom,Rumens,arumensqg@theguardian.com
954,Jamesy,Leith,jleithqh@zimbio.com
955,Roarke,Kase,rkaseqi@msn.com
956,Maud,Adshad,madshadqj@domainmarket.com
957,Parsifal,McCathay,pmccathayqk@istockphoto.com
958,Rab,Dufour,rdufourql@sakura.ne.jp
959,Charley,Kinsell,ckinsellqm@stumbleupon.com
960,Skippie,Newns,snewnsqn@yelp.com
961,Sarita,Jeannard,sjeannardqo@wikispaces.com
962,Gerhard,Hitzschke,ghitzschkeqp@geocities.com
963,Elbert,Olivazzi,eolivazziqq@google.com
964,Rozella,Lampert,rlampertqr@theglobeandmail.com
965,Ellsworth,Lemanu,elemanuqs@cafepress.com
966,Redd,Fernely,rfernelyqt@devhub.com
967,Riobard,Radish,rradishqu@storify.com
968,Theodosia,Jeeks,tjeeksqv@ted.com
969,Arne,Morton,amortonqw@dyndns.org
970,Francklin,Luard,fluardqx@tumblr.com
971,Patty,Alans,palansqy@icq.com
972,Georgeanna,Menichillo,gmenichilloqz@hao123.com
973,Anthia,Weatherall,aweatherallr0@geocities.jp
974,Dinah,Clash,dclashr1@cargocollective.com
975,Sibylle,Poundesford,spoundesfordr2@mysql.com
976,Alison,Buddock,abuddockr3@dell.com
977,Geneva,Kruger,gkrugerr4@trellian.com
978,Noelani,Lewinton,nlewintonr5@instagram.com
979,Tana,Millom,tmillomr6@infoseek.co.jp
980,Guenevere,Kersley,gkersleyr7@barnesandnoble.com
981,Dyanna,Aubert,daubertr8@oakley.com
982,Dyann,Ardley,dardleyr9@hibu.com
983,Svend,Merrington,smerringtonra@narod.ru
984,Elfie,Whaley,ewhaleyrb@desdev.cn
985,Willy,Riley,wrileyrc@godaddy.com
986,Isabelle,Macguire,imacguirerd@globo.com
987,Vlad,Nappin,vnappinre@phoca.cz
988,Noll,Carluccio,ncarlucciorf@cornell.edu
989,Rebeka,McKimm,rmckimmrg@time.com
990,Nevin,Aronowitz,naronowitzrh@1688.com
991,Jaime,Goskar,jgoskarri@redcross.org
992,Annabel,Breukelman,abreukelmanrj@lycos.com
993,Felicle,Watkiss,fwatkissrk@wikimedia.org
994,Fairfax,Keep,fkeeprl@live.com
995,Burg,Ruddom,bruddomrm@elegantthemes.com
996,Farleigh,McKinnon,fmckinnonrn@parallels.com
997,Faustina,Liffe,fliffero@csmonitor.com
998,Britt,Aitkenhead,baitkenheadrp@bloglovin.com
999,Elizabet,Pointin,epointinrq@sun.com
1000,Webster,Joust,wjoustrr@google.com.hk
