id,first_name,last_name,email
1,Cornelle,de Quesne,cdequesne0@nbcnews.com
2,Tabbatha,Eltune,teltune1@ezinearticles.com
3,Rodrick,Matelyunas,rmatelyunas2@disqus.com
4,Michaelina,Mayo,mmayo3@omniture.com
5,Sam,Tupman,stupman4@com.com
6,Karylin,Card,kcard5@accuweather.com
7,Nikolas,Craigg,ncraigg6@adobe.com
8,Perrine,Hawtrey,phawtrey7@behance.net
9,Camey,Gibbie,cgibbie8@vkontakte.ru
10,Jabez,Camsey,jcamsey9@sina.com.cn
11,Adan,Lydon,alydona@statcounter.com
12,Laurena,Englishby,lenglishbyb@si.edu
13,Powell,Capewell,pcapewellc@reddit.com
14,Marilee,Newe,mnewed@scientificamerican.com
15,Adena,Fairley,afairleye@bloglines.com
16,Dulciana,Andree,dandreef@nsw.gov.au
17,Thom,Wayland,twaylandg@baidu.com
18,Pasquale,Branscomb,pbranscombh@scientificamerican.com
19,Gearalt,London,glondoni@telegraph.co.uk
20,Betsey,Huckfield,bhuckfieldj@weebly.com
21,Aryn,Levene,alevenek@sun.com
22,Nealson,Tollit,ntollitl@gizmodo.com
23,Mohandis,Epsly,mepslym@unblog.fr
24,Tani,Doxey,tdoxeyn@edublogs.org
25,Dulsea,Sitford,dsitfordo@senate.gov
26,Honor,Canto,hcantop@live.com
27,Crysta,Gimbrett,cgimbrettq@usatoday.com
28,Vance,Kuna,vkunar@apache.org
29,Katee,Schultze,kschultzes@oakley.com
30,Devondra,Menere,dmeneret@businessinsider.com
31,Elita,Plomer,eplomeru@bloomberg.com
32,Stillmann,McSparran,smcsparranv@epa.gov
33,Olly,Glacken,oglackenw@smugmug.com
34,Nappie,Justis,njustisx@mysql.com
35,Durant,Thay,dthayy@angelfire.com
36,Ulric,Reaveley,ureaveleyz@imdb.com
37,Garth,Coppledike,gcoppledike10@tuttocitta.it
38,Jessee,Jan,jjan11@google.cn
39,Adel,Spykins,aspykins12@yelp.com
40,Odella,Andreassen,oandreassen13@webeden.co.uk
41,Salvidor,Dillet,sdillet14@constantcontact.com
42,Broddy,Jan,bjan15@uol.com.br
43,Tucky,Howle,thowle16@ox.ac.uk
44,Florrie,Thams,fthams17@hud.gov
45,Fidelity,Syde,fsyde18@mit.edu
46,Reggy,Stukings,rstukings19@nps.gov
47,Ekaterina,Mouncher,emouncher1a@rambler.ru
48,Dinny,Scotchbrook,dscotchbrook1b@wiley.com
49,Hedy,Gothliff,hgothliff1c@mit.edu
50,Devin,Murphey,dmurphey1d@pinterest.com
51,Alanah,Foxworthy,afoxworthy1e@wordpress.com
52,Claiborne,Mussen,cmussen1f@macromedia.com
53,Nehemiah,Rizzotto,nrizzotto1g@patch.com
54,Leshia,Luther,lluther1h@rakuten.co.jp
55,Oralie,Brandenberg,obrandenberg1i@toplist.cz
56,Sigismond,Adamides,sadamides1j@mediafire.com
57,Rayna,Mattielli,rmattielli1k@china.com.cn
58,Quintina,Casperri,qcasperri1l@gizmodo.com
59,Emalia,Kubas,ekubas1m@youtu.be
60,Lissa,Lightbourne,llightbourne1n@taobao.com
61,Richardo,Bainbrigge,rbainbrigge1o@plala.or.jp
62,Pat,Hassen,phassen1p@blogs.com
63,Tristam,Bowring,tbowring1q@netscape.com
64,Reagen,Evason,revason1r@umich.edu
65,Maxwell,Yantsev,myantsev1s@seesaa.net
66,Shannan,Saffle,ssaffle1t@geocities.jp
67,Joya,Bruster,jbruster1u@fastcompany.com
68,Katha,Pietrzak,kpietrzak1v@soundcloud.com
69,Christoforo,Aggiss,caggiss1w@va.gov
70,Kort,Hanhart,khanhart1x@t-online.de
71,Claudell,Spellard,cspellard1y@plala.or.jp
72,Ulick,Steckings,usteckings1z@hatena.ne.jp
73,Antonetta,Muggach,amuggach20@mozilla.org
74,Shaylyn,Venner,svenner21@oakley.com
75,Osmond,Dory,odory22@mapy.cz
76,Ava,Riordan,ariordan23@eventbrite.com
77,Quintina,Portman,qportman24@icio.us
78,Genevra,Iddins,giddins25@w3.org
79,Lawry,Lonergan,llonergan26@skyrock.com
80,Robina,Basketter,rbasketter27@elegantthemes.com
81,Herve,Rapo,hrapo28@ucoz.com
82,Cristionna,Critcher,ccritcher29@sciencedaily.com
83,Rodie,Whannel,rwhannel2a@cdc.gov
84,Adam,Hedylstone,ahedylstone2b@linkedin.com
85,Charil,Corradeschi,ccorradeschi2c@mayoclinic.com
86,Arnie,Tarzey,atarzey2d@dropbox.com
87,Dyanna,Honack,dhonack2e@joomla.org
88,Nata,Maciejewski,nmaciejewski2f@wired.com
89,Lorilee,Whitbread,lwhitbread2g@oakley.com
90,Emmalynne,McMichan,emcmichan2h@networkadvertising.org
91,Nelli,Torpie,ntorpie2i@japanpost.jp
92,Gerick,Croose,gcroose2j@earthlink.net
93,Rochette,Anthoine,ranthoine2k@merriam-webster.com
94,Jonell,Gallimore,jgallimore2l@google.pl
95,Nealon,Dubble,ndubble2m@yellowbook.com
96,Jeane,Wadhams,jwadhams2n@creativecommons.org
97,Dunstan,Grindley,dgrindley2o@addthis.com
98,Rem,Hubbis,rhubbis2p@360.cn
99,Petronille,Johnigan,pjohnigan2q@home.pl
100,Kelsey,Aldwich,kaldwich2r@admin.ch
101,Tootsie,Grent,tgrent2s@ihg.com
102,Calla,Feldbau,cfeldbau2t@cafepress.com
103,Winthrop,Hartzenberg,whartzenberg2u@shareasale.com
104,Jackelyn,Robins,jrobins2v@spotify.com
105,Wyatt,Gloyens,wgloyens2w@mapquest.com
106,Arlin,Tukely,atukely2x@istockphoto.com
107,Benjy,Stobbe,bstobbe2y@ucoz.ru
108,Josh,O'Looney,jolooney2z@wiley.com
109,Christie,MacGall,cmacgall30@salon.com
110,Boote,Macauley,bmacauley31@delicious.com
111,Emmalynne,Tant,etant32@hibu.com
112,Modesty,Arne,marne33@ustream.tv
113,Nollie,Wyeth,nwyeth34@usgs.gov
114,Liz,Zoppie,lzoppie35@time.com
115,Aili,Harmeston,aharmeston36@webs.com
116,Chloe,Fernier,cfernier37@wunderground.com
117,Samaria,Ruf,sruf38@google.co.uk
118,Dorene,Watkiss,dwatkiss39@smh.com.au
119,Norrie,Blofeld,nblofeld3a@macromedia.com
120,Suzanne,Morpeth,smorpeth3b@vinaora.com
121,Jerrie,Orrick,jorrick3c@themeforest.net
122,Rubetta,Munkton,rmunkton3d@tinypic.com
123,Lizzy,Yanuk,lyanuk3e@moonfruit.com
124,Dal,Gunningham,dgunningham3f@furl.net
125,Micheal,Lamasna,mlamasna3g@angelfire.com
126,Shelby,Izkovicz,sizkovicz3h@imgur.com
127,Chris,MacDowall,cmacdowall3i@is.gd
128,Christian,Pigdon,cpigdon3j@creativecommons.org
129,Davina,Waghorne,dwaghorne3k@ning.com
130,Milena,Jodlowski,mjodlowski3l@redcross.org
131,Crosby,Iacobucci,ciacobucci3m@phpbb.com
132,Anderea,Ingry,aingry3n@craigslist.org
133,Meaghan,Blunt,mblunt3o@alexa.com
134,Darwin,Streeter,dstreeter3p@histats.com
135,Eleonora,Rowth,erowth3q@fda.gov
136,Danie,Degoe,ddegoe3r@delicious.com
137,Josefa,Thrasher,jthrasher3s@cnet.com
138,Mikaela,Mingardo,mmingardo3t@jiathis.com
139,Robby,Anthill,ranthill3u@t.co
140,Gail,Wilby,gwilby3v@cnbc.com
141,Sarene,Torricina,storricina3w@t-online.de
142,Romy,Hammonds,rhammonds3x@shutterfly.com
143,Terrye,Haddock,thaddock3y@lycos.com
144,Putnem,Thal,pthal3z@feedburner.com
145,Elana,Eastgate,eeastgate40@themeforest.net
146,Barn,Traylen,btraylen41@uol.com.br
147,Ingeborg,Doggett,idoggett42@blog.com
148,Sebastian,Kenna,skenna43@shareasale.com
149,Carleen,Gunston,cgunston44@goo.ne.jp
150,Chalmers,Kerswell,ckerswell45@webeden.co.uk
151,Teri,Coggings,tcoggings46@java.com
152,Moshe,Ascough,mascough47@amazon.com
153,Nanni,Douberday,ndouberday48@comsenz.com
154,Gerry,Clist,gclist49@jalbum.net
155,Ingrid,Yerborn,iyerborn4a@amazon.de
156,Norma,Cogger,ncogger4b@friendfeed.com
157,Petronilla,Skeldinge,pskeldinge4c@youku.com
158,Rowney,Antonoczyk,rantonoczyk4d@qq.com
159,Corene,Tunn,ctunn4e@artisteer.com
160,Jenine,Torbett,jtorbett4f@ow.ly
161,Marcy,Chapell,mchapell4g@ucoz.com
162,Tabitha,Adaway,tadaway4h@yandex.ru
163,Arnie,Radbourne,aradbourne4i@weather.com
164,Rina,Jordanson,rjordanson4j@ft.com
165,Tressa,Petrina,tpetrina4k@php.net
166,Rodd,Blew,rblew4l@free.fr
167,Jerry,Joust,jjoust4m@google.co.uk
168,Erhard,Hadlee,ehadlee4n@etsy.com
169,Rozele,Aarons,raarons4o@spotify.com
170,Octavia,Hearse,ohearse4p@hud.gov
171,Patrick,Carrivick,pcarrivick4q@simplemachines.org
172,Frederigo,Romney,fromney4r@de.vu
173,Betty,Valentim,bvalentim4s@eepurl.com
174,Elvis,Barhem,ebarhem4t@list-manage.com
175,Naoma,Josipovitz,njosipovitz4u@senate.gov
176,Gannon,Goodlip,ggoodlip4v@cbc.ca
177,Mignonne,Ricard,mricard4w@nih.gov
178,Teodorico,Winnett,twinnett4x@cisco.com
179,Shurlock,Chellam,schellam4y@blogspot.com
180,Mala,Savatier,msavatier4z@imageshack.us
181,Clarie,McCuis,cmccuis50@desdev.cn
182,Cyril,Tawse,ctawse51@auda.org.au
183,Helen-elizabeth,Meiner,hmeiner52@stumbleupon.com
184,Alyce,Welford,awelford53@adobe.com
185,Bibby,Spellecy,bspellecy54@mayoclinic.com
186,Alain,Lacotte,alacotte55@businesswire.com
187,Ginnie,Plumridege,gplumridege56@cbslocal.com
188,Ardelia,Secombe,asecombe57@creativecommons.org
189,Rickert,Bedells,rbedells58@ifeng.com
190,Kanya,Binns,kbinns59@blogger.com
191,Kesley,Falconbridge,kfalconbridge5a@lulu.com
192,Ethan,Ourtic,eourtic5b@aboutads.info
193,Layla,Imore,limore5c@amazon.co.uk
194,Abraham,Shevlin,ashevlin5d@prnewswire.com
195,Willard,Meiningen,wmeiningen5e@apache.org
196,Wells,Santon,wsanton5f@bizjournals.com
197,Stoddard,Bore,sbore5g@thetimes.co.uk
198,Diarmid,Panks,dpanks5h@hhs.gov
199,Dannie,Balk,dbalk5i@msu.edu
200,Jacques,Lurcock,jlurcock5j@paypal.com
201,Lind,Hazeldene,lhazeldene5k@hostgator.com
202,Magda,Teideman,mteideman5l@blogs.com
203,Penrod,Le Port,pleport5m@techcrunch.com
204,Verene,Jolly,vjolly5n@yahoo.co.jp
205,Stanley,Speachley,sspeachley5o@abc.net.au
206,Morgana,Capey,mcapey5p@edublogs.org
207,Collen,Bottrell,cbottrell5q@mapquest.com
208,Bronnie,Pursey,bpursey5r@technorati.com
209,Wanda,Eastbury,weastbury5s@bbb.org
210,Nanine,Atack,natack5t@seesaa.net
211,Burlie,Iacoboni,biacoboni5u@e-recht24.de
212,Marmaduke,Hazelton,mhazelton5v@virginia.edu
213,Clarette,Epps,cepps5w@unesco.org
214,Lory,Sherman,lsherman5x@house.gov
215,Kally,Stanborough,kstanborough5y@gov.uk
216,Carmelita,Heild,cheild5z@answers.com
217,Kattie,Clitsome,kclitsome60@bloomberg.com
218,Reube,Baron,rbaron61@dailymotion.com
219,Josh,Osmant,josmant62@bloomberg.com
220,Elicia,Ector,eector63@parallels.com
221,Aloin,Rosen,arosen64@last.fm
222,Eyde,Heineken,eheineken65@usa.gov
223,Devy,Shower,dshower66@virginia.edu
224,Hanna,Pace,hpace67@nydailynews.com
225,Kimbell,Marishenko,kmarishenko68@so-net.ne.jp
226,Westbrook,Parradice,wparradice69@youku.com
227,Emmett,Scarr,escarr6a@drupal.org
228,Bobina,Folder,bfolder6b@uiuc.edu
229,Arden,Spedding,aspedding6c@cbslocal.com
230,Shayna,Petroselli,spetroselli6d@blinklist.com
231,Johny,Roddie,jroddie6e@imageshack.us
232,Rosalinda,Gerner,rgerner6f@jalbum.net
233,Bennett,Urpeth,burpeth6g@hibu.com
234,Harriette,Earland,hearland6h@feedburner.com
235,Emmanuel,Franzelini,efranzelini6i@wordpress.org
236,Nannie,Hullot,nhullot6j@vinaora.com
237,Jacquetta,Doeg,jdoeg6k@histats.com
238,Crissy,Tickel,ctickel6l@amazon.com
239,Paxon,Aspall,paspall6m@miibeian.gov.cn
240,Mella,Frye,mfrye6n@bigcartel.com
241,Adrea,Leatherbarrow,aleatherbarrow6o@amazon.co.uk
242,Olivie,Stoad,ostoad6p@ifeng.com
243,Madison,Payler,mpayler6q@indiatimes.com
244,Angelita,Blennerhassett,ablennerhassett6r@bloomberg.com
245,Eddy,Ferreo,eferreo6s@youtu.be
246,Tabitha,Jacobbe,tjacobbe6t@forbes.com
247,Bud,Kirsopp,bkirsopp6u@google.fr
248,Bronny,Frantzen,bfrantzen6v@merriam-webster.com
249,Charmian,Jentin,cjentin6w@dailymail.co.uk
250,Gerek,Grigoletti,ggrigoletti6x@jugem.jp
251,Carmencita,Tilne,ctilne6y@jalbum.net
252,Weber,Richfield,wrichfield6z@cocolog-nifty.com
253,Luther,Ilyasov,lilyasov70@google.fr
254,Brnaby,Hunnicot,bhunnicot71@unicef.org
255,Lorne,Genthner,lgenthner72@shutterfly.com
256,Anna-maria,Dovidaitis,adovidaitis73@geocities.com
257,Sinclare,Burchfield,sburchfield74@canalblog.com
258,Alyda,Arenson,aarenson75@diigo.com
259,Minny,Kelle,mkelle76@amazon.com
260,Arnaldo,Padula,apadula77@myspace.com
261,Minna,Cay,mcay78@netscape.com
262,Welbie,Emby,wemby79@dell.com
263,Silvanus,Raft,sraft7a@mashable.com
264,Durant,Bonnefin,dbonnefin7b@webmd.com
265,Rancell,Cowle,rcowle7c@oakley.com
266,Trev,Padula,tpadula7d@bbc.co.uk
267,Audi,Alvares,aalvares7e@bloomberg.com
268,Thornie,Coggeshall,tcoggeshall7f@marketwatch.com
269,Esma,Robison,erobison7g@cloudflare.com
270,Catarina,Pollak,cpollak7h@goodreads.com
271,Kiah,Antoney,kantoney7i@odnoklassniki.ru
272,Theda,Balsillie,tbalsillie7j@dmoz.org
273,Annie,McKmurrie,amckmurrie7k@photobucket.com
274,Celestine,Allnatt,callnatt7l@webs.com
275,Elyn,Spinke,espinke7m@psu.edu
276,Phaidra,Erwin,perwin7n@homestead.com
277,Gwynne,Lepere,glepere7o@bloglovin.com
278,Basilius,Bello,bbello7p@kickstarter.com
279,Gunther,Klyn,gklyn7q@baidu.com
280,Ina,Corbin,icorbin7r@163.com
281,Elysia,Pidcock,epidcock7s@a8.net
282,Abbey,Cicetti,acicetti7t@comsenz.com
283,Mitchel,Caneo,mcaneo7u@wufoo.com
284,Glynis,Dagg,gdagg7v@networksolutions.com
285,Dania,Lewknor,dlewknor7w@a8.net
286,Clemmie,Rosell,crosell7x@loc.gov
287,Walker,Riddett,wriddett7y@cisco.com
288,Merissa,Boor,mboor7z@example.com
289,Fredi,Hamshaw,fhamshaw80@rediff.com
290,Auria,Pellett,apellett81@digg.com
291,Eliza,Stivers,estivers82@archive.org
292,Terese,Dutton,tdutton83@instagram.com
293,Othilia,Brokenshaw,obrokenshaw84@spiegel.de
294,Georas,Coultish,gcoultish85@comcast.net
295,Whittaker,Kingcott,wkingcott86@meetup.com
296,Austen,Cadamy,acadamy87@smugmug.com
297,Zorina,Brithman,zbrithman88@opensource.org
298,Nicol,Simeonov,nsimeonov89@phpbb.com
299,Titus,Rapinett,trapinett8a@bloomberg.com
300,Krystalle,Burgoyne,kburgoyne8b@live.com
301,Shae,Thomasset,sthomasset8c@kickstarter.com
302,Kalina,Giottoi,kgiottoi8d@slate.com
303,Catlee,McGinley,cmcginley8e@about.me
304,Emmet,Rajchert,erajchert8f@ezinearticles.com
305,Yehudi,Laroux,ylaroux8g@google.de
306,Belva,Beausang,bbeausang8h@discuz.net
307,Elset,Hinken,ehinken8i@rakuten.co.jp
308,Devlen,Moores,dmoores8j@oakley.com
309,Harper,Glynne,hglynne8k@cnn.com
310,Maxim,Drummond,mdrummond8l@cam.ac.uk
311,Lawrence,Barenskie,lbarenskie8m@hhs.gov
312,Alix,Cornbill,acornbill8n@vinaora.com
313,Nils,Phillimore,nphillimore8o@mozilla.com
314,Heinrick,Pieroni,hpieroni8p@aol.com
315,Harlie,Bilfoot,hbilfoot8q@phpbb.com
316,June,Trusdale,jtrusdale8r@businessinsider.com
317,Faulkner,Kidsley,fkidsley8s@ox.ac.uk
318,Augustin,Worsall,aworsall8t@storify.com
319,Desiri,Mathy,dmathy8u@ning.com
320,Angelika,Myring,amyring8v@blogtalkradio.com
321,Meriel,Bosley,mbosley8w@mapquest.com
322,Margy,Smedley,msmedley8x@infoseek.co.jp
323,Welsh,Saunt,wsaunt8y@netlog.com
324,Hayden,Hamal,hhamal8z@lycos.com
325,Carena,Kermath,ckermath90@cyberchimps.com
326,Falito,Cheeseman,fcheeseman91@bloglovin.com
327,Alyosha,Devonshire,adevonshire92@time.com
328,Baudoin,Coulthard,bcoulthard93@irs.gov
329,Hamil,Lasslett,hlasslett94@fastcompany.com
330,Mommy,Rapps,mrapps95@imgur.com
331,Beatriz,Matzel,bmatzel96@nytimes.com
332,Clerissa,Robertson,crobertson97@bbc.co.uk
333,Alethea,Giroldo,agiroldo98@t.co
334,Sorcha,Tretwell,stretwell99@infoseek.co.jp
335,Cthrine,Woodwind,cwoodwind9a@psu.edu
336,Rock,Laker,rlaker9b@epa.gov
337,Una,Preedy,upreedy9c@ebay.com
338,Timmy,Geach,tgeach9d@scribd.com
339,Clarissa,Apperley,capperley9e@ifeng.com
340,Nicolle,Fitzsymons,nfitzsymons9f@mozilla.org
341,Hilarius,Oxterby,hoxterby9g@ovh.net
342,Humbert,Devas,hdevas9h@dmoz.org
343,Janella,Bolesworth,jbolesworth9i@delicious.com
344,Kylie,Sherebrooke,ksherebrooke9j@hugedomains.com
345,Consuelo,Vakhrushin,cvakhrushin9k@redcross.org
346,Carmon,Debnam,cdebnam9l@engadget.com
347,Nicol,Offiler,noffiler9m@upenn.edu
348,Alexi,Tomisch,atomisch9n@google.ca
349,Olga,Somes,osomes9o@thetimes.co.uk
350,Carney,Casey,ccasey9p@zdnet.com
351,Linn,Jeune,ljeune9q@people.com.cn
352,Kasey,Chevolleau,kchevolleau9r@addtoany.com
353,Seth,Jehu,sjehu9s@theglobeandmail.com
354,Joete,Gilvear,jgilvear9t@ning.com
355,Griff,Apple,gapple9u@blogtalkradio.com
356,Homer,Augie,haugie9v@hibu.com
357,Rooney,Winscum,rwinscum9w@yahoo.co.jp
358,Leisha,Ridde,lridde9x@princeton.edu
359,Mellie,Arter,marter9y@auda.org.au
360,Lowe,Tows,ltows9z@w3.org
361,Kara,Ingrey,kingreya0@ibm.com
362,Claudetta,Aime,caimea1@narod.ru
363,Eveleen,Dring,edringa2@freewebs.com
364,Johnathon,Loweth,jlowetha3@simplemachines.org
365,Chelsey,Colleford,ccolleforda4@army.mil
366,Bartlet,Portch,bportcha5@ft.com
367,Willabella,Hannaby,whannabya6@multiply.com
368,Granthem,Still,gstilla7@tuttocitta.it
369,Deva,Crucitti,dcrucittia8@bbb.org
370,Al,Brende,abrendea9@ezinearticles.com
371,Job,O'Ruane,joruaneaa@reference.com
372,Gibby,Varns,gvarnsab@state.gov
373,Albie,Chellenham,achellenhamac@nature.com
374,Nikki,Clewer,nclewerad@sogou.com
375,Moe,MacVean,mmacveanae@ustream.tv
376,Faun,Cuerdall,fcuerdallaf@ucla.edu
377,Andrea,Somerfield,asomerfieldag@furl.net
378,Theo,Vass,tvassah@liveinternet.ru
379,Marian,Gillyett,mgillyettai@moonfruit.com
380,Ceil,Denkel,cdenkelaj@hud.gov
381,Hernando,Simmell,hsimmellak@unicef.org
382,Rurik,Sebright,rsebrightal@webs.com
383,Regine,Benezet,rbenezetam@4shared.com
384,Aleda,Lempke,alempkean@phoca.cz
385,Prudy,De Anesy,pdeanesyao@yolasite.com
386,Osmund,Gawke,ogawkeap@statcounter.com
387,Charin,Shire,cshireaq@state.tx.us
388,Walther,Fortey,wforteyar@hhs.gov
389,Saba,Quinlan,squinlanas@ed.gov
390,Trixy,Donovan,tdonovanat@qq.com
391,Jolene,Flahive,jflahiveau@cafepress.com
392,Adi,Warton,awartonav@cyberchimps.com
393,Granny,Antat,gantataw@goo.gl
394,Fulton,Harrow,fharrowax@sina.com.cn
395,Amata,Macallam,amacallamay@hp.com
396,Morry,Annets,mannetsaz@surveymonkey.com
397,Andrej,MacKomb,amackombb0@bloomberg.com
398,Griff,Bedlington,gbedlingtonb1@soundcloud.com
399,Tannie,April,taprilb2@stumbleupon.com
400,Florina,Gethings,fgethingsb3@rakuten.co.jp
401,Darb,Bartol,dbartolb4@goo.gl
402,Glenine,Dwelley,gdwelleyb5@ehow.com
403,Haven,Busby,hbusbyb6@flavors.me
404,Gunner,Fullun,gfullunb7@washingtonpost.com
405,Lucie,MacAlees,lmacaleesb8@mozilla.org
406,Matilde,Tire,mtireb9@parallels.com
407,Kipp,McKearnen,kmckearnenba@admin.ch
408,Kathi,Birtchnell,kbirtchnellbb@flickr.com
409,Kennedy,Tolchar,ktolcharbc@ifeng.com
410,Zorine,Savine,zsavinebd@linkedin.com
411,Errol,Kunkler,ekunklerbe@pen.io
412,Wye,Ornillos,wornillosbf@so-net.ne.jp
413,Thibaud,Vedikhov,tvedikhovbg@is.gd
414,Billie,Smurthwaite,bsmurthwaitebh@businessweek.com
415,Kelci,Perutto,kperuttobi@1688.com
416,Curt,Battaille,cbattaillebj@bbc.co.uk
417,Benji,Killiner,bkillinerbk@tamu.edu
418,Babette,Wycliff,bwycliffbl@clickbank.net
419,Beulah,Serrier,bserrierbm@tinyurl.com
420,Silvano,Poulson,spoulsonbn@dedecms.com
421,Lawry,Cestard,lcestardbo@addtoany.com
422,Alfi,Carbett,acarbettbp@yelp.com
423,Bronnie,Guitton,bguittonbq@independent.co.uk
424,Hamel,Matkin,hmatkinbr@slate.com
425,Dorothea,Darycott,ddarycottbs@newsvine.com
426,Lexy,Audenis,laudenisbt@dedecms.com
427,Sheelagh,Iskower,siskowerbu@disqus.com
428,Manolo,Yushachkov,myushachkovbv@hatena.ne.jp
429,Analiese,MacKeig,amackeigbw@geocities.jp
430,Janos,Staggs,jstaggsbx@alibaba.com
431,Viki,Pressey,vpresseyby@xrea.com
432,Dorree,Knyvett,dknyvettbz@goo.ne.jp
433,Crysta,Akerman,cakermanc0@nydailynews.com
434,Whitaker,Coneybeer,wconeybeerc1@php.net
435,Livia,Garey,lgareyc2@cdc.gov
436,Elianora,Fearnill,efearnillc3@washingtonpost.com
437,Judie,Ogger,joggerc4@toplist.cz
438,Nelle,Saines,nsainesc5@earthlink.net
439,Fifine,Szabo,fszaboc6@slideshare.net
440,Tally,Cerman,tcermanc7@weather.com
441,Camile,Guillon,cguillonc8@dion.ne.jp
442,Lelia,Margrem,lmargremc9@amazon.co.uk
443,Niven,Bucham,nbuchamca@marriott.com
444,Cedric,Mowson,cmowsoncb@wired.com
445,Schuyler,O' Bee,sobeecc@cbslocal.com
446,Elsie,Gunby,egunbycd@clickbank.net
447,Efren,Cussons,ecussonsce@blogs.com
448,Sibella,Gauld,sgauldcf@cpanel.net
449,Sisely,Wands,swandscg@linkedin.com
450,Leonid,Udie,ludiech@craigslist.org
451,Janeen,Kyllford,jkyllfordci@harvard.edu
452,Hermy,Clemow,hclemowcj@virginia.edu
453,Weider,Lyston,wlystonck@diigo.com
454,Lesly,Jervoise,ljervoisecl@princeton.edu
455,Lauraine,Burgyn,lburgyncm@studiopress.com
456,Mirna,Foxon,mfoxoncn@mediafire.com
457,Eberto,Scorey,escoreyco@marketwatch.com
458,Halsey,Dymock,hdymockcp@pcworld.com
459,Corny,Oswald,coswaldcq@sohu.com
460,Ely,Eallis,eealliscr@myspace.com
461,Lana,Oganian,loganiancs@issuu.com
462,Melodie,Tremmil,mtremmilct@yelp.com
463,Jamill,Paaso,jpaasocu@cbc.ca
464,Katina,McRavey,kmcraveycv@virginia.edu
465,Berke,Twentyman,btwentymancw@weebly.com
466,Chalmers,Hollow,chollowcx@ibm.com
467,Ossie,Raggles,oragglescy@state.gov
468,Hayden,Aizikovitz,haizikovitzcz@indiegogo.com
469,Flori,Rigler,friglerd0@ask.com
470,Jarad,Bumfrey,jbumfreyd1@ibm.com
471,Reidar,Robeson,rrobesond2@squidoo.com
472,Kaylil,Wanjek,kwanjekd3@wisc.edu
473,Julie,Lakenton,jlakentond4@dailymail.co.uk
474,Lindy,Tokell,ltokelld5@japanpost.jp
475,Morgen,Orhtmann,morhtmannd6@amazonaws.com
476,Wit,Glanvill,wglanvilld7@cdbaby.com
477,Kassandra,Pryer,kpryerd8@netlog.com
478,Moise,Freathy,mfreathyd9@tripod.com
479,Bernette,Ganiclef,bganiclefda@bloglines.com
480,Dory,Hemms,dhemmsdb@mysql.com
481,Katerina,Terren,kterrendc@google.pl
482,Rafi,Dymock,rdymockdd@bizjournals.com
483,Jeffy,Verissimo,jverissimode@epa.gov
484,Smith,Wheadon,swheadondf@mayoclinic.com
485,Anitra,Boother,abootherdg@ning.com
486,Luis,Itscowicz,litscowiczdh@imgur.com
487,Olav,Weatherup,oweatherupdi@biblegateway.com
488,Thorsten,Iltchev,tiltchevdj@chicagotribune.com
489,Emmit,Benadette,ebenadettedk@creativecommons.org
490,Linet,Liddall,lliddalldl@paypal.com
491,Tyler,Tarplee,ttarpleedm@amazon.com
492,Daphne,Ianne,diannedn@github.io
493,Basia,Wileman,bwilemando@vkontakte.ru
494,Grenville,Petkov,gpetkovdp@tiny.cc
495,Korrie,Legate,klegatedq@ca.gov
496,Flory,Veryard,fveryarddr@opera.com
497,Jourdain,Krysztofowicz,jkrysztofowiczds@indiegogo.com
498,Ardra,McCurrie,amccurriedt@wikimedia.org
499,Denna,Stopforth,dstopforthdu@nifty.com
500,Wade,Folonin,wfolonindv@berkeley.edu
501,Axel,Kobierski,akobierskidw@123-reg.co.uk
502,Larisa,Stych,lstychdx@rambler.ru
503,Alvera,Burchatt,aburchattdy@gmpg.org
504,Caitrin,Graddell,cgraddelldz@wufoo.com
505,Manuel,Perazzo,mperazzoe0@imdb.com
506,Andrew,Ambrose,aambrosee1@flickr.com
507,Ruthie,Cantle,rcantlee2@soundcloud.com
508,Maxy,Ramsier,mramsiere3@tripod.com
509,Ed,Mangenet,emangenete4@virginia.edu
510,Fielding,Creigan,fcreigane5@godaddy.com
511,Marget,Troup,mtroupe6@hao123.com
512,Gwyn,Pohls,gpohlse7@dmoz.org
513,Cathy,Poplee,cpopleee8@ezinearticles.com
514,Ange,Outerbridge,aouterbridgee9@ed.gov
515,Rebecka,McKeeman,rmckeemanea@ning.com
516,Trixy,Willets,twilletseb@cargocollective.com
517,Guilbert,Robichon,grobichonec@github.io
518,Nefen,Struan,nstruaned@mit.edu
519,Susanne,Castledine,scastledineee@sfgate.com
520,Ivor,Le Grice,ilegriceef@wired.com
521,Maxy,Surridge,msurridgeeg@liveinternet.ru
522,Alfie,Hinstridge,ahinstridgeeh@psu.edu
523,Elianore,Simounet,esimounetei@miitbeian.gov.cn
524,Deena,Elstub,delstubej@smugmug.com
525,Dee,Pounder,dpounderek@twitter.com
526,Bevvy,Surgey,bsurgeyel@forbes.com
527,Rafaela,Whale,rwhaleem@delicious.com
528,Wendell,Rene,wreneen@gov.uk
529,Sharron,Konrad,skonradeo@senate.gov
530,Pamelina,Housen,phousenep@eepurl.com
531,Forbes,Longland,flonglandeq@wordpress.com
532,Merrile,Sarle,msarleer@myspace.com
533,Angelika,Soames,asoameses@jalbum.net
534,Dave,Pakeman,dpakemanet@bravesites.com
535,Witty,Dunstan,wdunstaneu@nationalgeographic.com
536,Zaneta,Lamba,zlambaev@sphinn.com
537,Hattie,Colebrook,hcolebrookew@nydailynews.com
538,Lucius,Jillions,ljillionsex@rediff.com
539,Oberon,Valenti,ovalentiey@hatena.ne.jp
540,Libby,Lowton,llowtonez@answers.com
541,Hodge,Cofax,hcofaxf0@comsenz.com
542,Brion,Garratt,bgarrattf1@over-blog.com
543,Morgan,Scougal,mscougalf2@illinois.edu
544,Ivor,Honniebal,ihonniebalf3@time.com
545,Herculie,Ettles,hettlesf4@sciencedirect.com
546,Dania,Banasik,dbanasikf5@auda.org.au
547,Hugues,McClaren,hmcclarenf6@bloomberg.com
548,Brandea,Linzey,blinzeyf7@wired.com
549,Roseanne,Somes,rsomesf8@techcrunch.com
550,Margy,Spurdle,mspurdlef9@devhub.com
551,Nicol,Bertolaccini,nbertolaccinifa@tripadvisor.com
552,Pooh,Noirel,pnoirelfb@si.edu
553,Maxine,Beek,mbeekfc@wufoo.com
554,Diana,Hatherall,dhatherallfd@list-manage.com
555,Aurelea,Mangenot,amangenotfe@prnewswire.com
556,Renae,Vicar,rvicarff@rakuten.co.jp
557,Josey,Cavanagh,jcavanaghfg@ucoz.com
558,Rosaline,Ruilton,rruiltonfh@51.la
559,Hendrick,Antonognoli,hantonognolifi@aol.com
560,Nikolai,Turford,nturfordfj@studiopress.com
561,Frederigo,Berggren,fberggrenfk@wordpress.com
562,Bryce,Rooper,brooperfl@yelp.com
563,Catarina,Giacomello,cgiacomellofm@wikia.com
564,Vernice,Etty,vettyfn@imageshack.us
565,Reider,Johncey,rjohnceyfo@google.pl
566,Kally,Chill,kchillfp@blogtalkradio.com
567,Wiatt,Light,wlightfq@list-manage.com
568,Chandler,Elger,celgerfr@eepurl.com
569,Adora,O'Hagerty,aohagertyfs@g.co
570,Tandie,Gay,tgayft@state.gov
571,Charla,Lindhe,clindhefu@ezinearticles.com
572,Fleming,McGlaughn,fmcglaughnfv@washingtonpost.com
573,Ewart,Winterburn,ewinterburnfw@pinterest.com
574,Krissy,Tolomelli,ktolomellifx@wisc.edu
575,Lucie,Barnaby,lbarnabyfy@rediff.com
576,Chrissy,Van Waadenburg,cvanwaadenburgfz@ca.gov
577,Kendrick,Rosenboim,krosenboimg0@ebay.com
578,Christyna,Heims,cheimsg1@rediff.com
579,Josh,Crabbe,jcrabbeg2@com.com
580,Eddie,Felten,efelteng3@google.fr
581,Gerik,MacGragh,gmacgraghg4@google.ru
582,Ashton,Frankland,afranklandg5@mozilla.org
583,Randy,Rookeby,rrookebyg6@uiuc.edu
584,Leeland,Banbrigge,lbanbriggeg7@amazonaws.com
585,Pierette,Collip,pcollipg8@arstechnica.com
586,Manny,Mannering,mmanneringg9@mysql.com
587,Harley,Chaldecott,hchaldecottga@samsung.com
588,Sheffy,Frazier,sfraziergb@chronoengine.com
589,Murdoch,Hearnshaw,mhearnshawgc@nifty.com
590,Ody,Storie,ostoriegd@woothemes.com
591,Siffre,Eskrick,seskrickge@bloomberg.com
592,Nerita,Munday,nmundaygf@nymag.com
593,Zorana,Stancer,zstancergg@shop-pro.jp
594,Augustina,Cantillon,acantillongh@youtube.com
595,Joycelin,Callinan,jcallinangi@arizona.edu
596,Madelaine,Sallinger,msallingergj@blinklist.com
597,Ralina,Ramage,rramagegk@japanpost.jp
598,Osmond,Burndred,oburndredgl@jiathis.com
599,Bastian,Riccard,briccardgm@senate.gov
600,Fabiano,Miell,fmiellgn@instagram.com
601,Calli,Romero,cromerogo@blogtalkradio.com
602,Anabal,Graber,agrabergp@indiatimes.com
603,Brunhilda,Minithorpe,bminithorpegq@cmu.edu
604,Durward,Crone,dcronegr@gizmodo.com
605,Nellie,Petteford,npettefordgs@sina.com.cn
606,Noellyn,Schwand,nschwandgt@jiathis.com
607,Winna,Meakes,wmeakesgu@reddit.com
608,Fernandina,Manes,fmanesgv@bloglovin.com
609,Josefa,Scoles,jscolesgw@smh.com.au
610,Cloe,Veque,cvequegx@jugem.jp
611,Margareta,Sighard,msighardgy@youtu.be
612,Rubetta,Gascone,rgasconegz@oaic.gov.au
613,Michale,Benton,mbentonh0@163.com
614,Lani,Misk,lmiskh1@cmu.edu
615,Isador,Capun,icapunh2@ow.ly
616,Leelah,Penhearow,lpenhearowh3@cbsnews.com
617,Elfrieda,Pennells,epennellsh4@abc.net.au
618,Kariotta,Duly,kdulyh5@icq.com
619,Janos,Damerell,jdamerellh6@patch.com
620,Mendy,Broadfield,mbroadfieldh7@rambler.ru
621,Kayne,Bixley,kbixleyh8@hc360.com
622,Astra,Isacke,aisackeh9@apple.com
623,Yard,Poile,ypoileha@livejournal.com
624,Alfy,Newitt,anewitthb@alexa.com
625,Michale,Du Plantier,mduplantierhc@umich.edu
626,Cullie,Sharper,csharperhd@merriam-webster.com
627,Myrtice,Bickers,mbickershe@yellowpages.com
628,Yoshi,Krahl,ykrahlhf@github.com
629,Pietra,Wedmore,pwedmorehg@nyu.edu
630,Gabi,Bircher,gbircherhh@soundcloud.com
631,Jaymee,Linning,jlinninghi@constantcontact.com
632,Tammara,Gludor,tgludorhj@earthlink.net
633,Jeanelle,Woolnough,jwoolnoughhk@constantcontact.com
634,Juline,Brymham,jbrymhamhl@pbs.org
635,Gail,Eynald,geynaldhm@geocities.jp
636,Rochella,Fricke,rfrickehn@biglobe.ne.jp
637,Meyer,Searight,msearightho@flickr.com
638,Garvy,Edmans,gedmanshp@over-blog.com
639,Michell,Care,mcarehq@people.com.cn
640,Maurizio,Bendixen,mbendixenhr@google.com
641,Celestyn,Kirkup,ckirkuphs@icio.us
642,Hughie,Sevin,hsevinht@nytimes.com
643,Marsha,Cockshoot,mcockshoothu@bizjournals.com
644,Chad,Delve,cdelvehv@themeforest.net
645,Angelo,Seebright,aseebrighthw@arizona.edu
646,Nick,Blampy,nblampyhx@squarespace.com
647,Werner,Minghetti,wminghettihy@miibeian.gov.cn
648,Felice,Grinnikov,fgrinnikovhz@hubpages.com
649,Mersey,Joselevitz,mjoselevitzi0@delicious.com
650,Marcile,Beche,mbechei1@hc360.com
651,Tonnie,Laydel,tlaydeli2@senate.gov
652,Titus,Shakshaft,tshakshafti3@rediff.com
653,Hewett,Duinbleton,hduinbletoni4@chicagotribune.com
654,Moselle,Goaks,mgoaksi5@nbcnews.com
655,Cleavland,Carnihan,ccarnihani6@who.int
656,Andriana,Adamsky,aadamskyi7@privacy.gov.au
657,Lewes,Iacovolo,liacovoloi8@yale.edu
658,Ronny,Mordey,rmordeyi9@netscape.com
659,Bethanne,McKean,bmckeania@skyrock.com
660,Drud,Stillert,dstillertib@skype.com
661,Chrisy,Klugel,cklugelic@creativecommons.org
662,Thaddeus,Livingstone,tlivingstoneid@wikispaces.com
663,Ailis,Rushton,arushtonie@youtu.be
664,Burgess,MacKnight,bmacknightif@joomla.org
665,Ingemar,Baumadier,ibaumadierig@cdbaby.com
666,Hilario,Aird,hairdih@issuu.com
667,Christy,Henrionot,chenrionotii@qq.com
668,Dorrie,Garwell,dgarwellij@soup.io
669,Mady,Checcucci,mcheccucciik@tumblr.com
670,Lorry,Littledike,llittledikeil@fastcompany.com
671,Meridith,Grelik,mgrelikim@stumbleupon.com
672,Tabbie,Iacovides,tiacovidesin@eventbrite.com
673,Kerry,Witard,kwitardio@pcworld.com
674,Nananne,Glayzer,nglayzerip@123-reg.co.uk
675,Whitby,Wraxall,wwraxalliq@zdnet.com
676,George,Isoldi,gisoldiir@hatena.ne.jp
677,Emmott,Middup,emiddupis@taobao.com
678,Charmaine,Verchambre,cverchambreit@comcast.net
679,Myron,Connerry,mconnerryiu@umn.edu
680,Frank,MacGinley,fmacginleyiv@telegraph.co.uk
681,Bear,Petticrow,bpetticrowiw@wiley.com
682,Aymer,Kirsche,akirscheix@bigcartel.com
683,Katinka,Roof,kroofiy@wsj.com
684,Delmer,Creighton,dcreightoniz@reverbnation.com
685,Esma,Tearny,etearnyj0@goo.ne.jp
686,Elnore,Rantoul,erantoulj1@moonfruit.com
687,Maighdiln,Yanov,myanovj2@tmall.com
688,Sheryl,Mongin,smonginj3@cdbaby.com
689,Maurizia,Spall,mspallj4@cnn.com
690,Dix,Loverock,dloverockj5@51.la
691,Regina,Draude,rdraudej6@so-net.ne.jp
692,Casandra,Mattheis,cmattheisj7@yellowpages.com
693,Chrotoem,Sandall,csandallj8@wikia.com
694,Stillman,Whiles,swhilesj9@dmoz.org
695,Ellis,Engley,eengleyja@nifty.com
696,Virgina,Speechley,vspeechleyjb@sun.com
697,Eugenia,Minto,emintojc@bing.com
698,Johnath,Martello,jmartellojd@dailymail.co.uk
699,Davide,Craker,dcrakerje@google.com.hk
700,Drake,Stroband,dstrobandjf@mozilla.com
701,Kali,Swancock,kswancockjg@webnode.com
702,Abbye,Rosterne,arosternejh@nba.com
703,Bobina,Lamers,blamersji@illinois.edu
704,Dallas,Hartop,dhartopjj@businessinsider.com
705,Liane,Whimper,lwhimperjk@bizjournals.com
706,Ezekiel,Fricke,efrickejl@ft.com
707,Abe,Union,aunionjm@slate.com
708,Cher,Quakley,cquakleyjn@blogtalkradio.com
709,Shelbi,Sculpher,ssculpherjo@google.com.br
710,Shanie,Pendrick,spendrickjp@globo.com
711,Addison,Peltz,apeltzjq@blogtalkradio.com
712,Cherlyn,Van Leeuwen,cvanleeuwenjr@comsenz.com
713,Norbert,Gyngell,ngyngelljs@issuu.com
714,Pattin,Folk,pfolkjt@salon.com
715,Garvy,Winterscale,gwinterscaleju@yellowpages.com
716,Arman,Carlile,acarlilejv@trellian.com
717,Barbra,Plane,bplanejw@goo.gl
718,Axel,Loton,alotonjx@msn.com
719,Jaclin,Willets,jwilletsjy@cam.ac.uk
720,Salvidor,Woollhead,swoollheadjz@multiply.com
721,Penrod,Rayment,praymentk0@bloomberg.com
722,Gar,Atton,gattonk1@cbslocal.com
723,Johnathan,Akehurst,jakehurstk2@fc2.com
724,Dedie,Skaif,dskaifk3@dailymail.co.uk
725,Rafaello,Martynikhin,rmartynikhink4@facebook.com
726,Lucretia,Ellacombe,lellacombek5@howstuffworks.com
727,Dreddy,Winspire,dwinspirek6@merriam-webster.com
728,Catha,Cotgrave,ccotgravek7@sogou.com
729,Tanny,Shearstone,tshearstonek8@4shared.com
730,Dell,Tuckley,dtuckleyk9@buzzfeed.com
731,Armstrong,Hiner,ahinerka@mac.com
732,Asher,Thundercliffe,athundercliffekb@ucsd.edu
733,Dickie,Mixhel,dmixhelkc@webs.com
734,Pasquale,Dunstone,pdunstonekd@yandex.ru
735,Teddy,Streetfield,tstreetfieldke@netscape.com
736,Trude,Orlton,torltonkf@spotify.com
737,Halsey,Calbreath,hcalbreathkg@reddit.com
738,Veradis,Allner,vallnerkh@about.me
739,Albertine,Grogona,agrogonaki@spotify.com
740,Randa,McClosh,rmccloshkj@histats.com
741,Maris,Basford,mbasfordkk@reddit.com
742,Genevra,Alberts,galbertskl@t-online.de
743,Vilhelmina,MacAllan,vmacallankm@dion.ne.jp
744,Cortney,Kurdani,ckurdanikn@unicef.org
745,Ilario,Virgin,ivirginko@bloglovin.com
746,Lowrance,Kenny,lkennykp@skyrock.com
747,Shurlocke,Storie,sstoriekq@bigcartel.com
748,Elfrieda,Chadburn,echadburnkr@independent.co.uk
749,Alanna,Pettegree,apettegreeks@mozilla.org
750,Claudette,Pauling,cpaulingkt@friendfeed.com
751,Carmelita,Whellams,cwhellamsku@domainmarket.com
752,Ruddie,Karlicek,rkarlicekkv@youtube.com
753,Angus,Bostick,abostickkw@slideshare.net
754,Had,Drinkall,hdrinkallkx@dropbox.com
755,Dayna,Matzel,dmatzelky@domainmarket.com
756,Deane,Joicey,djoiceykz@hhs.gov
757,Ilse,Russel,irussell0@sfgate.com
758,Allix,Benedick,abenedickl1@unicef.org
759,Claudie,Hensmans,chensmansl2@pinterest.com
760,Alva,Newlands,anewlandsl3@auda.org.au
761,Shirleen,Cornwall,scornwalll4@npr.org
762,Izabel,Velasquez,ivelasquezl5@opensource.org
763,Betta,Muck,bmuckl6@ucoz.ru
764,Sal,Sollis,ssollisl7@yandex.ru
765,Griz,Meeke,gmeekel8@ning.com
766,Maureen,Nice,mnicel9@addtoany.com
767,Guendolen,Camamile,gcamamilela@thetimes.co.uk
768,Gerti,Flinders,gflinderslb@java.com
769,Curr,Pudan,cpudanlc@usa.gov
770,Ashbey,Paireman,apairemanld@squidoo.com
771,Audry,Musla,amuslale@harvard.edu
772,Ninetta,Gannaway,ngannawaylf@godaddy.com
773,Etheline,Weatherell,eweatherelllg@europa.eu
774,Penrod,Longridge,plongridgelh@census.gov
775,Doralynn,Marklow,dmarklowli@hud.gov
776,Malachi,Muscott,mmuscottlj@webs.com
777,Demetri,Brayshaw,dbrayshawlk@acquirethisname.com
778,Fey,Roubottom,froubottomll@yale.edu
779,Viviyan,Giabucci,vgiabuccilm@home.pl
780,Tobye,Berrey,tberreyln@over-blog.com
781,Tandy,Jolly,tjollylo@ezinearticles.com
782,Farlee,Nickless,fnicklesslp@sciencedirect.com
783,Isa,Waddington,iwaddingtonlq@reference.com
784,Garvy,Paskins,gpaskinslr@wix.com
785,Harmonia,Soots,hsootsls@blog.com
786,Beaufort,Riceards,briceardslt@psu.edu
787,Muriel,Hatje,mhatjelu@nasa.gov
788,Adena,Nolte,anoltelv@dot.gov
789,Kimberly,McClymond,kmcclymondlw@tripod.com
790,Garv,Beard,gbeardlx@ezinearticles.com
791,Georg,Guppie,gguppiely@about.com
792,Ximenes,Del Monte,xdelmontelz@hugedomains.com
793,Chelsey,Sunman,csunmanm0@si.edu
794,Goraud,Abramovitch,gabramovitchm1@miitbeian.gov.cn
795,Celinka,Bister,cbisterm2@imageshack.us
796,Leroy,Pixton,lpixtonm3@ehow.com
797,Maurice,Van Castele,mvancastelem4@bloglines.com
798,Lillis,Kernley,lkernleym5@deliciousdays.com
799,Lizzie,Gumm,lgummm6@purevolume.com
800,Andie,Langtree,alangtreem7@indiatimes.com
801,Caron,Muff,cmuffm8@narod.ru
802,Cornie,Hordle,chordlem9@paginegialle.it
803,Jim,Blenkhorn,jblenkhornma@imageshack.us
804,Hayyim,Alyoshin,halyoshinmb@sakura.ne.jp
805,Francklyn,Treasaden,ftreasadenmc@columbia.edu
806,Eveline,Gabotti,egabottimd@yolasite.com
807,Brita,Grouen,bgrouenme@liveinternet.ru
808,Cornelle,Mixture,cmixturemf@intel.com
809,Niccolo,Somerscales,nsomerscalesmg@rambler.ru
810,Rudolph,Aspray,raspraymh@youtube.com
811,Vinny,Thorns,vthornsmi@salon.com
812,Cale,Glossop,cglossopmj@studiopress.com
813,Zacharie,Mazin,zmazinmk@state.gov
814,Pernell,Reddington,preddingtonml@arstechnica.com
815,Ruthi,Rubbert,rrubbertmm@fda.gov
816,Lesya,Shenfish,lshenfishmn@wordpress.org
817,Berkie,Campey,bcampeymo@mtv.com
818,Cesya,Strowger,cstrowgermp@ucsd.edu
819,Gothart,Rosencrantz,grosencrantzmq@seesaa.net
820,Liam,Mowson,lmowsonmr@digg.com
821,Enrica,Beinke,ebeinkems@icio.us
822,Hercule,Habert,hhabertmt@ifeng.com
823,Lincoln,Pierton,lpiertonmu@reuters.com
824,Inglebert,Snuggs,isnuggsmv@shinystat.com
825,Felicia,Devereux,fdevereuxmw@cbsnews.com
826,Tish,Wincott,twincottmx@exblog.jp
827,Geri,McNicol,gmcnicolmy@google.co.uk
828,Brendis,Wraxall,bwraxallmz@abc.net.au
829,Blake,Jozaitis,bjozaitisn0@delicious.com
830,Annalee,Shillito,ashilliton1@angelfire.com
831,Kare,Rames,kramesn2@mysql.com
832,Selinda,Spurgeon,sspurgeonn3@ask.com
833,Tobey,Faccini,tfaccinin4@baidu.com
834,Stavros,Molan,smolann5@blogtalkradio.com
835,Ekaterina,Furse,efursen6@yahoo.com
836,Brose,Ransom,bransomn7@netlog.com
837,Winnah,Rogan,wrogann8@histats.com
838,Margaret,Bullan,mbullann9@gmpg.org
839,Catherin,McCoish,cmccoishna@mediafire.com
840,Jerrylee,Wallsworth,jwallsworthnb@bing.com
841,Birch,Sousa,bsousanc@illinois.edu
842,Yorgos,Christaeas,ychristaeasnd@google.fr
843,Elmore,Flaherty,eflahertyne@illinois.edu
844,Nedda,Spivey,nspiveynf@mysql.com
845,Humfrid,Fernie,hfernieng@bravesites.com
846,Clair,Downes,cdownesnh@ucla.edu
847,Frasquito,Floyde,ffloydeni@slashdot.org
848,Carla,Potteril,cpotterilnj@cornell.edu
849,Zenia,Paramore,zparamorenk@wiley.com
850,Mag,Petruska,mpetruskanl@taobao.com
851,Thea,Glanton,tglantonnm@icio.us
852,Harry,Probey,hprobeynn@wordpress.com
853,Nils,Matthew,nmatthewno@i2i.jp
854,Donn,Sargint,dsargintnp@networksolutions.com
855,Solomon,McKoy,smckoynq@prnewswire.com
856,Ximenes,Marsland,xmarslandnr@discuz.net
857,Rayshell,Ludwikiewicz,rludwikiewiczns@loc.gov
858,Britney,Makey,bmakeynt@dmoz.org
859,Shepherd,McKenzie,smckenzienu@marriott.com
860,Vail,Middiff,vmiddiffnv@pinterest.com
861,Melonie,Moohan,mmoohannw@wisc.edu
862,Janelle,Swainston,jswainstonnx@prnewswire.com
863,Thia,Heggadon,theggadonny@youtu.be
864,Myrle,Dilleston,mdillestonnz@archive.org
865,Othelia,Robertsen,orobertseno0@cloudflare.com
866,Monika,Antowski,mantowskio1@edublogs.org
867,Torry,Conville,tconvilleo2@ucoz.ru
868,Alleyn,Peagram,apeagramo3@who.int
869,Grover,Andraud,gandraudo4@unc.edu
870,Hester,Nuccii,hnucciio5@hatena.ne.jp
871,Vanessa,Lamblin,vlamblino6@tamu.edu
872,Mariejeanne,Pragnall,mpragnallo7@eventbrite.com
873,Gaby,Creed,gcreedo8@census.gov
874,Aylmer,Spargo,aspargoo9@yale.edu
875,Sigfrid,Seden,ssedenoa@redcross.org
876,Lucine,Bramstom,lbramstomob@eventbrite.com
877,Jobina,Metterick,jmetterickoc@google.es
878,Michaella,Vasey,mvaseyod@freewebs.com
879,Nikola,Abbay,nabbayoe@wisc.edu
880,Kermit,Burley,kburleyof@sourceforge.net
881,Sapphira,Slayford,sslayfordog@dell.com
882,Simeon,Rennebach,srennebachoh@gmpg.org
883,Latisha,Aylett,laylettoi@opensource.org
884,Stuart,Krol,skroloj@e-recht24.de
885,Melesa,Shedden,msheddenok@vistaprint.com
886,Nertie,Usborn,nusbornol@dot.gov
887,Mariya,Langwade,mlangwadeom@archive.org
888,Rachel,Draycott,rdraycotton@jugem.jp
889,Faydra,Cookman,fcookmanoo@livejournal.com
890,Esma,Grievson,egrievsonop@cornell.edu
891,Myrle,Smoughton,msmoughtonoq@patch.com
892,Worden,Storre,wstorreor@wp.com
893,Jeanie,Attard,jattardos@microsoft.com
894,Kayle,Cluitt,kcluittot@fda.gov
895,Ferris,Mapam,fmapamou@creativecommons.org
896,Remus,Kaspar,rkasparov@foxnews.com
897,Tracee,Spurriar,tspurriarow@4shared.com
898,Yancy,Shambrooke,yshambrookeox@php.net
899,Dean,Ellins,dellinsoy@delicious.com
900,Micheline,Redmond,mredmondoz@symantec.com
901,Davis,Bunyan,dbunyanp0@prnewswire.com
902,Arlen,Sculley,asculleyp1@twitter.com
903,Lotte,Jopson,ljopsonp2@google.co.uk
904,Matty,Picard,mpicardp3@nsw.gov.au
905,Adamo,Josland,ajoslandp4@rediff.com
906,Petronia,Gunton,pguntonp5@mysql.com
907,Candie,Kleszinski,ckleszinskip6@si.edu
908,Aldin,Whitlock,awhitlockp7@purevolume.com
909,Hoyt,Blampied,hblampiedp8@fc2.com
910,Ulysses,Ragless,uraglessp9@sciencedirect.com
911,Avictor,Gawler,agawlerpa@booking.com
912,Bartram,Rolston,brolstonpb@businesswire.com
913,Peta,Doniso,pdonisopc@bravesites.com
914,Raychel,O' Brian,robrianpd@hc360.com
915,Abram,Agus,aaguspe@utexas.edu
916,Melisent,Yeates,myeatespf@merriam-webster.com
917,Mal,Scaife,mscaifepg@sciencedirect.com
918,Nessie,Murcutt,nmurcuttph@creativecommons.org
919,Sibyl,Vlahos,svlahospi@e-recht24.de
920,Nels,Scowen,nscowenpj@businessinsider.com
921,Oberon,MacCarlich,omaccarlichpk@blogtalkradio.com
922,Wilmette,McCay,wmccaypl@independent.co.uk
923,Mara,Raftery,mrafterypm@craigslist.org
924,Basilio,Cammis,bcammispn@samsung.com
925,Pooh,Kelberman,pkelbermanpo@angelfire.com
926,Jessey,Mennell,jmennellpp@over-blog.com
927,Lila,Akett,lakettpq@cornell.edu
928,Bernete,De Paoli,bdepaolipr@webeden.co.uk
929,Goldy,Bilt,gbiltps@alibaba.com
930,Michel,Waddingham,mwaddinghampt@psu.edu
931,Maible,Gulvin,mgulvinpu@google.de
932,Gustav,Kent,gkentpv@artisteer.com
933,Kittie,Waggitt,kwaggittpw@tiny.cc
934,Helen-elizabeth,Linscott,hlinscottpx@patch.com
935,Cole,Bent,cbentpy@house.gov
936,Karl,Tatham,ktathampz@slashdot.org
937,Suzanne,Gozney,sgozneyq0@pcworld.com
938,Temple,Jerratsch,tjerratschq1@1und1.de
939,Purcell,Godwyn,pgodwynq2@multiply.com
940,Deb,Benardet,dbenardetq3@weibo.com
941,Zaccaria,Battrick,zbattrickq4@dailymail.co.uk
942,Bernice,Gergely,bgergelyq5@nps.gov
943,Sydelle,Salvati,ssalvatiq6@fotki.com
944,Erinn,Bending,ebendingq7@imageshack.us
945,Gerri,Carthy,gcarthyq8@dropbox.com
946,Perl,Innett,pinnettq9@dyndns.org
947,Fidelity,Oxlee,foxleeqa@cnet.com
948,Rodolph,Tash,rtashqb@e-recht24.de
949,Daron,Jentle,djentleqc@joomla.org
950,Felisha,Rawls,frawlsqd@edublogs.org
951,Paquito,McConnal,pmcconnalqe@chicagotribune.com
952,Bonnee,Larkins,blarkinsqf@altervista.org
953,Norris,Sloane,nsloaneqg@photobucket.com
954,Wren,Lippard,wlippardqh@trellian.com
955,Stevena,Stainton - Skinn,sstaintonskinnqi@theatlantic.com
956,Marchelle,Alvar,malvarqj@list-manage.com
957,Emma,Simnel,esimnelqk@cbsnews.com
958,Wrennie,Norcliff,wnorcliffql@qq.com
959,Shannon,Rearie,srearieqm@unc.edu
960,Britteny,Lubomirski,blubomirskiqn@omniture.com
961,Elden,Powe,epoweqo@soundcloud.com
962,Spike,Kingzeth,skingzethqp@istockphoto.com
963,Mort,Hrachovec,mhrachovecqq@ft.com
964,Miller,Penhaleurack,mpenhaleurackqr@acquirethisname.com
965,Rosalia,Fleay,rfleayqs@webeden.co.uk
966,Chevalier,Terrell,cterrellqt@youku.com
967,Jamey,Verbeke,jverbekequ@google.es
968,Cordie,Vipan,cvipanqv@ihg.com
969,Michal,Hotson,mhotsonqw@so-net.ne.jp
970,Nap,Medland,nmedlandqx@ezinearticles.com
971,Vivyanne,Birnie,vbirnieqy@craigslist.org
972,Burl,Mordacai,bmordacaiqz@t-online.de
973,Merline,Littlefield,mlittlefieldr0@epa.gov
974,Gideon,Stallwood,gstallwoodr1@google.de
975,Geno,Wardhaugh,gwardhaughr2@xrea.com
976,Rivy,Farman,rfarmanr3@spotify.com
977,Carline,State,cstater4@howstuffworks.com
978,Aylmar,Tunnick,atunnickr5@ucoz.com
979,Meriel,Klimushev,mklimushevr6@noaa.gov
980,Ricki,Keach,rkeachr7@t.co
981,Sallyanne,Caush,scaushr8@techcrunch.com
982,Brocky,Ronnay,bronnayr9@paypal.com
983,Findlay,Tuffin,ftuffinra@virginia.edu
984,Rorie,Essame,ressamerb@tiny.cc
985,Grier,Gorcke,ggorckerc@pen.io
986,Kaylee,Poli,kpolird@wordpress.org
987,Rance,Dunn,rdunnre@g.co
988,Ferdinanda,Hurley,fhurleyrf@cmu.edu
989,Karel,Mountney,kmountneyrg@constantcontact.com
990,Micky,McGourty,mmcgourtyrh@google.es
991,Rici,Ellins,rellinsri@bloomberg.com
992,Pippo,Duxbarry,pduxbarryrj@zimbio.com
993,Aleta,Portis,aportisrk@cbslocal.com
994,Dulciana,Brick,dbrickrl@youku.com
995,Shirleen,Hagergham,shagerghamrm@dailymail.co.uk
996,Michaela,Philippsohn,mphilippsohnrn@redcross.org
997,Cart,Elliston,cellistonro@mapy.cz
998,Clark,Wellfare,cwellfarerp@prweb.com
999,Brittany,De Rechter,bderechterrq@berkeley.edu
1000,Wakefield,Champion,wchampionrr@cloudflare.com
