id,first_name,last_name,email,gender,ip_address
1,Nadine,Plesing,nplesing0@newsvine.com,Female,193.57.80.111
2,Cecilla,Raddenbury,craddenbury1@bizjournals.com,Female,190.231.231.2
3,Tess,Redparth,tredparth2@google.co.jp,Female,167.229.161.54
4,Finley,Bartolozzi,fbartolozzi3@skyrock.com,Male,199.177.208.246
5,Trent,Archibold,tarchibold4@addtoany.com,Male,62.61.204.88
6,Abigael,Boldison,aboldison5@w3.org,Female,135.236.76.29
7,Barn,Carletto,bcarletto6@fastcompany.com,Male,143.141.12.80
8,Jordain,Marusic,jmarusic7@ox.ac.uk,Genderqueer,139.149.243.135
9,Les,Doick,ldoick8@hexun.com,Male,152.22.194.212
10,Henri,Otterwell,hotterwell9@infoseek.co.jp,Male,58.91.102.146
11,Jasen,Nowell,jnowella@sciencedaily.com,Male,71.162.79.189
12,Maressa,Giovanitti,mgiovanittib@redcross.org,Female,14.99.116.127
13,Lilla,Millmoe,lmillmoec@pcworld.com,Female,133.137.223.233
14,Bibi,Finlry,bfinlryd@spiegel.de,Female,154.167.120.191
15,Woodrow,Hallede,whalledee@slashdot.org,Male,212.173.115.113
16,Oliviero,Ivanikhin,oivanikhinf@go.com,Male,199.150.31.157
17,Maurits,Semark,msemarkg@t-online.de,Male,251.133.88.85
18,Isadore,Juza,ijuzah@amazon.co.jp,Male,164.63.73.133
19,Mickie,Crotty,mcrottyi@sfgate.com,Male,195.179.94.148
20,Kelly,Baudoux,kbaudouxj@cisco.com,Male,153.177.180.249
21,Blaire,Chung,bchungk@washingtonpost.com,Female,225.113.217.46
22,Ravid,Blagbrough,rblagbroughl@bing.com,Male,48.232.33.230
23,Tedra,McNamee,tmcnameem@storify.com,Bigender,57.224.215.146
24,Laurette,De Banke,ldebanken@topsy.com,Female,26.147.126.236
25,Violette,Chasmar,vchasmaro@mapy.cz,Female,229.246.193.20
26,Shelbi,Tollmache,stollmachep@cam.ac.uk,Agender,247.206.95.170
27,Drusilla,Sickling,dsicklingq@discuz.net,Female,195.87.138.41
28,Engelbert,Drayson,edraysonr@indiegogo.com,Male,149.213.150.156
29,Patin,Buss,pbusss@ucsd.edu,Bigender,22.113.6.106
30,Anabelle,Gilleson,agillesont@slideshare.net,Female,22.96.109.136
31,Lita,Mufford,lmuffordu@forbes.com,Female,29.230.199.38
32,Bernelle,Sergant,bsergantv@free.fr,Female,116.118.139.61
33,Amity,Stallebrass,astallebrassw@abc.net.au,Female,4.169.0.237
34,Hyacinthie,Macbeth,hmacbethx@cmu.edu,Female,181.84.104.251
35,Jenine,Farmery,jfarmeryy@ezinearticles.com,Female,216.128.235.150
36,Joellen,Tanswill,jtanswillz@rambler.ru,Female,188.105.66.120
37,Curran,Michell,cmichell10@wp.com,Male,113.246.8.246
38,Genevieve,Eschalotte,geschalotte11@huffingtonpost.com,Female,148.168.224.178
39,Tyrus,Slinn,tslinn12@behance.net,Male,88.51.246.11
40,Shermie,Heephy,sheephy13@ustream.tv,Male,15.189.111.173
41,Evan,Librey,elibrey14@vimeo.com,Bigender,129.66.99.19
42,Carlo,McQueen,cmcqueen15@wiley.com,Male,14.236.110.208
43,Analiese,Hallows,ahallows16@themeforest.net,Female,127.164.144.44
44,Sumner,Harfleet,sharfleet17@latimes.com,Male,229.128.146.193
45,Alia,Bagwell,abagwell18@cyberchimps.com,Female,225.98.123.83
46,Lari,Oades,loades19@w3.org,Female,21.8.6.50
47,Delmor,Poschel,dposchel1a@soup.io,Polygender,152.121.129.77
48,Vyky,McCord,vmccord1b@w3.org,Female,177.44.205.234
49,Irwin,Tourle,itourle1c@gnu.org,Male,252.101.246.174
50,Sadie,Sonschein,ssonschein1d@theatlantic.com,Female,34.228.22.164
51,Lauralee,Bolesworth,lbolesworth1e@printfriendly.com,Female,151.57.227.13
52,Michaeline,Boughen,mboughen1f@disqus.com,Female,15.106.165.229
53,Baldwin,Readwing,breadwing1g@cam.ac.uk,Male,131.103.78.149
54,Thayne,Golsthorp,tgolsthorp1h@meetup.com,Male,234.137.214.118
55,Tedman,Duncanson,tduncanson1i@ft.com,Male,27.161.126.206
56,Ferris,Gori,fgori1j@ow.ly,Male,121.89.20.22
57,Baron,Merington,bmerington1k@chron.com,Male,76.173.123.227
58,Chandler,Lethbridge,clethbridge1l@bigcartel.com,Male,185.115.193.36
59,Halette,Beccera,hbeccera1m@homestead.com,Female,93.140.139.252
60,Karie,Chadband,kchadband1n@google.com,Female,202.34.218.239
61,Octavius,Illes,oilles1o@freewebs.com,Male,27.10.56.148
62,Brynna,Brightling,bbrightling1p@time.com,Female,70.218.117.151
63,Crystie,Spaducci,cspaducci1q@storify.com,Female,213.30.123.213
64,Klarika,Van de Velde,kvandevelde1r@amazon.com,Female,12.14.106.88
65,Minor,Divina,mdivina1s@statcounter.com,Male,226.117.58.179
66,Irving,Girodin,igirodin1t@deviantart.com,Male,233.38.99.51
67,Maggi,Huelin,mhuelin1u@chron.com,Female,69.254.78.244
68,Ag,Reinbach,areinbach1v@hugedomains.com,Female,102.161.62.183
69,Lyman,Keir,lkeir1w@bbb.org,Male,119.255.121.138
70,Shelagh,Biles,sbiles1x@usa.gov,Female,254.0.35.0
71,Manda,Brumby,mbrumby1y@google.co.jp,Female,205.153.194.188
72,Emalia,Brinkler,ebrinkler1z@sfgate.com,Female,105.238.156.217
73,Clemmy,Guys,cguys20@irs.gov,Non-binary,52.2.91.159
74,Rodrick,Kauscher,rkauscher21@ocn.ne.jp,Genderqueer,128.133.24.110
75,Ida,Najafian,inajafian22@imdb.com,Genderqueer,197.55.31.81
76,Renato,MacSweeney,rmacsweeney23@nbcnews.com,Male,46.89.126.55
77,Ginger,Maccaddie,gmaccaddie24@bloglovin.com,Female,122.248.98.99
78,Chris,Bratchell,cbratchell25@bluehost.com,Male,93.65.130.197
79,Lyndel,Tiffin,ltiffin26@wp.com,Female,45.52.182.122
80,Cammy,Dallimare,cdallimare27@army.mil,Male,59.37.0.173
81,Kris,Blanque,kblanque28@businesswire.com,Female,24.181.207.105
82,Harwilll,Airds,hairds29@bbb.org,Male,68.34.249.23
83,Kalie,McLaverty,kmclaverty2a@hugedomains.com,Female,61.30.185.184
84,Gun,Duker,gduker2b@simplemachines.org,Male,130.234.72.217
85,Foss,Starte,fstarte2c@dailymotion.com,Male,150.16.44.166
86,Minny,Fiorentino,mfiorentino2d@scientificamerican.com,Female,163.6.142.147
87,Neall,Karolewski,nkarolewski2e@storify.com,Male,208.71.119.115
88,Candis,Beange,cbeange2f@wordpress.com,Female,73.181.182.131
89,Verna,Bagshaw,vbagshaw2g@paypal.com,Female,189.221.110.48
90,Gretchen,Duggary,gduggary2h@xinhuanet.com,Non-binary,168.100.191.244
91,Luise,Pirrone,lpirrone2i@yolasite.com,Female,104.230.124.53
92,Gipsy,Dolle,gdolle2j@oaic.gov.au,Female,191.157.134.198
93,Giana,Dionisii,gdionisii2k@weibo.com,Female,215.75.58.181
94,Claude,Rouke,crouke2l@webnode.com,Non-binary,33.11.158.126
95,Josiah,Thorwarth,jthorwarth2m@newsvine.com,Male,214.15.185.198
96,Kirsten,Trays,ktrays2n@macromedia.com,Female,225.247.113.233
97,Giovanni,Dollen,gdollen2o@wix.com,Male,56.205.193.161
98,Brendin,Bernasek,bbernasek2p@springer.com,Male,249.219.190.255
99,Rhodie,Frick,rfrick2q@google.com,Female,100.227.92.212
100,Feodor,Scully,fscully2r@thetimes.co.uk,Male,194.58.71.23
101,Kathlin,Hoodless,khoodless2s@baidu.com,Genderfluid,29.94.209.141
102,Ingelbert,Brauner,ibrauner2t@nifty.com,Male,2.130.129.229
103,Max,Kleinplatz,mkleinplatz2u@reference.com,Male,169.185.187.6
104,Gale,Purdey,gpurdey2v@xing.com,Male,114.171.55.100
105,Dionysus,Groucock,dgroucock2w@usgs.gov,Male,94.147.187.174
106,Claudette,Broinlich,cbroinlich2x@hhs.gov,Female,173.215.38.30
107,Cooper,Tosdevin,ctosdevin2y@unblog.fr,Male,196.74.128.135
108,Jessamyn,Vasyutkin,jvasyutkin2z@stumbleupon.com,Female,182.61.45.72
109,Ginnifer,Bengle,gbengle30@vk.com,Female,232.12.33.128
110,Casper,Belli,cbelli31@princeton.edu,Male,167.143.58.194
111,Elmira,Richardin,erichardin32@sciencedaily.com,Female,245.242.230.87
112,Gilligan,Boolsen,gboolsen33@vkontakte.ru,Female,29.217.20.248
113,Eunice,Gasquoine,egasquoine34@ycombinator.com,Female,0.22.252.118
114,Wadsworth,Gruszecki,wgruszecki35@telegraph.co.uk,Male,226.209.80.166
115,Kristyn,Jantet,kjantet36@ebay.com,Female,39.126.215.174
116,Ana,Gert,agert37@people.com.cn,Agender,121.82.150.151
117,Brien,Mollison,bmollison38@barnesandnoble.com,Male,19.39.24.30
118,Michele,Lechmere,mlechmere39@aol.com,Male,139.175.66.16
119,Fransisco,Gerram,fgerram3a@samsung.com,Polygender,164.175.20.181
120,Justino,Bilney,jbilney3b@japanpost.jp,Male,208.10.34.22
121,Saraann,Kirkebye,skirkebye3c@nps.gov,Female,66.40.216.113
122,Vernon,Kegley,vkegley3d@sogou.com,Male,225.12.242.150
123,Carmelia,Scroggins,cscroggins3e@tumblr.com,Female,61.65.121.94
124,Kort,Treadger,ktreadger3f@yahoo.com,Polygender,78.137.148.184
125,Raoul,McCalister,rmccalister3g@sfgate.com,Male,147.102.31.47
126,Regina,Hecks,rhecks3h@skype.com,Female,127.201.36.30
127,Arther,Hacquoil,ahacquoil3i@dot.gov,Male,227.166.171.248
128,Clarence,Cauderlie,ccauderlie3j@cafepress.com,Male,154.235.254.95
129,Page,Thirtle,pthirtle3k@lulu.com,Male,224.115.233.243
130,Lynda,Bier,lbier3l@ow.ly,Female,61.160.4.196
131,Marchall,Dwelley,mdwelley3m@bravesites.com,Male,69.3.218.90
132,Creight,Tomowicz,ctomowicz3n@independent.co.uk,Male,56.147.230.212
133,Carole,Gownge,cgownge3o@vistaprint.com,Female,113.116.99.43
134,Muire,Finkle,mfinkle3p@friendfeed.com,Female,200.64.182.171
135,Prudi,Hurworth,phurworth3q@yandex.ru,Female,78.97.179.77
136,Bert,Haet,bhaet3r@latimes.com,Male,236.237.150.192
137,Dav,Cattle,dcattle3s@sciencedirect.com,Male,80.86.108.104
138,Hedwiga,Skillern,hskillern3t@360.cn,Female,132.29.110.84
139,Che,Boribal,cboribal3u@nytimes.com,Male,47.250.185.25
140,Lauren,Crabbe,lcrabbe3v@flavors.me,Female,79.180.248.35
141,Sapphira,Fogg,sfogg3w@umich.edu,Female,234.228.108.187
142,Elenore,Laugharne,elaugharne3x@rediff.com,Genderqueer,144.130.86.238
143,Jo,Perroni,jperroni3y@howstuffworks.com,Male,236.174.125.139
144,Steffi,Hawsby,shawsby3z@gov.uk,Female,160.122.157.223
145,Jocko,Studdal,jstuddal40@usgs.gov,Male,254.217.154.7
146,Michaela,Pala,mpala41@cocolog-nifty.com,Female,125.70.0.79
147,Ambros,Raleston,araleston42@biglobe.ne.jp,Male,186.50.220.213
148,Jess,Ormesher,jormesher43@google.com,Female,121.75.126.18
149,Maribeth,Swatman,mswatman44@photobucket.com,Female,47.200.182.103
150,Cecily,Pattrick,cpattrick45@biblegateway.com,Female,119.184.150.2
151,Spencer,Campa,scampa46@psu.edu,Male,129.235.183.56
152,Kaspar,Gotling,kgotling47@telegraph.co.uk,Male,116.220.77.133
153,Zara,Newby,znewby48@cnet.com,Female,205.142.73.108
154,Butch,Murcott,bmurcott49@amazon.de,Male,61.19.220.67
155,Trude,Knowller,tknowller4a@i2i.jp,Female,120.219.163.213
156,Crystie,Seakin,cseakin4b@gravatar.com,Female,255.186.118.127
157,Vinita,Turbill,vturbill4c@hc360.com,Female,108.208.90.134
158,Elberta,Lidgely,elidgely4d@paypal.com,Polygender,1.165.127.164
159,Gerrilee,Cooley,gcooley4e@amazon.com,Female,130.250.149.141
160,Alaine,Cranfield,acranfield4f@spiegel.de,Female,237.147.1.102
161,Tito,Begin,tbegin4g@drupal.org,Male,93.81.94.233
162,Chrisse,Darrach,cdarrach4h@statcounter.com,Male,101.57.49.103
163,Everard,Jansky,ejansky4i@youtu.be,Male,86.172.122.1
164,Fidelia,Stagge,fstagge4j@businessweek.com,Female,131.145.17.101
165,Wynny,Shrubsall,wshrubsall4k@photobucket.com,Female,214.62.185.132
166,Tamra,Ligoe,tligoe4l@discuz.net,Female,108.67.163.205
167,Raye,Gambrell,rgambrell4m@unblog.fr,Female,156.149.74.144
168,Ennis,Korting,ekorting4n@hibu.com,Male,103.70.26.65
169,Tristam,Scarff,tscarff4o@dot.gov,Male,96.37.179.131
170,Frans,Pelling,fpelling4p@seattletimes.com,Male,226.145.70.36
171,Corbett,Scrannage,cscrannage4q@barnesandnoble.com,Male,97.211.253.16
172,Ad,Stealey,astealey4r@gmpg.org,Male,13.77.58.165
173,Marlo,Winder,mwinder4s@nytimes.com,Female,142.154.248.222
174,Danya,Pesterfield,dpesterfield4t@studiopress.com,Male,100.115.96.25
175,Grissel,Tooting,gtooting4u@quantcast.com,Female,212.101.210.10
176,Darlene,Carver,dcarver4v@ebay.co.uk,Female,126.19.14.134
177,Jaclin,Colleran,jcolleran4w@imdb.com,Female,64.22.55.208
178,Roxanna,Fipp,rfipp4x@washingtonpost.com,Bigender,52.220.147.179
179,Alfonse,Gale,agale4y@ocn.ne.jp,Male,215.0.42.240
180,Munroe,Hakonsson,mhakonsson4z@smh.com.au,Male,39.18.14.83
181,Leonanie,Pickett,lpickett50@netscape.com,Female,228.207.241.150
182,Daphna,Guirardin,dguirardin51@bloglines.com,Female,164.124.3.50
183,Marvin,Durn,mdurn52@nydailynews.com,Male,98.218.193.96
184,Jens,Posthill,jposthill53@bloglovin.com,Male,161.113.195.100
185,Angelika,Mealand,amealand54@va.gov,Female,215.133.0.56
186,Kellby,Hardaway,khardaway55@weibo.com,Male,179.215.19.243
187,Edan,Brimming,ebrimming56@over-blog.com,Male,46.226.19.154
188,Stoddard,Oldfield,soldfield57@abc.net.au,Genderfluid,82.132.34.3
189,Marlow,Butcher,mbutcher58@census.gov,Male,107.160.6.153
190,Roobbie,Faichnie,rfaichnie59@edublogs.org,Female,30.23.205.171
191,Caesar,McClosh,cmcclosh5a@usgs.gov,Male,130.160.81.144
192,Janenna,Gair,jgair5b@admin.ch,Female,129.32.30.34
193,Bethena,Filde,bfilde5c@ezinearticles.com,Female,117.250.21.82
194,Linea,Oiseau,loiseau5d@altervista.org,Female,18.235.142.254
195,Silvain,Wiggington,swiggington5e@ameblo.jp,Male,19.206.58.123
196,Hiram,Abbison,habbison5f@wikispaces.com,Male,81.191.91.222
197,Ingemar,Gethings,igethings5g@samsung.com,Male,37.40.103.56
198,Rachel,Lightoller,rlightoller5h@netlog.com,Polygender,84.146.252.116
199,Oliviero,Teffrey,oteffrey5i@ning.com,Male,195.65.90.59
200,Waylon,Halward,whalward5j@tuttocitta.it,Genderfluid,203.232.52.59
201,Hollis,Schole,hschole5k@tumblr.com,Male,224.149.144.136
202,Lisha,Greenshiels,lgreenshiels5l@washington.edu,Female,49.145.123.232
203,Tamqrah,Slayny,tslayny5m@mashable.com,Female,213.13.160.172
204,Harlan,Edeler,hedeler5n@delicious.com,Male,140.121.160.64
205,Alyson,Parham,aparham5o@tmall.com,Genderqueer,95.223.23.77
206,Fina,Roantree,froantree5p@cbslocal.com,Female,205.145.184.59
207,Pat,Stodhart,pstodhart5q@youtube.com,Male,59.233.117.158
208,Eydie,Mashro,emashro5r@alexa.com,Agender,150.162.198.121
209,Edik,Brettor,ebrettor5s@ox.ac.uk,Male,43.105.192.180
210,Alejandro,Willatts,awillatts5t@apache.org,Male,162.45.62.161
211,Alanna,Mannock,amannock5u@admin.ch,Genderqueer,112.64.166.229
212,Lennie,Clampin,lclampin5v@accuweather.com,Male,215.13.21.165
213,Conrado,Stibbs,cstibbs5w@nsw.gov.au,Male,16.90.160.9
214,Cleve,Parsons,cparsons5x@myspace.com,Male,11.49.23.156
215,Randi,Zotto,rzotto5y@wikipedia.org,Female,39.19.114.41
216,Rollo,Mackstead,rmackstead5z@360.cn,Male,126.47.165.102
217,Skell,Lansdale,slansdale60@gmpg.org,Male,234.155.82.211
218,Reinhold,McCoughan,rmccoughan61@mashable.com,Male,216.214.115.158
219,Eilis,Tysack,etysack62@blogger.com,Female,36.174.252.247
220,Marshal,Hawkeridge,mhawkeridge63@51.la,Non-binary,51.233.240.180
221,Hill,Jennens,hjennens64@oaic.gov.au,Male,7.29.93.213
222,Hayley,Wassell,hwassell65@symantec.com,Female,122.86.53.198
223,Keith,Shawyers,kshawyers66@biblegateway.com,Non-binary,134.76.58.208
224,Raimondo,McComiskie,rmccomiskie67@google.es,Male,99.100.117.232
225,Gunar,Sivess,gsivess68@baidu.com,Male,58.89.104.90
226,Tamarra,Kleint,tkleint69@comsenz.com,Female,24.226.125.184
227,Leoine,Yakovitch,lyakovitch6a@nhs.uk,Female,177.80.57.71
228,Chrissy,De Avenell,cdeavenell6b@ebay.com,Male,79.242.47.169
229,Wittie,Filippucci,wfilippucci6c@woothemes.com,Male,246.226.199.145
230,Claudell,Kersey,ckersey6d@bandcamp.com,Male,145.137.150.93
231,Lee,Ashingden,lashingden6e@istockphoto.com,Male,117.166.23.225
232,Lisetta,Morrieson,lmorrieson6f@sphinn.com,Female,243.84.96.158
233,Ulrikaumeko,Aimson,uaimson6g@constantcontact.com,Female,235.48.71.177
234,Ciro,Greville,cgreville6h@disqus.com,Male,208.118.140.197
235,Sky,Hebborne,shebborne6i@theguardian.com,Male,237.199.241.68
236,Gabi,Cowdroy,gcowdroy6j@omniture.com,Male,66.250.156.170
237,Jordon,Peschke,jpeschke6k@admin.ch,Male,118.20.110.233
238,Dulce,Prime,dprime6l@tmall.com,Female,182.148.195.132
239,Cristen,Janowski,cjanowski6m@economist.com,Genderqueer,6.230.180.38
240,Johny,Rawlcliffe,jrawlcliffe6n@xrea.com,Male,117.226.164.151
241,Dana,Tanslie,dtanslie6o@live.com,Male,239.8.186.213
242,Trina,Filkin,tfilkin6p@princeton.edu,Female,161.164.105.124
243,Kipper,Ditter,kditter6q@google.pl,Male,74.115.9.21
244,Lawrence,Howley,lhowley6r@sciencedaily.com,Male,180.190.177.247
245,Cloe,Badder,cbadder6s@cnbc.com,Female,146.118.2.34
246,Xylina,Tolman,xtolman6t@indiegogo.com,Female,93.172.101.74
247,Trever,Mayling,tmayling6u@netscape.com,Male,208.38.68.3
248,Clayton,Canham,ccanham6v@nbcnews.com,Male,244.149.137.208
249,Reggie,Tombs,rtombs6w@seesaa.net,Male,144.62.66.110
250,Adel,Blas,ablas6x@domainmarket.com,Female,40.189.92.166
251,Gunner,Hornbuckle,ghornbuckle6y@cloudflare.com,Genderqueer,138.204.221.98
252,Harmonia,Holsey,hholsey6z@cargocollective.com,Bigender,184.187.84.200
253,York,Went,ywent70@creativecommons.org,Male,1.212.137.213
254,Briano,Romeuf,bromeuf71@geocities.com,Male,40.115.6.181
255,Garv,Pittel,gpittel72@sitemeter.com,Male,51.96.20.71
256,Timmy,Bamforth,tbamforth73@over-blog.com,Female,241.47.79.181
257,Chaddy,Caulier,ccaulier74@creativecommons.org,Male,173.23.202.169
258,Nana,Stuffins,nstuffins75@dyndns.org,Female,136.16.218.10
259,Rickert,Shafe,rshafe76@ocn.ne.jp,Genderqueer,4.163.85.74
260,Tasha,Pinxton,tpinxton77@chron.com,Female,9.231.74.191
261,Fionnula,Di Bartolomeo,fdibartolomeo78@msn.com,Female,46.213.6.81
262,Robbyn,Drabble,rdrabble79@slate.com,Female,165.246.116.107
263,Arlette,Yezafovich,ayezafovich7a@ask.com,Female,5.53.225.51
264,Nadine,Laroze,nlaroze7b@google.ca,Female,248.95.158.210
265,Aron,Chattell,achattell7c@bloomberg.com,Male,202.29.80.2
266,Titus,Blandford,tblandford7d@timesonline.co.uk,Bigender,227.154.200.223
267,Phyllida,McNalley,pmcnalley7e@vimeo.com,Female,45.11.210.3
268,Peggi,Matuskiewicz,pmatuskiewicz7f@ovh.net,Female,205.62.237.236
269,Halsey,Kennewell,hkennewell7g@t.co,Male,100.48.35.109
270,Burke,Heineke,bheineke7h@discuz.net,Male,34.182.72.112
271,Diann,Gittens,dgittens7i@huffingtonpost.com,Female,153.200.154.45
272,Arri,Lasham,alasham7j@163.com,Male,53.146.150.192
273,Marjy,Shaxby,mshaxby7k@jugem.jp,Female,156.194.149.242
274,Windy,Hurn,whurn7l@archive.org,Bigender,91.171.159.155
275,Lilli,Goddman,lgoddman7m@house.gov,Female,120.140.15.149
276,Susi,Chatenet,schatenet7n@un.org,Female,124.175.210.202
277,Phil,Bergeau,pbergeau7o@unesco.org,Female,42.128.72.168
278,Rosie,Penna,rpenna7p@paypal.com,Genderfluid,109.201.207.146
279,Udale,Sciusscietto,usciusscietto7q@wsj.com,Male,107.19.32.40
280,Leo,Fyers,lfyers7r@domainmarket.com,Male,136.241.60.185
281,Thedric,Ragdale,tragdale7s@arizona.edu,Male,9.141.169.123
282,Berty,Ragles,bragles7t@statcounter.com,Male,124.216.97.70
283,Rik,Blampied,rblampied7u@ask.com,Male,120.47.11.89
284,Kahlil,Sprigings,ksprigings7v@facebook.com,Male,108.97.45.140
285,Joanna,Hambrook,jhambrook7w@wikispaces.com,Female,8.62.95.32
286,Eddi,Passey,epassey7x@multiply.com,Polygender,245.191.65.32
287,Hanna,Gabbitas,hgabbitas7y@unblog.fr,Genderfluid,12.107.22.179
288,Eydie,Paffley,epaffley7z@craigslist.org,Female,189.249.204.124
289,Stafani,Cholwell,scholwell80@shareasale.com,Female,254.100.233.183
290,Zacharia,Farrant,zfarrant81@whitehouse.gov,Male,175.251.251.231
291,Shanon,Kleinmintz,skleinmintz82@huffingtonpost.com,Female,53.224.113.204
292,Hakeem,Franzettoini,hfranzettoini83@howstuffworks.com,Male,165.232.248.103
293,Hamil,Goodluck,hgoodluck84@ow.ly,Male,208.214.154.58
294,Reena,Gritland,rgritland85@tinyurl.com,Female,177.240.166.162
295,Emilio,Fleisch,efleisch86@123-reg.co.uk,Male,71.26.36.69
296,Gran,Gilbeart,ggilbeart87@adobe.com,Male,73.8.234.62
297,Zaria,Mashal,zmashal88@gmpg.org,Female,11.61.40.215
298,Stacie,Treharne,streharne89@bbc.co.uk,Female,94.141.5.138
299,Leilah,Cristofvao,lcristofvao8a@indiegogo.com,Female,253.134.235.74
300,Lizette,Shalloe,lshalloe8b@booking.com,Female,188.37.85.224
301,Eleonora,Donohoe,edonohoe8c@army.mil,Female,32.224.111.198
302,Hartwell,Munning,hmunning8d@theatlantic.com,Male,145.79.98.202
303,Ellsworth,Ponton,eponton8e@mlb.com,Male,180.36.175.218
304,Ortensia,Reyburn,oreyburn8f@apple.com,Female,120.164.28.209
305,Robin,Lohering,rlohering8g@microsoft.com,Female,16.70.201.97
306,Odessa,Gumbrell,ogumbrell8h@telegraph.co.uk,Female,16.44.165.163
307,Phebe,Dorrance,pdorrance8i@house.gov,Female,235.158.186.57
308,Issie,Eseler,ieseler8j@answers.com,Female,205.253.33.213
309,Dena,Duesbury,dduesbury8k@stanford.edu,Female,135.64.130.55
310,Evaleen,Domerque,edomerque8l@cargocollective.com,Female,50.219.119.136
311,Brandy,Gerardet,bgerardet8m@wordpress.org,Male,209.216.222.82
312,Moritz,Fetteplace,mfetteplace8n@wufoo.com,Male,60.214.148.76
313,Agace,Babinski,ababinski8o@independent.co.uk,Female,144.220.102.40
314,Alana,Detoile,adetoile8p@a8.net,Female,56.5.119.151
315,Dru,Tanton,dtanton8q@time.com,Female,179.120.134.117
316,Brittany,Bravey,bbravey8r@mozilla.org,Female,206.154.190.194
317,Pace,Gibbins,pgibbins8s@parallels.com,Male,58.131.117.150
318,Bobbee,Bril,bbril8t@washingtonpost.com,Polygender,30.190.184.53
319,Marion,Pfertner,mpfertner8u@wufoo.com,Male,121.147.174.221
320,Glynda,Prantl,gprantl8v@about.com,Female,0.34.16.192
321,Brinn,Phillip,bphillip8w@auda.org.au,Female,97.75.9.128
322,Pippy,Berends,pberends8x@who.int,Female,58.91.174.44
323,Ricoriki,Kerwood,rkerwood8y@stanford.edu,Male,53.213.94.208
324,Hodge,Miettinen,hmiettinen8z@trellian.com,Male,140.189.229.96
325,Johnath,Brookton,jbrookton90@mayoclinic.com,Agender,62.178.130.212
326,Blondy,Corcoran,bcorcoran91@goodreads.com,Female,233.8.92.166
327,Poul,Columbell,pcolumbell92@imageshack.us,Male,51.114.153.157
328,Cindra,Bichard,cbichard93@chronoengine.com,Female,29.126.50.52
329,Lelah,Lorenzetti,llorenzetti94@indiatimes.com,Genderqueer,82.19.15.249
330,Dene,Lowen,dlowen95@unblog.fr,Male,200.252.171.51
331,Brooke,Easson,beasson96@weebly.com,Male,108.129.133.63
332,Carlin,Blees,cblees97@ifeng.com,Female,174.35.54.210
333,Matilde,Scorer,mscorer98@globo.com,Female,154.132.48.255
334,Maire,Streader,mstreader99@epa.gov,Female,139.164.40.185
335,Ricca,Yedy,ryedy9a@instagram.com,Female,219.190.30.15
336,Gay,Amsden,gamsden9b@jiathis.com,Female,204.180.15.183
337,Wilt,Weildish,wweildish9c@last.fm,Male,53.116.53.71
338,Hazel,Allington,hallington9d@wordpress.org,Male,165.195.106.64
339,Broddie,Ballinger,bballinger9e@liveinternet.ru,Polygender,0.186.175.200
340,Sukey,MacParland,smacparland9f@e-recht24.de,Female,71.158.223.99
341,Hillyer,Trevena,htrevena9g@paginegialle.it,Male,97.129.197.53
342,Danyette,Gerwood,dgerwood9h@cnbc.com,Female,6.205.127.40
343,Nollie,Gracewood,ngracewood9i@arstechnica.com,Male,172.163.68.63
344,Bessie,Mugg,bmugg9j@ihg.com,Female,61.197.38.107
345,Claudette,Braunroth,cbraunroth9k@networkadvertising.org,Female,96.52.43.74
346,Carolin,Ruse,cruse9l@cdbaby.com,Female,166.17.194.229
347,Britt,Goody,bgoody9m@bbc.co.uk,Female,119.8.203.51
348,Reena,Bamlett,rbamlett9n@blogger.com,Female,111.137.224.113
349,Marice,Boyn,mboyn9o@themeforest.net,Female,22.171.26.176
350,Meagan,Dearnly,mdearnly9p@bing.com,Female,214.180.25.244
351,Dolph,Thorlby,dthorlby9q@geocities.com,Male,112.121.246.232
352,Tully,Ubsdall,tubsdall9r@hud.gov,Male,117.105.125.173
353,Janeczka,Caris,jcaris9s@stumbleupon.com,Female,26.66.202.184
354,Kristy,Racine,kracine9t@google.com.hk,Female,154.21.161.83
355,Bernardine,McBrearty,bmcbrearty9u@yahoo.co.jp,Female,115.84.144.154
356,Ford,Pepi,fpepi9v@addthis.com,Male,147.248.169.239
357,Layne,Leber,lleber9w@wired.com,Bigender,119.203.45.82
358,Alfonse,Keepin,akeepin9x@hostgator.com,Male,79.21.246.171
359,Trevor,Guerin,tguerin9y@hatena.ne.jp,Male,38.39.183.42
360,Sauveur,Pavyer,spavyer9z@ox.ac.uk,Male,121.35.238.56
361,Birk,Sewill,bsewilla0@webeden.co.uk,Male,58.35.132.235
362,Myrle,Dansken,mdanskena1@adobe.com,Female,216.250.132.146
363,Therese,Schmidt,tschmidta2@mit.edu,Female,179.225.93.97
364,Corny,Hagyard,chagyarda3@sitemeter.com,Polygender,135.197.181.208
365,Abdel,Norman,anormana4@nps.gov,Male,204.72.31.200
366,Claudie,Biers,cbiersa5@dagondesign.com,Female,125.172.4.133
367,Joann,Arnoud,jarnouda6@who.int,Female,115.11.217.195
368,Ernaline,de Marco,edemarcoa7@opensource.org,Bigender,157.111.187.74
369,Babette,Datte,bdattea8@examiner.com,Female,76.3.107.87
370,Faythe,Dicte,fdictea9@shareasale.com,Female,170.125.160.40
371,Fannie,Pankettman,fpankettmanaa@dailymotion.com,Female,64.72.122.215
372,Meriel,Gehrtz,mgehrtzab@hubpages.com,Female,213.155.114.114
373,Morey,Annear,mannearac@senate.gov,Male,65.63.3.29
374,Flory,Maytom,fmaytomad@umn.edu,Female,4.29.203.128
375,Bidget,Nightingale,bnightingaleae@about.me,Female,189.82.99.109
376,Gallard,Warkup,gwarkupaf@zimbio.com,Male,55.140.145.180
377,Sloane,Fowlston,sfowlstonag@buzzfeed.com,Genderfluid,160.22.221.152
378,Yolanthe,Stevenson,ystevensonah@storify.com,Female,43.181.213.217
379,Purcell,Vashchenko,pvashchenkoai@unblog.fr,Male,160.147.239.46
380,Kirstyn,Cunrado,kcunradoaj@telegraph.co.uk,Female,37.222.235.29
381,Dwayne,Vail,dvailak@ycombinator.com,Male,229.160.7.28
382,Herschel,Archley,harchleyal@friendfeed.com,Male,167.81.231.254
383,Grady,Absolon,gabsolonam@phpbb.com,Male,10.78.192.196
384,Ettore,Ovize,eovizean@huffingtonpost.com,Male,208.2.254.106
385,Klara,Mingey,kmingeyao@foxnews.com,Genderfluid,152.54.69.15
386,Conrado,Guyet,cguyetap@dot.gov,Male,114.2.197.102
387,Auberta,Darbishire,adarbishireaq@stumbleupon.com,Agender,107.33.187.80
388,Rozamond,Mallord,rmallordar@gmpg.org,Female,192.38.162.195
389,Kania,Poff,kpoffas@goo.gl,Female,233.43.201.36
390,Alexio,Andrysek,aandrysekat@arizona.edu,Male,172.145.183.0
391,Glyn,Newcome,gnewcomeau@vimeo.com,Female,140.225.143.90
392,Robb,Dallan,rdallanav@addtoany.com,Male,21.255.250.71
393,Sergei,Denman,sdenmanaw@eventbrite.com,Male,188.103.104.187
394,Ulrich,Lumbly,ulumblyax@cargocollective.com,Male,45.107.148.229
395,Tymon,Gosnay,tgosnayay@wikia.com,Male,60.220.91.181
396,Denis,Penvarne,dpenvarneaz@t.co,Male,248.49.194.87
397,Jason,Regus,jregusb0@1und1.de,Male,209.79.182.107
398,Christalle,Brounsell,cbrounsellb1@simplemachines.org,Female,192.210.197.152
399,Christoph,Dicty,cdictyb2@redcross.org,Bigender,250.186.172.162
400,Mitch,Marriage,mmarriageb3@wp.com,Male,100.46.254.96
401,Gil,Habbert,ghabbertb4@pbs.org,Male,119.193.43.29
402,Rachael,Buggy,rbuggyb5@bizjournals.com,Female,74.145.145.22
403,Andee,Sheridan,asheridanb6@xrea.com,Female,138.9.118.215
404,Carleton,Tuckley,ctuckleyb7@ow.ly,Male,214.4.51.126
405,Nelle,Hutchison,nhutchisonb8@discuz.net,Non-binary,177.70.90.237
406,Theodoric,Bidmead,tbidmeadb9@joomla.org,Male,132.253.110.123
407,Traci,Linde,tlindeba@topsy.com,Female,118.129.191.222
408,Will,Dahlgren,wdahlgrenbb@pcworld.com,Male,61.155.26.134
409,Wilt,Waadenburg,wwaadenburgbc@prlog.org,Male,127.186.24.5
410,Guinna,Piatto,gpiattobd@1und1.de,Female,163.197.164.64
411,Win,Kitman,wkitmanbe@kickstarter.com,Male,33.23.200.50
412,Freddy,McDermott-Row,fmcdermottrowbf@networksolutions.com,Male,139.81.254.148
413,Antonino,Wallentin,awallentinbg@nifty.com,Male,169.163.144.119
414,Quillan,Rohlfing,qrohlfingbh@mapy.cz,Male,156.150.231.16
415,Farrand,Crosio,fcrosiobi@umn.edu,Female,102.234.80.20
416,Andee,Kobus,akobusbj@myspace.com,Female,206.238.67.120
417,Korie,de Cullip,kdecullipbk@technorati.com,Female,114.217.225.52
418,Stirling,Fassman,sfassmanbl@printfriendly.com,Male,194.15.115.123
419,Cecelia,Wagenen,cwagenenbm@reuters.com,Female,140.248.229.5
420,Albie,Schooling,aschoolingbn@canalblog.com,Male,127.61.49.186
421,Wilek,Minchinton,wminchintonbo@cdbaby.com,Male,166.240.205.169
422,Killian,McKinney,kmckinneybp@shareasale.com,Male,0.252.101.198
423,Katheryn,Schild,kschildbq@a8.net,Female,11.184.138.231
424,Gaultiero,Erdis,gerdisbr@woothemes.com,Male,160.215.174.13
425,Mikaela,Edson,medsonbs@amazonaws.com,Female,222.56.83.43
426,Emmott,Gateley,egateleybt@google.es,Male,243.124.67.35
427,Valera,Engeham,vengehambu@columbia.edu,Female,196.64.26.68
428,Tripp,Crawshay,tcrawshaybv@friendfeed.com,Male,86.126.179.228
429,Candra,Stone,cstonebw@fotki.com,Female,111.135.213.233
430,Jourdain,Wanka,jwankabx@ucla.edu,Male,145.125.167.78
431,Jobi,Tarbox,jtarboxby@ifeng.com,Female,209.87.164.17
432,Matty,Doul,mdoulbz@yandex.ru,Male,166.138.253.101
433,Eirena,Crothers,ecrothersc0@state.tx.us,Female,15.79.62.75
434,Gerda,Heningham,gheninghamc1@lycos.com,Non-binary,133.209.87.208
435,My,Shevill,mshevillc2@nasa.gov,Male,156.141.232.241
436,Kinna,Antusch,kantuschc3@gnu.org,Female,117.54.173.103
437,Shandra,Lanney,slanneyc4@wp.com,Female,226.34.144.29
438,Zena,Zarfai,zzarfaic5@mlb.com,Female,205.195.180.101
439,Ebeneser,Kleinber,ekleinberc6@ow.ly,Male,198.204.148.163
440,Taddeo,Gheeorghie,tgheeorghiec7@163.com,Male,12.156.60.123
441,Randa,Virr,rvirrc8@mail.ru,Female,49.131.180.239
442,Claudio,Gaukroger,cgaukrogerc9@wikipedia.org,Male,136.102.57.236
443,Hirsch,Healeas,hhealeasca@blogtalkradio.com,Male,202.48.77.85
444,Johna,Riccioppo,jriccioppocb@spiegel.de,Female,64.144.125.213
445,Bamby,Rowbury,browburycc@kickstarter.com,Female,28.233.120.200
446,Orion,Ferrelli,oferrellicd@eventbrite.com,Male,10.15.254.198
447,Evvie,McGaraghan,emcgaraghance@xinhuanet.com,Female,108.67.95.60
448,Blancha,Lynas,blynascf@trellian.com,Female,248.248.100.130
449,Veronike,Lampet,vlampetcg@dell.com,Female,79.154.148.178
450,Kerstin,Janu,kjanuch@senate.gov,Polygender,151.34.16.152
451,Cliff,Petrishchev,cpetrishchevci@google.com.br,Male,192.135.214.175
452,Colby,Jephcote,cjephcotecj@samsung.com,Male,71.215.149.194
453,Silas,Petrelluzzi,spetrelluzzick@homestead.com,Male,143.112.173.9
454,Sauveur,Crownshaw,scrownshawcl@pbs.org,Male,170.162.90.71
455,Byran,Girardengo,bgirardengocm@cloudflare.com,Male,141.99.10.145
456,Steffane,Neasam,sneasamcn@apple.com,Female,191.59.24.61
457,Salmon,Pietersma,spietersmaco@drupal.org,Genderfluid,97.3.65.161
458,Gregoor,Eastgate,geastgatecp@bravesites.com,Male,34.214.116.125
459,Lindsey,Dench,ldenchcq@smugmug.com,Male,0.169.225.190
460,Starlin,Van Baaren,svanbaarencr@tumblr.com,Female,90.23.112.80
461,Elihu,Parsonage,eparsonagecs@whitehouse.gov,Agender,110.129.125.46
462,Ringo,Glasspoole,rglasspoolect@accuweather.com,Male,226.145.88.205
463,Saw,Dancey,sdanceycu@tmall.com,Male,205.27.162.73
464,Ottilie,Duly,odulycv@dailymotion.com,Female,180.130.181.231
465,Tybi,Brozek,tbrozekcw@pbs.org,Female,186.52.103.84
466,Clyve,Eles,celescx@unicef.org,Male,194.75.121.90
467,Dotty,Rings,dringscy@smugmug.com,Female,86.184.88.63
468,Fergus,Siely,fsielycz@nature.com,Male,220.39.117.104
469,Lynelle,Grizard,lgrizardd0@loc.gov,Female,116.49.49.143
470,Zeb,Flooks,zflooksd1@scribd.com,Male,120.238.105.139
471,Constantine,Bingle,cbingled2@huffingtonpost.com,Male,35.177.95.205
472,Clareta,Prinett,cprinettd3@thetimes.co.uk,Female,201.158.50.221
473,Elianore,Rawsthorn,erawsthornd4@marketwatch.com,Female,180.95.40.156
474,Lenard,Hiland,lhilandd5@printfriendly.com,Male,159.59.217.161
475,Liana,Leidecker,lleideckerd6@marketwatch.com,Female,133.58.193.65
476,Lea,Fandrich,lfandrichd7@blogspot.com,Female,168.73.182.139
477,Carlynne,Jayme,cjaymed8@wikia.com,Female,25.127.169.44
478,Iain,Winchester,iwinchesterd9@a8.net,Bigender,27.114.84.147
479,Sharl,Espley,sespleyda@nasa.gov,Female,153.120.243.51
480,Jessy,Zorer,jzorerdb@wp.com,Female,12.90.139.198
481,Alexandros,Spellesy,aspellesydc@addthis.com,Male,25.97.104.143
482,Bibbie,Ochterlonie,bochterloniedd@prlog.org,Female,25.254.167.18
483,Bryon,Hartfleet,bhartfleetde@joomla.org,Male,180.154.169.0
484,Dolley,Pentycross,dpentycrossdf@baidu.com,Female,114.27.126.73
485,Michelle,Ottey,motteydg@geocities.jp,Female,213.25.86.78
486,Alric,Whetnall,awhetnalldh@163.com,Male,188.244.44.44
487,Marcellina,Menilove,mmenilovedi@dailymail.co.uk,Female,71.85.137.62
488,Issiah,Leeuwerink,ileeuwerinkdj@yahoo.com,Male,198.130.207.80
489,Dorothy,Kenset,dkensetdk@blogspot.com,Female,225.32.241.211
490,Bertina,Bumphries,bbumphriesdl@washingtonpost.com,Female,127.203.63.222
491,Erminie,Linfitt,elinfittdm@auda.org.au,Female,83.144.164.221
492,Alexia,Pantone,apantonedn@craigslist.org,Female,231.6.223.9
493,Donni,Chiswell,dchiswelldo@typepad.com,Female,116.142.13.135
494,Enriqueta,Panchen,epanchendp@google.com.hk,Female,221.5.204.39
495,Timotheus,Basler,tbaslerdq@army.mil,Male,94.195.222.153
496,Paul,Blundel,pblundeldr@wsj.com,Male,88.57.233.242
497,Godart,Werndly,gwerndlyds@ucla.edu,Male,196.146.198.241
498,Spike,Veldman,sveldmandt@mozilla.org,Male,200.228.54.87
499,Shannon,Castello,scastellodu@hugedomains.com,Female,255.254.7.95
500,Albertine,Jobey,ajobeydv@sakura.ne.jp,Female,254.12.155.142
501,Lenette,Smouten,lsmoutendw@sun.com,Female,136.33.180.4
502,Van,Vassay,vvassaydx@accuweather.com,Female,193.228.129.196
503,Jocelin,Lidgley,jlidgleydy@google.cn,Female,190.27.131.253
504,Fredrick,Northen,fnorthendz@fema.gov,Male,91.77.160.133
505,Corney,Nowland,cnowlande0@1688.com,Male,40.213.30.203
506,Grissel,Heild,gheilde1@odnoklassniki.ru,Female,40.0.154.208
507,Ortensia,Clohisey,oclohiseye2@china.com.cn,Female,180.162.201.15
508,Neale,Derks,nderkse3@pagesperso-orange.fr,Male,226.165.217.236
509,Tomas,Fulun,tfulune4@e-recht24.de,Male,33.72.95.126
510,Selia,Arnaudet,sarnaudete5@squarespace.com,Female,9.211.52.208
511,Port,Bilham,pbilhame6@simplemachines.org,Male,137.77.155.62
512,Holmes,Huddy,hhuddye7@google.co.uk,Male,218.113.140.68
513,Mattie,Inmett,minmette8@about.me,Male,184.161.104.142
514,Fidelity,Rickardes,frickardese9@macromedia.com,Female,144.231.182.112
515,Calvin,Laight,claightea@economist.com,Male,139.244.33.189
516,Bo,Boler,bbolereb@china.com.cn,Agender,220.189.50.242
517,Willamina,Broose,wbrooseec@yandex.ru,Female,142.141.59.8
518,Costa,Mordey,cmordeyed@artisteer.com,Male,134.82.58.22
519,Sophia,Clyburn,sclyburnee@theatlantic.com,Female,121.68.33.132
520,Augustine,Brobak,abrobakef@reference.com,Female,140.67.48.112
521,Kacey,Hendrix,khendrixeg@amazon.com,Female,198.21.216.108
522,Myrvyn,Ferrolli,mferrollieh@senate.gov,Male,150.218.131.97
523,Justina,Rickasse,jrickasseei@about.me,Polygender,165.214.21.19
524,Donetta,Blazejewski,dblazejewskiej@parallels.com,Female,79.156.11.38
525,Leola,Volleth,lvollethek@squidoo.com,Female,204.122.65.115
526,Roseanne,Bentick,rbentickel@stumbleupon.com,Female,185.27.20.230
527,Angela,Wittleton,awittletonem@gov.uk,Female,141.60.29.93
528,Mona,Loughren,mloughrenen@tinypic.com,Female,111.3.26.130
529,Ricky,Windus,rwinduseo@yale.edu,Female,198.252.5.255
530,Thalia,Carmichael,tcarmichaelep@example.com,Female,217.172.106.223
531,Amber,Askem,aaskemeq@google.es,Female,76.174.239.234
532,Blondy,Tomczykiewicz,btomczykiewiczer@arstechnica.com,Female,255.23.148.196
533,Denys,Petyakov,dpetyakoves@imageshack.us,Male,148.215.156.144
534,Else,Sharples,esharpleset@wired.com,Female,15.98.27.253
535,Mahmoud,Barensen,mbarenseneu@usgs.gov,Male,18.142.109.211
536,Bradly,Gierhard,bgierhardev@stumbleupon.com,Male,180.7.26.48
537,Norry,Keson,nkesonew@xing.com,Female,160.219.83.220
538,Bret,Brakespear,bbrakespearex@sbwire.com,Male,232.175.253.124
539,Tony,Bantham,tbanthamey@apple.com,Non-binary,204.37.157.217
540,Raimundo,Corington,rcoringtonez@delicious.com,Male,142.51.181.134
541,Ethe,Dawtrey,edawtreyf0@forbes.com,Male,40.167.190.73
542,Calla,Faughey,cfaugheyf1@amazon.co.uk,Female,235.57.74.42
543,Miner,Dreher,mdreherf2@disqus.com,Male,183.221.29.166
544,Doloritas,Hopkynson,dhopkynsonf3@msn.com,Female,146.21.126.79
545,Norris,Weber,nweberf4@google.com.au,Male,29.178.187.74
546,Immanuel,Crowther,icrowtherf5@surveymonkey.com,Genderqueer,50.147.121.20
547,Aurelea,Batkin,abatkinf6@phoca.cz,Female,165.239.29.46
548,Merwin,Charnley,mcharnleyf7@elegantthemes.com,Male,204.246.224.30
549,Lonee,MacLoughlin,lmacloughlinf8@shareasale.com,Agender,3.70.113.238
550,Judd,Greenrod,jgreenrodf9@privacy.gov.au,Male,144.87.94.15
551,Carlie,Renad,crenadfa@vinaora.com,Female,249.100.7.40
552,Aguie,Pioch,apiochfb@xinhuanet.com,Male,115.229.43.229
553,Mallory,enzley,menzleyfc@jiathis.com,Male,105.96.57.254
554,Flore,Rudkin,frudkinfd@elpais.com,Female,204.121.48.22
555,Shadow,Westoll,swestollfe@hugedomains.com,Male,136.232.167.220
556,Clementia,Geaves,cgeavesff@adobe.com,Female,149.94.208.95
557,Hort,Larrie,hlarriefg@barnesandnoble.com,Male,80.98.249.92
558,Lory,MacGinney,lmacginneyfh@arizona.edu,Female,195.193.198.124
559,Clari,Carriage,ccarriagefi@sciencedaily.com,Female,225.117.80.73
560,Milton,Gainfort,mgainfortfj@vk.com,Male,209.224.93.124
561,Kordula,Imeson,kimesonfk@angelfire.com,Female,166.160.74.115
562,Carla,Samudio,csamudiofl@exblog.jp,Female,183.147.235.99
563,Ciro,Garci,cgarcifm@independent.co.uk,Male,64.213.225.251
564,Kaja,Halward,khalwardfn@prweb.com,Female,123.56.186.200
565,Harv,Adelsberg,hadelsbergfo@yellowbook.com,Male,108.159.218.147
566,Candace,Hambrook,chambrookfp@youtu.be,Female,149.103.98.25
567,Winston,Duggen,wduggenfq@independent.co.uk,Male,72.122.159.157
568,Ariella,Van Bruggen,avanbruggenfr@myspace.com,Female,102.65.15.11
569,Kizzie,Goodnow,kgoodnowfs@va.gov,Female,64.39.107.220
570,Giorgi,Ramshay,gramshayft@army.mil,Male,129.86.23.7
571,Patrica,Fenix,pfenixfu@lycos.com,Genderqueer,236.239.133.158
572,Wenona,Caughte,wcaughtefv@tiny.cc,Female,38.50.28.135
573,Thom,Reucastle,treucastlefw@eepurl.com,Male,59.150.148.197
574,Sibyl,Rathke,srathkefx@cdc.gov,Female,47.77.218.208
575,Heindrick,Tourry,htourryfy@ifeng.com,Male,116.10.156.26
576,Norbert,Nears,nnearsfz@symantec.com,Male,3.212.190.93
577,Daryle,Dorrell,ddorrellg0@livejournal.com,Male,17.165.71.196
578,Aleta,Seemmonds,aseemmondsg1@github.io,Female,17.172.227.124
579,Luther,Arunowicz,larunowiczg2@chicagotribune.com,Male,56.38.107.29
580,Carlynn,Jerratsch,cjerratschg3@redcross.org,Non-binary,226.197.213.200
581,Valentina,Morbey,vmorbeyg4@prlog.org,Female,200.117.49.73
582,Angelle,Killby,akillbyg5@amazon.com,Female,124.111.119.20
583,Mae,Buck,mbuckg6@cam.ac.uk,Female,236.15.145.252
584,Raynell,Gethyn,rgethyng7@homestead.com,Female,161.184.153.31
585,Gayelord,Bettaney,gbettaneyg8@trellian.com,Male,159.2.226.188
586,Naoma,Scholtz,nscholtzg9@sciencedirect.com,Female,127.250.69.83
587,Ashlin,Eggerton,aeggertonga@live.com,Male,7.191.201.92
588,Anissa,Melesk,ameleskgb@home.pl,Female,46.69.104.79
589,Lorin,Young,lyounggc@mozilla.org,Male,207.177.173.72
590,Francesco,Illesley,fillesleygd@netlog.com,Male,90.22.131.236
591,Meara,Revance,mrevancege@csmonitor.com,Genderfluid,124.214.89.131
592,Seamus,Jery,sjerygf@gravatar.com,Male,161.37.57.102
593,Sharona,Dowall,sdowallgg@topsy.com,Female,97.216.244.252
594,Lennie,Goldby,lgoldbygh@sohu.com,Male,133.91.175.131
595,Drusie,Soutar,dsoutargi@about.com,Female,3.208.32.114
596,Carolee,Emmert,cemmertgj@themeforest.net,Female,148.0.92.226
597,Byrom,Whitmell,bwhitmellgk@aboutads.info,Male,114.174.147.37
598,Cammie,Nealy,cnealygl@gravatar.com,Female,208.5.223.248
599,Northrop,Cess,ncessgm@mapquest.com,Male,122.74.68.197
600,Diarmid,Farden,dfardengn@odnoklassniki.ru,Male,237.72.148.169
601,Casey,Doveston,cdovestongo@hostgator.com,Male,112.4.84.64
602,Hershel,Howle,hhowlegp@washington.edu,Male,71.51.229.156
603,Asa,Bennallck,abennallckgq@prweb.com,Male,139.251.115.26
604,Pat,Helbeck,phelbeckgr@amazon.co.uk,Female,19.4.217.62
605,Gipsy,Niezen,gniezengs@purevolume.com,Genderfluid,131.23.248.185
606,Min,Sutton,msuttongt@yellowbook.com,Female,97.229.191.4
607,Zuzana,Vango,zvangogu@ft.com,Female,81.21.44.197
608,Adan,O'Suaird,aosuairdgv@artisteer.com,Male,173.53.218.161
609,Emlyn,Quittonden,equittondengw@mlb.com,Female,19.21.143.209
610,Roderic,Truelove,rtruelovegx@jigsy.com,Male,210.11.196.192
611,Napoleon,Vennart,nvennartgy@wikipedia.org,Male,136.71.126.172
612,Zarah,Swanger,zswangergz@cocolog-nifty.com,Female,122.217.144.14
613,Odele,Stayte,ostayteh0@freewebs.com,Female,195.231.134.212
614,Lavina,Helder,lhelderh1@livejournal.com,Female,139.10.178.160
615,Karina,Howick,khowickh2@techcrunch.com,Female,179.135.146.198
616,Ethe,Belcher,ebelcherh3@fastcompany.com,Male,8.129.16.120
617,Georgeanne,Dinneges,gdinnegesh4@joomla.org,Female,233.85.71.247
618,Robbert,Pieterick,rpieterickh5@homestead.com,Male,183.129.251.238
619,Isabel,Warstall,iwarstallh6@photobucket.com,Female,77.19.137.132
620,Thorsten,Wilman,twilmanh7@ucoz.com,Non-binary,125.222.143.89
621,Lottie,Forrestall,lforrestallh8@elegantthemes.com,Female,239.216.5.175
622,Billy,Humberstone,bhumberstoneh9@google.com.hk,Female,50.71.2.146
623,Catherina,Nickerson,cnickersonha@friendfeed.com,Female,36.28.132.242
624,Terrence,Jent,tjenthb@upenn.edu,Male,199.127.27.247
625,Dannel,Wickendon,dwickendonhc@newyorker.com,Male,195.65.81.182
626,Giovanni,Desantis,gdesantishd@linkedin.com,Male,165.69.60.38
627,Gunar,Zanni,gzannihe@house.gov,Male,102.6.166.194
628,Edsel,Pudsey,epudseyhf@joomla.org,Male,175.208.242.18
629,Tabbatha,Redsull,tredsullhg@discuz.net,Female,199.16.112.8
630,Bowie,Faustin,bfaustinhh@pagesperso-orange.fr,Male,198.182.226.108
631,Kenn,Vasilyonok,kvasilyonokhi@bluehost.com,Male,203.62.237.249
632,Trace,Fearnyhough,tfearnyhoughhj@lycos.com,Male,147.253.129.91
633,Frazier,Alenichicov,falenichicovhk@tumblr.com,Male,106.72.9.193
634,Titus,Corns,tcornshl@paginegialle.it,Male,29.125.182.2
635,Rhody,Ginglell,rginglellhm@bigcartel.com,Female,29.161.206.181
636,Candra,Stainsby,cstainsbyhn@oaic.gov.au,Female,241.108.34.220
637,Rosabella,Danilin,rdanilinho@twitpic.com,Female,112.231.73.5
638,Tildy,Race,tracehp@unesco.org,Female,8.150.206.17
639,Mace,Radleigh,mradleighhq@newsvine.com,Agender,120.87.218.123
640,Kakalina,Gunby,kgunbyhr@newsvine.com,Female,55.152.84.193
641,Gilda,Levine,glevinehs@360.cn,Female,249.9.232.222
642,Skippy,Gilhool,sgilhoolht@marriott.com,Male,198.94.226.124
643,Elliot,Klemensiewicz,eklemensiewiczhu@digg.com,Male,153.234.208.170
644,Helsa,Castel,hcastelhv@google.ru,Female,233.253.41.52
645,Chev,Geratasch,cgerataschhw@tripod.com,Male,14.233.230.90
646,Miner,Wetheril,mwetherilhx@github.com,Male,238.32.139.222
647,Marrissa,Wetherill,mwetherillhy@rakuten.co.jp,Female,19.218.195.61
648,Hermina,Stannah,hstannahhz@mayoclinic.com,Female,149.160.27.85
649,Fletch,Yule,fyulei0@ameblo.jp,Male,76.166.101.194
650,Charla,MacNockater,cmacnockateri1@sina.com.cn,Female,156.82.157.189
651,Sharona,Bouskill,sbouskilli2@yale.edu,Female,140.170.227.133
652,Glynda,Flament,gflamenti3@japanpost.jp,Bigender,232.148.181.251
653,Katrinka,Baysting,kbaystingi4@behance.net,Female,252.250.119.197
654,Val,Harring,vharringi5@weibo.com,Female,170.128.31.209
655,Levey,Fritzer,lfritzeri6@storify.com,Male,14.124.245.217
656,Yalonda,Wasiel,ywasieli7@flickr.com,Female,168.234.254.244
657,Phylis,Kainz,pkainzi8@godaddy.com,Female,19.100.163.239
658,Cassi,McQuie,cmcquiei9@edublogs.org,Female,201.156.103.94
659,Katina,Domel,kdomelia@pcworld.com,Female,150.143.241.167
660,Stillman,Winchurch,swinchurchib@about.com,Male,108.240.255.170
661,Lynne,Adam,ladamic@dailymotion.com,Female,87.136.114.209
662,Paddie,Hundy,phundyid@reddit.com,Male,3.213.63.254
663,Elvina,Lake,elakeie@hao123.com,Polygender,178.70.247.181
664,Alain,Vivian,avivianif@thetimes.co.uk,Male,195.118.141.117
665,Alejandra,Lambdon,alambdonig@technorati.com,Female,225.131.119.67
666,Dionysus,Sporgeon,dsporgeonih@a8.net,Male,166.25.145.200
667,Karl,Bagshawe,kbagshaweii@admin.ch,Male,91.81.176.63
668,Bertie,Oxborrow,boxborrowij@walmart.com,Male,144.43.94.13
669,Locke,Petegre,lpetegreik@noaa.gov,Male,173.95.14.72
670,Jarvis,Sussans,jsussansil@gizmodo.com,Bigender,213.96.233.239
671,Cristen,Faiers,cfaiersim@deliciousdays.com,Female,91.146.56.255
672,Karol,Daysh,kdayshin@miitbeian.gov.cn,Female,201.137.237.75
673,Anatola,Balf,abalfio@phoca.cz,Female,105.154.53.128
674,Phillida,Levermore,plevermoreip@about.me,Female,27.115.88.114
675,Conrado,Jelleman,cjellemaniq@moonfruit.com,Male,121.15.128.232
676,Cyrille,Warbey,cwarbeyir@china.com.cn,Male,181.168.8.39
677,Stavro,Nelles,snellesis@printfriendly.com,Male,240.43.102.112
678,Britteny,Bemlott,bbemlottit@tinypic.com,Female,251.208.22.44
679,Sibby,Le Brom,slebromiu@elpais.com,Female,47.152.190.41
680,Pauly,Episcopi,pepiscopiiv@google.com.au,Male,79.96.191.226
681,Felic,Hovel,fhoveliw@forbes.com,Male,109.10.53.220
682,Yetta,Disbrow,ydisbrowix@army.mil,Female,232.0.156.69
683,Craig,Battison,cbattisoniy@smh.com.au,Male,146.203.7.67
684,Al,Fendlow,afendlowiz@accuweather.com,Male,83.34.163.53
685,Darrell,Windrass,dwindrassj0@barnesandnoble.com,Male,226.134.175.55
686,Phaedra,Rolph,prolphj1@addtoany.com,Female,85.118.187.250
687,Zahara,Hyman,zhymanj2@dedecms.com,Polygender,156.72.215.204
688,Annis,Newis,anewisj3@nps.gov,Female,19.233.132.248
689,Audy,Springer,aspringerj4@cloudflare.com,Female,85.117.40.211
690,Sarajane,Robic,srobicj5@usnews.com,Polygender,183.63.93.157
691,Brok,Gun,bgunj6@wunderground.com,Male,2.109.223.187
692,Kacy,Tailour,ktailourj7@desdev.cn,Female,72.141.179.87
693,Cosme,Brandom,cbrandomj8@theglobeandmail.com,Male,242.72.144.40
694,Karmen,Sherlaw,ksherlawj9@si.edu,Female,246.56.223.235
695,Brenda,Geely,bgeelyja@technorati.com,Female,35.5.82.206
696,Batholomew,Folbige,bfolbigejb@usda.gov,Male,65.11.179.77
697,Avivah,Scoullar,ascoullarjc@blogger.com,Female,3.106.205.52
698,Tabby,Bennitt,tbennittjd@mapquest.com,Female,101.198.99.27
699,Juliana,Blouet,jblouetje@guardian.co.uk,Female,69.132.119.176
700,Lionello,Saffer,lsafferjf@nba.com,Male,92.107.187.27
701,Elfrieda,Gallihaulk,egallihaulkjg@eventbrite.com,Female,77.237.227.243
702,Vinny,Skittrell,vskittrelljh@cyberchimps.com,Female,173.231.61.209
703,Elset,Debenham,edebenhamji@merriam-webster.com,Female,87.148.120.96
704,Arnie,Goodswen,agoodswenjj@fotki.com,Male,223.254.122.116
705,Charissa,Cabral,ccabraljk@youku.com,Female,90.97.120.79
706,Isa,Salmon,isalmonjl@mashable.com,Genderfluid,166.35.79.248
707,Aindrea,De Mattia,ademattiajm@ustream.tv,Female,254.185.155.41
708,Daryl,Cranson,dcransonjn@homestead.com,Female,57.116.226.134
709,Pietrek,Ridulfo,pridulfojo@whitehouse.gov,Male,79.252.251.161
710,Arlina,McClinton,amcclintonjp@miibeian.gov.cn,Female,28.85.24.208
711,Troy,Le Noury,tlenouryjq@ucsd.edu,Male,170.75.168.5
712,Bert,Kubista,bkubistajr@dyndns.org,Female,93.230.79.232
713,Lisette,Fortoun,lfortounjs@gov.uk,Female,66.227.120.231
714,Sherwood,Gaynesford,sgaynesfordjt@bloglovin.com,Male,185.218.37.139
715,Fara,Linger,flingerju@bloglines.com,Female,121.42.243.128
716,Leisha,Collyer,lcollyerjv@phoca.cz,Female,165.99.110.185
717,Cam,Harron,charronjw@oracle.com,Female,102.245.191.76
718,Lucio,Krysztowczyk,lkrysztowczykjx@hud.gov,Male,205.201.99.22
719,Alfreda,Grogona,agrogonajy@usgs.gov,Female,166.11.36.75
720,Gillie,Westmore,gwestmorejz@51.la,Female,93.13.14.9
721,Tann,Alman,talmank0@wix.com,Male,81.50.9.208
722,Ase,Durnill,adurnillk1@google.co.uk,Non-binary,245.128.203.145
723,Patsy,Braitling,pbraitlingk2@bluehost.com,Male,200.55.205.208
724,Margi,Minchella,mminchellak3@printfriendly.com,Female,47.22.187.173
725,Horten,Deegan,hdeegank4@google.de,Male,2.191.97.65
726,Hanan,Hedan,hhedank5@lulu.com,Male,199.177.118.161
727,Terrence,Rammell,trammellk6@mapy.cz,Male,172.58.139.72
728,Alexandrina,Aleksashin,aaleksashink7@gov.uk,Female,108.181.135.23
729,Cyrille,Hedney,chedneyk8@census.gov,Male,88.244.124.250
730,Gilbertine,Ryott,gryottk9@arizona.edu,Agender,18.66.113.19
731,Kordula,Everard,keverardka@vinaora.com,Female,119.29.66.156
732,Marge,Sallenger,msallengerkb@t-online.de,Female,103.96.25.77
733,Grove,Demeza,gdemezakc@eventbrite.com,Male,0.180.168.38
734,Giulietta,Evill,gevillkd@instagram.com,Female,114.161.130.22
735,Lebbie,Keld,lkeldke@vinaora.com,Female,140.223.240.204
736,Lonny,Bennell,lbennellkf@bluehost.com,Male,143.240.88.203
737,Veronica,Sorrie,vsorriekg@scientificamerican.com,Female,69.62.112.214
738,Devonne,Bride,dbridekh@histats.com,Female,72.206.97.153
739,Stanislaus,Bricket,sbricketki@stanford.edu,Male,74.141.173.53
740,Evanne,Angood,eangoodkj@slashdot.org,Female,93.192.215.108
741,Maxie,Blamires,mblamireskk@admin.ch,Agender,5.117.5.66
742,Nina,Trice,ntricekl@flavors.me,Female,102.104.1.79
743,Teodorico,Bourgaize,tbourgaizekm@mit.edu,Male,142.253.211.5
744,Gannon,Sterrie,gsterriekn@huffingtonpost.com,Male,179.200.12.176
745,Pepillo,Northley,pnorthleyko@newyorker.com,Male,177.227.222.107
746,Daisey,Digwood,ddigwoodkp@virginia.edu,Agender,174.231.177.81
747,Jerrold,O'Cahsedy,jocahsedykq@qq.com,Genderqueer,222.136.48.106
748,Alasteir,Birden,abirdenkr@drupal.org,Male,222.182.197.188
749,Jarred,Patriche,jpatricheks@51.la,Polygender,93.53.163.246
750,Antonella,Bonsall,abonsallkt@discovery.com,Genderfluid,172.150.100.36
751,Dani,Eyree,deyreeku@google.com.hk,Female,109.25.201.40
752,Tanitansy,Born,tbornkv@weebly.com,Female,115.14.75.196
753,Lawry,Starkie,lstarkiekw@meetup.com,Polygender,25.153.28.61
754,Dody,Fullstone,dfullstonekx@rediff.com,Female,52.232.77.106
755,Avram,Gillopp,agilloppky@dagondesign.com,Male,196.20.84.17
756,Oran,O'Henecan,oohenecankz@engadget.com,Male,37.182.138.242
757,Luz,Valero,lvalerol0@cargocollective.com,Female,3.49.223.38
758,Karly,Greenough,kgreenoughl1@about.com,Female,57.241.215.242
759,Melonie,Sheed,msheedl2@google.co.uk,Genderqueer,184.126.45.237
760,Palmer,Grainger,pgraingerl3@hp.com,Male,6.178.99.190
761,Merell,Binney,mbinneyl4@google.com.au,Male,126.222.101.18
762,Susie,Wagg,swaggl5@apache.org,Agender,206.18.44.164
763,Vonni,Eddy,veddyl6@cpanel.net,Female,64.24.178.228
764,Latashia,McCaskell,lmccaskelll7@soundcloud.com,Female,5.130.175.16
765,Karel,Leuren,kleurenl8@fastcompany.com,Polygender,148.86.183.133
766,Pansy,Bodycote,pbodycotel9@ucsd.edu,Agender,141.96.181.11
767,Elisabet,Bradburne,ebradburnela@phpbb.com,Female,158.197.239.77
768,Rochella,Gooderson,rgoodersonlb@eepurl.com,Female,230.103.42.32
769,Yorke,McGooch,ymcgoochlc@hao123.com,Male,244.2.242.196
770,Helga,Berthome,hberthomeld@slashdot.org,Female,106.142.108.81
771,Nicolina,Deeks,ndeeksle@bloomberg.com,Female,253.129.193.119
772,Henderson,Osgerby,hosgerbylf@vk.com,Male,99.53.114.166
773,Alaine,Petracchi,apetracchilg@nymag.com,Female,29.243.130.49
774,Frankie,Featherstonhaugh,ffeatherstonhaughlh@usatoday.com,Male,220.100.187.95
775,Veda,Endacott,vendacottli@youku.com,Female,107.18.113.239
776,Ernesta,De Vuyst,edevuystlj@wiley.com,Female,111.227.33.210
777,Courtnay,Owen,cowenlk@bravesites.com,Polygender,82.44.40.132
778,Alec,Sarton,asartonll@angelfire.com,Male,6.210.131.70
779,Zerk,Mighele,zmighelelm@dion.ne.jp,Male,199.191.107.81
780,Helena,Becke,hbeckeln@stumbleupon.com,Female,13.104.107.115
781,Rhea,MacFadden,rmacfaddenlo@jimdo.com,Female,230.1.200.231
782,Arleyne,Petersen,apetersenlp@reuters.com,Female,109.247.226.81
783,Betta,Siddeley,bsiddeleylq@unblog.fr,Female,47.252.202.118
784,Mariam,Easterling,measterlinglr@google.nl,Agender,174.220.125.75
785,Marlyn,Mayell,mmayellls@guardian.co.uk,Female,120.115.38.133
786,Keen,Kalinsky,kkalinskylt@ebay.co.uk,Male,118.14.63.28
787,Ginger,Firmager,gfirmagerlu@uiuc.edu,Male,46.89.137.121
788,Micki,Peet,mpeetlv@mail.ru,Non-binary,127.173.134.139
789,Natale,Swigg,nswigglw@hostgator.com,Male,44.132.151.52
790,Mary,Gooddie,mgooddielx@istockphoto.com,Genderfluid,130.181.155.146
791,Hailee,Velasquez,hvelasquezly@dyndns.org,Female,190.194.160.205
792,Cass,Matusovsky,cmatusovskylz@baidu.com,Male,187.61.133.42
793,Elsworth,Friday,efridaym0@sitemeter.com,Polygender,58.217.252.2
794,Lenard,Migheli,lmighelim1@nyu.edu,Male,253.216.237.79
795,Marco,Wattins,mwattinsm2@flickr.com,Male,254.103.56.155
796,Charles,Bernhardt,cbernhardtm3@intel.com,Male,25.14.15.186
797,Billie,Gilby,bgilbym4@huffingtonpost.com,Male,38.107.105.48
798,Lorena,Philipart,lphilipartm5@army.mil,Female,192.2.155.208
799,Bondy,Ogley,bogleym6@indiatimes.com,Male,215.240.211.4
800,Harrietta,Galley,hgalleym7@washingtonpost.com,Female,188.96.131.22
801,Luca,Tremathack,ltremathackm8@bing.com,Male,241.95.92.123
802,Jorge,Strafford,jstraffordm9@ovh.net,Bigender,170.87.182.68
803,Leora,Pendreigh,lpendreighma@nytimes.com,Female,47.98.253.95
804,Peter,Menear,pmenearmb@berkeley.edu,Genderfluid,31.132.215.159
805,Pepe,Lidstone,plidstonemc@techcrunch.com,Male,173.43.13.191
806,Bern,Knok,bknokmd@dmoz.org,Male,160.95.70.217
807,Port,Benettolo,pbenettolome@wunderground.com,Male,28.225.137.132
808,Martguerita,Malsher,mmalshermf@netscape.com,Female,65.226.219.65
809,Mic,Donoher,mdonohermg@simplemachines.org,Male,144.199.98.138
810,Seth,Mantrip,smantripmh@webnode.com,Male,150.192.64.21
811,Peggi,Sappell,psappellmi@sohu.com,Female,156.188.193.61
812,Vilma,Dehn,vdehnmj@imgur.com,Female,162.229.9.136
813,Alejoa,Gundrey,agundreymk@issuu.com,Male,6.84.207.149
814,Charlena,Syrad,csyradml@house.gov,Female,226.82.191.161
815,Isabelle,Worsnop,iworsnopmm@taobao.com,Female,103.6.87.0
816,Appolonia,Carlens,acarlensmn@storify.com,Female,238.246.35.12
817,Augie,Scadden,ascaddenmo@miibeian.gov.cn,Male,179.66.201.141
818,Cynthea,Kennicott,ckennicottmp@umn.edu,Female,225.5.92.49
819,Keefer,Erratt,kerrattmq@vk.com,Male,241.225.119.129
820,Jojo,Goford,jgofordmr@wix.com,Female,101.168.30.98
821,Raye,Grishukhin,rgrishukhinms@opera.com,Non-binary,28.228.189.144
822,Artair,Freschini,afreschinimt@google.it,Male,222.34.190.30
823,Andreana,Wragge,awraggemu@psu.edu,Female,215.110.14.88
824,Alecia,McKeveney,amckeveneymv@zdnet.com,Agender,37.85.218.138
825,Jarred,Brennan,jbrennanmw@1und1.de,Male,145.129.72.84
826,Julius,Alennikov,jalennikovmx@addthis.com,Male,170.84.202.164
827,Walt,Simmonett,wsimmonettmy@devhub.com,Male,148.29.170.133
828,Aldric,Coslitt,acoslittmz@google.fr,Male,182.101.206.148
829,Belia,Deporte,bdeporten0@senate.gov,Female,246.227.169.157
830,Almire,Borkin,aborkinn1@angelfire.com,Female,92.10.10.16
831,Gae,Danilov,gdanilovn2@engadget.com,Female,173.188.148.249
832,Brocky,Galvin,bgalvinn3@washingtonpost.com,Male,100.29.172.149
833,Sutherlan,Taw,stawn4@de.vu,Male,27.42.173.150
834,Julio,Lambertazzi,jlambertazzin5@unicef.org,Male,242.22.250.146
835,Ophelie,Ancell,oancelln6@google.nl,Female,73.44.228.73
836,Augustus,Widdicombe,awiddicomben7@hud.gov,Male,161.226.216.157
837,Pavla,Connerry,pconnerryn8@shop-pro.jp,Female,149.214.184.84
838,Moyna,Dinnis,mdinnisn9@ameblo.jp,Female,122.31.217.185
839,Nat,Guirard,nguirardna@ebay.com,Agender,119.144.239.167
840,Patsy,Lease,pleasenb@telegraph.co.uk,Male,187.26.220.22
841,Burr,Patriche,bpatrichenc@sciencedirect.com,Male,94.55.204.239
842,Hyacinthia,Oakhill,hoakhillnd@bigcartel.com,Non-binary,11.119.177.9
843,Clarie,Lief,cliefne@wunderground.com,Female,100.104.250.150
844,Bartholemy,Harse,bharsenf@geocities.com,Male,63.163.151.87
845,Quincey,Lescop,qlescopng@is.gd,Male,53.65.188.136
846,Eartha,Bretland,ebretlandnh@wordpress.com,Female,50.111.190.12
847,Garrot,Leedes,gleedesni@ustream.tv,Male,112.69.254.213
848,Thomasa,Heistermann,theistermannnj@state.tx.us,Female,188.154.254.249
849,Cecil,Mangenot,cmangenotnk@mac.com,Non-binary,90.87.249.191
850,Tildi,Benoy,tbenoynl@netlog.com,Female,189.174.6.189
851,Sansone,Ludlem,sludlemnm@acquirethisname.com,Non-binary,231.43.172.143
852,Leese,Rosendall,lrosendallnn@phpbb.com,Female,201.163.197.176
853,Lezlie,Pellett,lpellettno@woothemes.com,Female,63.221.227.139
854,Terra,Belt,tbeltnp@smugmug.com,Female,13.248.131.67
855,Brockie,Banstead,bbansteadnq@alibaba.com,Male,68.149.84.0
856,Becka,Mum,bmumnr@indiatimes.com,Female,71.190.109.40
857,Melissa,Hanington,mhaningtonns@dailymail.co.uk,Female,93.174.24.87
858,Israel,Hollingdale,ihollingdalent@t-online.de,Bigender,20.33.151.80
859,Koren,Ayrton,kayrtonnu@oaic.gov.au,Female,242.62.2.179
860,Packston,Bram,pbramnv@examiner.com,Male,127.246.211.21
861,Maurise,Etteridge,metteridgenw@cnn.com,Male,78.243.221.108
862,Faina,McLanaghan,fmclanaghannx@imgur.com,Female,144.16.173.40
863,Donn,Lewens,dlewensny@uiuc.edu,Male,203.48.131.30
864,Tan,Brampton,tbramptonnz@blogspot.com,Male,204.74.243.127
865,Huntlee,Spuner,hspunero0@google.it,Male,241.44.122.179
866,Clarey,Pyecroft,cpyecrofto1@tuttocitta.it,Female,40.185.110.34
867,Kylila,Burgan,kburgano2@nps.gov,Female,177.171.203.242
868,Adrien,Leftbridge,aleftbridgeo3@theguardian.com,Male,186.182.101.78
869,Rona,Peet,rpeeto4@xing.com,Female,97.164.185.196
870,Michel,Caudray,mcaudrayo5@taobao.com,Female,13.102.199.20
871,Micheline,Dallaway,mdallawayo6@tumblr.com,Female,207.93.15.128
872,Dodi,Wilby,dwilbyo7@cmu.edu,Agender,236.25.106.102
873,Olvan,Rutt,orutto8@wikia.com,Male,31.251.87.98
874,Ode,Dutton,oduttono9@businessinsider.com,Male,21.58.87.51
875,Natasha,Burtwhistle,nburtwhistleoa@ehow.com,Polygender,47.250.6.194
876,Dale,Vowels,dvowelsob@theglobeandmail.com,Female,233.81.179.195
877,Rad,Vicarey,rvicareyoc@gravatar.com,Male,85.135.253.36
878,Aube,Doncom,adoncomod@scribd.com,Male,244.105.133.210
879,Brook,Joslyn,bjoslynoe@cbslocal.com,Female,45.78.32.232
880,Mortie,Lahy,mlahyof@livejournal.com,Male,94.211.137.42
881,Nevin,Nanson,nnansonog@123-reg.co.uk,Male,255.64.129.213
882,Bel,Argontt,bargonttoh@auda.org.au,Female,112.188.168.130
883,Sidonnie,Lynnett,slynnettoi@rediff.com,Female,212.254.255.159
884,Loreen,Burtwell,lburtwelloj@webeden.co.uk,Female,93.127.7.106
885,Pete,Rubra,prubraok@trellian.com,Genderfluid,212.246.232.37
886,Lelia,Jossel,ljosselol@is.gd,Polygender,114.200.168.47
887,Waylon,Sedcole,wsedcoleom@issuu.com,Male,160.15.62.12
888,Louie,Shere,lshereon@infoseek.co.jp,Male,157.172.119.42
889,Felita,Mosley,fmosleyoo@spotify.com,Female,34.200.184.231
890,Nevile,Morman,nmormanop@miitbeian.gov.cn,Male,225.115.175.183
891,Kerby,Braffington,kbraffingtonoq@slashdot.org,Polygender,123.249.54.9
892,Tristam,Selburn,tselburnor@fda.gov,Male,238.216.110.15
893,Far,Ludl,fludlos@sogou.com,Male,27.15.98.216
894,Bobbe,Files,bfilesot@shop-pro.jp,Female,56.181.145.72
895,Brear,Gittens,bgittensou@nymag.com,Female,58.67.188.137
896,Melesa,Gimblett,mgimblettov@sohu.com,Female,143.67.11.136
897,Josee,Tonry,jtonryow@illinois.edu,Female,155.192.175.87
898,Valentina,Jonczyk,vjonczykox@rediff.com,Female,205.6.54.217
899,Terence,Volette,tvoletteoy@loc.gov,Male,109.220.221.161
900,Floria,Batchelour,fbatchelouroz@elpais.com,Female,15.16.55.173
901,Bald,Odgaard,bodgaardp0@1und1.de,Male,149.45.218.39
902,Con,Monier,cmonierp1@meetup.com,Male,34.27.162.12
903,Edgardo,Ericssen,eericssenp2@networksolutions.com,Agender,17.193.50.104
904,Kai,Coen,kcoenp3@newyorker.com,Female,142.221.162.151
905,Chere,Brosius,cbrosiusp4@discuz.net,Female,12.191.121.43
906,Filberte,Beardsell,fbeardsellp5@github.io,Genderqueer,64.112.104.171
907,Earle,Wildey,ewildeyp6@webs.com,Male,156.28.25.59
908,Valry,Fredi,vfredip7@nytimes.com,Female,75.164.190.15
909,Ivette,Grieveson,igrievesonp8@pcworld.com,Female,194.222.68.148
910,Leonelle,Werrilow,lwerrilowp9@whitehouse.gov,Female,160.0.172.113
911,Sherm,Tytherton,stythertonpa@goo.gl,Male,200.206.254.87
912,Idaline,Sutter,isutterpb@t-online.de,Female,96.254.129.99
913,Rossy,Rablen,rrablenpc@hhs.gov,Male,36.159.144.61
914,Suzie,Kempster,skempsterpd@flickr.com,Female,233.189.157.4
915,Lavinie,Swadlen,lswadlenpe@livejournal.com,Female,180.190.115.44
916,Janifer,Christopher,jchristopherpf@feedburner.com,Female,95.255.206.101
917,Franky,Hendonson,fhendonsonpg@arstechnica.com,Male,40.152.67.57
918,Drona,Colcomb,dcolcombph@irs.gov,Female,85.46.177.252
919,Godiva,Pattingson,gpattingsonpi@nih.gov,Female,161.146.208.21
920,Dicky,Keightley,dkeightleypj@soup.io,Male,54.70.254.249
921,Anthiathia,Crittal,acrittalpk@hostgator.com,Female,170.71.223.3
922,Chrotoem,Klyn,cklynpl@economist.com,Male,113.172.86.237
923,Doti,Bolzen,dbolzenpm@hhs.gov,Female,167.121.110.130
924,Care,Chataignier,cchataignierpn@spiegel.de,Male,108.244.223.66
925,Clarita,Shelford,cshelfordpo@hubpages.com,Female,152.75.206.182
926,Dasya,Howse,dhowsepp@microsoft.com,Female,77.6.231.223
927,Otto,Verlander,overlanderpq@uiuc.edu,Male,20.6.100.244
928,Adriaens,Pitcaithly,apitcaithlypr@tripadvisor.com,Female,218.57.114.164
929,Jessee,Burwin,jburwinps@dot.gov,Male,85.194.5.180
930,Ninnette,Streeton,nstreetonpt@indiegogo.com,Female,115.70.239.39
931,Jase,Bruckstein,jbrucksteinpu@umich.edu,Male,41.37.212.13
932,Xenos,Flucker,xfluckerpv@cnbc.com,Male,176.47.190.248
933,Nannie,Philipeaux,nphilipeauxpw@cdbaby.com,Female,6.100.18.137
934,Merrielle,Jolland,mjollandpx@marriott.com,Genderqueer,5.36.214.15
935,Carolee,Lezemore,clezemorepy@earthlink.net,Female,52.169.226.41
936,Abel,Ketchen,aketchenpz@google.ca,Male,103.83.184.61
937,Bobbie,Miller,bmillerq0@java.com,Female,142.34.57.71
938,Viola,Kaplin,vkaplinq1@scientificamerican.com,Female,239.209.208.90
939,Llywellyn,Bygrave,lbygraveq2@wikipedia.org,Male,187.18.105.32
940,Dennie,Oughtright,doughtrightq3@mit.edu,Male,65.206.61.75
941,Byron,MacCumiskey,bmaccumiskeyq4@privacy.gov.au,Male,181.28.97.127
942,Adiana,Scougal,ascougalq5@de.vu,Female,142.121.29.60
943,Oates,Dubbin,odubbinq6@spiegel.de,Male,145.216.221.78
944,Maryrose,Hollingshead,mhollingsheadq7@irs.gov,Polygender,16.87.1.98
945,Joyan,Earengey,jearengeyq8@flavors.me,Female,31.146.223.27
946,Adelind,Witherup,awitherupq9@quantcast.com,Female,143.216.97.90
947,Percy,Dunridge,pdunridgeqa@phoca.cz,Male,50.236.79.182
948,Ferguson,Cabral,fcabralqb@163.com,Male,135.180.129.73
949,Vidovik,Baulch,vbaulchqc@t-online.de,Male,174.122.0.104
950,Janene,Anderl,janderlqd@delicious.com,Female,197.53.10.225
951,Elliot,Chattell,echattellqe@storify.com,Male,112.74.6.105
952,Jens,McCroft,jmccroftqf@china.com.cn,Male,6.227.108.209
953,Lewie,Ambridge,lambridgeqg@fda.gov,Male,222.45.212.125
954,Bonnee,Heineke,bheinekeqh@boston.com,Female,64.41.66.228
955,Anjela,Yannikov,ayannikovqi@list-manage.com,Female,180.81.152.83
956,Marsha,Rouzet,mrouzetqj@hibu.com,Female,54.144.227.228
957,Aubine,Caroll,acarollqk@hud.gov,Female,140.166.113.200
958,Bartolemo,Tims,btimsql@netlog.com,Male,200.30.170.166
959,Melina,Derkes,mderkesqm@soundcloud.com,Female,19.224.14.244
960,Flemming,Rashleigh,frashleighqn@com.com,Male,26.5.15.72
961,Lauryn,Bentall,lbentallqo@ted.com,Female,109.30.241.177
962,Nonie,Harrild,nharrildqp@cbsnews.com,Non-binary,214.177.139.172
963,Jennica,Temby,jtembyqq@spotify.com,Female,9.55.74.238
964,Noelani,Duly,ndulyqr@sphinn.com,Female,107.68.192.41
965,Selestina,Stribbling,sstribblingqs@amazonaws.com,Female,230.166.55.129
966,Coop,MacCaull,cmaccaullqt@i2i.jp,Male,155.226.242.237
967,Barty,Piche,bpichequ@tmall.com,Male,178.67.186.72
968,Carine,Farrans,cfarransqv@clickbank.net,Female,61.148.52.32
969,Davidson,Cawcutt,dcawcuttqw@behance.net,Male,112.64.43.231
970,Mariele,Rennard,mrennardqx@google.it,Female,49.123.137.204
971,Koo,MacClancey,kmacclanceyqy@mail.ru,Female,202.79.49.218
972,Otha,Fenne,ofenneqz@is.gd,Genderqueer,67.108.51.8
973,Ailyn,Wither,awitherr0@feedburner.com,Female,198.197.110.236
974,Aila,Howcroft,ahowcroftr1@360.cn,Female,62.171.35.99
975,Tommy,McCaghan,tmccaghanr2@va.gov,Female,100.119.172.236
976,Jenine,Glencorse,jglencorser3@foxnews.com,Female,27.26.107.181
977,Mikol,Briggdale,mbriggdaler4@ovh.net,Male,209.201.229.234
978,Tarra,MacKimmie,tmackimmier5@google.co.uk,Female,199.38.160.76
979,Darb,Grishunin,dgrishuninr6@nature.com,Male,253.221.250.116
980,Clemmie,Reimers,creimersr7@plala.or.jp,Male,103.92.237.113
981,Ali,Beauman,abeaumanr8@merriam-webster.com,Male,45.16.18.163
982,Austina,Gammett,agammettr9@studiopress.com,Female,115.71.69.221
983,Yule,Youster,yyousterra@utexas.edu,Male,168.234.93.3
984,Genevra,Ellick,gellickrb@clickbank.net,Polygender,142.255.108.88
985,Steffen,Garmans,sgarmansrc@bbc.co.uk,Polygender,250.135.136.208
986,Sayers,Senecaut,ssenecautrd@feedburner.com,Male,148.119.140.34
987,Lonnard,Fouldes,lfouldesre@foxnews.com,Male,255.46.78.231
988,Aeriell,Winchcum,awinchcumrf@hostgator.com,Female,123.233.81.240
989,Hewe,McPhilemy,hmcphilemyrg@a8.net,Male,13.254.114.83
990,Danny,Surgey,dsurgeyrh@ft.com,Male,150.3.150.226
991,Jodie,Ralton,jraltonri@usnews.com,Female,49.216.244.91
992,Etienne,Joddins,ejoddinsrj@apple.com,Male,154.134.91.127
993,Gertie,Briskey,gbriskeyrk@shutterfly.com,Female,91.255.123.12
994,Lorrayne,Begbie,lbegbierl@taobao.com,Female,34.161.143.108
995,Gabie,Mothersdale,gmothersdalerm@infoseek.co.jp,Male,87.15.222.247
996,Marv,Whipp,mwhipprn@merriam-webster.com,Male,146.103.157.167
997,Meridith,Lyddiard,mlyddiardro@virginia.edu,Female,22.202.43.245
998,Mead,Kahn,mkahnrp@amazon.com,Male,5.23.128.217
999,Mark,McKenny,mmckennyrq@ed.gov,Male,40.184.178.44
1000,Niki,Berthelet,nbertheletrr@163.com,Female,18.196.3.204
