id,first_name,last_name,email
1,Lynsey,Fairy,lfairy0@salon.com
2,Tandi,Del Castello,tdelcastello1@shutterfly.com
3,Margo,Tinan,mtinan2@hubpages.com
4,Kaleb,Jessup,kjessup3@google.com.hk
5,Ariel,Sproston,asproston4@fda.gov
6,Hadria,Lewer,hlewer5@amazon.com
7,Mateo,Hannah,mhannah6@tamu.edu
8,Corinna,Webby,cwebby7@multiply.com
9,Ivy,Clappson,iclappson8@state.gov
10,Godfrey,Weems,gweems9@free.fr
11,Hersch,Checcucci,hcheccuccia@virginia.edu
12,Worthy,Keating,wkeatingb@cdbaby.com
13,Dalt,Stovold,dstovoldc@bing.com
14,Cilka,Burmingham,cburminghamd@springer.com
15,Claiborne,Langhorn,clanghorne@1und1.de
16,Kettie,Tappor,ktapporf@yale.edu
17,Celestyna,Hebbs,chebbsg@aboutads.info
18,Birdie,Bonnet,bbonneth@google.pl
19,Beck,Verdon,bverdoni@guardian.co.uk
20,Bondon,Gilfether,bgilfetherj@linkedin.com
21,Berty,Baroux,bbarouxk@statcounter.com
22,Christin,Harrell,charrelll@icio.us
23,Sauncho,Slemmonds,sslemmondsm@dion.ne.jp
24,Chancey,Pillington,cpillingtonn@earthlink.net
25,Johnette,Gilloran,jgillorano@dailymotion.com
26,Jyoti,Schoffel,jschoffelp@unicef.org
27,Cleavland,Mandrake,cmandrakeq@stanford.edu
28,Layney,Gilroy,lgilroyr@si.edu
29,Mercy,Shower,mshowers@miibeian.gov.cn
30,Merill,Camings,mcamingst@unblog.fr
31,Drake,Goudard,dgoudardu@discuz.net
32,Jessey,Boobier,jboobierv@jigsy.com
33,Brynne,Sidle,bsidlew@huffingtonpost.com
34,Anatol,Stempe,astempex@sun.com
35,Daron,Bremond,dbremondy@nytimes.com
36,Thorndike,Close,tclosez@fotki.com
37,Amory,Ilott,ailott10@miitbeian.gov.cn
38,Egor,Lacelett,elacelett11@hud.gov
39,Gerald,Shapiro,gshapiro12@theglobeandmail.com
40,Viviana,Goolding,vgoolding13@spiegel.de
41,Ramona,Wheildon,rwheildon14@berkeley.edu
42,Marylynne,Dudson,mdudson15@liveinternet.ru
43,Ruperta,Lown,rlown16@google.fr
44,Edin,Puzey,epuzey17@chron.com
45,Perice,Evill,pevill18@google.ru
46,Ernie,Deamer,edeamer19@springer.com
47,Ayn,Mascall,amascall1a@blogs.com
48,Jemimah,Salaman,jsalaman1b@weebly.com
49,Garvy,Wyer,gwyer1c@forbes.com
50,Lizzie,Stanley,lstanley1d@macromedia.com
51,Wenda,Kordovani,wkordovani1e@github.com
52,Creight,Harvey,charvey1f@imgur.com
53,Amata,June,ajune1g@elegantthemes.com
54,Purcell,Hallatt,phallatt1h@nymag.com
55,Pollyanna,Basilio,pbasilio1i@latimes.com
56,Kriste,Hawse,khawse1j@example.com
57,Maynard,Pastor,mpastor1k@cargocollective.com
58,Oriana,Cubbon,ocubbon1l@prlog.org
59,Thibaud,Glading,tglading1m@csmonitor.com
60,Waylen,Burdoun,wburdoun1n@addthis.com
61,Franny,Haswell,fhaswell1o@accuweather.com
62,Tessie,Breckell,tbreckell1p@liveinternet.ru
63,Dyanne,Clineck,dclineck1q@ibm.com
64,Anabal,Himsworth,ahimsworth1r@npr.org
65,Griffie,Downes,gdownes1s@example.com
66,Gelya,Children,gchildren1t@comcast.net
67,Madelle,Saggers,msaggers1u@bloglovin.com
68,Myron,Mattingson,mmattingson1v@nifty.com
69,Celina,Kornes,ckornes1w@sakura.ne.jp
70,Floyd,Dreakin,fdreakin1x@cdc.gov
71,Carey,Lethieulier,clethieulier1y@discuz.net
72,Budd,Farlam,bfarlam1z@vistaprint.com
73,Jens,Kuhnke,jkuhnke20@twitpic.com
74,Mariellen,Carrigan,mcarrigan21@telegraph.co.uk
75,Brodie,Ellen,bellen22@sciencedaily.com
76,Ferrel,Bicker,fbicker23@aol.com
77,Bartolemo,Reilinger,breilinger24@over-blog.com
78,Stefanie,Arington,sarington25@umn.edu
79,Lenee,Code,lcode26@phpbb.com
80,Adara,Scandrett,ascandrett27@jalbum.net
81,Erskine,Branch,ebranch28@hibu.com
82,Daune,Grunson,dgrunson29@github.com
83,Henrie,Ida,hida2a@vk.com
84,Roman,Bricket,rbricket2b@disqus.com
85,Roldan,Godden,rgodden2c@narod.ru
86,Bailey,Audrey,baudrey2d@independent.co.uk
87,Chlo,Brisley,cbrisley2e@google.com.br
88,Alisa,Coupar,acoupar2f@cafepress.com
89,Whitby,Stormont,wstormont2g@typepad.com
90,Chauncey,Collumbine,ccollumbine2h@simplemachines.org
91,Yurik,Fullom,yfullom2i@comsenz.com
92,Lorelei,Pedroli,lpedroli2j@netscape.com
93,Essa,O'Leagham,eoleagham2k@indiegogo.com
94,Jabez,Burdon,jburdon2l@theglobeandmail.com
95,Wilmette,McGerraghty,wmcgerraghty2m@cnet.com
96,Ruy,Nockells,rnockells2n@arizona.edu
97,Northrup,Mallatratt,nmallatratt2o@rambler.ru
98,Gaby,Tant,gtant2p@accuweather.com
99,Magdalene,Inwood,minwood2q@google.nl
100,Ursula,Benedick,ubenedick2r@washingtonpost.com
101,Jarid,Scrowston,jscrowston2s@loc.gov
102,Hobey,Bertlin,hbertlin2t@intel.com
103,Latrina,Croysdale,lcroysdale2u@vk.com
104,Terry,Sporner,tsporner2v@usnews.com
105,Catrina,Benner,cbenner2w@hc360.com
106,Katharine,Mar,kmar2x@dmoz.org
107,Perrine,Kennham,pkennham2y@omniture.com
108,Becky,Feldhuhn,bfeldhuhn2z@cnet.com
109,Rosanne,Jecks,rjecks30@lycos.com
110,Truda,Dudson,tdudson31@si.edu
111,Kaleb,Amiss,kamiss32@icq.com
112,Lester,Friedank,lfriedank33@google.com
113,Olly,Badland,obadland34@people.com.cn
114,Levin,Glason,lglason35@wikipedia.org
115,Cosmo,Broomhead,cbroomhead36@a8.net
116,Kenyon,Pavlitschek,kpavlitschek37@fda.gov
117,Virgina,Swabey,vswabey38@economist.com
118,Isa,MacColgan,imaccolgan39@mediafire.com
119,Hendrika,Danit,hdanit3a@sbwire.com
120,Westley,Brickwood,wbrickwood3b@quantcast.com
121,Opal,Hanwell,ohanwell3c@photobucket.com
122,Buck,Adam,badam3d@studiopress.com
123,Fabiano,Cumming,fcumming3e@mayoclinic.com
124,Coletta,Kynaston,ckynaston3f@unicef.org
125,Carilyn,Stygall,cstygall3g@ezinearticles.com
126,Lira,Loverock,lloverock3h@phpbb.com
127,Blair,Emanson,bemanson3i@sun.com
128,Andrea,Furmenger,afurmenger3j@vinaora.com
129,Dyanne,Dieton,ddieton3k@google.com.hk
130,Malvin,Scherme,mscherme3l@apple.com
131,Blakeley,Butter,bbutter3m@360.cn
132,Sheilah,Merriton,smerriton3n@cam.ac.uk
133,Evaleen,Stowell,estowell3o@mail.ru
134,Mackenzie,Parell,mparell3p@weather.com
135,Randene,Lodewick,rlodewick3q@woothemes.com
136,Eliza,Canland,ecanland3r@histats.com
137,Ferdinanda,Marquiss,fmarquiss3s@altervista.org
138,Trip,Litchfield,tlitchfield3t@instagram.com
139,Stella,Klesse,sklesse3u@wikispaces.com
140,Keenan,Despenser,kdespenser3v@blogtalkradio.com
141,Russell,Legges,rlegges3w@flickr.com
142,Maxy,Abbey,mabbey3x@constantcontact.com
143,Ben,Boarder,bboarder3y@imageshack.us
144,Godwin,Toderini,gtoderini3z@i2i.jp
145,Arabel,Foot,afoot40@indiatimes.com
146,Hermina,Welchman,hwelchman41@slashdot.org
147,Joelie,Gonzalez,jgonzalez42@fema.gov
148,Tiphani,Kitteringham,tkitteringham43@paypal.com
149,Job,Newitt,jnewitt44@pagesperso-orange.fr
150,Patrice,Bent,pbent45@flavors.me
151,Mortie,Roydon,mroydon46@flavors.me
152,Betteanne,Cardis,bcardis47@stumbleupon.com
153,Michaella,Angrick,mangrick48@cargocollective.com
154,Liliane,Kadar,lkadar49@oakley.com
155,Thorvald,Lakenton,tlakenton4a@symantec.com
156,Olivette,Kolodziejski,okolodziejski4b@salon.com
157,Maud,Faraker,mfaraker4c@furl.net
158,Freida,McCraw,fmccraw4d@foxnews.com
159,Wally,Tinsey,wtinsey4e@unc.edu
160,Nathalie,Aleswell,naleswell4f@fda.gov
161,Frasco,Dudley,fdudley4g@symantec.com
162,Brynne,Petruk,bpetruk4h@creativecommons.org
163,Jana,Letessier,jletessier4i@go.com
164,Chaim,Okill,cokill4j@cnbc.com
165,Vaclav,McBayne,vmcbayne4k@geocities.com
166,Vere,Dorran,vdorran4l@google.co.uk
167,Kriste,McCuis,kmccuis4m@clickbank.net
168,Kennan,Aldins,kaldins4n@netvibes.com
169,Brear,Burchett,bburchett4o@washington.edu
170,Nonnah,Swadden,nswadden4p@japanpost.jp
171,Winnie,Schwartz,wschwartz4q@dedecms.com
172,Carmina,Crutcher,ccrutcher4r@wix.com
173,Terrill,Whimper,twhimper4s@blogtalkradio.com
174,Davita,Surguine,dsurguine4t@biblegateway.com
175,Trixy,Mikalski,tmikalski4u@mail.ru
176,Dory,Payton,dpayton4v@mac.com
177,Curtis,Baldree,cbaldree4w@vinaora.com
178,Salim,Smallsman,ssmallsman4x@vistaprint.com
179,Egon,Liggins,eliggins4y@ca.gov
180,Christy,Westmancoat,cwestmancoat4z@biblegateway.com
181,Bidget,Khristoforov,bkhristoforov50@icq.com
182,Hunter,Theurer,htheurer51@engadget.com
183,Renard,Tootin,rtootin52@flickr.com
184,Franchot,Olner,folner53@alexa.com
185,Ulric,Longmore,ulongmore54@wp.com
186,Leesa,Joyce,ljoyce55@google.es
187,Melinde,McLellan,mmclellan56@indiatimes.com
188,Joice,Hollington,jhollington57@dedecms.com
189,Sutton,Coulling,scoulling58@newyorker.com
190,Liana,Hare,lhare59@ucoz.ru
191,Blondie,Rosevear,brosevear5a@blogger.com
192,Lianne,Simioni,lsimioni5b@yale.edu
193,Crystal,Timmons,ctimmons5c@livejournal.com
194,Vi,Sheryne,vsheryne5d@newsvine.com
195,Stephan,Eyree,seyree5e@umich.edu
196,Isahella,Vickery,ivickery5f@ebay.co.uk
197,Kit,McKendo,kmckendo5g@sina.com.cn
198,Jeanna,Grigolashvill,jgrigolashvill5h@wsj.com
199,Cassi,Abbot,cabbot5i@gnu.org
200,Wallache,Washington,wwashington5j@usa.gov
201,Armand,Dalziel,adalziel5k@canalblog.com
202,Mathian,Corgenvin,mcorgenvin5l@smugmug.com
203,Lucita,Abelson,labelson5m@chicagotribune.com
204,Teri,Gaye,tgaye5n@cnbc.com
205,Keefer,Beddo,kbeddo5o@alexa.com
206,Odille,Troker,otroker5p@spiegel.de
207,Laurence,Compfort,lcompfort5q@epa.gov
208,Blancha,Blunkett,bblunkett5r@myspace.com
209,Greg,Franschini,gfranschini5s@netvibes.com
210,Berke,Forster,bforster5t@weibo.com
211,Lazaro,Heilds,lheilds5u@amazon.de
212,Lionel,Mauro,lmauro5v@ifeng.com
213,Brew,Vales,bvales5w@last.fm
214,Shirleen,Rangell,srangell5x@theatlantic.com
215,Viki,Edess,vedess5y@engadget.com
216,Brendan,Ickovic,bickovic5z@networksolutions.com
217,Caitrin,Avison,cavison60@tumblr.com
218,Allissa,Ort,aort61@huffingtonpost.com
219,Hartwell,Rainy,hrainy62@amazon.co.uk
220,Cortie,Pill,cpill63@blogs.com
221,Demeter,Turrill,dturrill64@sogou.com
222,Barry,Emney,bemney65@barnesandnoble.com
223,Evey,Hancke,ehancke66@cbc.ca
224,Karole,Dimock,kdimock67@bigcartel.com
225,Valeda,Chimes,vchimes68@google.ru
226,Godwin,Mesant,gmesant69@sciencedaily.com
227,Kendrick,Treweke,ktreweke6a@ucsd.edu
228,Neila,Delouch,ndelouch6b@hugedomains.com
229,Brynna,Ondrich,bondrich6c@uol.com.br
230,Isidor,Riepel,iriepel6d@goo.ne.jp
231,Amelita,Hanselman,ahanselman6e@chron.com
232,Callean,Cliffe,ccliffe6f@bloglines.com
233,Lek,Vassall,lvassall6g@digg.com
234,Launce,Louth,llouth6h@shinystat.com
235,Ingrim,Stripp,istripp6i@technorati.com
236,Cherey,Epple,cepple6j@sbwire.com
237,Slade,Shipsey,sshipsey6k@dion.ne.jp
238,Skye,Becraft,sbecraft6l@ustream.tv
239,Ophelie,Blabey,oblabey6m@redcross.org
240,Rolph,Groves,rgroves6n@admin.ch
241,Brok,Bardill,bbardill6o@latimes.com
242,Ruthy,Maude,rmaude6p@sphinn.com
243,Abner,Szymanowicz,aszymanowicz6q@geocities.com
244,Julio,Fraine,jfraine6r@psu.edu
245,Kassi,Anand,kanand6s@booking.com
246,Verna,Reap,vreap6t@elpais.com
247,Staffard,Spratling,sspratling6u@google.com
248,Irv,Eldin,ieldin6v@domainmarket.com
249,Ashly,Portman,aportman6w@123-reg.co.uk
250,Torin,Olennikov,tolennikov6x@arizona.edu
251,Kikelia,Klimkin,kklimkin6y@phoca.cz
252,Sergei,Collingworth,scollingworth6z@weibo.com
253,Heywood,Luckcock,hluckcock70@globo.com
254,Laurene,Burgise,lburgise71@slashdot.org
255,Loralee,Antoniou,lantoniou72@vk.com
256,Stephani,Norrey,snorrey73@time.com
257,Kirsten,Lorkings,klorkings74@qq.com
258,Libbi,Perillo,lperillo75@clickbank.net
259,Calida,Reely,creely76@bizjournals.com
260,Gordy,Coger,gcoger77@jugem.jp
261,Lanae,Graith,lgraith78@sphinn.com
262,Gertruda,Shoebottom,gshoebottom79@discovery.com
263,Ferdie,Hrinishin,fhrinishin7a@acquirethisname.com
264,Jeana,Accomb,jaccomb7b@nationalgeographic.com
265,Cal,Joisce,cjoisce7c@nasa.gov
266,Linzy,Twidell,ltwidell7d@creativecommons.org
267,Cathrin,Rouff,crouff7e@irs.gov
268,Elberta,Littlecote,elittlecote7f@utexas.edu
269,Marilyn,Pleming,mpleming7g@bbb.org
270,Hyatt,Fleckness,hfleckness7h@nsw.gov.au
271,Edin,Barbey,ebarbey7i@posterous.com
272,Aubry,Hinstock,ahinstock7j@oracle.com
273,Saundra,Jimpson,sjimpson7k@linkedin.com
274,Codee,Areles,careles7l@myspace.com
275,Quill,Guille,qguille7m@skype.com
276,Phineas,Cranson,pcranson7n@webs.com
277,Ingunna,Baitey,ibaitey7o@biblegateway.com
278,Edvard,Ciobotaro,eciobotaro7p@chicagotribune.com
279,Nicola,Dodds,ndodds7q@mozilla.org
280,Patricia,Mate,pmate7r@gov.uk
281,Issie,Petheridge,ipetheridge7s@msn.com
282,Kaspar,Yorston,kyorston7t@disqus.com
283,Danya,Matterson,dmatterson7u@parallels.com
284,Marybelle,Glossop,mglossop7v@chron.com
285,Lauren,Studdeard,lstuddeard7w@1688.com
286,Husein,Necrews,hnecrews7x@shop-pro.jp
287,Kristoforo,Deem,kdeem7y@weibo.com
288,Tate,Klas,tklas7z@biblegateway.com
289,Rey,Valett,rvalett80@eventbrite.com
290,Noell,Musgrave,nmusgrave81@google.de
291,Horten,Reyes,hreyes82@themeforest.net
292,Avie,Hawkshaw,ahawkshaw83@alexa.com
293,Anna-diana,Frapwell,afrapwell84@aboutads.info
294,Lauralee,Bullocke,lbullocke85@deviantart.com
295,Rabi,Gabey,rgabey86@skype.com
296,Fern,Storm,fstorm87@state.tx.us
297,Byron,Zimmermeister,bzimmermeister88@google.com.br
298,Eloisa,Dolton,edolton89@cpanel.net
299,Nonnah,Mackrell,nmackrell8a@slate.com
300,Samara,Tewes,stewes8b@google.com.au
301,Lurline,Huzzey,lhuzzey8c@domainmarket.com
302,Jolynn,Ipsgrave,jipsgrave8d@smh.com.au
303,Lissi,O'Cannavan,locannavan8e@moonfruit.com
304,Bonny,Manifield,bmanifield8f@huffingtonpost.com
305,Ginny,Brixey,gbrixey8g@mapquest.com
306,Kacie,Elder,kelder8h@ed.gov
307,Isadora,Curlis,icurlis8i@msn.com
308,Irving,Curteis,icurteis8j@webmd.com
309,Jolyn,Gostridge,jgostridge8k@ted.com
310,Suzette,Frane,sfrane8l@arstechnica.com
311,Alysa,Naton,anaton8m@chron.com
312,Ammamaria,McGann,amcgann8n@topsy.com
313,Archer,Nibloe,anibloe8o@ox.ac.uk
314,Darleen,Gibbonson,dgibbonson8p@washingtonpost.com
315,Melamie,Beckitt,mbeckitt8q@foxnews.com
316,Arlen,Petrolli,apetrolli8r@is.gd
317,Jeannie,Lugg,jlugg8s@npr.org
318,Angelique,Skellion,askellion8t@senate.gov
319,Corie,Andrault,candrault8u@nytimes.com
320,Anastassia,Ewbanks,aewbanks8v@cdbaby.com
321,Ofella,Brodhead,obrodhead8w@ebay.com
322,Curran,Clemensen,cclemensen8x@mapy.cz
323,Dulcie,Finlayson,dfinlayson8y@hostgator.com
324,Kiley,Meadus,kmeadus8z@surveymonkey.com
325,Seka,Tripe,stripe90@homestead.com
326,Edgardo,Defries,edefries91@tripod.com
327,Bryanty,McIan,bmcian92@theguardian.com
328,Neddie,Barnes,nbarnes93@yandex.ru
329,Alfy,Usher,ausher94@blog.com
330,Syd,Zanotti,szanotti95@etsy.com
331,Dagny,Barstow,dbarstow96@arizona.edu
332,Jojo,Gaffon,jgaffon97@stumbleupon.com
333,Dorthea,Bradmore,dbradmore98@twitter.com
334,Berty,Gliddon,bgliddon99@networkadvertising.org
335,Ophelia,Brundill,obrundill9a@amazon.co.uk
336,Myrtice,Chinery,mchinery9b@addthis.com
337,Alberik,Debill,adebill9c@flavors.me
338,Darla,Gottelier,dgottelier9d@odnoklassniki.ru
339,Lynda,Stollenbeck,lstollenbeck9e@exblog.jp
340,Trula,McNiven,tmcniven9f@arstechnica.com
341,Udell,Renault,urenault9g@sciencedaily.com
342,Waly,Chaim,wchaim9h@dion.ne.jp
343,Mei,Kilfeder,mkilfeder9i@scribd.com
344,Isador,Wayland,iwayland9j@hatena.ne.jp
345,Shurlock,Culkin,sculkin9k@wordpress.com
346,Yvette,Vanyarkin,yvanyarkin9l@photobucket.com
347,Brigitte,Suttaby,bsuttaby9m@prnewswire.com
348,Herculie,Weaving,hweaving9n@stumbleupon.com
349,Farrah,Leads,fleads9o@sogou.com
350,Thorpe,Bools,tbools9p@ucla.edu
351,Drucill,Parminter,dparminter9q@cam.ac.uk
352,Kizzee,Poundford,kpoundford9r@hexun.com
353,Shalne,Kennedy,skennedy9s@mac.com
354,Isa,Wainscoat,iwainscoat9t@zdnet.com
355,Gertie,Kertess,gkertess9u@slideshare.net
356,Laurence,Niave,lniave9v@cargocollective.com
357,Nady,Rosingdall,nrosingdall9w@unicef.org
358,Scottie,Cosin,scosin9x@va.gov
359,Letitia,Pusill,lpusill9y@cloudflare.com
360,Janine,Rowlings,jrowlings9z@paginegialle.it
361,Bernardina,Yoxall,byoxalla0@istockphoto.com
362,Julian,Germann,jgermanna1@blogs.com
363,Alvin,Peevor,apeevora2@nyu.edu
364,Daffy,Geany,dgeanya3@arstechnica.com
365,Leontine,Lachaize,llachaizea4@forbes.com
366,Dalis,Cockett,dcocketta5@hatena.ne.jp
367,Nert,Ferne,nfernea6@mlb.com
368,Madelene,Umfrey,mumfreya7@fda.gov
369,Halette,Balhatchet,hbalhatcheta8@ycombinator.com
370,Dinnie,Entissle,dentisslea9@constantcontact.com
371,Ellswerth,MacLure,emaclureaa@examiner.com
372,Sophey,Laviss,slavissab@csmonitor.com
373,June,Asee,jaseeac@reference.com
374,Raffarty,Verry,rverryad@parallels.com
375,Saloma,Heibl,sheiblae@comsenz.com
376,Timi,Weiser,tweiseraf@google.it
377,Mac,Kruschev,mkruschevag@youtube.com
378,Elmira,Gravenor,egravenorah@blinklist.com
379,Lauren,Hindrich,lhindrichai@tmall.com
380,Angelo,Stucke,astuckeaj@behance.net
381,Bobbe,Allsepp,ballseppak@oracle.com
382,Mickey,Boarder,mboarderal@chron.com
383,Caldwell,Timms,ctimmsam@mapy.cz
384,Rance,O'Murtagh,romurtaghan@hubpages.com
385,Ibrahim,Learmount,ilearmountao@theguardian.com
386,Goldia,Seegar,gseegarap@domainmarket.com
387,Davide,Woolgar,dwoolgaraq@usgs.gov
388,Terri,Blasing,tblasingar@miitbeian.gov.cn
389,Douglas,Askaw,daskawas@usgs.gov
390,Granville,Fitzmaurice,gfitzmauriceat@hao123.com
391,Cortney,Bonefant,cbonefantau@addthis.com
392,Winston,Duckels,wduckelsav@europa.eu
393,Isaac,Tissier,itissieraw@japanpost.jp
394,Obadias,McDiarmid,omcdiarmidax@paginegialle.it
395,Keefer,MacCoughan,kmaccoughanay@sina.com.cn
396,Tersina,Wenger,twengeraz@1und1.de
397,Juana,Quantrell,jquantrellb0@census.gov
398,Maritsa,Verbeek,mverbeekb1@omniture.com
399,Rory,Savin,rsavinb2@tinyurl.com
400,Gordie,Effaunt,geffauntb3@google.com
401,Yoko,Eastam,yeastamb4@over-blog.com
402,Cullie,Artis,cartisb5@spiegel.de
403,Ernesto,Stebbings,estebbingsb6@blogtalkradio.com
404,Aida,Teresia,ateresiab7@nytimes.com
405,Dorice,Asp,daspb8@wikispaces.com
406,Shepherd,Brimman,sbrimmanb9@scientificamerican.com
407,Lucy,Attack,lattackba@nsw.gov.au
408,Sheffy,Scamaden,sscamadenbb@accuweather.com
409,Wenda,Tulloch,wtullochbc@tinyurl.com
410,Bogey,Falkner,bfalknerbd@phoca.cz
411,Eugene,De Leek,edeleekbe@xing.com
412,Arney,Sheals,ashealsbf@mit.edu
413,Kylie,Tunnicliffe,ktunnicliffebg@soup.io
414,Seline,Menghi,smenghibh@europa.eu
415,Emmie,Lapsley,elapsleybi@ezinearticles.com
416,Dallon,Glyn,dglynbj@goo.ne.jp
417,Tallie,Round,troundbk@bloglines.com
418,Gaye,Barson,gbarsonbl@nba.com
419,Shirlee,Orrock,sorrockbm@boston.com
420,Anni,Bagguley,abagguleybn@google.fr
421,Glen,Galton,ggaltonbo@wikia.com
422,Pierre,Iddison,piddisonbp@oracle.com
423,Matty,Steenson,msteensonbq@hud.gov
424,Christean,Peel,cpeelbr@wiley.com
425,Torrence,Garmston,tgarmstonbs@ucoz.com
426,Rebeka,De Morena,rdemorenabt@xing.com
427,Adella,Guilloneau,aguilloneaubu@house.gov
428,Ambrosi,Plues,apluesbv@tmall.com
429,Rasla,McIver,rmciverbw@163.com
430,Donnamarie,Grisdale,dgrisdalebx@tinyurl.com
431,Nathanil,Chambers,nchambersby@ocn.ne.jp
432,Nell,Rebert,nrebertbz@forbes.com
433,Gerard,Egalton,gegaltonc0@g.co
434,Belita,Wenman,bwenmanc1@tripod.com
435,Jaye,Drioli,jdriolic2@xing.com
436,Roseann,Getten,rgettenc3@drupal.org
437,Adrian,Scorey,ascoreyc4@unblog.fr
438,Aryn,Quantrell,aquantrellc5@ask.com
439,Christabella,Songhurst,csonghurstc6@wikia.com
440,Broddy,Gilphillan,bgilphillanc7@kickstarter.com
441,Brit,Gryglewski,bgryglewskic8@cornell.edu
442,Tito,Bamber,tbamberc9@tmall.com
443,Mendie,De la Zenne,mdelazenneca@angelfire.com
444,Maire,Touzey,mtouzeycb@behance.net
445,Alano,Commins,acomminscc@seattletimes.com
446,Carrol,De La Haye,cdelahayecd@hhs.gov
447,Janaya,Stretton,jstrettonce@kickstarter.com
448,Pernell,Morhall,pmorhallcf@miitbeian.gov.cn
449,Tudor,Attree,tattreecg@over-blog.com
450,Ogdan,Pool,opoolch@oracle.com
451,Helena,Stinton,hstintonci@mozilla.org
452,Florentia,Eyres,feyrescj@i2i.jp
453,Cara,Baxstare,cbaxstareck@cdc.gov
454,Fredi,Whisson,fwhissoncl@buzzfeed.com
455,Corbie,Roylance,croylancecm@rediff.com
456,Jillene,Laycock,jlaycockcn@go.com
457,Sherm,Fardell,sfardellco@acquirethisname.com
458,Lotta,Giorio,lgioriocp@guardian.co.uk
459,Mariska,Loude,mloudecq@cam.ac.uk
460,Perri,Orsi,porsicr@wufoo.com
461,Katha,Cheer,kcheercs@networkadvertising.org
462,Rhodie,Meneely,rmeneelyct@hexun.com
463,Emery,Linster,elinstercu@usnews.com
464,Colet,Folca,cfolcacv@blinklist.com
465,Gerty,Hillatt,ghillattcw@github.io
466,Poul,Kaasman,pkaasmancx@stanford.edu
467,Noel,Vannoni,nvannonicy@pinterest.com
468,Sherie,Poltone,spoltonecz@google.co.uk
469,Myranda,Carayol,mcarayold0@ask.com
470,Burk,Humpatch,bhumpatchd1@go.com
471,Sheila-kathryn,Middleton,smiddletond2@yolasite.com
472,Peria,Nyssens,pnyssensd3@mlb.com
473,Berte,Dahill,bdahilld4@about.me
474,Diego,Pomery,dpomeryd5@sourceforge.net
475,Gasper,Beasleigh,gbeasleighd6@nymag.com
476,Vally,Janu,vjanud7@accuweather.com
477,Corissa,Swalough,cswaloughd8@sitemeter.com
478,Cymbre,Dacke,cdacked9@pcworld.com
479,Cull,Curwen,ccurwenda@canalblog.com
480,Barbee,Ipsgrave,bipsgravedb@kickstarter.com
481,Blakeley,Carpmile,bcarpmiledc@blogtalkradio.com
482,Tillie,Juste,tjustedd@admin.ch
483,Raff,Truscott,rtruscottde@com.com
484,Early,Ohm,eohmdf@instagram.com
485,Lemmie,Learman,llearmandg@icq.com
486,Minnnie,Court,mcourtdh@admin.ch
487,Laughton,Ouldred,louldreddi@ft.com
488,Brigham,Pattingson,bpattingsondj@cdc.gov
489,Myrtia,Duesberry,mduesberrydk@histats.com
490,Shantee,Woolcocks,swoolcocksdl@ovh.net
491,Avram,Sinney,asinneydm@biblegateway.com
492,Nomi,Gulc,ngulcdn@blog.com
493,Frans,Balam,fbalamdo@aboutads.info
494,Maddalena,Kachel,mkacheldp@senate.gov
495,Axe,Hubbocks,ahubbocksdq@slashdot.org
496,Saxon,Cowser,scowserdr@gnu.org
497,Smith,Barltrop,sbarltropds@fotki.com
498,Petey,Durante,pdurantedt@sakura.ne.jp
499,Dniren,Eadmead,deadmeaddu@addtoany.com
500,Barbara,Rimmer,brimmerdv@yelp.com
501,Goraud,Hulke,ghulkedw@ovh.net
502,Gayle,Westcarr,gwestcarrdx@google.de
503,Arnoldo,Ogger,aoggerdy@meetup.com
504,Charis,Southernwood,csouthernwooddz@ebay.com
505,Wolfy,Pickavant,wpickavante0@cam.ac.uk
506,Carleen,Klausen,cklausene1@sphinn.com
507,Anders,Masden,amasdene2@google.com.hk
508,Chas,Whitley,cwhitleye3@topsy.com
509,Beverley,Lawless,blawlesse4@godaddy.com
510,Nobe,Spurgin,nspurgine5@illinois.edu
511,Amaleta,Northam,anorthame6@statcounter.com
512,Josefa,Durrans,jdurranse7@census.gov
513,Althea,Mackett,amackette8@theglobeandmail.com
514,Ario,Dunaway,adunawaye9@prnewswire.com
515,Harald,Bareford,hbarefordea@wordpress.com
516,Sharlene,Abrahim,sabrahimeb@ucla.edu
517,Doria,Divall,ddivallec@wsj.com
518,Ondrea,Callington,ocallingtoned@abc.net.au
519,Gisella,Calleja,gcallejaee@histats.com
520,Currie,Jahndel,cjahndelef@weibo.com
521,Lucias,Sabbatier,lsabbatiereg@diigo.com
522,Benedicto,Darkin,bdarkineh@vkontakte.ru
523,Alberto,Sarra,asarraei@smh.com.au
524,Kristan,Olensby,kolensbyej@mysql.com
525,Quinlan,Goodricke,qgoodrickeek@opera.com
526,Iolanthe,Farndale,ifarndaleel@bloglines.com
527,Cherie,Khomishin,ckhomishinem@foxnews.com
528,Tanney,Moehle,tmoehleen@foxnews.com
529,Sibylla,Stonier,sstoniereo@adobe.com
530,Gordan,Webling,gweblingep@nsw.gov.au
531,Cole,Chimenti,cchimentieq@howstuffworks.com
532,Matty,Suddaby,msuddabyer@cbslocal.com
533,Gallagher,Derl,gderles@unicef.org
534,Rena,Farnsworth,rfarnsworthet@sphinn.com
535,Kiele,Witnall,kwitnalleu@netlog.com
536,Gerianna,Shepeard,gshepeardev@histats.com
537,Noelyn,Atthowe,natthoweew@dropbox.com
538,Ardyth,Dmitrovic,admitrovicex@quantcast.com
539,Arvy,Niche,anicheey@imdb.com
540,Antonie,Daniau,adaniauez@blogtalkradio.com
541,Ernest,Flew,eflewf0@businessinsider.com
542,Annelise,Sommers,asommersf1@linkedin.com
543,Reagen,Egerton,regertonf2@zdnet.com
544,Juanita,Jozef,jjozeff3@telegraph.co.uk
545,Farly,Chene,fchenef4@myspace.com
546,Barby,Franckton,bfrancktonf5@vistaprint.com
547,Tades,Winthrop,twinthropf6@slideshare.net
548,Melamie,Rosbottom,mrosbottomf7@earthlink.net
549,Berk,Mowatt,bmowattf8@storify.com
550,Gerianne,Caplin,gcaplinf9@deliciousdays.com
551,Ebenezer,Throssell,ethrossellfa@msu.edu
552,Jessalin,Nayer,jnayerfb@walmart.com
553,Elnore,Burbury,eburburyfc@icq.com
554,Adriane,Jewers,ajewersfd@unicef.org
555,Leda,Chrichton,lchrichtonfe@statcounter.com
556,Anet,Czajkowski,aczajkowskiff@pbs.org
557,Ailis,Bullman,abullmanfg@smh.com.au
558,Cara,Cranstone,ccranstonefh@tumblr.com
559,Mickie,Caddens,mcaddensfi@bbb.org
560,Daren,Pinnell,dpinnellfj@istockphoto.com
561,Rochelle,Pillinger,rpillingerfk@irs.gov
562,Tiffy,Nutty,tnuttyfl@gov.uk
563,Jojo,Momford,jmomfordfm@sciencedirect.com
564,Sheppard,Cappel,scappelfn@state.tx.us
565,Bill,Purchase,bpurchasefo@google.it
566,Parker,Hurtado,phurtadofp@1und1.de
567,Korney,Pocklington,kpocklingtonfq@phpbb.com
568,Griswold,Heak,gheakfr@baidu.com
569,Cornie,Codlin,ccodlinfs@archive.org
570,Oliviero,Virgo,ovirgoft@mail.ru
571,Roxana,Kemshell,rkemshellfu@intel.com
572,Annemarie,Quinn,aquinnfv@wisc.edu
573,Berti,Alsop,balsopfw@squidoo.com
574,Francine,Edensor,fedensorfx@theglobeandmail.com
575,Iorgo,Gregory,igregoryfy@java.com
576,Janine,Reboulet,jrebouletfz@wix.com
577,Artemas,Ciccottini,aciccottinig0@harvard.edu
578,Mildrid,Zute,mzuteg1@house.gov
579,Grannie,Meriet,gmerietg2@ning.com
580,Antoinette,Chainey,achaineyg3@privacy.gov.au
581,Cathe,Piaggia,cpiaggiag4@newsvine.com
582,Di,Yarwood,dyarwoodg5@google.nl
583,Ritchie,Drysdall,rdrysdallg6@qq.com
584,Xenia,Ing,xingg7@theguardian.com
585,Frankie,Keenlyside,fkeenlysideg8@scientificamerican.com
586,Magdaia,Peltz,mpeltzg9@list-manage.com
587,Der,Cypler,dcyplerga@webnode.com
588,Cristabel,Moorhead,cmoorheadgb@sbwire.com
589,Anabel,Ducket,aducketgc@house.gov
590,Katerina,Buten,kbutengd@com.com
591,Raynor,Tummond,rtummondge@wp.com
592,Lee,Lantoph,llantophgf@wiley.com
593,Jobye,Scrinage,jscrinagegg@nbcnews.com
594,Fannie,Goldsack,fgoldsackgh@dagondesign.com
595,Ajay,Fortin,afortingi@dell.com
596,Fedora,MacBain,fmacbaingj@sourceforge.net
597,Odille,Dehmel,odehmelgk@va.gov
598,Clerkclaude,Gowanlock,cgowanlockgl@timesonline.co.uk
599,Stephenie,Hegg,shegggm@technorati.com
600,Derward,Deverock,ddeverockgn@wikispaces.com
601,Inna,MacKimmie,imackimmiego@ftc.gov
602,Aldous,Glander,aglandergp@github.io
603,Nelie,O'Heneghan,noheneghangq@people.com.cn
604,Windy,Ovell,wovellgr@wsj.com
605,Phip,Barham,pbarhamgs@dagondesign.com
606,Issy,Staten,istatengt@geocities.com
607,Verla,Robilart,vrobilartgu@google.co.jp
608,Sadie,Greatrakes,sgreatrakesgv@yahoo.co.jp
609,Marys,Strang,mstranggw@ed.gov
610,Willa,Kerrod,wkerrodgx@cmu.edu
611,Saunderson,Fortoun,sfortoungy@nydailynews.com
612,Thacher,Candy,tcandygz@photobucket.com
613,Jeromy,Callear,jcallearh0@bbc.co.uk
614,Violante,Antonacci,vantonaccih1@whitehouse.gov
615,Renae,Skrine,rskrineh2@shop-pro.jp
616,Mace,Burriss,mburrissh3@paypal.com
617,Maybelle,Eggleson,megglesonh4@businesswire.com
618,Reinold,Rubens,rrubensh5@diigo.com
619,Carmina,Disbrey,cdisbreyh6@ameblo.jp
620,Antons,Scholtis,ascholtish7@google.cn
621,Peggi,Semonin,psemoninh8@home.pl
622,Vonni,Lockhead,vlockheadh9@guardian.co.uk
623,Linet,Urien,lurienha@nhs.uk
624,Sandy,Gillitt,sgillitthb@istockphoto.com
625,Darlleen,Hewins,dhewinshc@cisco.com
626,Alameda,Ugoletti,augolettihd@europa.eu
627,Lynne,Freezor,lfreezorhe@irs.gov
628,Haydon,Hyland,hhylandhf@goodreads.com
629,Ursa,Downgate,udowngatehg@cnet.com
630,Rubin,Sedgebeer,rsedgebeerhh@taobao.com
631,Berti,Wethered,bwetheredhi@odnoklassniki.ru
632,Mufinella,Ivett,mivetthj@gnu.org
633,Austin,O'Halleghane,aohalleghanehk@acquirethisname.com
634,Margalit,Chessell,mchessellhl@umich.edu
635,Friederike,Hagergham,fhagerghamhm@cloudflare.com
636,Faina,Vossgen,fvossgenhn@nytimes.com
637,Amberly,Santon,asantonho@ucoz.ru
638,Arlan,Zute,azutehp@buzzfeed.com
639,Adoree,Chattell,achattellhq@nasa.gov
640,Auroora,Redon,aredonhr@sciencedaily.com
641,Valeria,McComiskie,vmccomiskiehs@unblog.fr
642,Celestyna,Tregiddo,ctregiddoht@webs.com
643,Othello,Gaitley,ogaitleyhu@prnewswire.com
644,Cybil,McLinden,cmclindenhv@oakley.com
645,Raye,Emburey,rembureyhw@amazon.com
646,Cassie,Brewood,cbrewoodhx@adobe.com
647,Jeremias,Seckington,jseckingtonhy@wsj.com
648,Kaitlynn,Fellgett,kfellgetthz@soup.io
649,Perl,Rickwood,prickwoodi0@etsy.com
650,Basil,Balf,bbalfi1@mac.com
651,Gibb,Manders,gmandersi2@mediafire.com
652,Thelma,Ribey,tribeyi3@deliciousdays.com
653,Boone,Putten,bputteni4@deliciousdays.com
654,Nickolai,Luty,nlutyi5@ihg.com
655,Hilarius,Bourhill,hbourhilli6@theglobeandmail.com
656,Kane,Brislawn,kbrislawni7@uol.com.br
657,Fionna,More,fmorei8@disqus.com
658,Alessandro,Von Hindenburg,avonhindenburgi9@apache.org
659,Briney,Pabst,bpabstia@newyorker.com
660,Dorise,Netti,dnettiib@ca.gov
661,Delphinia,Korneichuk,dkorneichukic@smugmug.com
662,Richie,Mepham,rmephamid@eventbrite.com
663,Luigi,Syder,lsyderie@hao123.com
664,Thom,Cicutto,tcicuttoif@elpais.com
665,Hermione,Alfonzo,halfonzoig@unesco.org
666,Muire,Garner,mgarnerih@nps.gov
667,Georgy,Tizzard,gtizzardii@ted.com
668,Falito,Olenchikov,folenchikovij@sfgate.com
669,Beverlie,Thurlow,bthurlowik@indiegogo.com
670,Randell,Newiss,rnewissil@soup.io
671,Ronda,Reijmers,rreijmersim@about.com
672,Collie,Fritche,cfritchein@intel.com
673,Bernadina,Heap,bheapio@disqus.com
674,Brant,Ferriman,bferrimanip@meetup.com
675,Hew,Parish,hparishiq@sina.com.cn
676,Carlene,Caneo,ccaneoir@eepurl.com
677,Gannie,Bastable,gbastableis@engadget.com
678,Alyse,Pearton,apeartonit@paypal.com
679,Jeniffer,Stuchberry,jstuchberryiu@nydailynews.com
680,Lin,Marten,lmarteniv@oakley.com
681,Hewitt,Bohlin,hbohliniw@infoseek.co.jp
682,Zolly,Boyles,zboylesix@examiner.com
683,Genny,Willmont,gwillmontiy@amazon.co.jp
684,Eleonore,Gerber,egerberiz@ucoz.ru
685,Clemmy,O'Reilly,coreillyj0@ow.ly
686,Viviene,Macias,vmaciasj1@comsenz.com
687,Willy,Bullivent,wbulliventj2@github.io
688,Hall,Theobold,htheoboldj3@bizjournals.com
689,Alanna,Gruszczak,agruszczakj4@symantec.com
690,Caria,Canniffe,ccanniffej5@t-online.de
691,Belvia,Orht,borhtj6@homestead.com
692,Von,Tregear,vtregearj7@unesco.org
693,Aluino,Strapp,astrappj8@ox.ac.uk
694,Inigo,Challicum,ichallicumj9@reuters.com
695,Danya,Tomowicz,dtomowiczja@pbs.org
696,Monti,Brickdale,mbrickdalejb@1688.com
697,Hortense,Scholefield,hscholefieldjc@noaa.gov
698,Sheffy,Arnholdt,sarnholdtjd@thetimes.co.uk
699,Tate,Cuddehy,tcuddehyje@oracle.com
700,Reggie,Filov,rfilovjf@sakura.ne.jp
701,Early,McGuff,emcguffjg@vkontakte.ru
702,Clayson,O'Scully,coscullyjh@indiatimes.com
703,Kelsey,Jantel,kjantelji@usa.gov
704,Francene,Getch,fgetchjj@gmpg.org
705,Annabal,Hansie,ahansiejk@adobe.com
706,Trish,Lorkins,tlorkinsjl@hao123.com
707,Ric,Foottit,rfoottitjm@ted.com
708,Khalil,Firidolfi,kfiridolfijn@miitbeian.gov.cn
709,Shandie,Hailwood,shailwoodjo@fda.gov
710,Leena,Angric,langricjp@about.com
711,Jorey,Mc Queen,jmcqueenjq@netvibes.com
712,Madel,Scruton,mscrutonjr@zdnet.com
713,Walden,Verbeek,wverbeekjs@disqus.com
714,Gerty,Lucks,glucksjt@cdbaby.com
715,Tarrah,Wrate,twrateju@ca.gov
716,Patrica,MacGhee,pmacgheejv@mapy.cz
717,Vivien,Crisford,vcrisfordjw@nydailynews.com
718,Wilhelm,Doctor,wdoctorjx@paypal.com
719,Eva,Grewcock,egrewcockjy@ibm.com
720,Mark,Broster,mbrosterjz@weebly.com
721,Carlynn,Karim,ckarimk0@zimbio.com
722,Bartel,Beneteau,bbeneteauk1@hibu.com
723,Jennie,Gummow,jgummowk2@biglobe.ne.jp
724,Kelvin,Phil,kphilk3@edublogs.org
725,Brandtr,Blackall,bblackallk4@weebly.com
726,Benedikta,Wheal,bwhealk5@europa.eu
727,Thatcher,Durling,tdurlingk6@behance.net
728,Ranee,Collie,rcolliek7@discovery.com
729,Conn,Swanton,cswantonk8@forbes.com
730,Gianna,Fulop,gfulopk9@dailymotion.com
731,Sindee,Dukes,sdukeska@cbc.ca
732,Eryn,Bazoche,ebazochekb@hibu.com
733,Aurora,Fay,afaykc@biglobe.ne.jp
734,Marmaduke,Kinny,mkinnykd@cbsnews.com
735,Clint,Pardew,cpardewke@google.com.hk
736,Matthias,Borman,mbormankf@techcrunch.com
737,Nina,Moxson,nmoxsonkg@washingtonpost.com
738,Starlin,Antognazzi,santognazzikh@nature.com
739,Maurita,Gladwell,mgladwellki@marketwatch.com
740,Grazia,Potteridge,gpotteridgekj@epa.gov
741,Katrina,Gingel,kgingelkk@naver.com
742,Pandora,Bateson,pbatesonkl@bandcamp.com
743,Kassandra,Tassell,ktassellkm@squarespace.com
744,Fidole,Spering,fsperingkn@pcworld.com
745,Etan,Addicote,eaddicoteko@answers.com
746,Bogart,Dorot,bdorotkp@1und1.de
747,Barby,Rielly,briellykq@shutterfly.com
748,Sharon,Sorrill,ssorrillkr@wordpress.com
749,Gael,Whild,gwhildks@privacy.gov.au
750,Reggie,Fishbourne,rfishbournekt@is.gd
751,Shepherd,Earpe,searpeku@weebly.com
752,Hally,Yurasov,hyurasovkv@ed.gov
753,Kennith,Athy,kathykw@microsoft.com
754,Tanny,Golda,tgoldakx@microsoft.com
755,Masha,Edelheit,medelheitky@friendfeed.com
756,Deane,Lowis,dlowiskz@t.co
757,Cory,Emlyn,cemlynl0@live.com
758,Aline,Britto,abrittol1@networkadvertising.org
759,Neilla,Flahive,nflahivel2@amazon.co.uk
760,Jaime,Auten,jautenl3@jiathis.com
761,Averil,Fumagall,afumagalll4@wp.com
762,Connie,Saddington,csaddingtonl5@hc360.com
763,Melony,Keune,mkeunel6@taobao.com
764,Ravid,Jesson,rjessonl7@state.gov
765,Prudi,Alday,paldayl8@jigsy.com
766,Alexia,Yarker,ayarkerl9@myspace.com
767,Dario,Seson,dsesonla@dmoz.org
768,Filbert,Kochlin,fkochlinlb@dot.gov
769,Cassandra,Woolland,cwoollandlc@ucoz.ru
770,Augie,Capstaff,acapstaffld@theglobeandmail.com
771,Lavina,Venditto,lvendittole@house.gov
772,Nanine,Gonin,ngoninlf@purevolume.com
773,Rik,Swin,rswinlg@amazonaws.com
774,Maximo,Du Fray,mdufraylh@seesaa.net
775,Wright,Giraux,wgirauxli@google.it
776,Hannah,Thurby,hthurbylj@fema.gov
777,Krisha,Oene,koenelk@webmd.com
778,Viole,Axcell,vaxcellll@ehow.com
779,Zackariah,Getcliffe,zgetcliffelm@soup.io
780,Rosaline,Fawcitt,rfawcittln@newyorker.com
781,Selia,Heigl,sheigllo@squarespace.com
782,Vinita,Schultz,vschultzlp@godaddy.com
783,Jayme,Bellard,jbellardlq@tripod.com
784,Gretchen,Wilshire,gwilshirelr@latimes.com
785,Odella,Loveless,olovelessls@google.cn
786,Bev,Blaxall,bblaxalllt@dot.gov
787,Martino,Sholl,msholllu@home.pl
788,Gilbert,Sparkes,gsparkeslv@google.ca
789,Conchita,Prisley,cprisleylw@yolasite.com
790,Rosemaria,Hinckesman,rhinckesmanlx@deliciousdays.com
791,Christiano,Craney,ccraneyly@xing.com
792,Derick,Josipovitz,djosipovitzlz@indiatimes.com
793,Corilla,Venart,cvenartm0@uol.com.br
794,Saunderson,Reding,sredingm1@nyu.edu
795,Cullie,Eglese,ceglesem2@ebay.com
796,Brose,Kobpac,bkobpacm3@google.nl
797,Lombard,McNamara,lmcnamaram4@nbcnews.com
798,Marcos,McClancy,mmcclancym5@zimbio.com
799,Leesa,Bene,lbenem6@smugmug.com
800,Danice,Vequaud,dvequaudm7@drupal.org
801,Cordula,Aucoate,caucoatem8@jugem.jp
802,Kaycee,Goldman,kgoldmanm9@mozilla.com
803,Fifine,Scouler,fscoulerma@dyndns.org
804,Mellie,Tock,mtockmb@weather.com
805,Tybi,McElory,tmcelorymc@g.co
806,Sterne,Swinn,sswinnmd@fotki.com
807,Mellicent,MacRinn,mmacrinnme@reuters.com
808,Cynthy,Adamczewski,cadamczewskimf@squarespace.com
809,Lark,Hailes,lhailesmg@harvard.edu
810,Kimbra,Claypool,kclaypoolmh@kickstarter.com
811,Sosanna,Sunley,ssunleymi@oracle.com
812,Pammy,Weldrake,pweldrakemj@ft.com
813,Konstanze,Overil,koverilmk@delicious.com
814,Noach,Bagwell,nbagwellml@t.co
815,Jenifer,Kingdon,jkingdonmm@archive.org
816,Hamlin,Leirmonth,hleirmonthmn@youku.com
817,Prue,Dechelette,pdechelettemo@google.ca
818,Carmine,Vicary,cvicarymp@umn.edu
819,Ophelia,Jopke,ojopkemq@cdbaby.com
820,Perry,Geggie,pgeggiemr@multiply.com
821,Jodie,Wyper,jwyperms@japanpost.jp
822,Matti,Ablewhite,mablewhitemt@prlog.org
823,Freddi,Sterling,fsterlingmu@cdc.gov
824,Gabe,Twiggins,gtwigginsmv@gov.uk
825,Benson,Faulks,bfaulksmw@github.io
826,Anabal,Lynskey,alynskeymx@amazon.co.jp
827,Desdemona,Bickerstaff,dbickerstaffmy@whitehouse.gov
828,Ashlee,Fawloe,afawloemz@360.cn
829,Ermina,Catonne,ecatonnen0@fastcompany.com
830,Guss,Ickovici,gickovicin1@acquirethisname.com
831,Ardella,Joret,ajoretn2@hhs.gov
832,Ekaterina,Mettricke,emettricken3@statcounter.com
833,Glori,Borgnet,gborgnetn4@google.com
834,Rhett,Whartonby,rwhartonbyn5@jimdo.com
835,Parry,Elphinston,pelphinstonn6@imdb.com
836,Leyla,Dorgan,ldorgann7@cdbaby.com
837,Oswell,Blowne,oblownen8@tuttocitta.it
838,Ray,Gottschalk,rgottschalkn9@whitehouse.gov
839,Velvet,Craven,vcravenna@woothemes.com
840,Antoinette,Pietrowicz,apietrowicznb@icq.com
841,Karlotta,Ellick,kellicknc@infoseek.co.jp
842,Alejandrina,Millhill,amillhillnd@dyndns.org
843,Lutero,Corrigan,lcorriganne@indiatimes.com
844,Jasmine,Kirby,jkirbynf@theguardian.com
845,Eziechiele,Ciobotaru,eciobotarung@virginia.edu
846,Marysa,Ketchell,mketchellnh@eepurl.com
847,Nestor,Letixier,nletixierni@springer.com
848,Shanna,Pittham,spitthamnj@mozilla.com
849,Amalle,Naldrett,analdrettnk@ask.com
850,Manuel,Lyddiard,mlyddiardnl@google.com.br
851,Starlene,Frisby,sfrisbynm@vkontakte.ru
852,Gabey,Fosten,gfostennn@cdc.gov
853,Raven,Daltrey,rdaltreyno@indiegogo.com
854,Iolanthe,Sear,isearnp@hc360.com
855,Bernadette,Guilford,bguilfordnq@pcworld.com
856,Caroline,Folk,cfolknr@issuu.com
857,Allissa,Fenich,afenichns@github.com
858,Trstram,Jerg,tjergnt@acquirethisname.com
859,Sasha,Greg,sgregnu@themeforest.net
860,Giuseppe,Satterley,gsatterleynv@networkadvertising.org
861,Ferdinande,Thorlby,fthorlbynw@ning.com
862,Vladimir,Manby,vmanbynx@bloglovin.com
863,Cyndi,Trusslove,ctrussloveny@prweb.com
864,Ethelda,How to preserve,ehowtopreservenz@soundcloud.com
865,Mattie,Aireton,mairetono0@ed.gov
866,Denise,Blamire,dblamireo1@adobe.com
867,Danita,Doumer,ddoumero2@intel.com
868,Berta,Obal,bobalo3@admin.ch
869,Shirl,Blaw,sblawo4@homestead.com
870,Sacha,Cromarty,scromartyo5@tripod.com
871,Roderich,Walhedd,rwalheddo6@indiatimes.com
872,Colin,Radloff,cradloffo7@imageshack.us
873,Garrik,Outlaw,goutlawo8@vk.com
874,Bellina,McPherson,bmcphersono9@go.com
875,Clayborne,Nanson,cnansonoa@dyndns.org
876,Henrietta,Geeves,hgeevesob@nymag.com
877,Bill,Pattington,bpattingtonoc@microsoft.com
878,Aggie,Dillicate,adillicateod@go.com
879,Jany,Titmarsh,jtitmarshoe@wordpress.org
880,Marice,Bartot,mbartotof@buzzfeed.com
881,Carolann,Strase,cstraseog@sohu.com
882,Clarissa,Wintle,cwintleoh@ameblo.jp
883,Clarette,Ballefant,cballefantoi@merriam-webster.com
884,Raquela,Waggett,rwaggettoj@ed.gov
885,Ben,Drowsfield,bdrowsfieldok@ask.com
886,Haskel,Bourley,hbourleyol@home.pl
887,Westley,Hintzer,whintzerom@ning.com
888,Teddie,Swaden,tswadenon@jimdo.com
889,Beverlie,McArd,bmcardoo@imageshack.us
890,Giana,Stores,gstoresop@exblog.jp
891,Marty,Shears,mshearsoq@list-manage.com
892,Drucie,Feander,dfeanderor@devhub.com
893,Sioux,Vicarey,svicareyos@google.com.au
894,Wolf,Galliver,wgalliverot@google.nl
895,Lane,Pikhno,lpikhnoou@google.com
896,Julissa,Pavese,jpaveseov@state.gov
897,Tarrah,Beric,tbericow@de.vu
898,Rivkah,Wennington,rwenningtonox@hp.com
899,Fabe,Lowdes,flowdesoy@histats.com
900,Clayton,Mc Menamin,cmcmenaminoz@fc2.com
901,Karlotte,Merman,kmermanp0@vinaora.com
902,Zoe,Lobbe,zlobbep1@ocn.ne.jp
903,Caitrin,Siebert,csiebertp2@ustream.tv
904,Farr,Rooksby,frooksbyp3@mysql.com
905,Maurene,de Villier,mdevillierp4@myspace.com
906,Jedediah,Dibb,jdibbp5@google.nl
907,Lindy,Raithbie,lraithbiep6@independent.co.uk
908,Otes,Rodway,orodwayp7@seattletimes.com
909,Emogene,Jedrasik,ejedrasikp8@admin.ch
910,Sarah,Frunks,sfrunksp9@bravesites.com
911,Florie,Ovise,fovisepa@hatena.ne.jp
912,Yankee,Libreros,ylibrerospb@weather.com
913,Aleda,Tixier,atixierpc@eventbrite.com
914,Odele,Pothecary,opothecarypd@google.co.uk
915,Ernaline,Le Friec,elefriecpe@dagondesign.com
916,Ros,Merritt,rmerrittpf@twitter.com
917,Anet,Olivetta,aolivettapg@wufoo.com
918,Camile,Nation,cnationph@mediafire.com
919,Odo,Morland,omorlandpi@biblegateway.com
920,Farlie,Norcutt,fnorcuttpj@digg.com
921,Barbe,Dahl,bdahlpk@livejournal.com
922,Lizabeth,Dicker,ldickerpl@admin.ch
923,Catherin,Lougheed,clougheedpm@feedburner.com
924,Katherine,Preuvost,kpreuvostpn@utexas.edu
925,Noellyn,Barbour,nbarbourpo@constantcontact.com
926,Fionna,Scranney,fscranneypp@nba.com
927,Maxim,Swinnerton,mswinnertonpq@jalbum.net
928,Griffin,de Bullion,gdebullionpr@prlog.org
929,Emmie,Critzen,ecritzenps@stumbleupon.com
930,Tommy,Figiovanni,tfigiovannipt@mit.edu
931,Karine,Bryden,kbrydenpu@epa.gov
932,Erv,Gorbell,egorbellpv@dagondesign.com
933,Yulma,Kelf,ykelfpw@sitemeter.com
934,Oswald,Tappor,otapporpx@nydailynews.com
935,Osmund,Notley,onotleypy@bigcartel.com
936,Ben,Tooker,btookerpz@archive.org
937,Hermy,Stieger,hstiegerq0@marketwatch.com
938,Zorine,Foss,zfossq1@imageshack.us
939,Rora,Gossage,rgossageq2@e-recht24.de
940,Valle,Instone,vinstoneq3@live.com
941,Kattie,Vasyukov,kvasyukovq4@people.com.cn
942,Derward,Hooks,dhooksq5@de.vu
943,Cornell,Nice,cniceq6@geocities.com
944,Gennifer,Libero,gliberoq7@meetup.com
945,Milicent,Swires,mswiresq8@miibeian.gov.cn
946,Roberta,Davitashvili,rdavitashviliq9@cdc.gov
947,Karil,Klimentov,kklimentovqa@edublogs.org
948,Courtney,Gritten,cgrittenqb@deliciousdays.com
949,Basil,Killwick,bkillwickqc@google.com.au
950,Catie,Louden,cloudenqd@tripadvisor.com
951,Matthus,Cahen,mcahenqe@zdnet.com
952,Danit,Palin,dpalinqf@biblegateway.com
953,Ellen,Molineaux,emolineauxqg@friendfeed.com
954,Jedediah,Dumsday,jdumsdayqh@hatena.ne.jp
955,Morena,Loxley,mloxleyqi@ocn.ne.jp
956,Lenee,Konmann,lkonmannqj@seattletimes.com
957,Madella,Barrow,mbarrowqk@over-blog.com
958,Julina,Ruprechter,jruprechterql@umn.edu
959,Nickie,Goodlake,ngoodlakeqm@nbcnews.com
960,Wynne,Cowton,wcowtonqn@123-reg.co.uk
961,Graig,Clemendet,gclemendetqo@google.es
962,Corbin,Kohn,ckohnqp@shop-pro.jp
963,Benetta,Satterly,bsatterlyqq@tripadvisor.com
964,Barth,Shoard,bshoardqr@networksolutions.com
965,Joella,Jedrychowski,jjedrychowskiqs@nationalgeographic.com
966,Constantina,Laverick,claverickqt@surveymonkey.com
967,Chrissie,Nobes,cnobesqu@uol.com.br
968,Jude,Took,jtookqv@issuu.com
969,Alisha,Paffot,apaffotqw@engadget.com
970,Arlina,McCreery,amccreeryqx@google.co.jp
971,Jeremie,Pirt,jpirtqy@alexa.com
972,Daphene,Hogsden,dhogsdenqz@ovh.net
973,Salomi,Spawell,sspawellr0@jugem.jp
974,Antonina,Welsby,awelsbyr1@feedburner.com
975,Roseanne,Dowding,rdowdingr2@columbia.edu
976,Sonny,Mattiassi,smattiassir3@flickr.com
977,Xymenes,McGlue,xmcgluer4@aboutads.info
978,Arman,Blackney,ablackneyr5@ask.com
979,Marybeth,Lear,mlearr6@opera.com
980,Lorne,Cramb,lcrambr7@amazon.de
981,Kimmie,Pere,kperer8@tamu.edu
982,Con,Ricci,criccir9@mit.edu
983,Tammara,Meindl,tmeindlra@theatlantic.com
984,Ilaire,Pullinger,ipullingerrb@ucoz.ru
985,Buiron,Moorcroft,bmoorcroftrc@miibeian.gov.cn
986,Jobyna,Crocket,jcrocketrd@ovh.net
987,Tadio,Eddow,teddowre@accuweather.com
988,Georgi,Vennart,gvennartrf@simplemachines.org
989,Allie,Haycock,ahaycockrg@npr.org
990,Bertha,Debrick,bdebrickrh@imgur.com
991,Nicol,Oen,noenri@php.net
992,Darb,Matula,dmatularj@noaa.gov
993,Mersey,Corzor,mcorzorrk@prnewswire.com
994,Mercie,Sewart,msewartrl@mashable.com
995,Juana,Waddam,jwaddamrm@blogspot.com
996,Evelyn,Spradbrow,espradbrowrn@about.com
997,Jorge,Bremner,jbremnerro@posterous.com
998,Simonette,Caunce,scauncerp@mozilla.com
999,Judith,Dimberline,jdimberlinerq@disqus.com
1000,Nataline,Hanalan,nhanalanrr@over-blog.com
