id,first_name,last_name,email
1,Lurlene,Halvorsen,lhalvorsen0@topsy.com
2,Shanan,Neiland,sneiland1@yale.edu
3,Burtie,Leigh,bleigh2@fotki.com
4,Bengt,Breheny,bbreheny3@globo.com
5,Honoria,Castagno,hcastagno4@123-reg.co.uk
6,Thebault,Blyde,tblyde5@drupal.org
7,Paton,Greenstead,pgreenstead6@scribd.com
8,Merrill,Haspineall,mhaspineall7@google.de
9,Marylynne,Treadgear,mtreadgear8@irs.gov
10,Krysta,Lunney,klunney9@state.tx.us
11,Marie-jeanne,Janz,mjanza@jalbum.net
12,Caralie,Cradick,ccradickb@eepurl.com
13,Janaya,Schultes,jschultesc@cdbaby.com
14,Romain,Rushford,rrushfordd@elegantthemes.com
15,Uri,Eastcourt,ueastcourte@joomla.org
16,Robbie,Iley,rileyf@prweb.com
17,Geri,Mecco,gmeccog@fotki.com
18,Farlee,Triebner,ftriebnerh@utexas.edu
19,Ruthe,Forstall,rforstalli@histats.com
20,Maureen,Cordeiro,mcordeiroj@fema.gov
21,Lara,Driscoll,ldriscollk@scribd.com
22,Zita,Ackerley,zackerleyl@answers.com
23,Kessiah,Readwing,kreadwingm@amazon.co.jp
24,Carie,Chadwyck,cchadwyckn@live.com
25,Stanleigh,Shapera,sshaperao@webs.com
26,Dagmar,Littlewood,dlittlewoodp@bloglines.com
27,Rhea,Moseby,rmosebyq@google.com.au
28,Buddie,Bouzek,bbouzekr@cyberchimps.com
29,Rancell,Cawsby,rcawsbys@phoca.cz
30,Berton,Vero,bverot@google.co.jp
31,Nona,Karlmann,nkarlmannu@virginia.edu
32,Henka,Floyed,hfloyedv@linkedin.com
33,Jeri,Deakan,jdeakanw@stanford.edu
34,Will,Bakeup,wbakeupx@w3.org
35,Margi,Chuter,mchutery@multiply.com
36,Aurel,Ferries,aferriesz@ifeng.com
37,Aubrey,Cardozo,acardozo10@businesswire.com
38,Stefa,Antognetti,santognetti11@opensource.org
39,Layne,Kilsby,lkilsby12@privacy.gov.au
40,Rice,Lear,rlear13@example.com
41,Paige,Berth,pberth14@1und1.de
42,Eustace,Lazenbury,elazenbury15@auda.org.au
43,Lyssa,Goranov,lgoranov16@europa.eu
44,Robin,Whittles,rwhittles17@intel.com
45,Nels,Rannald,nrannald18@mediafire.com
46,Grata,Shark,gshark19@guardian.co.uk
47,Rachele,Undrell,rundrell1a@adobe.com
48,Gennifer,Horrigan,ghorrigan1b@xinhuanet.com
49,Tanner,Falkinder,tfalkinder1c@epa.gov
50,Alex,Iffland,aiffland1d@soundcloud.com
51,Winny,Griffitts,wgriffitts1e@msn.com
52,Aurora,Ellerton,aellerton1f@cdbaby.com
53,Helaine,Blackway,hblackway1g@samsung.com
54,Maxie,Spilsted,mspilsted1h@cocolog-nifty.com
55,Marlo,Pearsall,mpearsall1i@taobao.com
56,Corette,Davidovitz,cdavidovitz1j@about.me
57,Reeva,Hamper,rhamper1k@adobe.com
58,Arabela,Spindler,aspindler1l@answers.com
59,Kim,Billyard,kbillyard1m@ow.ly
60,Tyler,Cowin,tcowin1n@state.tx.us
61,Justina,Livzey,jlivzey1o@elpais.com
62,Vinny,Piddock,vpiddock1p@lulu.com
63,Valerie,Applegarth,vapplegarth1q@tripadvisor.com
64,Wolfy,Cremins,wcremins1r@ebay.com
65,Allister,Cartmail,acartmail1s@163.com
66,Hershel,Anthonies,hanthonies1t@cdbaby.com
67,Aileen,Teresa,ateresa1u@cdbaby.com
68,Caressa,Marriner,cmarriner1v@netlog.com
69,Esmeralda,Petigrew,epetigrew1w@mlb.com
70,Drona,Mirralls,dmirralls1x@meetup.com
71,Sara,Klasing,sklasing1y@acquirethisname.com
72,Cal,Jeanequin,cjeanequin1z@dell.com
73,Jobyna,Amerighi,jamerighi20@histats.com
74,Cecelia,Dahl,cdahl21@symantec.com
75,Creigh,Brigham,cbrigham22@google.ca
76,Torrey,Flint,tflint23@latimes.com
77,Derek,Bywaters,dbywaters24@purevolume.com
78,Valery,Toms,vtoms25@sciencedaily.com
79,Riley,Regler,rregler26@imdb.com
80,Tally,Brandrick,tbrandrick27@goo.ne.jp
81,Haily,Maxfield,hmaxfield28@flickr.com
82,Tamar,Butterworth,tbutterworth29@clickbank.net
83,Thomas,Cornforth,tcornforth2a@yelp.com
84,Eugenie,Gosland,egosland2b@rambler.ru
85,Beck,Stobo,bstobo2c@ning.com
86,Vale,Giovanazzi,vgiovanazzi2d@unblog.fr
87,Tansy,Hunnicot,thunnicot2e@jiathis.com
88,Myrle,Critzen,mcritzen2f@wsj.com
89,Ambrosi,Mabbe,amabbe2g@alexa.com
90,Merlina,Greed,mgreed2h@hibu.com
91,Devlen,Brimicombe,dbrimicombe2i@merriam-webster.com
92,Ag,Senechell,asenechell2j@bing.com
93,Beverly,Geraldini,bgeraldini2k@sfgate.com
94,Lavina,Quantrell,lquantrell2l@sakura.ne.jp
95,Tiebout,Gallimore,tgallimore2m@discuz.net
96,Garfield,Rangell,grangell2n@cocolog-nifty.com
97,Kym,De Rye Barrett,kderyebarrett2o@a8.net
98,Jaymie,Gowanson,jgowanson2p@dedecms.com
99,Berry,Smallacombe,bsmallacombe2q@a8.net
100,Margit,Dimbylow,mdimbylow2r@live.com
101,Meriel,Curneen,mcurneen2s@linkedin.com
102,Tobie,Shreenan,tshreenan2t@jimdo.com
103,Berkie,Thirlwell,bthirlwell2u@tamu.edu
104,Wade,Goulbourn,wgoulbourn2v@un.org
105,Peterus,Strang,pstrang2w@trellian.com
106,Ivy,O'Deoran,iodeoran2x@tmall.com
107,Hyacintha,Kipling,hkipling2y@squidoo.com
108,Teddy,Bedinham,tbedinham2z@thetimes.co.uk
109,Benjie,Farran,bfarran30@i2i.jp
110,Melisse,Dunnion,mdunnion31@springer.com
111,Dall,Rosenblad,drosenblad32@yahoo.co.jp
112,Odo,Klyner,oklyner33@telegraph.co.uk
113,Giles,Longson,glongson34@ow.ly
114,Laura,Murthwaite,lmurthwaite35@bloomberg.com
115,Octavia,Paradise,oparadise36@cafepress.com
116,Thor,Breeds,tbreeds37@spotify.com
117,Alister,Rowell,arowell38@last.fm
118,Cristiano,Joliffe,cjoliffe39@japanpost.jp
119,Irving,Haibel,ihaibel3a@quantcast.com
120,Melicent,McParlin,mmcparlin3b@oracle.com
121,Beulah,Bouette,bbouette3c@exblog.jp
122,Harriot,Husk,hhusk3d@biglobe.ne.jp
123,Maurise,Croft,mcroft3e@123-reg.co.uk
124,Lyda,Roebottom,lroebottom3f@so-net.ne.jp
125,Bartolemo,Kowal,bkowal3g@digg.com
126,Rey,Bloor,rbloor3h@i2i.jp
127,Virgie,Youson,vyouson3i@trellian.com
128,Flynn,Gionettitti,fgionettitti3j@freewebs.com
129,Terra,Laurenty,tlaurenty3k@nih.gov
130,Gene,Richardt,grichardt3l@cocolog-nifty.com
131,Byrom,Mulvey,bmulvey3m@opensource.org
132,Jacklin,Bigland,jbigland3n@wordpress.org
133,Merridie,Barraclough,mbarraclough3o@yellowbook.com
134,Justis,Melsom,jmelsom3p@jugem.jp
135,Marie-jeanne,Yanukhin,myanukhin3q@about.me
136,Selle,Beaby,sbeaby3r@paginegialle.it
137,Axel,Carress,acarress3s@prweb.com
138,Jaine,Scraney,jscraney3t@who.int
139,Mallorie,Gors,mgors3u@friendfeed.com
140,Marietta,Crecy,mcrecy3v@patch.com
141,Camila,Gambrell,cgambrell3w@howstuffworks.com
142,Bailey,Krollman,bkrollman3x@shutterfly.com
143,Pamelina,Mart,pmart3y@dailymotion.com
144,Torr,Pavlovsky,tpavlovsky3z@diigo.com
145,Riki,Duffin,rduffin40@bloglines.com
146,Belva,Donohoe,bdonohoe41@webnode.com
147,Irena,Buglass,ibuglass42@multiply.com
148,Carmon,Syseland,csyseland43@vistaprint.com
149,Kelly,Wolfe,kwolfe44@vinaora.com
150,Cristal,Driver,cdriver45@clickbank.net
151,Petronilla,Polsin,ppolsin46@shutterfly.com
152,Loutitia,Rodolico,lrodolico47@theglobeandmail.com
153,Rockwell,Jirek,rjirek48@usnews.com
154,Brandy,Macvey,bmacvey49@shop-pro.jp
155,Boigie,Locket,blocket4a@cbslocal.com
156,Cleopatra,Beaze,cbeaze4b@statcounter.com
157,Ethelind,Shrimpton,eshrimpton4c@home.pl
158,Rudolf,Wetherburn,rwetherburn4d@nih.gov
159,Jesselyn,Maven,jmaven4e@simplemachines.org
160,Adrian,Chaudron,achaudron4f@geocities.com
161,Evangeline,Mottram,emottram4g@wikipedia.org
162,Dreddy,Bessey,dbessey4h@weibo.com
163,Elisabet,Tilbury,etilbury4i@time.com
164,Dacy,Heartfield,dheartfield4j@dropbox.com
165,Brigida,Abram,babram4k@wordpress.com
166,Ermanno,Flahy,eflahy4l@ftc.gov
167,Paolina,Gladyer,pgladyer4m@delicious.com
168,Sarette,Barlthrop,sbarlthrop4n@auda.org.au
169,Gal,Goring,ggoring4o@pinterest.com
170,Becki,McAndie,bmcandie4p@feedburner.com
171,Rudiger,Garron,rgarron4q@homestead.com
172,Juan,Woolston,jwoolston4r@dedecms.com
173,Brier,Ranger,branger4s@reddit.com
174,Kayla,Blodget,kblodget4t@washington.edu
175,Bartolemo,Pembery,bpembery4u@istockphoto.com
176,Abie,Stirrip,astirrip4v@a8.net
177,Catlaina,Hucknall,chucknall4w@prnewswire.com
178,Micheil,Le Fleming,mlefleming4x@hexun.com
179,Carine,Schulkins,cschulkins4y@dailymotion.com
180,Stephana,Nettles,snettles4z@jugem.jp
181,Kip,Dorning,kdorning50@nba.com
182,Elisabetta,Fyndon,efyndon51@smugmug.com
183,Vern,Sheahan,vsheahan52@clickbank.net
184,Zak,Blenkinship,zblenkinship53@furl.net
185,Elene,Pigram,epigram54@imageshack.us
186,Julius,Girardini,jgirardini55@techcrunch.com
187,Trenna,Pulsford,tpulsford56@washingtonpost.com
188,Jonell,Tibalt,jtibalt57@businessweek.com
189,Brand,Jearum,bjearum58@gmpg.org
190,Shelia,McElrath,smcelrath59@cnn.com
191,Luci,Christoffersen,lchristoffersen5a@ft.com
192,Kennie,Jeff,kjeff5b@google.es
193,Ester,Dalley,edalley5c@eepurl.com
194,Boote,Dallywater,bdallywater5d@indiegogo.com
195,Piggy,Seleway,pseleway5e@boston.com
196,Doralin,Roseborough,droseborough5f@jugem.jp
197,Daffie,Vignaux,dvignaux5g@wired.com
198,Bonni,Imorts,bimorts5h@com.com
199,Kyle,Girault,kgirault5i@salon.com
200,Lilah,Sugge,lsugge5j@spiegel.de
201,Thorn,Souster,tsouster5k@163.com
202,Abagael,Denslow,adenslow5l@xing.com
203,Cal,Tonsley,ctonsley5m@usa.gov
204,Mel,Maggi,mmaggi5n@google.co.jp
205,Jennee,Cadell,jcadell5o@vkontakte.ru
206,Miriam,Borel,mborel5p@soup.io
207,Tove,Reignould,treignould5q@bing.com
208,Pearce,Mathewes,pmathewes5r@oaic.gov.au
209,Pavel,MacKimm,pmackimm5s@sakura.ne.jp
210,Coralie,Leathwood,cleathwood5t@newyorker.com
211,Fletcher,Deacon,fdeacon5u@si.edu
212,Chaddie,Hestrop,chestrop5v@vistaprint.com
213,Odessa,Hewson,ohewson5w@acquirethisname.com
214,Veronique,Stanyan,vstanyan5x@yolasite.com
215,Lotta,McKeever,lmckeever5y@nytimes.com
216,Eugen,Janc,ejanc5z@chron.com
217,Bonni,Bartels,bbartels60@dot.gov
218,Delmer,Marquet,dmarquet61@ezinearticles.com
219,Pearce,McEvon,pmcevon62@ted.com
220,Flemming,Benbough,fbenbough63@usgs.gov
221,Nestor,Janous,njanous64@bbc.co.uk
222,Bancroft,Reape,breape65@networkadvertising.org
223,Garvin,Woffinden,gwoffinden66@dmoz.org
224,Rafaello,Box,rbox67@ehow.com
225,Ashli,Bawdon,abawdon68@europa.eu
226,Zena,Birkinshaw,zbirkinshaw69@fastcompany.com
227,Chelsey,Steutly,csteutly6a@homestead.com
228,Cobb,Yanson,cyanson6b@foxnews.com
229,Amy,Winterbottom,awinterbottom6c@mlb.com
230,Preston,Pratte,ppratte6d@exblog.jp
231,Shea,Chamberlin,schamberlin6e@google.nl
232,Susannah,Feaks,sfeaks6f@shop-pro.jp
233,Ellswerth,Rubertelli,erubertelli6g@dot.gov
234,Neale,Richen,nrichen6h@xing.com
235,Donalt,Hurn,dhurn6i@nba.com
236,Zonnya,Rolfo,zrolfo6j@youku.com
237,Bud,Mancer,bmancer6k@i2i.jp
238,Elmira,Schulkins,eschulkins6l@uol.com.br
239,Ossie,Wooffitt,owooffitt6m@skype.com
240,Huntley,Rizzetti,hrizzetti6n@microsoft.com
241,Sly,Riccetti,sriccetti6o@unc.edu
242,Michaela,Cranage,mcranage6p@umich.edu
243,Mayne,Jelf,mjelf6q@comsenz.com
244,Quinlan,Menendez,qmenendez6r@aol.com
245,Tann,Philippard,tphilippard6s@microsoft.com
246,Sharlene,Hum,shum6t@bloglines.com
247,Marlene,Tappor,mtappor6u@oakley.com
248,Demetri,Stormouth,dstormouth6v@aol.com
249,Fredek,Hamlen,fhamlen6w@census.gov
250,Todd,Goter,tgoter6x@artisteer.com
251,Krissie,Varney,kvarney6y@nytimes.com
252,Batsheva,Morilla,bmorilla6z@bloglovin.com
253,Sid,Diaper,sdiaper70@hostgator.com
254,Fredrika,Cromwell,fcromwell71@cmu.edu
255,Wandie,Kinge,wkinge72@google.nl
256,Brenna,Algeo,balgeo73@wired.com
257,Giulietta,Conway,gconway74@twitpic.com
258,Asia,Loughman,aloughman75@hp.com
259,Lilla,Turfrey,lturfrey76@loc.gov
260,Adriana,Arnett,aarnett77@delicious.com
261,Ferdinanda,Vince,fvince78@msu.edu
262,Jeannie,Caldaro,jcaldaro79@github.io
263,Cris,Mammatt,cmammatt7a@dmoz.org
264,Frasquito,Trimbey,ftrimbey7b@amazon.de
265,Evvie,De Mattia,edemattia7c@whitehouse.gov
266,Graham,Turmel,gturmel7d@squarespace.com
267,Stillmann,Twoohy,stwoohy7e@cmu.edu
268,Pavia,Danaher,pdanaher7f@omniture.com
269,Parsifal,Gonneau,pgonneau7g@google.es
270,Gram,Batram,gbatram7h@blinklist.com
271,Garold,Clemmen,gclemmen7i@businessweek.com
272,Fonsie,Minor,fminor7j@weibo.com
273,Thayne,Kinnane,tkinnane7k@sourceforge.net
274,Winny,Bowmen,wbowmen7l@smugmug.com
275,Hallie,Cahey,hcahey7m@usatoday.com
276,Iosep,Tams,itams7n@edublogs.org
277,Ham,Hare,hhare7o@usgs.gov
278,Emilio,Vian,evian7p@t.co
279,Nolly,Bampkin,nbampkin7q@blogtalkradio.com
280,Dorene,Caulliere,dcaulliere7r@newsvine.com
281,Sonnnie,Miere,smiere7s@noaa.gov
282,Darius,Cordall,dcordall7t@histats.com
283,Jamey,Mathan,jmathan7u@geocities.jp
284,Pam,Goodisson,pgoodisson7v@go.com
285,Arron,Redparth,aredparth7w@imdb.com
286,Basil,Bottrill,bbottrill7x@yahoo.com
287,Tremaine,Clemmow,tclemmow7y@hud.gov
288,Vale,Lepper,vlepper7z@marketwatch.com
289,Thibaud,Everill,teverill80@google.it
290,Emeline,Liddyard,eliddyard81@ezinearticles.com
291,Nickolaus,Ostler,nostler82@twitpic.com
292,Conny,Dohr,cdohr83@histats.com
293,Merline,Riedel,mriedel84@chicagotribune.com
294,Georgina,Di Ruggiero,gdiruggiero85@topsy.com
295,Wat,Robillart,wrobillart86@bravesites.com
296,Babara,Mougel,bmougel87@umich.edu
297,Edith,Salter,esalter88@symantec.com
298,Christalle,Brasseur,cbrasseur89@feedburner.com
299,Jeffrey,Fuggles,jfuggles8a@tmall.com
300,Palmer,Collingdon,pcollingdon8b@pinterest.com
301,Bonnee,Dennett,bdennett8c@utexas.edu
302,Fidela,Whitney,fwhitney8d@skyrock.com
303,Timoteo,Whithorn,twhithorn8e@nifty.com
304,Constancia,Sharpley,csharpley8f@wordpress.org
305,Pyotr,Klug,pklug8g@va.gov
306,Biddy,Denkin,bdenkin8h@example.com
307,Willem,Augar,waugar8i@hud.gov
308,Karyl,Vickery,kvickery8j@reverbnation.com
309,Hamid,Lefeuvre,hlefeuvre8k@blinklist.com
310,Latashia,Lomax,llomax8l@cbc.ca
311,Karola,Anshell,kanshell8m@mlb.com
312,Ross,Richly,rrichly8n@cafepress.com
313,Gradey,Letterese,gletterese8o@marketwatch.com
314,Lisetta,Lamey,llamey8p@hexun.com
315,Maribel,Langelaan,mlangelaan8q@tinypic.com
316,Langsdon,Jakubovski,ljakubovski8r@nhs.uk
317,Hermione,Orrah,horrah8s@i2i.jp
318,Orlan,Blinder,oblinder8t@wikia.com
319,Maynord,Degli Abbati,mdegliabbati8u@gmpg.org
320,Dukie,McJerrow,dmcjerrow8v@disqus.com
321,Karlis,Reely,kreely8w@arstechnica.com
322,Arri,Dowrey,adowrey8x@csmonitor.com
323,Jaine,Antonnikov,jantonnikov8y@fotki.com
324,Bellanca,Megahey,bmegahey8z@soundcloud.com
325,Bennie,Clail,bclail90@over-blog.com
326,Mart,Nisen,mnisen91@wsj.com
327,Silva,Schimaschke,sschimaschke92@ow.ly
328,Addison,Barbrick,abarbrick93@alibaba.com
329,Ester,Vedekhov,evedekhov94@edublogs.org
330,Waly,Riggs,wriggs95@altervista.org
331,Delila,Bayles,dbayles96@ucsd.edu
332,Mylo,Lansley,mlansley97@baidu.com
333,Tedmund,Worham,tworham98@mayoclinic.com
334,Cassandra,Raft,craft99@blogspot.com
335,Dorothy,Hillborne,dhillborne9a@pcworld.com
336,Kerwin,Zappel,kzappel9b@fc2.com
337,Ambrosio,Dufore,adufore9c@accuweather.com
338,Sibbie,Robarts,srobarts9d@oaic.gov.au
339,Beck,Boldecke,bboldecke9e@google.co.jp
340,Shanda,Josling,sjosling9f@i2i.jp
341,Gus,Macvey,gmacvey9g@wp.com
342,Sydney,Mc Combe,smccombe9h@lycos.com
343,Dall,Bakewell,dbakewell9i@blinklist.com
344,Eartha,Freed,efreed9j@ow.ly
345,Gianna,Dannel,gdannel9k@irs.gov
346,Lockwood,Saull,lsaull9l@ebay.com
347,Beau,Colleer,bcolleer9m@salon.com
348,Brynna,Menlow,bmenlow9n@imageshack.us
349,Bevan,Cummungs,bcummungs9o@hatena.ne.jp
350,Rosamond,Jeaycock,rjeaycock9p@dedecms.com
351,Michail,Poyner,mpoyner9q@businessweek.com
352,Dilan,Bilbery,dbilbery9r@mayoclinic.com
353,Knox,Gulliver,kgulliver9s@dailymotion.com
354,Dionisio,Gronaller,dgronaller9t@amazon.com
355,Berry,Gillbee,bgillbee9u@51.la
356,Madelaine,Smithson,msmithson9v@icq.com
357,Granny,Schmuhl,gschmuhl9w@ucoz.ru
358,Artus,Moubray,amoubray9x@csmonitor.com
359,Gerald,Gyorffy,ggyorffy9y@apple.com
360,Tristan,Pymer,tpymer9z@google.it
361,Dorisa,Sneden,dsnedena0@guardian.co.uk
362,Mitch,Babalola,mbabalolaa1@typepad.com
363,Hyatt,Merryman,hmerrymana2@smugmug.com
364,Shirleen,Kettley,skettleya3@netscape.com
365,Theodora,Gamble,tgamblea4@wikispaces.com
366,Romola,Dirr,rdirra5@vimeo.com
367,Guntar,Ismead,gismeada6@wordpress.com
368,Franny,Biers,fbiersa7@naver.com
369,Gerardo,Ockland,gocklanda8@printfriendly.com
370,Kass,MacNeachtain,kmacneachtaina9@usatoday.com
371,Eadith,Berks,eberksaa@yale.edu
372,Wally,Seeking,wseekingab@ca.gov
373,Nettle,Hewertson,nhewertsonac@nsw.gov.au
374,Gonzales,Beardow,gbeardowad@twitter.com
375,Hy,Batrick,hbatrickae@webnode.com
376,Mikael,Sharrem,msharremaf@umn.edu
377,Jacquelyn,Hartwright,jhartwrightag@illinois.edu
378,Paige,Muldowney,pmuldowneyah@ehow.com
379,Gearalt,Ezzle,gezzleai@csmonitor.com
380,Izabel,Floch,iflochaj@example.com
381,Silvio,Loffel,sloffelak@ed.gov
382,Dodie,Upshall,dupshallal@pen.io
383,Hedda,Scrase,hscraseam@economist.com
384,Laurent,Lyndon,llyndonan@desdev.cn
385,Isador,Gavigan,igaviganao@hubpages.com
386,Vin,Gladstone,vgladstoneap@t.co
387,Ailee,Newing,anewingaq@mozilla.com
388,Mord,Josefsen,mjosefsenar@usgs.gov
389,Ysabel,Hodges,yhodgesas@psu.edu
390,Edith,Heikkinen,eheikkinenat@cargocollective.com
391,Darrelle,Pellman,dpellmanau@pinterest.com
392,Jewelle,Anstie,janstieav@dion.ne.jp
393,Ernaline,Brodeur,ebrodeuraw@angelfire.com
394,Virgina,Haycox,vhaycoxax@umich.edu
395,Russell,Twigg,rtwiggay@archive.org
396,Gerrie,Robens,grobensaz@mayoclinic.com
397,Ruthe,Murrigans,rmurrigansb0@a8.net
398,Edwin,Laxtonne,elaxtonneb1@themeforest.net
399,Jayme,Andriuzzi,jandriuzzib2@163.com
400,Mikaela,Crunden,mcrundenb3@craigslist.org
401,Law,Swallow,lswallowb4@reddit.com
402,Sunny,Mulcock,smulcockb5@google.fr
403,Lemmy,Hindshaw,lhindshawb6@example.com
404,Adorne,Cleeves,acleevesb7@omniture.com
405,Orly,Berndtssen,oberndtssenb8@mapy.cz
406,Pembroke,Cranney,pcranneyb9@opensource.org
407,Tabatha,Pellant,tpellantba@unblog.fr
408,Linet,Landeg,llandegbb@java.com
409,Dahlia,Lattie,dlattiebc@123-reg.co.uk
410,Ber,Tomala,btomalabd@cisco.com
411,Robbyn,Speller,rspellerbe@webmd.com
412,Kareem,O'Donnelly,kodonnellybf@aboutads.info
413,Halette,Brislawn,hbrislawnbg@multiply.com
414,Hester,Rounsivall,hrounsivallbh@columbia.edu
415,Hector,Ferrea,hferreabi@seesaa.net
416,Ruthe,Bewfield,rbewfieldbj@ovh.net
417,Adler,Clashe,aclashebk@mit.edu
418,Nessie,Jacobs,njacobsbl@scientificamerican.com
419,Melly,Zolini,mzolinibm@themeforest.net
420,Kit,Feye,kfeyebn@ted.com
421,Lonna,Barrass,lbarrassbo@bloglines.com
422,Robbie,Hankey,rhankeybp@cisco.com
423,Malissia,Towhey,mtowheybq@economist.com
424,Rosana,Chopin,rchopinbr@usnews.com
425,Roley,Lipscomb,rlipscombbs@harvard.edu
426,Kirby,Bilham,kbilhambt@github.io
427,Dory,Vergine,dverginebu@webs.com
428,Loleta,Ife,lifebv@disqus.com
429,Vida,Wardell,vwardellbw@ox.ac.uk
430,Orin,Bulman,obulmanbx@yolasite.com
431,Averill,Bernardeschi,abernardeschiby@wp.com
432,Margette,Vido,mvidobz@delicious.com
433,Dino,Brunsen,dbrunsenc0@artisteer.com
434,Harrison,Dana,hdanac1@blinklist.com
435,Luciana,Halifax,lhalifaxc2@phoca.cz
436,Kurtis,Meyrick,kmeyrickc3@ustream.tv
437,Genni,Braz,gbrazc4@i2i.jp
438,Dacy,Tanzer,dtanzerc5@exblog.jp
439,Ashley,Grenville,agrenvillec6@zdnet.com
440,Rafaello,Langrish,rlangrishc7@va.gov
441,Ximenez,Gives,xgivesc8@stanford.edu
442,Torr,Abels,tabelsc9@forbes.com
443,Cindra,Gomery,cgomeryca@microsoft.com
444,Gaspard,Sutherington,gsutheringtoncb@cnet.com
445,Charmane,Meriguet,cmeriguetcc@harvard.edu
446,Lissi,Pengilley,lpengilleycd@smugmug.com
447,Cathryn,Harniman,charnimance@java.com
448,Shaun,Ricks,srickscf@illinois.edu
449,Asia,Smallshaw,asmallshawcg@hud.gov
450,Dorthea,McCreery,dmccreerych@sogou.com
451,Gan,Rieflin,grieflinci@last.fm
452,Rudiger,Beeching,rbeechingcj@list-manage.com
453,Jacquetta,Sharnock,jsharnockck@pagesperso-orange.fr
454,Wendie,Fair,wfaircl@forbes.com
455,Cyrill,Worral,cworralcm@imdb.com
456,Ealasaid,Klessmann,eklessmanncn@yandex.ru
457,Baxy,Mirfield,bmirfieldco@ca.gov
458,Bertine,Ruffles,brufflescp@typepad.com
459,Veronique,McKendry,vmckendrycq@pagesperso-orange.fr
460,Sheilakathryn,Summerell,ssummerellcr@blogtalkradio.com
461,Spencer,Muddicliffe,smuddicliffecs@gnu.org
462,Mohandis,Libby,mlibbyct@smugmug.com
463,Gratia,Jantel,gjantelcu@intel.com
464,Stefan,Tesimon,stesimoncv@craigslist.org
465,Niki,Venners,nvennerscw@state.tx.us
466,Nevil,O'Cuddie,nocuddiecx@netscape.com
467,Tanner,Spirritt,tspirrittcy@answers.com
468,Cally,Ivanusyev,civanusyevcz@forbes.com
469,Shari,D'Errico,sderricod0@patch.com
470,Cobbie,McTrustie,cmctrustied1@globo.com
471,Merrilee,Cussons,mcussonsd2@cpanel.net
472,Lilli,Redler,lredlerd3@topsy.com
473,Base,Alsford,balsfordd4@google.com
474,Waverley,Attawell,wattawelld5@nytimes.com
475,Andria,Gurge,agurged6@jiathis.com
476,Raymund,Keitley,rkeitleyd7@sciencedaily.com
477,Etienne,Emmens,eemmensd8@acquirethisname.com
478,Tiphany,Nicklinson,tnicklinsond9@bloglines.com
479,Maybelle,Simonou,msimonouda@list-manage.com
480,Alisha,Coventry,acoventrydb@comcast.net
481,Odie,Edmonds,oedmondsdc@themeforest.net
482,Shane,Puttan,sputtandd@usda.gov
483,Jamey,Baldry,jbaldryde@163.com
484,Abigail,O'Hagirtie,aohagirtiedf@dagondesign.com
485,Cyndi,Raymont,craymontdg@plala.or.jp
486,Donal,Golden of Ireland,dgoldenofirelanddh@google.fr
487,Ida,Sowerbutts,isowerbuttsdi@engadget.com
488,Perice,Skirrow,pskirrowdj@columbia.edu
489,Alvera,MacAne,amacanedk@nymag.com
490,Drugi,Dain,ddaindl@php.net
491,Fanya,Lukianov,flukianovdm@bigcartel.com
492,Vilhelmina,Butterly,vbutterlydn@archive.org
493,Jemmy,Gameson,jgamesondo@ocn.ne.jp
494,Wayne,Haensel,whaenseldp@bloglines.com
495,Sheila,Arnett,sarnettdq@gmpg.org
496,Hinda,Eve,hevedr@flavors.me
497,Rosemary,Whitmore,rwhitmoreds@taobao.com
498,Terese,Garrick,tgarrickdt@arstechnica.com
499,Sylvan,Stollenwerck,sstollenwerckdu@epa.gov
500,Sonnie,Kelsell,skelselldv@usda.gov
501,Enid,Sedgmond,esedgmonddw@mysql.com
502,Paddie,Gordge,pgordgedx@sun.com
503,Milly,Nisuis,mnisuisdy@webs.com
504,Rica,Eatock,reatockdz@php.net
505,Wylie,Eltun,weltune0@jalbum.net
506,Linus,Fawdrie,lfawdriee1@ycombinator.com
507,Charla,Bruinsma,cbruinsmae2@cbc.ca
508,Georgianna,Lippatt,glippatte3@gizmodo.com
509,Lamar,Cowsby,lcowsbye4@arstechnica.com
510,Angelle,Ding,adinge5@fema.gov
511,Christian,Essame,cessamee6@mysql.com
512,Wald,Benthall,wbenthalle7@techcrunch.com
513,Janet,Castiblanco,jcastiblancoe8@homestead.com
514,Janice,Stackbridge,jstackbridgee9@microsoft.com
515,Kitti,Bednall,kbednallea@europa.eu
516,Dorisa,O'Scannill,doscannilleb@google.com.au
517,Legra,Bullon,lbullonec@ezinearticles.com
518,Damian,Crippill,dcrippilled@topsy.com
519,Henri,Jirik,hjirikee@icio.us
520,Serene,Lanney,slanneyef@amazonaws.com
521,Michell,Guillou,mguilloueg@plala.or.jp
522,Aline,Zecchi,azecchieh@jimdo.com
523,Cooper,Allchin,callchinei@comsenz.com
524,Leda,Beneteau,lbeneteauej@irs.gov
525,Leyla,Pagitt,lpagittek@house.gov
526,Hank,Blondin,hblondinel@dot.gov
527,Erinna,Millson,emillsonem@wix.com
528,Blondelle,Klauber,bklauberen@nasa.gov
529,Herrick,Venditto,hvendittoeo@chronoengine.com
530,Filide,Brierley,fbrierleyep@scientificamerican.com
531,Tammie,Auden,taudeneq@delicious.com
532,Guillema,Verner,gvernerer@economist.com
533,Stephan,Jurisch,sjurisches@trellian.com
534,Dew,Spehr,dspehret@umich.edu
535,Prudi,MacRierie,pmacrierieeu@usnews.com
536,Donnell,Wilne,dwilneev@census.gov
537,Ruby,Lockie,rlockieew@linkedin.com
538,Marnia,Napton,mnaptonex@topsy.com
539,Chrissy,Huskinson,chuskinsoney@state.tx.us
540,Klara,Mount,kmountez@ted.com
541,Rowen,Lancetter,rlancetterf0@multiply.com
542,Brita,Postians,bpostiansf1@jugem.jp
543,Marrilee,Hurdidge,mhurdidgef2@economist.com
544,Davey,Causton,dcaustonf3@qq.com
545,Walsh,Ransome,wransomef4@redcross.org
546,Malissia,Guitte,mguittef5@tiny.cc
547,Ruy,Gulc,rgulcf6@themeforest.net
548,Channa,Le Brun,clebrunf7@mit.edu
549,Shelby,Jallin,sjallinf8@tinyurl.com
550,John,Heenan,jheenanf9@pcworld.com
551,Sol,Connolly,sconnollyfa@nba.com
552,Fran,Ollarenshaw,follarenshawfb@bbb.org
553,Way,Prestidge,wprestidgefc@telegraph.co.uk
554,Linnet,Page,lpagefd@bloglovin.com
555,Daffi,Dysart,ddysartfe@123-reg.co.uk
556,Claudio,Esbrook,cesbrookff@google.pl
557,Rad,Pancoast,rpancoastfg@cornell.edu
558,Elwyn,Python,epythonfh@jigsy.com
559,Kelley,Skocroft,kskocroftfi@typepad.com
560,Toinette,Stieger,tstiegerfj@domainmarket.com
561,Sophronia,Winsper,swinsperfk@typepad.com
562,Anselm,Antwis,aantwisfl@ihg.com
563,Ahmed,Penwright,apenwrightfm@army.mil
564,Doy,Gradwell,dgradwellfn@istockphoto.com
565,Brandais,McInnes,bmcinnesfo@ox.ac.uk
566,Alissa,Janku,ajankufp@yelp.com
567,Amalia,Tissiman,atissimanfq@amazonaws.com
568,Joell,Kordova,jkordovafr@aol.com
569,Gunther,Erdely,gerdelyfs@usgs.gov
570,Osbert,Markushkin,omarkushkinft@fastcompany.com
571,Merrily,Armin,marminfu@foxnews.com
572,Debbi,Aberkirdo,daberkirdofv@ibm.com
573,Flossie,Stebbings,fstebbingsfw@comsenz.com
574,Jacklin,Salkeld,jsalkeldfx@csmonitor.com
575,Maggi,Tulk,mtulkfy@51.la
576,Vania,Robez,vrobezfz@ycombinator.com
577,Rhona,Pennigar,rpennigarg0@engadget.com
578,Pia,Winnister,pwinnisterg1@cdc.gov
579,Wake,Serjent,wserjentg2@squarespace.com
580,Constantia,Grafom,cgrafomg3@patch.com
581,Hanan,Hillborne,hhillborneg4@irs.gov
582,Duane,Secker,dseckerg5@google.it
583,Lionel,Wrates,lwratesg6@list-manage.com
584,Loutitia,Moulder,lmoulderg7@lulu.com
585,Tades,Guest,tguestg8@cloudflare.com
586,Cathi,Straw,cstrawg9@economist.com
587,Lianna,Dunaway,ldunawayga@people.com.cn
588,Brandise,MacIver,bmacivergb@about.me
589,Ramonda,Dabinett,rdabinettgc@cmu.edu
590,Tabbatha,Bowller,tbowllergd@altervista.org
591,Flinn,Hevner,fhevnerge@photobucket.com
592,Holly,Brayne,hbraynegf@smh.com.au
593,Mikael,Jambrozek,mjambrozekgg@tinyurl.com
594,Carly,Pachmann,cpachmanngh@princeton.edu
595,Natividad,Tuttle,ntuttlegi@theatlantic.com
596,Nananne,Stamps,nstampsgj@acquirethisname.com
597,Cordelia,Bukac,cbukacgk@amazon.co.jp
598,Anestassia,Sawdon,asawdongl@cbslocal.com
599,Adora,Van Ross,avanrossgm@twitpic.com
600,Giacomo,Arnull,garnullgn@goodreads.com
601,Maura,Simkins,msimkinsgo@i2i.jp
602,Rozamond,Menier,rmeniergp@google.cn
603,Joel,Kumaar,jkumaargq@dailymotion.com
604,Alison,Telford,atelfordgr@elegantthemes.com
605,Eldin,Quilkin,equilkings@meetup.com
606,Leslie,Fuzzens,lfuzzensgt@prweb.com
607,Nanice,Hudspith,nhudspithgu@icq.com
608,Venita,Dargavel,vdargavelgv@cdc.gov
609,Ardenia,Eingerfield,aeingerfieldgw@amazon.co.jp
610,Eudora,Fuchs,efuchsgx@instagram.com
611,Amie,Hasney,ahasneygy@timesonline.co.uk
612,Roxine,Lemmen,rlemmengz@addthis.com
613,Hogan,Dougliss,hdouglissh0@phoca.cz
614,Flinn,Fendt,ffendth1@domainmarket.com
615,Arabela,Malenfant,amalenfanth2@ihg.com
616,Carmela,Whitlock,cwhitlockh3@ovh.net
617,Sibelle,Keppy,skeppyh4@dagondesign.com
618,Waiter,Matthewman,wmatthewmanh5@fastcompany.com
619,Gilligan,Eteen,geteenh6@ebay.co.uk
620,Marielle,Marciek,mmarciekh7@mozilla.com
621,Northrup,Sollime,nsollimeh8@arstechnica.com
622,Odilia,Sievewright,osievewrighth9@biblegateway.com
623,Reuven,Deyenhardt,rdeyenhardtha@imgur.com
624,Jethro,Hallet,jhallethb@tamu.edu
625,Perice,Conway,pconwayhc@printfriendly.com
626,Korney,Chuck,kchuckhd@e-recht24.de
627,Baxter,Feltoe,bfeltoehe@joomla.org
628,Celestyna,Phinnis,cphinnishf@pcworld.com
629,Andres,Knutton,aknuttonhg@cyberchimps.com
630,Estelle,Fortune,efortunehh@miibeian.gov.cn
631,Callean,Rigardeau,crigardeauhi@opensource.org
632,Camila,Tomlinson,ctomlinsonhj@pbs.org
633,Clareta,Kitchaside,ckitchasidehk@google.pl
634,Rodi,Frid,rfridhl@forbes.com
635,Phylys,Worsfield,pworsfieldhm@gizmodo.com
636,Nanny,Plaistowe,nplaistowehn@xing.com
637,Margaretha,Lapworth,mlapworthho@usda.gov
638,Oralia,Peagram,opeagramhp@ted.com
639,Fan,Adame,fadamehq@businesswire.com
640,Ross,Bawles,rbawleshr@livejournal.com
641,Lorraine,Setch,lsetchhs@eventbrite.com
642,Osbert,Cheetam,ocheetamht@dell.com
643,Ingeberg,Melchior,imelchiorhu@aboutads.info
644,Lutero,Bellows,lbellowshv@domainmarket.com
645,Hillier,Clamp,hclamphw@usda.gov
646,Charlot,Currao,ccurraohx@acquirethisname.com
647,Kaitlin,Dumper,kdumperhy@mlb.com
648,Oswell,McCorley,omccorleyhz@stumbleupon.com
649,Caryn,Joice,cjoicei0@kickstarter.com
650,Lammond,Adamovich,ladamovichi1@slideshare.net
651,Kristal,Vasler,kvasleri2@ezinearticles.com
652,Rip,McGuggy,rmcguggyi3@loc.gov
653,Kerby,Witham,kwithami4@furl.net
654,Kenton,Webling,kweblingi5@vistaprint.com
655,Danice,Pley,dpleyi6@scientificamerican.com
656,Granny,Gamble,ggamblei7@qq.com
657,Hildagard,Davinet,hdavineti8@ox.ac.uk
658,Adorne,Dumbellow,adumbellowi9@surveymonkey.com
659,Roy,Halso,rhalsoia@livejournal.com
660,Carline,Mc Grath,cmcgrathib@unblog.fr
661,Analiese,Littledyke,alittledykeic@goo.gl
662,Beryl,Renyard,brenyardid@nature.com
663,Adele,Lorkings,alorkingsie@newyorker.com
664,Bess,Pedycan,bpedycanif@desdev.cn
665,Sergio,de Zamora,sdezamoraig@amazon.de
666,Caron,Coners,cconersih@netvibes.com
667,Genny,Lyard,glyardii@joomla.org
668,Alyosha,Week,aweekij@issuu.com
669,Lizabeth,Vinsen,lvinsenik@bluehost.com
670,Jennifer,Mumberson,jmumbersonil@google.com.br
671,Cloe,Goodfellowe,cgoodfelloweim@ow.ly
672,Kenyon,Jezard,kjezardin@google.es
673,Dredi,Nanninini,dnannininiio@prweb.com
674,Joana,Dybell,jdybellip@usatoday.com
675,Zebulen,Noorwood,znoorwoodiq@go.com
676,Jerrilyn,Board,jboardir@sina.com.cn
677,Anni,Gelderd,agelderdis@weebly.com
678,Elliott,Challes,echallesit@who.int
679,Lacey,Addionisio,laddionisioiu@harvard.edu
680,Rodolphe,Brasier,rbrasieriv@msn.com
681,Katie,Archanbault,karchanbaultiw@tuttocitta.it
682,Lothario,Heining,lheiningix@hp.com
683,Vinnie,Stranger,vstrangeriy@jimdo.com
684,Leland,Batalle,lbatalleiz@plala.or.jp
685,Hank,Yurocjkin,hyurocjkinj0@gmpg.org
686,Bert,Bottelstone,bbottelstonej1@quantcast.com
687,Milton,Coventon,mcoventonj2@github.com
688,Paxon,Perocci,pperoccij3@hatena.ne.jp
689,Khalil,Mokes,kmokesj4@ox.ac.uk
690,Christen,Brislan,cbrislanj5@discuz.net
691,Hallie,Lavery,hlaveryj6@washington.edu
692,Dorena,Nason,dnasonj7@stanford.edu
693,Devondra,Espinoza,despinozaj8@istockphoto.com
694,Hally,Domaschke,hdomaschkej9@pcworld.com
695,Rosalynd,Manley,rmanleyja@yale.edu
696,Lowrance,Chilvers,lchilversjb@biblegateway.com
697,Vonni,Bernardin,vbernardinjc@berkeley.edu
698,Deanne,Aartsen,daartsenjd@ycombinator.com
699,Kristos,ducarme,kducarmeje@discovery.com
700,Ab,Daldry,adaldryjf@pinterest.com
701,Nataniel,Goulden,ngouldenjg@list-manage.com
702,Gabey,Pizzie,gpizziejh@weather.com
703,Pansy,Corten,pcortenji@ca.gov
704,Callie,Raycroft,craycroftjj@sina.com.cn
705,Josh,Crookall,jcrookalljk@state.gov
706,Collen,Kretchmer,ckretchmerjl@nbcnews.com
707,Buck,Spratley,bspratleyjm@weibo.com
708,Patrice,Shone,pshonejn@deviantart.com
709,Pavia,Keach,pkeachjo@dot.gov
710,Phoebe,Jales,pjalesjp@a8.net
711,Cello,Jacquemet,cjacquemetjq@dropbox.com
712,Courtenay,Vicar,cvicarjr@google.ca
713,Josiah,Gambrell,jgambrelljs@economist.com
714,Lou,Hansana,lhansanajt@csmonitor.com
715,Rosalia,M'Quharge,rmquhargeju@google.pl
716,Nilson,Radborne,nradbornejv@cocolog-nifty.com
717,Karney,Horsefield,khorsefieldjw@loc.gov
718,Sallee,Borleace,sborleacejx@phoca.cz
719,Patricia,Fryett,pfryettjy@free.fr
720,Caitrin,Schneidau,cschneidaujz@ftc.gov
721,Merrili,Jurek,mjurekk0@cpanel.net
722,Rheta,Boam,rboamk1@weibo.com
723,Lorie,Weeke,lweekek2@imdb.com
724,Herbert,Bleaden,hbleadenk3@wiley.com
725,Nickola,MacEllen,nmacellenk4@businessinsider.com
726,Orson,Ferruzzi,oferruzzik5@senate.gov
727,Addison,Arkell,aarkellk6@cmu.edu
728,Ruddie,McNirlan,rmcnirlank7@t.co
729,Lorita,Boffin,lboffink8@webnode.com
730,June,Schust,jschustk9@geocities.jp
731,Karine,Dietz,kdietzka@slideshare.net
732,Andy,Weben,awebenkb@techcrunch.com
733,Madelle,Cockayme,mcockaymekc@umn.edu
734,Sylvan,Mordacai,smordacaikd@nature.com
735,Gardener,Tregidga,gtregidgake@amazon.co.jp
736,Ronnica,Fretson,rfretsonkf@a8.net
737,Justino,Brimicombe,jbrimicombekg@blog.com
738,Jedd,McCorkindale,jmccorkindalekh@so-net.ne.jp
739,Eddie,Dunrige,edunrigeki@163.com
740,Quinta,Bussen,qbussenkj@trellian.com
741,Adoree,Bogue,aboguekk@unesco.org
742,Temple,Demanche,tdemanchekl@foxnews.com
743,Brit,Dalgarnowch,bdalgarnowchkm@goo.gl
744,Kenneth,Caulton,kcaultonkn@gnu.org
745,Liana,Houtbie,lhoutbieko@istockphoto.com
746,Mendie,Ranscomb,mranscombkp@squidoo.com
747,Grissel,Merrigan,gmerrigankq@psu.edu
748,Reinhard,Squibbs,rsquibbskr@meetup.com
749,Axe,Tolson,atolsonks@soundcloud.com
750,Emera,Scapens,escapenskt@admin.ch
751,Guenevere,Blachford,gblachfordku@state.tx.us
752,Francklyn,Gruszka,fgruszkakv@friendfeed.com
753,Kendra,Sciacovelli,ksciacovellikw@over-blog.com
754,Lani,Gosnall,lgosnallkx@pinterest.com
755,Salomone,Blamey,sblameyky@theglobeandmail.com
756,Amby,Campana,acampanakz@cnbc.com
757,Devan,Warde,dwardel0@sina.com.cn
758,Johny,Oliva,jolival1@forbes.com
759,Brandi,Van de Vlies,bvandevliesl2@angelfire.com
760,Mikol,Broose,mbroosel3@spotify.com
761,Connie,Bartoleyn,cbartoleynl4@huffingtonpost.com
762,Uriah,Calan,ucalanl5@flickr.com
763,Seana,Anwell,sanwelll6@w3.org
764,Reid,Hryniewicz,rhryniewiczl7@webnode.com
765,Mozelle,Dawney,mdawneyl8@sitemeter.com
766,Cornell,Algie,calgiel9@hexun.com
767,Martynne,Meekin,mmeekinla@house.gov
768,Malory,Michurin,mmichurinlb@themeforest.net
769,King,Hardinge,khardingelc@apple.com
770,Gannon,Melmar,gmelmarld@is.gd
771,Damaris,Golden,dgoldenle@guardian.co.uk
772,Gwenny,Fryatt,gfryattlf@technorati.com
773,Rae,Millberg,rmillberglg@imdb.com
774,Guillermo,Stowe,gstowelh@free.fr
775,Sonni,Levee,sleveeli@spiegel.de
776,Thain,Lindwasser,tlindwasserlj@reverbnation.com
777,Aime,Speeding,aspeedinglk@naver.com
778,Godart,Lisle,glislell@patch.com
779,Marlo,Antrag,mantraglm@opensource.org
780,Madison,Seilmann,mseilmannln@cdbaby.com
781,Graeme,Boutellier,gboutellierlo@elegantthemes.com
782,Franchot,Showalter,fshowalterlp@rakuten.co.jp
783,Melita,de Werk,mdewerklq@symantec.com
784,Eileen,Ratcliff,eratclifflr@businessinsider.com
785,Kimmy,Purdon,kpurdonls@mtv.com
786,Odilia,Bilovus,obilovuslt@tinyurl.com
787,Gawain,Lippini,glippinilu@addtoany.com
788,Dilan,Prewett,dprewettlv@posterous.com
789,Myrilla,Blasl,mblasllw@bbc.co.uk
790,Oneida,Loffhead,oloffheadlx@t-online.de
791,Teresita,Bezemer,tbezemerly@gmpg.org
792,Whitney,Costellow,wcostellowlz@booking.com
793,Augustin,McGrouther,amcgroutherm0@businessweek.com
794,Gabbi,Rugg,gruggm1@newsvine.com
795,Christalle,Kearton,ckeartonm2@soundcloud.com
796,Sharon,Fife,sfifem3@sohu.com
797,Dal,Verryan,dverryanm4@hp.com
798,Myca,Michelle,mmichellem5@intel.com
799,Web,Foxhall,wfoxhallm6@zimbio.com
800,Darnall,Denzey,ddenzeym7@hexun.com
801,Hyman,Hallgate,hhallgatem8@hhs.gov
802,Josie,Power,jpowerm9@google.ca
803,Winni,Callingham,wcallinghamma@behance.net
804,Konstance,Doget,kdogetmb@storify.com
805,Brittni,Jurzyk,bjurzykmc@scribd.com
806,Kendra,Rowett,krowettmd@sohu.com
807,Hazel,Faircliff,hfaircliffme@meetup.com
808,Vanya,Antognoni,vantognonimf@marriott.com
809,Nappie,Dakin,ndakinmg@prweb.com
810,Maisey,Broker,mbrokermh@java.com
811,Bealle,Durtnell,bdurtnellmi@mtv.com
812,Britt,Johann,bjohannmj@blogger.com
813,Rickert,Stayt,rstaytmk@tmall.com
814,Broderick,Cuttle,bcuttleml@npr.org
815,Oona,Raigatt,oraigattmm@princeton.edu
816,Scotti,Golsthorp,sgolsthorpmn@google.es
817,Winthrop,Sambals,wsambalsmo@ow.ly
818,Zachary,Izchaki,zizchakimp@psu.edu
819,Latisha,Haton,lhatonmq@e-recht24.de
820,Elias,Juggins,ejugginsmr@wikimedia.org
821,Rodolphe,Bullick,rbullickms@google.fr
822,Jennifer,Panketh,jpankethmt@webmd.com
823,Laurene,Baynom,lbaynommu@nasa.gov
824,Tootsie,Wilhelmy,twilhelmymv@sciencedaily.com
825,Jolynn,Foynes,jfoynesmw@ucla.edu
826,Alie,Millmoe,amillmoemx@desdev.cn
827,Tansy,Kull,tkullmy@tripadvisor.com
828,Birch,Pentony,bpentonymz@1und1.de
829,Shana,De Morena,sdemorenan0@imdb.com
830,Yuma,O'Toole,yotoolen1@prlog.org
831,Debbi,Tipens,dtipensn2@shinystat.com
832,Bart,Kachel,bkacheln3@cdbaby.com
833,Valerye,Kubista,vkubistan4@pen.io
834,Gena,Redhills,gredhillsn5@admin.ch
835,Lyndell,Salling,lsallingn6@samsung.com
836,Kylynn,Giblin,kgiblinn7@sohu.com
837,Diane-marie,Natalie,dnatalien8@rambler.ru
838,Nealy,Franseco,nfransecon9@4shared.com
839,Roberta,Summerlee,rsummerleena@vistaprint.com
840,Patin,Doubleday,pdoubledaynb@eepurl.com
841,Chevalier,Monger,cmongernc@123-reg.co.uk
842,Roshelle,Dragonette,rdragonettend@uol.com.br
843,Andree,Timms,atimmsne@surveymonkey.com
844,Mellisa,Lodo,mlodonf@weebly.com
845,Irena,Baseke,ibasekeng@aol.com
846,Karla,Lydden,klyddennh@state.gov
847,Neille,Kid,nkidni@amazon.co.jp
848,Salvatore,Ruppert,sruppertnj@fastcompany.com
849,Ezra,Leet,eleetnk@feedburner.com
850,Wade,Procter,wprocternl@psu.edu
851,Sheela,Margetts,smargettsnm@harvard.edu
852,Garnette,Ruzek,gruzeknn@over-blog.com
853,Willie,Wanell,wwanellno@boston.com
854,Halie,Grimble,hgrimblenp@ucoz.com
855,Kassey,McGiffin,kmcgiffinnq@digg.com
856,Illa,McKeowon,imckeowonnr@ovh.net
857,Marion,Caw,mcawns@opensource.org
858,Laurianne,Tinman,ltinmannt@mlb.com
859,Cody,Klas,cklasnu@livejournal.com
860,Adaline,Farnham,afarnhamnv@salon.com
861,Jasmine,Scouler,jscoulernw@posterous.com
862,Maryanna,McGavin,mmcgavinnx@hexun.com
863,Arline,Reese,areeseny@bing.com
864,Doug,Cable,dcablenz@discovery.com
865,Thibaud,Drohan,tdrohano0@arizona.edu
866,Hewe,Cockill,hcockillo1@fda.gov
867,Aylmer,Doelle,adoelleo2@1688.com
868,Nat,Grewe,ngreweo3@prlog.org
869,Michael,Dello,mdelloo4@blog.com
870,Nicko,Mustarde,nmustardeo5@reference.com
871,Cesya,Vampouille,cvampouilleo6@apple.com
872,Dietrich,Hellewell,dhellewello7@wp.com
873,Marje,Bever,mbevero8@cam.ac.uk
874,Cara,Antill,cantillo9@uiuc.edu
875,Lydie,Poff,lpoffoa@woothemes.com
876,Lazaro,Lydford,llydfordob@storify.com
877,Fran,Knewstub,fknewstuboc@techcrunch.com
878,Brandais,Madgwich,bmadgwichod@e-recht24.de
879,Boonie,Claringbold,bclaringboldoe@blogspot.com
880,Stearne,Durant,sdurantof@army.mil
881,Lenka,Eccersley,leccersleyog@virginia.edu
882,Morgen,Kermannes,mkermannesoh@storify.com
883,Araldo,Surgener,asurgeneroi@biblegateway.com
884,Carr,Pimblott,cpimblottoj@stanford.edu
885,Bink,Baldery,bbalderyok@army.mil
886,Tamas,Drinkhall,tdrinkhallol@paginegialle.it
887,Justina,Mabbs,jmabbsom@utexas.edu
888,Suellen,Kertess,skertesson@pcworld.com
889,Katee,Firk,kfirkoo@bravesites.com
890,Roby,Nacey,rnaceyop@ebay.co.uk
891,Morganica,Draper,mdraperoq@163.com
892,Mariska,Hempel,mhempelor@hc360.com
893,Perry,Pickthorne,ppickthorneos@apple.com
894,Bernita,Mizzi,bmizziot@devhub.com
895,Orsa,Snap,osnapou@elegantthemes.com
896,Lucila,Hurich,lhurichov@noaa.gov
897,Herta,Inett,hinettow@guardian.co.uk
898,Nikola,Jaqueme,njaquemeox@berkeley.edu
899,Willie,Bonifazio,wbonifaziooy@archive.org
900,Quintilla,Dowyer,qdowyeroz@yale.edu
901,Ellery,Maykin,emaykinp0@fastcompany.com
902,Lacie,Benitez,lbenitezp1@1und1.de
903,Erin,MacMenamie,emacmenamiep2@parallels.com
904,Killie,Brough,kbroughp3@sina.com.cn
905,Dinny,Blakesley,dblakesleyp4@issuu.com
906,Valina,McCloy,vmccloyp5@msu.edu
907,Tarrah,Giacoppo,tgiacoppop6@netscape.com
908,Emery,McCaughen,emccaughenp7@statcounter.com
909,Esra,Reyson,ereysonp8@imdb.com
910,Yank,Keppie,ykeppiep9@wikipedia.org
911,Hilliard,Tomich,htomichpa@craigslist.org
912,Yank,Ripley,yripleypb@linkedin.com
913,Renae,Turl,rturlpc@creativecommons.org
914,Lenka,Hankinson,lhankinsonpd@goodreads.com
915,Isidore,Whale,iwhalepe@ning.com
916,Kristin,O'Hannen,kohannenpf@w3.org
917,Kerry,Spaight,kspaightpg@virginia.edu
918,Merry,Giacobelli,mgiacobelliph@smugmug.com
919,Royal,Keuntje,rkeuntjepi@dell.com
920,Berget,Jouhning,bjouhningpj@artisteer.com
921,Bondon,Moffatt,bmoffattpk@mac.com
922,Erna,Pocke,epockepl@fotki.com
923,Marrilee,Alsina,malsinapm@toplist.cz
924,Matt,Weathey,mweatheypn@msu.edu
925,Teodor,Haseley,thaseleypo@dell.com
926,Kit,Whannel,kwhannelpp@w3.org
927,Arnaldo,Bedder,abedderpq@amazonaws.com
928,Dukie,Oboy,doboypr@delicious.com
929,Lanae,Grindrod,lgrindrodps@walmart.com
930,Otho,Leupoldt,oleupoldtpt@walmart.com
931,Alvan,Cadd,acaddpu@ucoz.com
932,Shay,Tottman,stottmanpv@home.pl
933,Rosita,Clemot,rclemotpw@timesonline.co.uk
934,Cherie,Really,creallypx@usa.gov
935,Zach,Scullion,zscullionpy@reddit.com
936,Denni,Aymeric,daymericpz@webnode.com
937,Aggy,Rubi,arubiq0@123-reg.co.uk
938,Ryan,Woodage,rwoodageq1@amazon.co.uk
939,Griffie,Stump,gstumpq2@mail.ru
940,Adolphe,Giacobazzi,agiacobazziq3@ft.com
941,Wallie,Fumagallo,wfumagalloq4@friendfeed.com
942,Eldin,Shopcott,eshopcottq5@drupal.org
943,Birch,Bison,bbisonq6@hatena.ne.jp
944,Susann,Pickrill,spickrillq7@bbb.org
945,Allsun,Dohrmann,adohrmannq8@alibaba.com
946,Sharline,Luparti,slupartiq9@creativecommons.org
947,Emmott,Kornilov,ekornilovqa@last.fm
948,Garth,Lusty,glustyqb@umn.edu
949,Osborne,Atchly,oatchlyqc@wp.com
950,Silvia,Lakenden,slakendenqd@php.net
951,Suzann,Goodbur,sgoodburqe@4shared.com
952,Fran,Dumphy,fdumphyqf@taobao.com
953,Gaile,Arrault,garraultqg@bigcartel.com
954,Brucie,Reast,breastqh@de.vu
955,Lindsey,MacPherson,lmacphersonqi@ustream.tv
956,Aguie,Ancketill,aancketillqj@weebly.com
957,Vernen,Goodisson,vgoodissonqk@chicagotribune.com
958,Korrie,Dwyer,kdwyerql@cafepress.com
959,Kyle,Squirrell,ksquirrellqm@constantcontact.com
960,Catriona,Yeeles,cyeelesqn@com.com
961,Constancia,Porker,cporkerqo@prlog.org
962,Janot,Morcombe,jmorcombeqp@home.pl
963,Arden,Halton,ahaltonqq@businessinsider.com
964,Marja,Allmond,mallmondqr@buzzfeed.com
965,Janka,Thulborn,jthulbornqs@bbc.co.uk
966,Korey,McKee,kmckeeqt@mac.com
967,Jilleen,Abrehart,jabrehartqu@ted.com
968,Lisa,Baptista,lbaptistaqv@arstechnica.com
969,Andrew,Arderne,aarderneqw@networkadvertising.org
970,Dawn,Ahearne,dahearneqx@spotify.com
971,Amandie,Dowgill,adowgillqy@guardian.co.uk
972,Danyette,Meighan,dmeighanqz@nydailynews.com
973,Meir,Brimilcombe,mbrimilcomber0@biblegateway.com
974,Carlota,Deguara,cdeguarar1@miibeian.gov.cn
975,Luca,MacTrustie,lmactrustier2@utexas.edu
976,Shea,Vaughn,svaughnr3@dot.gov
977,Luciano,Sillwood,lsillwoodr4@princeton.edu
978,Ulla,Smewing,usmewingr5@printfriendly.com
979,Aaren,Cardo,acardor6@ed.gov
980,Barret,Cruise,bcruiser7@51.la
981,Blondell,Czadla,bczadlar8@prlog.org
982,Lyndy,Bolsteridge,lbolsteridger9@myspace.com
983,Kennett,Gorick,kgorickra@unesco.org
984,Susie,Bloss,sblossrb@washingtonpost.com
985,Micky,Maypowder,mmaypowderrc@wiley.com
986,Lorenza,Cumber,lcumberrd@artisteer.com
987,Ely,Delahunt,edelahuntre@cam.ac.uk
988,Fallon,Synke,fsynkerf@google.co.jp
989,Benedick,MacCosty,bmaccostyrg@archive.org
990,Caryl,Coulman,ccoulmanrh@archive.org
991,Julianne,Royden,jroydenri@apache.org
992,Gearalt,Dun,gdunrj@nih.gov
993,Willard,Lilliman,wlillimanrk@oracle.com
994,Maren,Ransom,mransomrl@youku.com
995,Dalt,Thewles,dthewlesrm@goodreads.com
996,Car,Frodsam,cfrodsamrn@storify.com
997,Priscilla,Cockshot,pcockshotro@blogtalkradio.com
998,Katrinka,Doogood,kdoogoodrp@shareasale.com
999,Dasi,McAndie,dmcandierq@alexa.com
1000,Ira,Leipold,ileipoldrr@dagondesign.com
