id,first_name,last_name,email
1,Deidre,Aldiss,daldiss0@omniture.com
2,Hodge,Stilling,hstilling1@epa.gov
3,Grace,Cottey,gcottey2@hp.com
4,Evaleen,Hadwen,ehadwen3@nba.com
5,Lula,Bowyer,lbowyer4@a8.net
6,Hayward,Dennis,hdennis5@washington.edu
7,Akim,Maddin,amaddin6@xinhuanet.com
8,Beverly,Spellicy,bspellicy7@etsy.com
9,Giffie,Wollaston,gwollaston8@moonfruit.com
10,Wynne,Greasty,wgreasty9@tiny.cc
11,Barbra,Blackham,bblackhama@yale.edu
12,Heywood,Danelet,hdaneletb@homestead.com
13,Horton,Cruz,hcruzc@imgur.com
14,Shelli,Baiss,sbaissd@reverbnation.com
15,Ailee,Robet,arobete@sourceforge.net
16,Niels,Tomisch,ntomischf@amazonaws.com
17,Magnum,Birkinshaw,mbirkinshawg@123-reg.co.uk
18,Marcos,Quemby,mquembyh@symantec.com
19,Willa,Schreurs,wschreursi@1688.com
20,Lizette,Backshill,lbackshillj@booking.com
21,Idalina,O'Downe,iodownek@adobe.com
22,Wandie,Theakston,wtheakstonl@salon.com
23,Ruthie,Mundow,rmundowm@last.fm
24,Beauregard,Hardwin,bhardwinn@webnode.com
25,Erwin,Gowland,egowlando@hexun.com
26,Nellie,Dunne,ndunnep@patch.com
27,Akim,Rignoldes,arignoldesq@mozilla.com
28,Rozamond,Cavaney,rcavaneyr@pen.io
29,Puff,McKerton,pmckertons@va.gov
30,Kally,Arnauduc,karnauduct@prlog.org
31,Benjamin,Neaves,bneavesu@marriott.com
32,Alvera,Fairchild,afairchildv@wisc.edu
33,Vilma,Antushev,vantushevw@digg.com
34,Agosto,Caslett,acaslettx@i2i.jp
35,Jody,Rodders,jroddersy@youku.com
36,Lucila,Wankel,lwankelz@accuweather.com
37,Joye,Veel,jveel10@artisteer.com
38,Katharyn,Lightwing,klightwing11@amazon.de
39,Marge,Bridden,mbridden12@patch.com
40,Lorrie,Blacktin,lblacktin13@github.com
41,Emanuele,Negus,enegus14@tinyurl.com
42,Bentlee,Giamitti,bgiamitti15@nyu.edu
43,Jordan,Reinbeck,jreinbeck16@bbc.co.uk
44,Chiarra,Ballingal,cballingal17@ucla.edu
45,Fiorenze,Shillom,fshillom18@statcounter.com
46,Randy,Brockbank,rbrockbank19@webnode.com
47,Anastasia,Wellstead,awellstead1a@un.org
48,Katerine,Innis,kinnis1b@addtoany.com
49,Elsey,Waldocke,ewaldocke1c@google.ca
50,Bayard,Moyler,bmoyler1d@google.co.jp
51,Kim,De Cleyne,kdecleyne1e@51.la
52,Brianna,Andriss,bandriss1f@umich.edu
53,Jeannine,Haney`,jhaney1g@globo.com
54,Michal,Martland,mmartland1h@google.co.jp
55,Cherianne,Benoist,cbenoist1i@earthlink.net
56,Bartolomeo,Theakston,btheakston1j@clickbank.net
57,Netti,Blofeld,nblofeld1k@comcast.net
58,Adham,Ell,aell1l@geocities.com
59,Lusa,Gaddesby,lgaddesby1m@usa.gov
60,Imogene,Jeff,ijeff1n@foxnews.com
61,Erna,Postins,epostins1o@flavors.me
62,Gerick,Lerego,glerego1p@oaic.gov.au
63,Felicdad,Ommanney,fommanney1q@usda.gov
64,Kathryn,Salmoni,ksalmoni1r@tumblr.com
65,Howard,Braddon,hbraddon1s@vkontakte.ru
66,Daryn,Culverhouse,dculverhouse1t@tuttocitta.it
67,Etienne,Faircliffe,efaircliffe1u@umn.edu
68,Ethelind,Gleader,egleader1v@histats.com
69,Pansie,Butterfield,pbutterfield1w@economist.com
70,Carmela,Comino,ccomino1x@cnet.com
71,Alys,Beyn,abeyn1y@lulu.com
72,Luca,Kitley,lkitley1z@samsung.com
73,Gina,Roseborough,groseborough20@nytimes.com
74,Jamison,Wearden,jwearden21@hud.gov
75,Moises,Yurinov,myurinov22@homestead.com
76,Gabriello,Polkinhorn,gpolkinhorn23@taobao.com
77,Pietro,Knaggs,pknaggs24@cloudflare.com
78,Thayne,Gantzer,tgantzer25@sakura.ne.jp
79,Law,Wookey,lwookey26@nymag.com
80,Arlyn,Garwell,agarwell27@va.gov
81,Dalli,Biasio,dbiasio28@networksolutions.com
82,Cyndia,Sarginson,csarginson29@boston.com
83,Melantha,Load,mload2a@jigsy.com
84,Bobette,Gregoriou,bgregoriou2b@vimeo.com
85,Rey,Minster,rminster2c@ustream.tv
86,Gothart,Mallabar,gmallabar2d@163.com
87,Cathleen,Ielden,cielden2e@oaic.gov.au
88,Cortney,Mingey,cmingey2f@technorati.com
89,Carmita,Le Monnier,clemonnier2g@mlb.com
90,Hurley,Selborne,hselborne2h@cnbc.com
91,Pip,Handscomb,phandscomb2i@forbes.com
92,Gabriel,Brickstock,gbrickstock2j@sitemeter.com
93,Sheela,Grinnikov,sgrinnikov2k@answers.com
94,Ingelbert,Crosham,icrosham2l@technorati.com
95,Katalin,Vowdon,kvowdon2m@twitpic.com
96,Diane-marie,Chard,dchard2n@marketwatch.com
97,Janice,Lowde,jlowde2o@sfgate.com
98,Albert,Satchel,asatchel2p@google.com.hk
99,Jan,Daviddi,jdaviddi2q@kickstarter.com
100,Demetria,Malcolm,dmalcolm2r@wikispaces.com
101,Brocky,Ree,bree2s@telegraph.co.uk
102,Jaymie,Aldington,jaldington2t@upenn.edu
103,Raynor,Whitworth,rwhitworth2u@wsj.com
104,Gregor,O'Carran,gocarran2v@bbb.org
105,Flory,Checchi,fchecchi2w@fotki.com
106,Eryn,McKiernan,emckiernan2x@admin.ch
107,Nola,Corrigan,ncorrigan2y@fastcompany.com
108,Zulema,Pointon,zpointon2z@nbcnews.com
109,Emlen,Dmitrichenko,edmitrichenko30@surveymonkey.com
110,Dan,Tremollet,dtremollet31@tripadvisor.com
111,Ody,Castiglioni,ocastiglioni32@sogou.com
112,Matthus,Iacovielli,miacovielli33@bandcamp.com
113,Beniamino,O'Nions,bonions34@fc2.com
114,Trey,Laise,tlaise35@stanford.edu
115,Lia,Padberry,lpadberry36@ft.com
116,Rene,Ouldred,rouldred37@vk.com
117,Jacquelyn,Reiglar,jreiglar38@samsung.com
118,Griff,Brazier,gbrazier39@diigo.com
119,Drud,McIlmurray,dmcilmurray3a@bloglines.com
120,Blakeley,Pelchat,bpelchat3b@list-manage.com
121,Sherman,Oels,soels3c@aol.com
122,Katrina,Wildblood,kwildblood3d@themeforest.net
123,Hoyt,Minihane,hminihane3e@cisco.com
124,Marc,Medd,mmedd3f@deviantart.com
125,Bonnee,Virgo,bvirgo3g@disqus.com
126,Marilin,Blackborow,mblackborow3h@usnews.com
127,Nancy,Overland,noverland3i@prnewswire.com
128,Lemar,Walstow,lwalstow3j@paginegialle.it
129,Carlota,Everest,ceverest3k@boston.com
130,Mallissa,Seakes,mseakes3l@dmoz.org
131,Tracie,Kleyn,tkleyn3m@mediafire.com
132,Emmalyn,De Witt,edewitt3n@artisteer.com
133,Megan,Bertolaccini,mbertolaccini3o@answers.com
134,Lefty,Bodd,lbodd3p@posterous.com
135,Tildi,Pilgrim,tpilgrim3q@odnoklassniki.ru
136,Park,Copelli,pcopelli3r@bigcartel.com
137,Inger,Redhills,iredhills3s@photobucket.com
138,Kaiser,Stanislaw,kstanislaw3t@columbia.edu
139,Bobby,Sylvaine,bsylvaine3u@imdb.com
140,Brice,Organer,borganer3v@dot.gov
141,Davie,Smalley,dsmalley3w@soundcloud.com
142,Nerita,Hayles,nhayles3x@barnesandnoble.com
143,Gabe,Littlejohns,glittlejohns3y@wordpress.org
144,Willamina,Booty,wbooty3z@smh.com.au
145,Jervis,Cawthry,jcawthry40@last.fm
146,Adham,Strand,astrand41@deliciousdays.com
147,Ange,Ferrari,aferrari42@twitpic.com
148,Falito,Dyzart,fdyzart43@disqus.com
149,Amaleta,Cowlas,acowlas44@alexa.com
150,Hanan,Judson,hjudson45@clickbank.net
151,Lorrin,Gentil,lgentil46@java.com
152,Clementia,Dackombe,cdackombe47@multiply.com
153,Jedd,Elsop,jelsop48@yelp.com
154,Milzie,Addinall,maddinall49@photobucket.com
155,Silas,Fowls,sfowls4a@yale.edu
156,Emlynn,Francescoccio,efrancescoccio4b@nature.com
157,Blinny,Haggleton,bhaggleton4c@dot.gov
158,Hersh,Klauer,hklauer4d@mlb.com
159,Ancell,Look,alook4e@intel.com
160,Truda,Grote,tgrote4f@slate.com
161,Leontyne,Arro,larro4g@cdc.gov
162,Veriee,Suffield,vsuffield4h@newsvine.com
163,Selig,Peabody,speabody4i@dropbox.com
164,Richardo,Gresch,rgresch4j@mediafire.com
165,Yoshi,Larvent,ylarvent4k@state.tx.us
166,Elfreda,Creeber,ecreeber4l@prnewswire.com
167,Johnath,Brymner,jbrymner4m@indiegogo.com
168,Amory,Mayers,amayers4n@clickbank.net
169,Steffen,Startin,sstartin4o@themeforest.net
170,Stefan,Bricknell,sbricknell4p@kickstarter.com
171,Brittne,Arnholz,barnholz4q@booking.com
172,Tibold,Simoens,tsimoens4r@naver.com
173,Delinda,Gorler,dgorler4s@harvard.edu
174,Stepha,Fery,sfery4t@ucsd.edu
175,Creighton,Robertson,crobertson4u@netlog.com
176,Maritsa,Loveridge,mloveridge4v@lycos.com
177,Rick,Rulf,rrulf4w@naver.com
178,Malva,Belward,mbelward4x@prnewswire.com
179,Marris,Petcher,mpetcher4y@technorati.com
180,Phylys,Gatcliff,pgatcliff4z@fotki.com
181,Jamaal,Dani,jdani50@bizjournals.com
182,Nikolaos,Frammingham,nframmingham51@nba.com
183,Jany,Chatfield,jchatfield52@tmall.com
184,Pattin,Colcutt,pcolcutt53@a8.net
185,Noby,Farfoot,nfarfoot54@mapquest.com
186,Rozalie,Stilgo,rstilgo55@amazon.com
187,Jase,Wix,jwix56@photobucket.com
188,Kelli,Binny,kbinny57@discuz.net
189,Alexio,Oddboy,aoddboy58@princeton.edu
190,Gabrielle,Dunphie,gdunphie59@lycos.com
191,Samuel,Josifovic,sjosifovic5a@homestead.com
192,Pattie,Oke,poke5b@cnn.com
193,Gerladina,Lebarree,glebarree5c@cyberchimps.com
194,Staford,McMahon,smcmahon5d@tumblr.com
195,Nessy,Pinch,npinch5e@ovh.net
196,Diarmid,Lea,dlea5f@usa.gov
197,Shea,Mauditt,smauditt5g@dmoz.org
198,Gifford,Rozalski,grozalski5h@aol.com
199,Ashia,Treleaven,atreleaven5i@163.com
200,Gaston,Staig,gstaig5j@topsy.com
201,Davy,Millan,dmillan5k@g.co
202,Marnia,Hourigan,mhourigan5l@ox.ac.uk
203,Clyve,Oakton,coakton5m@free.fr
204,Culley,Zupa,czupa5n@bloomberg.com
205,Michel,Giottoi,mgiottoi5o@wunderground.com
206,Waldo,Bellon,wbellon5p@studiopress.com
207,Evonne,Izak,eizak5q@patch.com
208,Pegeen,Adamczyk,padamczyk5r@etsy.com
209,Regina,Pallasch,rpallasch5s@storify.com
210,Babbie,Dalligan,bdalligan5t@alexa.com
211,Kayla,Blackaller,kblackaller5u@fotki.com
212,Mathian,Childers,mchilders5v@bloglines.com
213,Tudor,Catterall,tcatterall5w@mozilla.com
214,Darsey,Dealtry,ddealtry5x@huffingtonpost.com
215,Hamel,Cline,hcline5y@mail.ru
216,Bradly,Hallgarth,bhallgarth5z@java.com
217,Betteann,Dorn,bdorn60@tamu.edu
218,Nananne,Van der Linde,nvanderlinde61@w3.org
219,Carlen,Mazzia,cmazzia62@zimbio.com
220,Crin,Baber,cbaber63@paginegialle.it
221,Fremont,MacCallum,fmaccallum64@miibeian.gov.cn
222,Cirilo,Royan,croyan65@homestead.com
223,Basil,Rau,brau66@census.gov
224,Marlena,Debow,mdebow67@geocities.com
225,Prisca,Djuricic,pdjuricic68@jiathis.com
226,Amerigo,Digman,adigman69@china.com.cn
227,Manny,Doolan,mdoolan6a@comsenz.com
228,Candi,Rafter,crafter6b@google.co.uk
229,Annora,Yerrill,ayerrill6c@bloglovin.com
230,Adrianna,Runnacles,arunnacles6d@shop-pro.jp
231,Sheba,Capehorn,scapehorn6e@discuz.net
232,Verney,Boltwood,vboltwood6f@addthis.com
233,Brandise,Boots,bboots6g@arizona.edu
234,Jessie,Lisimore,jlisimore6h@google.com
235,Ivonne,Farrin,ifarrin6i@taobao.com
236,Chelsea,Pexton,cpexton6j@mail.ru
237,Chrisy,Gotfrey,cgotfrey6k@sun.com
238,Brenda,Guiel,bguiel6l@toplist.cz
239,Dory,Doole,ddoole6m@pagesperso-orange.fr
240,Marsha,Probbings,mprobbings6n@tiny.cc
241,Harriet,Bonner,hbonner6o@issuu.com
242,Celinka,Abramof,cabramof6p@linkedin.com
243,Gayler,Pregel,gpregel6q@google.nl
244,Sebastian,Oller,soller6r@slideshare.net
245,Shannon,Dominichetti,sdominichetti6s@nature.com
246,Moria,Enoksson,menoksson6t@cbslocal.com
247,Barde,Croose,bcroose6u@sitemeter.com
248,Garold,Beckinsall,gbeckinsall6v@t-online.de
249,Joe,Oyley,joyley6w@gizmodo.com
250,Cathrin,Boyton,cboyton6x@stanford.edu
251,Baxie,Balstone,bbalstone6y@latimes.com
252,Jenni,Scuffham,jscuffham6z@biglobe.ne.jp
253,Fionna,Gleader,fgleader70@mapy.cz
254,Templeton,Bancroft,tbancroft71@yelp.com
255,Trefor,Pagett,tpagett72@wix.com
256,Stearne,Donati,sdonati73@shareasale.com
257,Powell,Alleyne,palleyne74@state.tx.us
258,Fallon,Martugin,fmartugin75@google.com.br
259,Austin,Cassedy,acassedy76@friendfeed.com
260,Tova,MacGowing,tmacgowing77@psu.edu
261,Delphine,Bartosinski,dbartosinski78@delicious.com
262,Peterus,Gilkes,pgilkes79@t-online.de
263,Doralynn,Beckley,dbeckley7a@hc360.com
264,Laureen,Ibbitson,libbitson7b@ucsd.edu
265,Clayton,Phillcock,cphillcock7c@fda.gov
266,Fidel,Siemantel,fsiemantel7d@microsoft.com
267,Angy,Mattholie,amattholie7e@eepurl.com
268,Yorker,Fitchett,yfitchett7f@csmonitor.com
269,Gilberto,Nibley,gnibley7g@tumblr.com
270,Alison,Keneford,akeneford7h@bandcamp.com
271,Carlin,Bertelet,cbertelet7i@ovh.net
272,Hildagarde,Brundale,hbrundale7j@ameblo.jp
273,Nicole,Rama,nrama7k@oracle.com
274,Ros,Muckian,rmuckian7l@google.co.jp
275,Lanni,Asplin,lasplin7m@webmd.com
276,Loria,Tame,ltame7n@nifty.com
277,Delphinia,Hurley,dhurley7o@clickbank.net
278,Barb,Rubinovitsch,brubinovitsch7p@dedecms.com
279,Gardy,Ethelston,gethelston7q@acquirethisname.com
280,Geneva,Perone,gperone7r@unesco.org
281,Erinna,Hedylstone,ehedylstone7s@house.gov
282,Gay,Daughtrey,gdaughtrey7t@macromedia.com
283,Craig,Kleinplatz,ckleinplatz7u@sogou.com
284,Chrystel,Hallowes,challowes7v@eepurl.com
285,Georgeanne,Lardez,glardez7w@hao123.com
286,Germain,Pauly,gpauly7x@google.com
287,Billy,Hexum,bhexum7y@arstechnica.com
288,Catlin,Ghidelli,cghidelli7z@hexun.com
289,Darcey,Yakebowitch,dyakebowitch80@myspace.com
290,Ashton,Scottrell,ascottrell81@123-reg.co.uk
291,Marline,Darrigoe,mdarrigoe82@over-blog.com
292,Hillyer,Hazell,hhazell83@4shared.com
293,Verne,Paylor,vpaylor84@umn.edu
294,Paxon,Birdis,pbirdis85@liveinternet.ru
295,George,Tadman,gtadman86@usgs.gov
296,Micheil,Bigg,mbigg87@domainmarket.com
297,Elroy,Reagan,ereagan88@thetimes.co.uk
298,Alys,Jeavons,ajeavons89@howstuffworks.com
299,Patty,Elce,pelce8a@reuters.com
300,Stearne,Howood,showood8b@tiny.cc
301,Katey,O'Boyle,koboyle8c@deviantart.com
302,Lancelot,Bezarra,lbezarra8d@spotify.com
303,Sunshine,Sarra,ssarra8e@nifty.com
304,Pebrook,Kelbie,pkelbie8f@indiegogo.com
305,Manuel,Mc Comb,mmccomb8g@comcast.net
306,Cleveland,Bigglestone,cbigglestone8h@yahoo.co.jp
307,Wit,Winman,wwinman8i@vinaora.com
308,Tammie,Allbrook,tallbrook8j@hhs.gov
309,Fin,Surphliss,fsurphliss8k@narod.ru
310,Mirelle,Massimo,mmassimo8l@amazonaws.com
311,Rosemarie,Rash,rrash8m@springer.com
312,Andrus,Allcock,aallcock8n@abc.net.au
313,Averil,McCard,amccard8o@amazon.com
314,Stinky,Baly,sbaly8p@is.gd
315,Tove,Daines,tdaines8q@opensource.org
316,Margarete,Athridge,mathridge8r@tripod.com
317,Chaim,Davidovici,cdavidovici8s@booking.com
318,Ber,Halfpenny,bhalfpenny8t@npr.org
319,Gaby,Goding,ggoding8u@usa.gov
320,Farr,Akitt,fakitt8v@gnu.org
321,Willard,Bernardotti,wbernardotti8w@w3.org
322,Gertruda,Biernacki,gbiernacki8x@princeton.edu
323,Noni,Crasford,ncrasford8y@1und1.de
324,Jaymie,Penwright,jpenwright8z@ucsd.edu
325,Onfroi,Glynn,oglynn90@dmoz.org
326,Keven,Cutmore,kcutmore91@census.gov
327,Baryram,Potell,bpotell92@geocities.com
328,Madella,Rowlands,mrowlands93@list-manage.com
329,Shelden,O'Howbane,sohowbane94@tiny.cc
330,Aigneis,Fahrenbacher,afahrenbacher95@phpbb.com
331,Pernell,Ghelerdini,pghelerdini96@thetimes.co.uk
332,Judd,Byllam,jbyllam97@dell.com
333,Bevon,Potteril,bpotteril98@unc.edu
334,Monti,Hills,mhills99@marriott.com
335,Teodorico,Ley,tley9a@cnn.com
336,Sherwood,Bris,sbris9b@fotki.com
337,Willey,Musla,wmusla9c@webs.com
338,Mirabella,Welds,mwelds9d@elegantthemes.com
339,Maye,Theriot,mtheriot9e@networkadvertising.org
340,Filmer,Dautry,fdautry9f@xrea.com
341,Minette,Croasdale,mcroasdale9g@reddit.com
342,Melloney,Cornier,mcornier9h@si.edu
343,Meg,Ellerbeck,mellerbeck9i@scribd.com
344,Heywood,Govern,hgovern9j@163.com
345,Libbi,McTavish,lmctavish9k@fastcompany.com
346,Jordan,Twinbrow,jtwinbrow9l@stanford.edu
347,Meir,Milliken,mmilliken9m@foxnews.com
348,Emerson,Birtchnell,ebirtchnell9n@canalblog.com
349,Idette,Meech,imeech9o@ycombinator.com
350,Dorothea,Notton,dnotton9p@stanford.edu
351,Martie,Spurnier,mspurnier9q@taobao.com
352,Simone,Golling,sgolling9r@amazon.co.uk
353,Alyda,Matushevitz,amatushevitz9s@google.es
354,Winfred,Aspital,waspital9t@netlog.com
355,Yolanda,Canti,ycanti9u@businesswire.com
356,Zelma,McGlue,zmcglue9v@woothemes.com
357,Paola,Fitzackerley,pfitzackerley9w@umich.edu
358,Vanda,Poff,vpoff9x@reverbnation.com
359,Bent,Cherm,bcherm9y@arstechnica.com
360,Patrice,Peel,ppeel9z@msu.edu
361,Preston,Cona,pconaa0@bluehost.com
362,Dilly,Duddle,dduddlea1@shareasale.com
363,Horten,Finders,hfindersa2@cam.ac.uk
364,Kalle,Blatchford,kblatchforda3@usa.gov
365,Paddy,Beardsdale,pbeardsdalea4@sourceforge.net
366,Marnie,Gynn,mgynna5@google.cn
367,Brenden,Kebell,bkebella6@so-net.ne.jp
368,Loreen,Shapter,lshaptera7@nsw.gov.au
369,Marquita,Jeannaud,mjeannauda8@tripod.com
370,Mikaela,Hallock,mhallocka9@stanford.edu
371,Gracia,Stapford,gstapfordaa@cbc.ca
372,Ardyce,Camden,acamdenab@flickr.com
373,Shane,Callingham,scallinghamac@e-recht24.de
374,Rayshell,Braben,rbrabenad@icq.com
375,Hillary,Morteo,hmorteoae@amazon.co.uk
376,Darcey,Birdwhistell,dbirdwhistellaf@ft.com
377,Ketti,Russe,krusseag@lycos.com
378,Fairleigh,Sibary,fsibaryah@freewebs.com
379,Carmine,Shurmore,cshurmoreai@house.gov
380,Kelby,Davidovits,kdavidovitsaj@phoca.cz
381,Bjorn,Harry,bharryak@tripod.com
382,Savina,Hannaway,shannawayal@reference.com
383,Amity,Bilyard,abilyardam@biblegateway.com
384,Erv,Sowood,esowoodan@wp.com
385,Gale,Labat,glabatao@sitemeter.com
386,Martie,Hubbucke,mhubbuckeap@sbwire.com
387,Aloysia,Piggin,apigginaq@cyberchimps.com
388,Ardene,Didball,adidballar@godaddy.com
389,Fleming,McMenamin,fmcmenaminas@mediafire.com
390,Giff,Benezeit,gbenezeitat@businessweek.com
391,Hadleigh,Dobrovolski,hdobrovolskiau@mapy.cz
392,Dorris,Bonnell,dbonnellav@flickr.com
393,Mitchell,Hollingdale,mhollingdaleaw@dailymotion.com
394,Sapphira,Hessenthaler,shessenthalerax@paginegialle.it
395,Fawnia,Simonite,fsimoniteay@shareasale.com
396,Adah,Clemmensen,aclemmensenaz@odnoklassniki.ru
397,Grethel,Dimnage,gdimnageb0@nps.gov
398,Suzi,Conford,sconfordb1@phoca.cz
399,Dmitri,McLarty,dmclartyb2@intel.com
400,Douglas,Walczak,dwalczakb3@123-reg.co.uk
401,Stephen,Kempster,skempsterb4@mapy.cz
402,Gale,Asling,gaslingb5@washingtonpost.com
403,Mariquilla,Jobling,mjoblingb6@gmpg.org
404,Myrlene,Levane,mlevaneb7@biglobe.ne.jp
405,Agosto,Dedman,adedmanb8@icio.us
406,Harley,Heningham,hheninghamb9@fc2.com
407,Tiphanie,MacKay,tmackayba@posterous.com
408,Kevan,Rackley,krackleybb@sun.com
409,Kassandra,Halling,khallingbc@ted.com
410,Daniella,Hazleton,dhazletonbd@theguardian.com
411,Ali,Kiraly,akiralybe@squarespace.com
412,Humberto,Snoad,hsnoadbf@disqus.com
413,Wenonah,Broske,wbroskebg@artisteer.com
414,Samantha,Raddon,sraddonbh@xing.com
415,Kris,Courcey,kcourceybi@moonfruit.com
416,Georas,Middle,gmiddlebj@biglobe.ne.jp
417,Reinhard,Latter,rlatterbk@simplemachines.org
418,Alyssa,Cottrill,acottrillbl@bloomberg.com
419,Creight,Ravel,cravelbm@prweb.com
420,Brand,McCourt,bmccourtbn@java.com
421,Ardith,Aitchison,aaitchisonbo@gmpg.org
422,Allyce,Gamlen,agamlenbp@furl.net
423,Siegfried,O'Concannon,soconcannonbq@amazon.de
424,Tally,Faire,tfairebr@harvard.edu
425,Ezequiel,Burress,eburressbs@tmall.com
426,Elberta,Grubbe,egrubbebt@ox.ac.uk
427,Claus,Mongain,cmongainbu@psu.edu
428,Noble,Inkpin,ninkpinbv@de.vu
429,Kai,Danels,kdanelsbw@utexas.edu
430,Staci,Perigoe,sperigoebx@mozilla.com
431,Davida,Daffey,ddaffeyby@bloglines.com
432,Andromache,Westgate,awestgatebz@omniture.com
433,Fidela,O'Corren,focorrenc0@simplemachines.org
434,Helenka,Scoon,hscoonc1@toplist.cz
435,Stanley,Divill,sdivillc2@blogs.com
436,Dione,Chrichton,dchrichtonc3@cam.ac.uk
437,Loralee,Ansett,lansettc4@un.org
438,Elvis,MacFadden,emacfaddenc5@dagondesign.com
439,Candra,Connechy,cconnechyc6@google.pl
440,Nikola,Hartas,nhartasc7@clickbank.net
441,Reinaldo,Stowers,rstowersc8@businessweek.com
442,Arlen,Lobley,alobleyc9@oracle.com
443,Leontine,Morley,lmorleyca@nasa.gov
444,Betta,Olek,bolekcb@youtube.com
445,Teodor,Castanares,tcastanarescc@google.pl
446,Lennard,Lusher,llushercd@usgs.gov
447,Delphine,Cosstick,dcosstickce@i2i.jp
448,Analise,Albrooke,aalbrookecf@timesonline.co.uk
449,Louisa,Fawthorpe,lfawthorpecg@symantec.com
450,Cosette,Goranov,cgoranovch@webs.com
451,Cody,Link,clinkci@google.co.uk
452,Domenico,Curtois,dcurtoiscj@techcrunch.com
453,Jehu,Durak,jdurakck@chicagotribune.com
454,Nina,Sharpling,nsharplingcl@accuweather.com
455,Roselin,Yancey,ryanceycm@vistaprint.com
456,Laird,Gribbon,lgribboncn@oracle.com
457,Cal,Dominik,cdominikco@google.nl
458,Deina,Wilfling,dwilflingcp@seesaa.net
459,Frederick,Meriott,fmeriottcq@163.com
460,Rosabella,Clark,rclarkcr@soup.io
461,Andy,Farrar,afarrarcs@smugmug.com
462,Windy,Ortiger,wortigerct@mashable.com
463,Zaccaria,Quogan,zquogancu@4shared.com
464,Brice,Hassewell,bhassewellcv@redcross.org
465,Luca,Caramuscia,lcaramusciacw@acquirethisname.com
466,Tyson,Salvatore,tsalvatorecx@mysql.com
467,Ralina,Everwin,reverwincy@elpais.com
468,Cordi,Gossage,cgossagecz@networkadvertising.org
469,Nonie,Berrigan,nberrigand0@shop-pro.jp
470,Tory,Ablett,tablettd1@jalbum.net
471,Faith,Hellyer,fhellyerd2@hexun.com
472,Phaedra,Schwandner,pschwandnerd3@typepad.com
473,Gustave,Isgar,gisgard4@noaa.gov
474,Marlee,Giannoni,mgiannonid5@businessweek.com
475,Vickie,Forsaith,vforsaithd6@gravatar.com
476,Dennie,Swayte,dswayted7@facebook.com
477,Nannette,Thorrold,nthorroldd8@drupal.org
478,Malchy,McOrkil,mmcorkild9@shop-pro.jp
479,Renard,Downton,rdowntonda@google.com.hk
480,Ellen,Bollis,ebollisdb@soup.io
481,Jacquette,Lindl,jlindldc@nasa.gov
482,Carlene,Fosher,cfosherdd@jigsy.com
483,Osmund,Apps,oappsde@vinaora.com
484,Gaile,Nielson,gnielsondf@etsy.com
485,Mavra,Duligal,mduligaldg@usnews.com
486,Adlai,Caulfield,acaulfielddh@china.com.cn
487,Joana,Crop,jcropdi@accuweather.com
488,Ashley,Smithson,asmithsondj@aboutads.info
489,Berenice,Camelia,bcameliadk@google.co.jp
490,Viki,Linham,vlinhamdl@meetup.com
491,Lila,Beckham,lbeckhamdm@yahoo.com
492,Sybil,Walden,swaldendn@google.es
493,Merci,Marusyak,mmarusyakdo@angelfire.com
494,Tatum,Doig,tdoigdp@artisteer.com
495,Cherice,Jakubowski,cjakubowskidq@gmpg.org
496,Shelbi,Lukianov,slukianovdr@youku.com
497,Elene,Beazey,ebeazeyds@amazon.co.uk
498,Garry,Beeson,gbeesondt@theguardian.com
499,Sigfrid,Spellicy,sspellicydu@mtv.com
500,Celinda,Curton,ccurtondv@fc2.com
501,Woodrow,Mariette,wmariettedw@twitter.com
502,Viviyan,Brittles,vbrittlesdx@wisc.edu
503,Cleavland,Stovell,cstovelldy@yahoo.co.jp
504,Beau,Woolager,bwoolagerdz@amazon.com
505,Garwood,Craisford,gcraisforde0@theglobeandmail.com
506,Oberon,Citrine,ocitrinee1@histats.com
507,Austina,Hackley,ahackleye2@oracle.com
508,Rozanne,Vasilchikov,rvasilchikove3@yelp.com
509,Eadith,Bransom,ebransome4@gov.uk
510,Kalli,Meffin,kmeffine5@booking.com
511,Amitie,Lanfear,alanfeare6@europa.eu
512,Helaine,Kahane,hkahanee7@ucla.edu
513,Hinda,Lally,hlallye8@behance.net
514,Chrystel,Bennetto,cbennettoe9@ucla.edu
515,Lily,Ponceford,lponcefordea@irs.gov
516,Darwin,Keyzman,dkeyzmaneb@forbes.com
517,Larry,Massie,lmassieec@pen.io
518,Yasmeen,Delion,ydelioned@tiny.cc
519,Gregoire,Gabits,ggabitsee@businesswire.com
520,Sawyer,Tethacot,stethacotef@trellian.com
521,Ethel,Skingley,eskingleyeg@vk.com
522,Maurizia,Witchalls,mwitchallseh@wikispaces.com
523,Lauretta,Blethyn,lblethynei@weebly.com
524,Barnebas,Gubbins,bgubbinsej@yellowbook.com
525,Sergent,Mickelwright,smickelwrightek@blogger.com
526,Aggy,Wolseley,awolseleyel@hatena.ne.jp
527,Cassie,De Brett,cdebrettem@simplemachines.org
528,Loni,Moxley,lmoxleyen@independent.co.uk
529,Zonda,Macconaghy,zmacconaghyeo@google.it
530,Kinna,Pinke,kpinkeep@live.com
531,Regine,Perillo,rperilloeq@accuweather.com
532,Jorge,Pimlott,jpimlotter@mtv.com
533,Rosabella,Lambole,rlambolees@icio.us
534,Karilynn,Merrick,kmerricket@purevolume.com
535,Bank,Skarin,bskarineu@theguardian.com
536,Cissy,Callar,ccallarev@tamu.edu
537,Dita,Elener,delenerew@google.com.au
538,Ola,Fittes,ofittesex@sphinn.com
539,Noellyn,Bispham,nbisphamey@yelp.com
540,Sinclare,Leitche,sleitcheez@blogspot.com
541,Yelena,Housiaux,yhousiauxf0@bbc.co.uk
542,Gilburt,Andrivot,gandrivotf1@home.pl
543,Nicola,Scroggs,nscroggsf2@house.gov
544,Inez,Kropp,ikroppf3@reverbnation.com
545,Clarine,Stoneley,cstoneleyf4@tripod.com
546,Afton,Berrisford,aberrisfordf5@wiley.com
547,Ferd,Buey,fbueyf6@webmd.com
548,Ardith,Pipping,apippingf7@gravatar.com
549,Jerri,Ruegg,jrueggf8@lulu.com
550,Ramona,MacAvaddy,rmacavaddyf9@amazon.de
551,Daile,Nisco,dniscofa@hibu.com
552,Dorolice,Shimmings,dshimmingsfb@hubpages.com
553,Luce,D'Adda,ldaddafc@twitpic.com
554,Waiter,Salmen,wsalmenfd@gizmodo.com
555,Pierre,Goldbourn,pgoldbournfe@salon.com
556,Pierce,Olford,polfordff@illinois.edu
557,Arin,Dows,adowsfg@soundcloud.com
558,Brynn,Praten,bpratenfh@blogger.com
559,Megan,Bischop,mbischopfi@ft.com
560,Hilde,Thorpe,hthorpefj@cdbaby.com
561,Sibby,Ferro,sferrofk@irs.gov
562,Hansiain,Sier,hsierfl@stumbleupon.com
563,Ronny,Paddle,rpaddlefm@virginia.edu
564,Nicoli,Bilton,nbiltonfn@ft.com
565,Paddy,Backler,pbacklerfo@vimeo.com
566,Rabbi,Botwood,rbotwoodfp@desdev.cn
567,Revkah,Catonne,rcatonnefq@cyberchimps.com
568,Kristyn,Farre,kfarrefr@fotki.com
569,Nathaniel,Dowson,ndowsonfs@youku.com
570,Elke,Cundey,ecundeyft@timesonline.co.uk
571,Stephine,Edworthie,sedworthiefu@sina.com.cn
572,Igor,Von Helmholtz,ivonhelmholtzfv@weather.com
573,Julianna,Lievesley,jlievesleyfw@angelfire.com
574,Seth,Dench,sdenchfx@nature.com
575,Tandie,Fahey,tfaheyfy@a8.net
576,Roobbie,Vogeler,rvogelerfz@theglobeandmail.com
577,Curr,Briggdale,cbriggdaleg0@rakuten.co.jp
578,Melessa,Zeale,mzealeg1@elegantthemes.com
579,Sheridan,Blinckhorne,sblinckhorneg2@cocolog-nifty.com
580,Ricki,Fawdry,rfawdryg3@slideshare.net
581,Chelsea,Palfery,cpalferyg4@yolasite.com
582,Sibilla,Sidry,ssidryg5@nymag.com
583,Dunn,Adds,daddsg6@virginia.edu
584,Bobbe,Gyse,bgyseg7@youtu.be
585,Hildy,Wasling,hwaslingg8@elpais.com
586,Michal,Beatens,mbeatensg9@alexa.com
587,Arron,Sarten,asartenga@opera.com
588,Nicolas,MacShirie,nmacshiriegb@delicious.com
589,Dolf,Kevane,dkevanegc@guardian.co.uk
590,Julie,Tollett,jtollettgd@amazon.de
591,Perri,Lubbock,plubbockge@economist.com
592,Mayer,Ripley,mripleygf@51.la
593,Husein,Crone,hcronegg@yellowpages.com
594,Luci,Nimmo,lnimmogh@yale.edu
595,Devinne,Borrill,dborrillgi@skype.com
596,Wainwright,Trussler,wtrusslergj@wired.com
597,Kanya,Zuppa,kzuppagk@hc360.com
598,Emelia,Bibey,ebibeygl@senate.gov
599,Valery,Bloxland,vbloxlandgm@squidoo.com
600,Tobit,Brabben,tbrabbengn@bloglines.com
601,Clair,Cowlishaw,ccowlishawgo@globo.com
602,Tonya,Hull,thullgp@de.vu
603,Oneida,Spaunton,ospauntongq@jigsy.com
604,Chaddie,Boyde,cboydegr@japanpost.jp
605,Arleyne,Clowney,aclowneygs@miibeian.gov.cn
606,Devonna,Peatheyjohns,dpeatheyjohnsgt@stanford.edu
607,Hurleigh,Gilhooly,hgilhoolygu@opensource.org
608,Lenka,Hankard,lhankardgv@zdnet.com
609,Gwennie,Durn,gdurngw@livejournal.com
610,Giorgia,Troke,gtrokegx@stumbleupon.com
611,Shurlock,Whitton,swhittongy@discuz.net
612,Angelle,Wilshin,awilshingz@theguardian.com
613,Thelma,Hubeaux,thubeauxh0@cbslocal.com
614,Livia,Thornton-Dewhirst,lthorntondewhirsth1@wikimedia.org
615,Audrey,Lowndesbrough,alowndesbroughh2@yahoo.co.jp
616,Joshia,McGrath,jmcgrathh3@omniture.com
617,Mohammed,Lantoph,mlantophh4@stumbleupon.com
618,Juditha,Carlaw,jcarlawh5@reuters.com
619,Norry,Killock,nkillockh6@yahoo.com
620,Clarissa,Towler,ctowlerh7@opensource.org
621,Lelah,Limpkin,llimpkinh8@bbb.org
622,Clemmy,Coope,ccoopeh9@wunderground.com
623,Mariele,Hartgill,mhartgillha@jalbum.net
624,Beryl,Backhurst,bbackhursthb@loc.gov
625,Manuel,Limpricht,mlimprichthc@prnewswire.com
626,Benoite,Melladew,bmelladewhd@wufoo.com
627,Juliet,Stickney,jstickneyhe@surveymonkey.com
628,Claudine,Melmore,cmelmorehf@ustream.tv
629,Iris,Lamkin,ilamkinhg@t-online.de
630,Tani,Braidon,tbraidonhh@vkontakte.ru
631,Chadd,Swan,cswanhi@biglobe.ne.jp
632,Itch,Wasielewicz,iwasielewiczhj@comcast.net
633,Marylinda,Grealey,mgrealeyhk@hexun.com
634,Gabby,Whiteman,gwhitemanhl@yellowbook.com
635,Brittan,Winchurch,bwinchurchhm@tinypic.com
636,Eamon,Tatton,etattonhn@shinystat.com
637,Eleen,Siddele,esiddeleho@unblog.fr
638,Leonanie,Bettleson,lbettlesonhp@qq.com
639,Lenee,Cabedo,lcabedohq@tumblr.com
640,Fay,Georgiades,fgeorgiadeshr@deviantart.com
641,Flossie,Pizer,fpizerhs@facebook.com
642,Scot,Piele,spieleht@altervista.org
643,Ruggiero,Boik,rboikhu@webnode.com
644,Farra,McHardy,fmchardyhv@google.com.au
645,Brockie,Milley,bmilleyhw@webeden.co.uk
646,Justis,Pettigrew,jpettigrewhx@un.org
647,Robyn,Easterby,reasterbyhy@census.gov
648,Brendan,Elgie,belgiehz@wikipedia.org
649,Ainsley,Nisbith,anisbithi0@sciencedirect.com
650,Brinna,Burkhill,bburkhilli1@irs.gov
651,Jocelin,O' Byrne,jobyrnei2@nature.com
652,Logan,Quail,lquaili3@loc.gov
653,Pattin,Beldam,pbeldami4@gnu.org
654,Elnora,Paullin,epaullini5@opensource.org
655,Octavius,Desantis,odesantisi6@seesaa.net
656,Deina,Fintoph,dfintophi7@people.com.cn
657,Delmore,Pietroni,dpietronii8@sfgate.com
658,Charlot,Furnival,cfurnivali9@merriam-webster.com
659,Osbourne,Simpkiss,osimpkissia@constantcontact.com
660,Stacie,O'Garmen,sogarmenib@youtu.be
661,Shannah,Eyles,seylesic@vk.com
662,Jefferey,Wingham,jwinghamid@aol.com
663,Babara,Gouldstraw,bgouldstrawie@tinypic.com
664,Nicky,Blaes,nblaesif@abc.net.au
665,Emlyn,Antoniutti,eantoniuttiig@oracle.com
666,Ellie,Crix,ecrixih@github.com
667,Judie,Whitely,jwhitelyii@latimes.com
668,Pierette,Matijevic,pmatijevicij@tinypic.com
669,Cristi,Kennham,ckennhamik@weibo.com
670,Ardyth,Sandall,asandallil@wired.com
671,Ced,Ayce,cayceim@cmu.edu
672,Alanah,Byham,abyhamin@bluehost.com
673,Celestyna,Jobb,cjobbio@com.com
674,Fleurette,Wixey,fwixeyip@elegantthemes.com
675,Elsey,Justice,ejusticeiq@symantec.com
676,Cristy,Clover,ccloverir@wikispaces.com
677,Lauri,Morefield,lmorefieldis@forbes.com
678,Rancell,Ridings,rridingsit@forbes.com
679,Lottie,Wellington,lwellingtoniu@techcrunch.com
680,Marabel,Majury,mmajuryiv@4shared.com
681,Hortensia,Flaunders,hflaundersiw@themeforest.net
682,Jenifer,Vasyukov,jvasyukovix@angelfire.com
683,Nichole,Ellams,nellamsiy@cdc.gov
684,Dallis,Duferie,dduferieiz@addthis.com
685,Cecile,Bockin,cbockinj0@arstechnica.com
686,Wat,Coulthard,wcoulthardj1@ezinearticles.com
687,Kristi,Coatsworth,kcoatsworthj2@jimdo.com
688,Maddy,Flaunders,mflaundersj3@last.fm
689,Amby,Cullon,acullonj4@angelfire.com
690,Tamara,Donati,tdonatij5@wp.com
691,Dalli,Millin,dmillinj6@icq.com
692,Tori,Byk,tbykj7@flavors.me
693,Andree,Geer,ageerj8@mail.ru
694,Morry,Eads,meadsj9@pcworld.com
695,Osmond,Charity,ocharityja@merriam-webster.com
696,Ferdinande,Lofting,floftingjb@ucla.edu
697,Kaiser,Blowick,kblowickjc@arstechnica.com
698,Frederich,Wanley,fwanleyjd@va.gov
699,Otes,Aven,oavenje@mozilla.com
700,Jessa,Iacovo,jiacovojf@free.fr
701,Orelle,Steventon,osteventonjg@cbc.ca
702,Vera,O'Doghesty,vodoghestyjh@bbc.co.uk
703,Carleen,Traill,ctraillji@usnews.com
704,Siffre,Pearsey,spearseyjj@csmonitor.com
705,Kori,Yukhnini,kyukhninijk@posterous.com
706,Raymond,Clarkin,rclarkinjl@cocolog-nifty.com
707,Almira,Maddams,amaddamsjm@netvibes.com
708,Dallis,Reuss,dreussjn@soup.io
709,Goober,Hulke,ghulkejo@ibm.com
710,Gregory,O'Lagen,golagenjp@columbia.edu
711,Chrissy,Maccrae,cmaccraejq@hugedomains.com
712,Brander,Manuelli,bmanuellijr@wordpress.org
713,Willetta,Bernet,wbernetjs@spotify.com
714,Maxine,Clift,mcliftjt@last.fm
715,Alix,Hatfull,ahatfullju@ocn.ne.jp
716,Julina,Kinvan,jkinvanjv@liveinternet.ru
717,Tibold,Hallatt,thallattjw@multiply.com
718,Lianna,Lampert,llampertjx@lycos.com
719,Charita,Hyndman,chyndmanjy@mozilla.org
720,Henrik,Margaritelli,hmargaritellijz@xrea.com
721,Samantha,Gocher,sgocherk0@stanford.edu
722,Anjanette,Shoubridge,ashoubridgek1@webnode.com
723,Brucie,Pymm,bpymmk2@ft.com
724,Thurston,Leppington,tleppingtonk3@sohu.com
725,Chrissy,Allsepp,callseppk4@sfgate.com
726,Alysia,Bahde,abahdek5@unesco.org
727,Wyndham,Wife,wwifek6@theguardian.com
728,Haley,de Aguirre,hdeaguirrek7@weather.com
729,Reynold,Johnston,rjohnstonk8@pen.io
730,Eldon,Krahl,ekrahlk9@symantec.com
731,Dallon,Oddey,doddeyka@google.ru
732,Darn,De Lascy,ddelascykb@bigcartel.com
733,Clint,Owenson,cowensonkc@homestead.com
734,Chlo,Donnachie,cdonnachiekd@google.es
735,Quintana,Coast,qcoastke@edublogs.org
736,Heather,Nigh,hnighkf@parallels.com
737,Phil,Coverdale,pcoverdalekg@skyrock.com
738,Larine,Costen,lcostenkh@hhs.gov
739,Kirby,O'Lyhane,kolyhaneki@hexun.com
740,Norry,Boyne,nboynekj@msu.edu
741,Elsa,Giacobini,egiacobinikk@netscape.com
742,Nicki,Brahams,nbrahamskl@biglobe.ne.jp
743,Penrod,Backs,pbackskm@blinklist.com
744,Yul,Franchi,yfranchikn@huffingtonpost.com
745,Fianna,Pickston,fpickstonko@china.com.cn
746,Sumner,Unitt,sunittkp@un.org
747,Staffard,Nyland,snylandkq@ed.gov
748,Jandy,Grigolon,jgrigolonkr@who.int
749,Crista,Tschiersch,ctschierschks@studiopress.com
750,Babette,Thomasson,bthomassonkt@yandex.ru
751,Sisely,Goldstraw,sgoldstrawku@scientificamerican.com
752,Carmine,Winpenny,cwinpennykv@printfriendly.com
753,Goldina,Lamprey,glampreykw@wikia.com
754,Doralyn,Cranshaw,dcranshawkx@technorati.com
755,Iris,McNevin,imcnevinky@facebook.com
756,Blair,Forkan,bforkankz@discovery.com
757,Catha,Skelly,cskellyl0@dailymail.co.uk
758,Robb,Tresvina,rtresvinal1@cafepress.com
759,Neddy,Gillogley,ngillogleyl2@jimdo.com
760,Dulce,Handsheart,dhandsheartl3@dyndns.org
761,Amelie,Steers,asteersl4@purevolume.com
762,Tyrone,Barnham,tbarnhaml5@wordpress.org
763,Lindsey,Ortega,lortegal6@addtoany.com
764,Gerianne,Ubsdall,gubsdalll7@miitbeian.gov.cn
765,Minne,Prime,mprimel8@narod.ru
766,Cynthy,Loines,cloinesl9@latimes.com
767,Lise,Boylund,lboylundla@netlog.com
768,Kat,Crummey,kcrummeylb@hud.gov
769,Jaime,Glowacz,jglowaczlc@discovery.com
770,Lydie,Studeart,lstudeartld@merriam-webster.com
771,Emogene,Twigley,etwigleyle@dedecms.com
772,Andrea,Jerram,ajerramlf@bbb.org
773,Brandon,O'Sherin,bosherinlg@usda.gov
774,Lucine,Deeprose,ldeeproselh@answers.com
775,Ursula,Gaylord,ugaylordli@imageshack.us
776,Alberik,Haycraft,ahaycraftlj@ning.com
777,Ruthie,Lafaye,rlafayelk@bluehost.com
778,Tisha,Banck,tbanckll@slashdot.org
779,Gaelan,Aspinwall,gaspinwalllm@sciencedirect.com
780,Haley,Khalid,hkhalidln@godaddy.com
781,Arden,Avard,aavardlo@studiopress.com
782,Correy,Chieco,cchiecolp@state.tx.us
783,Gwen,Royste,groystelq@github.io
784,Arlie,Aylin,aaylinlr@elegantthemes.com
785,Anna-diane,Saladine,asaladinels@ucoz.com
786,Archie,Yesinov,ayesinovlt@yellowpages.com
787,Carol-jean,Reihill,creihilllu@gmpg.org
788,Dominga,Yurevich,dyurevichlv@github.com
789,Griz,Caldes,gcaldeslw@mysql.com
790,Byram,Dunge,bdungelx@usatoday.com
791,Andra,Skurm,askurmly@skyrock.com
792,Ivy,Ingarfield,iingarfieldlz@dedecms.com
793,Flint,Dunkersley,fdunkersleym0@usnews.com
794,Gav,Furnival,gfurnivalm1@wp.com
795,Garrard,Levings,glevingsm2@networksolutions.com
796,Sheelah,Ruffli,srufflim3@youku.com
797,Panchito,Lofthouse,plofthousem4@opensource.org
798,Vania,Tripp,vtrippm5@a8.net
799,Alice,Crathorne,acrathornem6@list-manage.com
800,Kendrick,Smiz,ksmizm7@omniture.com
801,Alvin,Creane,acreanem8@php.net
802,Norean,McArte,nmcartem9@amazon.com
803,Gustie,Linfoot,glinfootma@typepad.com
804,Elenore,Tran,etranmb@alexa.com
805,Peterus,Scoines,pscoinesmc@seattletimes.com
806,Gabriele,Barus,gbarusmd@e-recht24.de
807,Heida,Munkton,hmunktonme@tmall.com
808,Cathrin,Phette,cphettemf@homestead.com
809,Domenico,Ronald,dronaldmg@samsung.com
810,Michele,Hackley,mhackleymh@fastcompany.com
811,Sib,Denington,sdeningtonmi@dyndns.org
812,Richmond,Hammon,rhammonmj@imageshack.us
813,Alexine,Lacotte,alacottemk@artisteer.com
814,Nathan,Sawter,nsawterml@artisteer.com
815,Stavro,Josephov,sjosephovmm@weibo.com
816,Edna,Giraudat,egiraudatmn@arizona.edu
817,Nedda,Toman,ntomanmo@jugem.jp
818,Emmey,Orrow,eorrowmp@apache.org
819,Mahalia,Buse,mbusemq@prnewswire.com
820,Rosella,Falconbridge,rfalconbridgemr@house.gov
821,Ginny,Dyble,gdyblems@squidoo.com
822,Lefty,Harlin,lharlinmt@springer.com
823,Terrijo,Elcock,telcockmu@yandex.ru
824,Axe,Hearons,ahearonsmv@yandex.ru
825,Leonore,Greener,lgreenermw@theglobeandmail.com
826,Ailyn,Keggin,akegginmx@abc.net.au
827,Obidiah,Stirtle,ostirtlemy@google.com.au
828,Manfred,Reoch,mreochmz@bravesites.com
829,Aldric,Jenicek,ajenicekn0@bbb.org
830,Gard,Batts,gbattsn1@ucsd.edu
831,Darrin,Crookshanks,dcrookshanksn2@comcast.net
832,Lefty,Clyant,lclyantn3@gizmodo.com
833,Bern,Sponton,bspontonn4@ebay.com
834,Armstrong,Ashtonhurst,aashtonhurstn5@unesco.org
835,Harrie,Varnals,hvarnalsn6@kickstarter.com
836,Julianne,Rame,jramen7@whitehouse.gov
837,Cecilio,Aspray,casprayn8@uol.com.br
838,Cindy,Thurnham,cthurnhamn9@mediafire.com
839,Livia,Stalley,lstalleyna@netlog.com
840,Reube,Bawle,rbawlenb@tripadvisor.com
841,Britni,Clohisey,bclohiseync@businesswire.com
842,Tera,Dehmel,tdehmelnd@alexa.com
843,Keith,Purver,kpurverne@psu.edu
844,Dannye,Senton,dsentonnf@nydailynews.com
845,Cloe,Ruff,cruffng@apple.com
846,Greta,Powdrill,gpowdrillnh@usa.gov
847,Gilberte,Karlicek,gkarlicekni@bing.com
848,Uriel,Paskell,upaskellnj@shop-pro.jp
849,Ariela,Gatheridge,agatheridgenk@go.com
850,Aguie,Davey,adaveynl@php.net
851,Keeley,Theseira,ktheseiranm@unesco.org
852,Raffarty,Darracott,rdarracottnn@tuttocitta.it
853,Nancie,Saffill,nsaffillno@npr.org
854,Viv,Letch,vletchnp@state.gov
855,Ash,Scottesmoor,ascottesmoornq@networksolutions.com
856,Clemence,Grayling,cgraylingnr@economist.com
857,Gaby,Ungerecht,gungerechtns@microsoft.com
858,Renard,Ogus,rogusnt@wikispaces.com
859,Rossie,Durbyn,rdurbynnu@g.co
860,Amabelle,Seywood,aseywoodnv@phpbb.com
861,Val,Copeland,vcopelandnw@delicious.com
862,Lacee,Ruberti,lrubertinx@51.la
863,Lucio,Haycock,lhaycockny@icio.us
864,Mattie,Longworth,mlongworthnz@loc.gov
865,Burgess,Lyne,blyneo0@360.cn
866,Dare,Bhar,dbharo1@wsj.com
867,Franz,Delamaine,fdelamaineo2@plala.or.jp
868,Flin,Hallitt,fhallitto3@businessweek.com
869,Barton,Wakelam,bwakelamo4@twitpic.com
870,Wendie,Candwell,wcandwello5@pcworld.com
871,Marylynne,Orkney,morkneyo6@ibm.com
872,Salomo,Conklin,sconklino7@addtoany.com
873,Niki,Fluck,nflucko8@mtv.com
874,Trevor,Blazewicz,tblazewiczo9@hao123.com
875,Naoma,Quinnelly,nquinnellyoa@homestead.com
876,Regen,Scoone,rscooneob@businesswire.com
877,Cecelia,Atling,catlingoc@sciencedirect.com
878,Munmro,Springtorp,mspringtorpod@goodreads.com
879,Mac,Kieran,mkieranoe@csmonitor.com
880,Susannah,Woliter,swoliterof@mail.ru
881,Aguistin,Filipovic,afilipovicog@wiley.com
882,Timmie,Dun,tdunoh@theguardian.com
883,Husein,Caizley,hcaizleyoi@adobe.com
884,Riccardo,Furzey,rfurzeyoj@princeton.edu
885,Pavia,Benediktsson,pbenediktssonok@washingtonpost.com
886,Krista,Broz,kbrozol@tripod.com
887,Ricki,Symper,rsymperom@moonfruit.com
888,Llewellyn,Medhurst,lmedhurston@hexun.com
889,Gweneth,Lygoe,glygoeoo@wiley.com
890,Shayna,Sacchetti,ssacchettiop@angelfire.com
891,Alfred,O'Cassidy,aocassidyoq@mozilla.com
892,Clari,Zecchii,czecchiior@bbb.org
893,Spike,Casella,scasellaos@walmart.com
894,Berget,Stobbs,bstobbsot@clickbank.net
895,Vale,Slemmonds,vslemmondsou@noaa.gov
896,Clementina,Lawtey,clawteyov@ucsd.edu
897,Livvie,Andriolli,landriolliow@imdb.com
898,Hans,Cridlan,hcridlanox@answers.com
899,Lind,Songust,lsongustoy@foxnews.com
900,Chickie,Poyntz,cpoyntzoz@hibu.com
901,Kai,Cracie,kcraciep0@goodreads.com
902,Cristen,Torel,ctorelp1@purevolume.com
903,Patrizia,Van De Cappelle,pvandecappellep2@engadget.com
904,Daisey,Witchell,dwitchellp3@un.org
905,Marys,Slott,mslottp4@netlog.com
906,Aindrea,Verdon,averdonp5@nydailynews.com
907,Pepita,Crocetto,pcrocettop6@angelfire.com
908,Fabien,Duxbury,fduxburyp7@dion.ne.jp
909,Lisle,Cattini,lcattinip8@dot.gov
910,Torr,Belsey,tbelseyp9@sourceforge.net
911,Hartley,Macconachy,hmacconachypa@flavors.me
912,June,Karpman,jkarpmanpb@yale.edu
913,Connie,Goudard,cgoudardpc@mtv.com
914,Arnold,Leggon,aleggonpd@un.org
915,Sheffie,Luciano,slucianope@fc2.com
916,Berry,Charrisson,bcharrissonpf@tripod.com
917,Harrison,Caser,hcaserpg@wiley.com
918,Dwain,Norree,dnorreeph@harvard.edu
919,Carlotta,Aveling,cavelingpi@springer.com
920,Levi,Dales,ldalespj@alibaba.com
921,Dawna,Zoane,dzoanepk@feedburner.com
922,Berne,Oxterby,boxterbypl@flickr.com
923,Omero,Conws,oconwspm@yahoo.com
924,Kipp,Sloane,ksloanepn@noaa.gov
925,Garvey,Beddoes,gbeddoespo@skyrock.com
926,Wenonah,Adamoli,wadamolipp@artisteer.com
927,Osmund,Canto,ocantopq@cpanel.net
928,Woodman,Nevin,wnevinpr@disqus.com
929,Arlyne,Greenig,agreenigps@odnoklassniki.ru
930,Lennard,Dowthwaite,ldowthwaitept@sciencedirect.com
931,Benedicto,Grimoldby,bgrimoldbypu@parallels.com
932,Liuka,Comberbach,lcomberbachpv@cafepress.com
933,Hollis,Bowdery,hbowderypw@sciencedaily.com
934,Tedie,O' Lone,tolonepx@wordpress.org
935,Kristal,Kilner,kkilnerpy@shutterfly.com
936,Leonanie,Richten,lrichtenpz@wordpress.org
937,Trevor,Cork,tcorkq0@sphinn.com
938,Irvin,Kinnerk,ikinnerkq1@washington.edu
939,Tracee,Yarr,tyarrq2@phoca.cz
940,Thea,Vain,tvainq3@eventbrite.com
941,Laughton,Tanswell,ltanswellq4@elegantthemes.com
942,Jacquette,Antosch,jantoschq5@amazon.de
943,Ferd,Filipov,ffilipovq6@deviantart.com
944,Rory,Hugonet,rhugonetq7@homestead.com
945,Page,Stepto,psteptoq8@businesswire.com
946,Dot,Allender,dallenderq9@mashable.com
947,Lutero,Basilio,lbasilioqa@oaic.gov.au
948,Reynolds,Westhoff,rwesthoffqb@google.com.au
949,Brock,Heining,bheiningqc@techcrunch.com
950,Dell,Pasby,dpasbyqd@usnews.com
951,Doralyn,Mallan,dmallanqe@java.com
952,Della,Kike,dkikeqf@nih.gov
953,Candie,Di Iorio,cdiiorioqg@last.fm
954,Amery,Farlane,afarlaneqh@ucoz.com
955,Eugen,Knellen,eknellenqi@redcross.org
956,Lydon,Nelhams,lnelhamsqj@liveinternet.ru
957,Marillin,Zellner,mzellnerqk@paypal.com
958,Lana,Thorns,lthornsql@php.net
959,Jennee,Regelous,jregelousqm@youku.com
960,Kinna,D'Alesco,kdalescoqn@wp.com
961,Ardys,Southon,asouthonqo@constantcontact.com
962,Jarret,Scarsbrooke,jscarsbrookeqp@canalblog.com
963,Melba,Bibb,mbibbqq@fastcompany.com
964,Skell,Eathorne,seathorneqr@topsy.com
965,Iris,Spiller,ispillerqs@a8.net
966,Allan,Erangy,aerangyqt@nytimes.com
967,Adlai,Dundridge,adundridgequ@addthis.com
968,Hughie,Wight,hwightqv@bloomberg.com
969,Dionysus,Kumar,dkumarqw@redcross.org
970,Ronnie,Kyd,rkydqx@taobao.com
971,Prentiss,O'Docherty,podochertyqy@photobucket.com
972,Sharl,Thorsby,sthorsbyqz@geocities.com
973,Jone,Dewbury,jdewburyr0@seesaa.net
974,Rosina,Verrier,rverrierr1@parallels.com
975,Elka,Kmietsch,ekmietschr2@go.com
976,Averell,Crosi,acrosir3@mtv.com
977,Vitia,FitzGibbon,vfitzgibbonr4@123-reg.co.uk
978,Oneida,Slayton,oslaytonr5@infoseek.co.jp
979,Koren,Bes,kbesr6@shutterfly.com
980,Sherri,Josephson,sjosephsonr7@indiegogo.com
981,Ty,Ney,tneyr8@constantcontact.com
982,Gregory,Mallia,gmalliar9@live.com
983,Donavon,Baskwell,dbaskwellra@samsung.com
984,Sal,Sowten,ssowtenrb@techcrunch.com
985,Alejoa,Salvati,asalvatirc@edublogs.org
986,Des,Jollie,djollierd@oracle.com
987,Hamnet,Blaasch,hblaaschre@mail.ru
988,Gannon,Saice,gsaicerf@cnet.com
989,Holly,Yarr,hyarrrg@is.gd
990,Marin,Polkinghorne,mpolkinghornerh@netlog.com
991,Allissa,Van de Vlies,avandevliesri@sina.com.cn
992,Karoline,Goodspeed,kgoodspeedrj@marriott.com
993,Germaine,Ilyinski,gilyinskirk@about.com
994,Penrod,Maus,pmausrl@behance.net
995,Packston,Sleney,psleneyrm@reddit.com
996,Othelia,Gittings,ogittingsrn@virginia.edu
997,Evangelin,Stockney,estockneyro@indiatimes.com
998,Egon,Shropshire,eshropshirerp@smugmug.com
999,Gnni,Pask,gpaskrq@goo.ne.jp
1000,Dmitri,Gasking,dgaskingrr@yahoo.com
