id,first_name,last_name,email
1,Matilda,Loader,mloader0@dailymotion.com
2,Annmarie,Garret,agarret1@arizona.edu
3,Dorri,Mountjoy,dmountjoy2@businessweek.com
4,Faber,Ibberson,fibberson3@yale.edu
5,Eberhard,O' Ronan,eoronan4@github.com
6,Noella,Mossdale,nmossdale5@cam.ac.uk
7,Talyah,Strodder,tstrodder6@google.it
8,Darrick,Rushton,drushton7@technorati.com
9,Adan,Dufour,adufour8@blogspot.com
10,Denver,Clubb,dclubb9@examiner.com
11,Philippe,Ruppele,pruppelea@webnode.com
12,Ora,Wilcockes,owilcockesb@sogou.com
13,Mart,Dornan,mdornanc@blogtalkradio.com
14,Barbee,Liddon,bliddond@google.com.hk
15,Matthaeus,Sandeland,msandelande@utexas.edu
16,Jon,McFeate,jmcfeatef@smh.com.au
17,Cosetta,Seeman,cseemang@ft.com
18,Kassey,Brozek,kbrozekh@trellian.com
19,Kathleen,Barker,kbarkeri@amazon.co.jp
20,Susana,Blythe,sblythej@patch.com
21,Willis,McDonough,wmcdonoughk@walmart.com
22,Amery,Kiessel,akiessell@t-online.de
23,Sherlocke,Kilcoyne,skilcoynem@fc2.com
24,Austin,Aylmer,aaylmern@unblog.fr
25,Coleman,Valance,cvalanceo@xing.com
26,Priscella,Jakubovitch,pjakubovitchp@skyrock.com
27,Catie,Bothams,cbothamsq@mozilla.com
28,Simonne,Woolmer,swoolmerr@prlog.org
29,Liane,Sergison,lsergisons@livejournal.com
30,Anita,Rospars,arosparst@go.com
31,Lisha,Rosser,lrosseru@etsy.com
32,Forester,Lode,flodev@cmu.edu
33,Gypsy,Chambers,gchambersw@umich.edu
34,Benn,Dobbings,bdobbingsx@uol.com.br
35,Gram,Godfray,ggodfrayy@amazon.co.uk
36,Rufe,Thain,rthainz@bravesites.com
37,Camila,Hanbury-Brown,chanburybrown10@gizmodo.com
38,Ricky,Bernardoux,rbernardoux11@globo.com
39,Duff,Reidie,dreidie12@imageshack.us
40,Marjy,Pressland,mpressland13@salon.com
41,Alyss,Gotter,agotter14@webeden.co.uk
42,Pooh,Panchin,ppanchin15@nba.com
43,Alejoa,Lippett,alippett16@virginia.edu
44,Dudley,Martinson,dmartinson17@taobao.com
45,Lydia,Delmage,ldelmage18@tiny.cc
46,Chiquia,Witherden,cwitherden19@sfgate.com
47,Jabez,Mushrow,jmushrow1a@sina.com.cn
48,Fanya,Muskett,fmuskett1b@list-manage.com
49,Gradey,Iley,giley1c@imgur.com
50,Oralia,Ducker,oducker1d@moonfruit.com
51,Geordie,Plaster,gplaster1e@printfriendly.com
52,Hobie,Varfolomeev,hvarfolomeev1f@baidu.com
53,Joleen,Biasini,jbiasini1g@a8.net
54,Pepito,Ryland,pryland1h@people.com.cn
55,Merl,Reubens,mreubens1i@smugmug.com
56,Roy,Banghe,rbanghe1j@who.int
57,Marshal,Sime,msime1k@wsj.com
58,Callean,Andriulis,candriulis1l@studiopress.com
59,Robinet,Quare,rquare1m@seesaa.net
60,Corenda,Van der Velde,cvandervelde1n@shop-pro.jp
61,Sherlock,Spratling,sspratling1o@webs.com
62,Ethelda,Dahlen,edahlen1p@amazon.de
63,Carmella,Pudan,cpudan1q@4shared.com
64,Kylie,Lamprecht,klamprecht1r@nature.com
65,Harri,Grisbrook,hgrisbrook1s@mozilla.org
66,Carin,Ord,cord1t@independent.co.uk
67,Katee,Joicey,kjoicey1u@oracle.com
68,Julia,Rentenbeck,jrentenbeck1v@senate.gov
69,Mavis,Unstead,munstead1w@answers.com
70,Madalena,Jerke,mjerke1x@shinystat.com
71,Butch,Schroter,bschroter1y@studiopress.com
72,Seth,Daniells,sdaniells1z@youtu.be
73,Dukie,Pomphrey,dpomphrey20@cpanel.net
74,Marya,Flaverty,mflaverty21@over-blog.com
75,Andreas,Twitchings,atwitchings22@over-blog.com
76,Hildagard,Boreland,hboreland23@google.de
77,Loretta,Tiley,ltiley24@dailymotion.com
78,Stesha,Crayk,scrayk25@foxnews.com
79,Lyon,Crowhurst,lcrowhurst26@reference.com
80,Christie,Seatter,cseatter27@hugedomains.com
81,Cherida,Humbert,chumbert28@google.com.hk
82,Jobyna,Bloodworthe,jbloodworthe29@feedburner.com
83,Helga,Spurr,hspurr2a@technorati.com
84,Hannis,Fidgin,hfidgin2b@live.com
85,Arther,Gother,agother2c@noaa.gov
86,Elicia,Milmith,emilmith2d@simplemachines.org
87,Holly,Petel,hpetel2e@google.ca
88,Jeffy,Sandever,jsandever2f@drupal.org
89,Daniella,Cullingworth,dcullingworth2g@jimdo.com
90,Kerianne,Fullilove,kfullilove2h@blogs.com
91,Mathias,Dumigan,mdumigan2i@ebay.co.uk
92,Winifield,Rylstone,wrylstone2j@soundcloud.com
93,Lynda,Abys,labys2k@nifty.com
94,Prudence,Hawkes,phawkes2l@spiegel.de
95,Beth,Culbard,bculbard2m@opensource.org
96,Gabie,Kleinplatz,gkleinplatz2n@hostgator.com
97,Kinna,Endrighi,kendrighi2o@paypal.com
98,Olly,Janusz,ojanusz2p@hhs.gov
99,Roland,Heakins,rheakins2q@skype.com
100,Allan,Recke,arecke2r@jugem.jp
101,Mercedes,Itzcak,mitzcak2s@nbcnews.com
102,Florenza,Hukin,fhukin2t@reference.com
103,Orv,Bothams,obothams2u@businesswire.com
104,Neddie,McCague,nmccague2v@msn.com
105,Dennison,Burgill,dburgill2w@dmoz.org
106,Nathanil,Tibols,ntibols2x@com.com
107,Shirline,Neville,sneville2y@nifty.com
108,Dari,Morphew,dmorphew2z@hao123.com
109,Alberta,Annies,aannies30@hhs.gov
110,Eugenie,Carlone,ecarlone31@example.com
111,Ninette,Elfe,nelfe32@telegraph.co.uk
112,Nichols,Kepp,nkepp33@simplemachines.org
113,Elliot,Shovell,eshovell34@pen.io
114,Dorena,Holtham,dholtham35@bing.com
115,Erny,Bratley,ebratley36@biblegateway.com
116,Rozanna,De la Yglesia,rdelayglesia37@multiply.com
117,Lurline,Gallemore,lgallemore38@toplist.cz
118,Isidro,Beadman,ibeadman39@yandex.ru
119,Mabelle,Catterson,mcatterson3a@fema.gov
120,Natalina,Aldous,naldous3b@theguardian.com
121,Kimmie,Gritskov,kgritskov3c@mac.com
122,Charlotte,Tschirschky,ctschirschky3d@alexa.com
123,Lexine,Torbeck,ltorbeck3e@wikimedia.org
124,Roanne,Heamus,rheamus3f@miitbeian.gov.cn
125,Uta,Kingdon,ukingdon3g@gov.uk
126,Upton,Clymo,uclymo3h@umn.edu
127,Katherine,Beastall,kbeastall3i@geocities.com
128,Stevena,Leglise,sleglise3j@ftc.gov
129,Ester,Telega,etelega3k@cpanel.net
130,Jared,Kimblen,jkimblen3l@surveymonkey.com
131,April,Higbin,ahigbin3m@over-blog.com
132,Dud,Sheehan,dsheehan3n@cnn.com
133,Gunther,Rainger,grainger3o@dedecms.com
134,Sidoney,Berwick,sberwick3p@sphinn.com
135,Hodge,Ditter,hditter3q@latimes.com
136,Elsinore,Denkin,edenkin3r@issuu.com
137,Cornela,Ianizzi,cianizzi3s@arstechnica.com
138,Archie,Kelleher,akelleher3t@sfgate.com
139,Genia,Wollrauch,gwollrauch3u@yale.edu
140,Dani,Buxsey,dbuxsey3v@nsw.gov.au
141,Heddie,Brody,hbrody3w@nba.com
142,Kellby,Askie,kaskie3x@cpanel.net
143,Spike,Hamman,shamman3y@xing.com
144,Umberto,Soane,usoane3z@smh.com.au
145,Walt,Levison,wlevison40@howstuffworks.com
146,Tyler,Friedlos,tfriedlos41@dailymotion.com
147,Heindrick,Crotty,hcrotty42@ihg.com
148,Zeb,Maudling,zmaudling43@army.mil
149,Barrie,Ivanets,bivanets44@newyorker.com
150,Celinda,Fasson,cfasson45@privacy.gov.au
151,Pattin,Gallop,pgallop46@quantcast.com
152,Melessa,Kington,mkington47@php.net
153,Rosaline,Budden,rbudden48@pen.io
154,Nobie,Yuryichev,nyuryichev49@ihg.com
155,Sasha,Connechie,sconnechie4a@imdb.com
156,Matelda,Sandhill,msandhill4b@unc.edu
157,Kele,Delepine,kdelepine4c@discuz.net
158,Ron,Spehr,rspehr4d@bigcartel.com
159,Alphonse,Corbally,acorbally4e@dedecms.com
160,Bernadina,Sharphurst,bsharphurst4f@ft.com
161,Tremaine,Pretorius,tpretorius4g@soup.io
162,Flory,Frostdyke,ffrostdyke4h@cdc.gov
163,Bobbie,Ivankin,bivankin4i@newsvine.com
164,Lexy,Hilldrup,lhilldrup4j@amazon.com
165,Fiona,Terrans,fterrans4k@biblegateway.com
166,Daryl,Paoletto,dpaoletto4l@acquirethisname.com
167,Joseito,Gotecliffe,jgotecliffe4m@youtube.com
168,Devina,Shrieves,dshrieves4n@123-reg.co.uk
169,Olin,Varey,ovarey4o@imdb.com
170,Alleyn,Dank,adank4p@dagondesign.com
171,Harmon,Durman,hdurman4q@china.com.cn
172,Eulalie,Hachette,ehachette4r@ovh.net
173,Tremain,Keeney,tkeeney4s@google.com.br
174,Raffarty,Cremins,rcremins4t@archive.org
175,Cordi,Van den Broek,cvandenbroek4u@latimes.com
176,Beatrice,Stanning,bstanning4v@mashable.com
177,Tyrus,Dallyn,tdallyn4w@creativecommons.org
178,Sophie,Guiton,sguiton4x@miitbeian.gov.cn
179,Quinn,Ladbury,qladbury4y@creativecommons.org
180,Rudie,Aysh,raysh4z@alexa.com
181,Bartholomew,Postlewhite,bpostlewhite50@aol.com
182,Delano,Byron,dbyron51@desdev.cn
183,Leigha,Courteney,lcourteney52@spotify.com
184,Leoine,Dohrmann,ldohrmann53@ning.com
185,Jacinta,Queyeiro,jqueyeiro54@netlog.com
186,Hadria,Castelletto,hcastelletto55@sfgate.com
187,Petra,Giblett,pgiblett56@feedburner.com
188,Ajay,Treske,atreske57@seattletimes.com
189,Bernita,Demeza,bdemeza58@berkeley.edu
190,Jacynth,Buckhurst,jbuckhurst59@hexun.com
191,Nikoletta,Learmonth,nlearmonth5a@rambler.ru
192,Magdalen,Hubbucke,mhubbucke5b@skyrock.com
193,Lulu,Rosoman,lrosoman5c@illinois.edu
194,Jackie,O'Scanlon,joscanlon5d@huffingtonpost.com
195,Opaline,Fake,ofake5e@netlog.com
196,Ally,Rama,arama5f@mediafire.com
197,Farlee,Lewer,flewer5g@umn.edu
198,Jan,Gerren,jgerren5h@seesaa.net
199,Armin,Boorman,aboorman5i@w3.org
200,Demetris,Diegan,ddiegan5j@friendfeed.com
201,Stavro,Collidge,scollidge5k@topsy.com
202,Page,Counsell,pcounsell5l@chronoengine.com
203,Hakeem,Sheara,hsheara5m@friendfeed.com
204,Westley,Birchill,wbirchill5n@flickr.com
205,Cirstoforo,Caines,ccaines5o@dailymotion.com
206,Tanny,Bickerdike,tbickerdike5p@vinaora.com
207,Gill,Treagus,gtreagus5q@netlog.com
208,Issiah,Sanpere,isanpere5r@nih.gov
209,Fanny,Rockell,frockell5s@npr.org
210,Corbet,Chambers,cchambers5t@imdb.com
211,Cassey,Broxis,cbroxis5u@addthis.com
212,Abram,Doward,adoward5v@vimeo.com
213,Marie-ann,McFall,mmcfall5w@wiley.com
214,Adriane,Puffett,apuffett5x@msu.edu
215,Noelani,Loker,nloker5y@abc.net.au
216,Jacenta,Scane,jscane5z@si.edu
217,Evelina,Klosser,eklosser60@army.mil
218,Tresa,Gann,tgann61@netvibes.com
219,Tiff,Martyn,tmartyn62@buzzfeed.com
220,Margaretta,Goldsmith,mgoldsmith63@adobe.com
221,Jefferson,Rief,jrief64@surveymonkey.com
222,Freda,Danielli,fdanielli65@hibu.com
223,Yves,Tibald,ytibald66@cbc.ca
224,Isidoro,Beecker,ibeecker67@homestead.com
225,Stirling,Champ,schamp68@who.int
226,Noreen,Rae,nrae69@nhs.uk
227,Beck,Malone,bmalone6a@unc.edu
228,Rosemaria,Heball,rheball6b@deviantart.com
229,Saw,Torbet,storbet6c@google.com
230,Rafaela,O'Hoey,rohoey6d@networkadvertising.org
231,Theresa,Dehmel,tdehmel6e@globo.com
232,Gradey,Witnall,gwitnall6f@wufoo.com
233,Deva,Partener,dpartener6g@theguardian.com
234,Josey,Smy,jsmy6h@webnode.com
235,Cammi,Sweet,csweet6i@senate.gov
236,Laurella,Macey,lmacey6j@indiatimes.com
237,Salem,Jantot,sjantot6k@adobe.com
238,Jerrylee,Threlfall,jthrelfall6l@sourceforge.net
239,Gil,Lilly,glilly6m@wix.com
240,Arin,Coldham,acoldham6n@cbsnews.com
241,Lina,Pilgram,lpilgram6o@diigo.com
242,Wendeline,McGriffin,wmcgriffin6p@lycos.com
243,Diena,Carl,dcarl6q@dell.com
244,Tatiania,Veitch,tveitch6r@intel.com
245,Amalea,Couvet,acouvet6s@cam.ac.uk
246,Rey,Kamena,rkamena6t@buzzfeed.com
247,Virgina,Bisiker,vbisiker6u@fc2.com
248,Stafani,Curston,scurston6v@apple.com
249,Eben,Tulley,etulley6w@surveymonkey.com
250,Cull,Toopin,ctoopin6x@harvard.edu
251,Allan,Gatfield,agatfield6y@zdnet.com
252,Anni,Lucas,alucas6z@cnbc.com
253,Lauren,Pauncefoot,lpauncefoot70@irs.gov
254,Rem,Golsby,rgolsby71@nifty.com
255,Care,Hollingsbee,chollingsbee72@indiatimes.com
256,Angie,Oldknow,aoldknow73@fotki.com
257,Alma,Lenton,alenton74@privacy.gov.au
258,Bev,Froment,bfroment75@linkedin.com
259,Elisha,Biggadyke,ebiggadyke76@pinterest.com
260,Vlad,Crecy,vcrecy77@seattletimes.com
261,Abby,Loveless,aloveless78@webnode.com
262,Lory,Bydaway,lbydaway79@cnbc.com
263,Edin,Howton,ehowton7a@drupal.org
264,Rudy,Youell,ryouell7b@ow.ly
265,Averyl,Jurges,ajurges7c@hexun.com
266,Dalila,Agass,dagass7d@feedburner.com
267,Tara,Bolderstone,tbolderstone7e@latimes.com
268,Faythe,Craxford,fcraxford7f@example.com
269,Edithe,Tully,etully7g@yale.edu
270,Daphne,Tacker,dtacker7h@census.gov
271,Phillis,Lumbly,plumbly7i@opera.com
272,Grenville,Joisce,gjoisce7j@rediff.com
273,Sholom,Schimpke,sschimpke7k@ning.com
274,Wendell,Mahaddie,wmahaddie7l@privacy.gov.au
275,Silvano,Worg,sworg7m@abc.net.au
276,Rona,MacAne,rmacane7n@howstuffworks.com
277,Hilary,Turneux,hturneux7o@storify.com
278,Donnie,Cashman,dcashman7p@com.com
279,Yul,Mounsie,ymounsie7q@vistaprint.com
280,Lesley,Loveard,lloveard7r@google.es
281,Blair,Fassam,bfassam7s@google.de
282,Stuart,Bridgen,sbridgen7t@constantcontact.com
283,Almeda,Duxbury,aduxbury7u@rambler.ru
284,Meta,Brymner,mbrymner7v@bloomberg.com
285,Evangelina,Tunaclift,etunaclift7w@creativecommons.org
286,Padget,Wainscot,pwainscot7x@desdev.cn
287,Kelli,Fauguel,kfauguel7y@shareasale.com
288,Roland,Rodgerson,rrodgerson7z@dailymotion.com
289,Judas,Kindleside,jkindleside80@de.vu
290,Felix,Breit,fbreit81@elpais.com
291,Donna,Grimmett,dgrimmett82@artisteer.com
292,Saidee,Allcoat,sallcoat83@nature.com
293,Deeanne,Arson,darson84@xrea.com
294,Chrystel,Swabey,cswabey85@shareasale.com
295,Keely,O'Shavlan,koshavlan86@virginia.edu
296,Sayers,Worrell,sworrell87@dagondesign.com
297,Sabina,Sofe,ssofe88@nba.com
298,Danit,Gabey,dgabey89@ifeng.com
299,Inez,Pinhorn,ipinhorn8a@aol.com
300,Dane,Axby,daxby8b@wikimedia.org
301,Andeee,Hazeley,ahazeley8c@unicef.org
302,Gisela,Jerrom,gjerrom8d@about.me
303,Englebert,Danne,edanne8e@columbia.edu
304,Averil,Hurry,ahurry8f@com.com
305,Felicio,Cady,fcady8g@netlog.com
306,Chantalle,Brient,cbrient8h@howstuffworks.com
307,Melodie,Collymore,mcollymore8i@nationalgeographic.com
308,Tilda,Brownlea,tbrownlea8j@geocities.jp
309,Torrin,Gaither,tgaither8k@boston.com
310,Zondra,Glasscoo,zglasscoo8l@twitter.com
311,Otho,Peachment,opeachment8m@example.com
312,Winna,Bartlosz,wbartlosz8n@thetimes.co.uk
313,Graehme,Burdytt,gburdytt8o@photobucket.com
314,Bellanca,Draisey,bdraisey8p@sun.com
315,Alfonse,Dechelette,adechelette8q@cornell.edu
316,Tamarra,Boddymead,tboddymead8r@sourceforge.net
317,Jedidiah,Shafto,jshafto8s@over-blog.com
318,Torrence,Yegorov,tyegorov8t@simplemachines.org
319,Nissy,Wasselin,nwasselin8u@4shared.com
320,Vere,Bannister,vbannister8v@wired.com
321,Randall,Hutchence,rhutchence8w@usatoday.com
322,Harlin,Flood,hflood8x@canalblog.com
323,Mariejeanne,Canero,mcanero8y@cpanel.net
324,Ennis,Gornar,egornar8z@ehow.com
325,Janice,Pringer,jpringer90@nba.com
326,Cam,Gorhardt,cgorhardt91@skype.com
327,Murry,Gainforth,mgainforth92@admin.ch
328,Ronnie,Piddick,rpiddick93@wp.com
329,Ham,Dockrill,hdockrill94@feedburner.com
330,Bennie,Hender,bhender95@naver.com
331,Maggi,Edmonson,medmonson96@plala.or.jp
332,Sammy,Bridgewood,sbridgewood97@amazon.co.jp
333,Harriett,Detoc,hdetoc98@simplemachines.org
334,Boycey,Balf,bbalf99@skype.com
335,Cecile,Garrick,cgarrick9a@a8.net
336,Dino,Gatsby,dgatsby9b@addtoany.com
337,Sianna,Clitheroe,sclitheroe9c@macromedia.com
338,Anett,Cornbell,acornbell9d@nifty.com
339,Arabele,Robjant,arobjant9e@oaic.gov.au
340,Guy,Bruhnke,gbruhnke9f@com.com
341,Deanna,Wabb,dwabb9g@scribd.com
342,Jillian,De Giorgi,jdegiorgi9h@cmu.edu
343,Lynnea,Dickman,ldickman9i@fema.gov
344,Camilla,Figg,cfigg9j@imageshack.us
345,Rasla,Roos,rroos9k@mayoclinic.com
346,Emilia,Sermin,esermin9l@fema.gov
347,Emelita,Mungane,emungane9m@symantec.com
348,Allys,Easton,aeaston9n@angelfire.com
349,Ashlee,Gardiner,agardiner9o@xinhuanet.com
350,Gilbertina,Vuitton,gvuitton9p@ehow.com
351,Roseanna,Stailey,rstailey9q@technorati.com
352,Samantha,Gurner,sgurner9r@nytimes.com
353,April,Calven,acalven9s@imdb.com
354,Christoforo,Crayk,ccrayk9t@sciencedaily.com
355,Teodor,Geeves,tgeeves9u@hugedomains.com
356,Fairfax,Hruska,fhruska9v@ning.com
357,Callie,Caseley,ccaseley9w@tumblr.com
358,Megen,Kerne,mkerne9x@flavors.me
359,Kirsten,Stit,kstit9y@mozilla.org
360,Camala,Mitchell,cmitchell9z@ustream.tv
361,Haven,Hourihane,hhourihanea0@about.com
362,Nellie,Gowers,ngowersa1@comcast.net
363,Ellery,Winsley,ewinsleya2@japanpost.jp
364,Jeanine,Bagge,jbaggea3@etsy.com
365,Anson,de Vaen,adevaena4@jimdo.com
366,Esdras,Ingyon,eingyona5@parallels.com
367,Eran,Pedracci,epedraccia6@oaic.gov.au
368,Fayth,Cruickshanks,fcruickshanksa7@goodreads.com
369,Mel,Shegog,mshegoga8@nature.com
370,Bertrand,Schaumaker,bschaumakera9@google.com.br
371,Peria,Labbati,plabbatiaa@yahoo.com
372,Liam,Rosekilly,lrosekillyab@blogs.com
373,Skylar,Hurcombe,shurcombeac@aol.com
374,Abie,Llywarch,allywarchad@toplist.cz
375,Gerrie,Whieldon,gwhieldonae@rakuten.co.jp
376,Monti,Bernath,mbernathaf@blogs.com
377,Tanner,Beenham,tbeenhamag@mashable.com
378,Hubert,Trevillion,htrevillionah@sciencedaily.com
379,Mona,Revely,mrevelyai@elegantthemes.com
380,Rufus,Leith-Harvey,rleithharveyaj@i2i.jp
381,Frederick,Lecointe,flecointeak@dailymotion.com
382,Jack,McRonald,jmcronaldal@goodreads.com
383,Adiana,Bengtsson,abengtssonam@deliciousdays.com
384,Modestine,Dowthwaite,mdowthwaitean@desdev.cn
385,Kev,Arrowsmith,karrowsmithao@webeden.co.uk
386,Darcey,Voelker,dvoelkerap@unesco.org
387,Lindi,Doubleday,ldoubledayaq@godaddy.com
388,Halli,Kiff,hkiffar@gravatar.com
389,Vince,Coulthurst,vcoulthurstas@rambler.ru
390,Nananne,Pascall,npascallat@blogger.com
391,Delbert,Desesquelle,ddesesquelleau@marriott.com
392,Budd,Koche,bkocheav@studiopress.com
393,Willard,Yanne,wyanneaw@google.it
394,Marta,Van der Mark,mvandermarkax@disqus.com
395,Livvy,Bevir,lbeviray@creativecommons.org
396,Carma,Crowcum,ccrowcumaz@cam.ac.uk
397,Elias,Statter,estatterb0@cnet.com
398,Tanny,Devonshire,tdevonshireb1@freewebs.com
399,Consuelo,Quakley,cquakleyb2@ning.com
400,Tiff,Jovis,tjovisb3@github.io
401,Spense,Micheau,smicheaub4@npr.org
402,Dannie,Rustedge,drustedgeb5@weather.com
403,Rudie,Skellon,rskellonb6@imdb.com
404,Paten,Heister,pheisterb7@tinypic.com
405,Herculie,Hinder,hhinderb8@huffingtonpost.com
406,Jazmin,Mattiuzzi,jmattiuzzib9@intel.com
407,Mona,Rawles,mrawlesba@e-recht24.de
408,Augy,Kirsch,akirschbb@epa.gov
409,Stefan,Dryburgh,sdryburghbc@skype.com
410,Boy,Helder,bhelderbd@eepurl.com
411,Cynthia,Parcells,cparcellsbe@dmoz.org
412,Sophey,Yellop,syellopbf@mlb.com
413,Bruno,Cardenas,bcardenasbg@ezinearticles.com
414,Doralin,Nelligan,dnelliganbh@npr.org
415,Ely,Beauly,ebeaulybi@51.la
416,Evin,Raoul,eraoulbj@shop-pro.jp
417,Kathe,McAuliffe,kmcauliffebk@theglobeandmail.com
418,Alfons,Abatelli,aabatellibl@ifeng.com
419,Jozef,Chicchetto,jchicchettobm@posterous.com
420,Theobald,Keppy,tkeppybn@sphinn.com
421,Esme,Butter,ebutterbo@simplemachines.org
422,Florry,Muris,fmurisbp@goo.ne.jp
423,Hadleigh,Blumer,hblumerbq@apple.com
424,Karna,Tisun,ktisunbr@soup.io
425,Dulcia,Peplay,dpeplaybs@hatena.ne.jp
426,Sonya,Balderston,sbalderstonbt@hp.com
427,Brooks,Ramsted,bramstedbu@ox.ac.uk
428,Peyter,Comberbach,pcomberbachbv@friendfeed.com
429,Raquela,Sawyer,rsawyerbw@wiley.com
430,Judye,Collibear,jcollibearbx@washington.edu
431,Marco,Kenton,mkentonby@linkedin.com
432,Junina,Arndt,jarndtbz@comsenz.com
433,Sterne,Lownds,slowndsc0@bizjournals.com
434,Beatrice,Wysome,bwysomec1@smugmug.com
435,Mechelle,Leahy,mleahyc2@webeden.co.uk
436,Ariadne,Strewthers,astrewthersc3@dmoz.org
437,Elna,Glassford,eglassfordc4@hibu.com
438,Brice,Curran,bcurranc5@sphinn.com
439,Leola,Blackster,lblacksterc6@cam.ac.uk
440,Jessica,Jobb,jjobbc7@cyberchimps.com
441,Legra,Oxburgh,loxburghc8@liveinternet.ru
442,Doroteya,Haestier,dhaestierc9@freewebs.com
443,Roanne,Dinesen,rdinesenca@bing.com
444,Micki,Leivers,mleiverscb@weibo.com
445,Maiga,Burchatt,mburchattcc@economist.com
446,Fara,Loader,floadercd@state.gov
447,Gan,Di Claudio,gdiclaudioce@omniture.com
448,Agna,Tumpane,atumpanecf@wikia.com
449,Leonore,Ingleby,linglebycg@domainmarket.com
450,Vonny,Venables,vvenablesch@shop-pro.jp
451,Bancroft,Kirk,bkirkci@t.co
452,Zahara,Rootham,zroothamcj@harvard.edu
453,Rockwell,Paulsson,rpaulssonck@howstuffworks.com
454,Alysia,Kenwright,akenwrightcl@so-net.ne.jp
455,Tull,Bangs,tbangscm@msu.edu
456,Carree,Waleran,cwalerancn@bigcartel.com
457,Templeton,Hassey,thasseyco@bloglovin.com
458,Mildrid,Attow,mattowcp@123-reg.co.uk
459,Bobbee,Defries,bdefriescq@wunderground.com
460,Kristien,Jerratsch,kjerratschcr@taobao.com
461,Giffy,Vanni,gvannics@npr.org
462,Minna,Tout,mtoutct@wikia.com
463,Sterne,Mc Caughan,smccaughancu@paypal.com
464,Gordon,Lanney,glanneycv@unc.edu
465,Tudor,Doogan,tdoogancw@twitpic.com
466,Miguel,Grayston,mgraystoncx@stumbleupon.com
467,Friedrich,Semeradova,fsemeradovacy@nih.gov
468,Brooks,McGilben,bmcgilbencz@bloglines.com
469,Creighton,Silbert,csilbertd0@sun.com
470,Ode,Surgood,osurgoodd1@ocn.ne.jp
471,Archambault,Dewhurst,adewhurstd2@yandex.ru
472,Vergil,Gambles,vgamblesd3@abc.net.au
473,Dorey,Trass,dtrassd4@wp.com
474,Heather,Borgne,hborgned5@mac.com
475,Marylee,Knifton,mkniftond6@histats.com
476,Joby,Domenichelli,jdomenichellid7@apple.com
477,Margette,Felton,mfeltond8@va.gov
478,Myrtie,Chaffen,mchaffend9@wufoo.com
479,Brig,Livens,blivensda@geocities.jp
480,Ethelind,Ashurst,eashurstdb@bigcartel.com
481,Gaby,Lemanu,glemanudc@apache.org
482,Juieta,Harniman,jharnimandd@wunderground.com
483,Mattias,McCahey,mmccaheyde@is.gd
484,Ignacio,Shirrell,ishirrelldf@oaic.gov.au
485,Maryjo,Duckers,mduckersdg@so-net.ne.jp
486,Libbie,Smallwood,lsmallwooddh@tuttocitta.it
487,Orelie,Berriman,oberrimandi@cnbc.com
488,Codee,Malthouse,cmalthousedj@skyrock.com
489,Jemie,Maytom,jmaytomdk@dailymail.co.uk
490,Agnese,Dani,adanidl@cloudflare.com
491,Maurizio,Aberkirder,maberkirderdm@marriott.com
492,Currie,McBean,cmcbeandn@columbia.edu
493,Daffie,Pischoff,dpischoffdo@youtube.com
494,Gwendolen,Rieger,griegerdp@ameblo.jp
495,Mechelle,Bellfield,mbellfielddq@fc2.com
496,Johna,Strodder,jstrodderdr@msu.edu
497,Rafaelia,Finnimore,rfinnimoreds@google.fr
498,Drugi,Cadigan,dcadigandt@list-manage.com
499,Tawnya,Veck,tveckdu@redcross.org
500,Stefa,Cathrae,scathraedv@so-net.ne.jp
501,Jedd,Lancley,jlancleydw@ox.ac.uk
502,Hayward,Pavlenkov,hpavlenkovdx@dailymail.co.uk
503,Roman,Picken,rpickendy@weebly.com
504,Tito,Klimkowski,tklimkowskidz@mediafire.com
505,Neala,Miguel,nmiguele0@a8.net
506,Efrem,Chedzoy,echedzoye1@drupal.org
507,Rem,Piesing,rpiesinge2@msn.com
508,Alyss,Phillot,aphillote3@whitehouse.gov
509,Jeana,Easterbrook,jeasterbrooke4@oaic.gov.au
510,Dorisa,Dand,ddande5@webs.com
511,Edna,Baurerich,ebaureriche6@tripadvisor.com
512,Tammy,Brydie,tbrydiee7@zdnet.com
513,Cristobal,Comrie,ccomriee8@paypal.com
514,Jeddy,Disbrey,jdisbreye9@storify.com
515,Sammie,Wardale,swardaleea@icio.us
516,Korie,Maccree,kmaccreeeb@forbes.com
517,Morty,Jacobsen,mjacobsenec@ocn.ne.jp
518,Maxy,Livzey,mlivzeyed@freewebs.com
519,Ivar,Boissier,iboissieree@nationalgeographic.com
520,Augusto,Gilffillan,agilffillanef@flickr.com
521,Florentia,Hext,fhexteg@answers.com
522,Violetta,Minico,vminicoeh@soundcloud.com
523,Meggie,Terrey,mterreyei@cbslocal.com
524,Birch,Treagust,btreagustej@buzzfeed.com
525,Elianore,Maginot,emaginotek@moonfruit.com
526,Reider,Haxby,rhaxbyel@purevolume.com
527,Tirrell,Steadman,tsteadmanem@gizmodo.com
528,Frank,Louis,flouisen@list-manage.com
529,Terri,Harrower,tharrowereo@istockphoto.com
530,Chastity,Brenneke,cbrennekeep@thetimes.co.uk
531,Lennie,Kleeborn,lkleeborneq@bloglovin.com
532,Kissee,Franchi,kfranchier@yellowbook.com
533,Thoma,Proudler,tproudleres@nba.com
534,Thedrick,Guislin,tguislinet@springer.com
535,Phylys,Dinse,pdinseeu@redcross.org
536,Dael,Rogeron,drogeronev@mashable.com
537,Timoteo,Print,tprintew@webmd.com
538,Vergil,Snowdon,vsnowdonex@about.com
539,Darb,Petworth,dpetworthey@studiopress.com
540,Raleigh,Rey,rreyez@miibeian.gov.cn
541,Fraze,Jobbins,fjobbinsf0@sfgate.com
542,Irving,Goadbie,igoadbief1@virginia.edu
543,Inez,Creeboe,icreeboef2@kickstarter.com
544,Courtnay,Maudsley,cmaudsleyf3@utexas.edu
545,Queenie,Wyndham,qwyndhamf4@lulu.com
546,Tawnya,Rowen,trowenf5@hc360.com
547,Noellyn,Moralas,nmoralasf6@upenn.edu
548,Morry,Dufoure,mdufouref7@domainmarket.com
549,Gilberto,Renard,grenardf8@independent.co.uk
550,Charlie,Carnilian,ccarnilianf9@merriam-webster.com
551,Glenden,Jepson,gjepsonfa@nasa.gov
552,Abbie,Hamill,ahamillfb@storify.com
553,Rickert,Cumberlidge,rcumberlidgefc@nbcnews.com
554,Lombard,Petrakov,lpetrakovfd@reference.com
555,Hobard,Heakins,hheakinsfe@chronoengine.com
556,Brok,Grundwater,bgrundwaterff@fc2.com
557,Lauren,Crawford,lcrawfordfg@marriott.com
558,Koo,Rowlett,krowlettfh@howstuffworks.com
559,Viv,Roan,vroanfi@mysql.com
560,Germana,Ayling,gaylingfj@guardian.co.uk
561,Wendye,Postlewhite,wpostlewhitefk@patch.com
562,Analise,Fairhead,afairheadfl@rakuten.co.jp
563,Rebbecca,Kadar,rkadarfm@creativecommons.org
564,Pattie,Crollman,pcrollmanfn@ustream.tv
565,Micki,Jeannin,mjeanninfo@oakley.com
566,Jorgan,Grahlman,jgrahlmanfp@kickstarter.com
567,Anneliese,Kelsow,akelsowfq@hostgator.com
568,Daria,Millership,dmillershipfr@quantcast.com
569,Daisie,Blampey,dblampeyfs@un.org
570,Fitzgerald,Alessandrucci,falessandruccift@surveymonkey.com
571,Tuck,Overall,toverallfu@exblog.jp
572,Bunni,Harron,bharronfv@gov.uk
573,Ingunna,Melvin,imelvinfw@statcounter.com
574,Stacey,Wheelan,swheelanfx@skype.com
575,Chrisse,Perri,cperrify@surveymonkey.com
576,Yalonda,Burfoot,yburfootfz@wp.com
577,Fredelia,Isaksen,fisakseng0@sfgate.com
578,Issy,Leece,ileeceg1@army.mil
579,Alvan,Attenborough,aattenboroughg2@alibaba.com
580,Phaidra,Spinnace,pspinnaceg3@imageshack.us
581,Dyana,Enoch,denochg4@psu.edu
582,Lezlie,Ordidge,lordidgeg5@myspace.com
583,Sondra,Allenson,sallensong6@mapquest.com
584,Marris,Campion,mcampiong7@hp.com
585,Alfred,Comfort,acomfortg8@msn.com
586,Fritz,Coda,fcodag9@si.edu
587,Leona,Muffin,lmuffinga@si.edu
588,Ganny,Lasslett,glasslettgb@alibaba.com
589,Fabio,Flemmich,fflemmichgc@economist.com
590,Joseph,Agiolfinger,jagiolfingergd@cdc.gov
591,Arleta,Skyrme,askyrmege@disqus.com
592,Prent,Petrasso,ppetrassogf@independent.co.uk
593,Lockwood,Lydford,llydfordgg@deliciousdays.com
594,Horten,Climpson,hclimpsongh@biglobe.ne.jp
595,Brennan,Garrity,bgarritygi@ask.com
596,Wendi,Blayd,wblaydgj@hhs.gov
597,Ethan,Maro,emarogk@whitehouse.gov
598,Sonja,Nestle,snestlegl@ebay.co.uk
599,Gerhard,Baskerville,gbaskervillegm@booking.com
600,Ainslie,Crass,acrassgn@japanpost.jp
601,Beckie,Grgic,bgrgicgo@patch.com
602,Teena,Liverseege,tliverseegegp@wikia.com
603,Hendrick,Sawart,hsawartgq@miitbeian.gov.cn
604,Natalya,Hambatch,nhambatchgr@bizjournals.com
605,Bendite,Slowcock,bslowcockgs@cnn.com
606,Ansel,Benkin,abenkingt@twitpic.com
607,Basilio,Brigshaw,bbrigshawgu@issuu.com
608,Nikolai,Bessey,nbesseygv@slate.com
609,Correy,Overel,coverelgw@shareasale.com
610,David,Dwelling,ddwellinggx@i2i.jp
611,Brigida,Eick,beickgy@t.co
612,Angelico,Laugharne,alaugharnegz@bbb.org
613,Liza,Penhalurick,lpenhalurickh0@discuz.net
614,Vyky,Blemen,vblemenh1@economist.com
615,Aubert,Calvert,acalverth2@nhs.uk
616,Joscelin,Service,jserviceh3@google.ca
617,Sidoney,Coult,scoulth4@cocolog-nifty.com
618,Rosalyn,Cobelli,rcobellih5@wikimedia.org
619,Dora,Housego,dhousegoh6@biglobe.ne.jp
620,Joann,Ecclestone,jecclestoneh7@va.gov
621,Heath,Marfield,hmarfieldh8@soundcloud.com
622,Brynn,Woodham,bwoodhamh9@nifty.com
623,Fidole,Rannald,frannaldha@mayoclinic.com
624,Jordon,Delahunty,jdelahuntyhb@symantec.com
625,Sauveur,Bachura,sbachurahc@xinhuanet.com
626,Melody,Nozzolinii,mnozzoliniihd@bravesites.com
627,Keri,McCullouch,kmccullouchhe@senate.gov
628,Friedrich,Bellord,fbellordhf@stanford.edu
629,Cathi,O'Monahan,comonahanhg@mysql.com
630,Manny,Jasik,mjasikhh@boston.com
631,Jan,Wort,jworthi@eventbrite.com
632,Jacquelyn,Doak,jdoakhj@nhs.uk
633,Olia,Hopfner,ohopfnerhk@time.com
634,Jaclin,Hubbard,jhubbardhl@about.com
635,Paco,Stoyles,pstoyleshm@admin.ch
636,Tomaso,Folkerts,tfolkertshn@weebly.com
637,Lucille,Obal,lobalho@networkadvertising.org
638,Morry,Cornish,mcornishhp@oaic.gov.au
639,Sonnnie,Stirrup,sstirruphq@wordpress.org
640,Milton,Cornner,mcornnerhr@bbc.co.uk
641,Clevey,Ingerman,cingermanhs@omniture.com
642,Priscilla,Satterley,psatterleyht@quantcast.com
643,Celle,Jonathon,cjonathonhu@imdb.com
644,Nester,Wilkison,nwilkisonhv@twitpic.com
645,Vanya,Geffe,vgeffehw@vimeo.com
646,Carmel,Hilhouse,chilhousehx@telegraph.co.uk
647,Konstance,Leall,kleallhy@bloomberg.com
648,Jerome,Seamark,jseamarkhz@cnn.com
649,Laurent,Labbez,llabbezi0@amazon.com
650,Vincenz,Brownsword,vbrownswordi1@narod.ru
651,Payton,Troth,ptrothi2@harvard.edu
652,Koralle,Aggas,kaggasi3@ask.com
653,Jacklin,Runciman,jruncimani4@epa.gov
654,Almire,Enos,aenosi5@aol.com
655,Pauline,Bleckly,pblecklyi6@stanford.edu
656,Gusella,Ekkel,gekkeli7@twitpic.com
657,Milton,Lendrem,mlendremi8@imageshack.us
658,Leticia,Manssuer,lmanssueri9@google.com.au
659,Fielding,Byham,fbyhamia@liveinternet.ru
660,Darcy,Tombs,dtombsib@google.ru
661,Harriot,Puvia,hpuviaic@flavors.me
662,Caddric,Queste,cquesteid@usnews.com
663,Noelyn,Chippindale,nchippindaleie@fotki.com
664,Davie,Langdon,dlangdonif@goo.ne.jp
665,Alis,Pepper,apepperig@whitehouse.gov
666,Dell,Cazalet,dcazaletih@cam.ac.uk
667,Casey,Connikie,cconnikieii@wikipedia.org
668,Jerrine,Menilove,jmeniloveij@blogger.com
669,Tildy,Thomelin,tthomelinik@oakley.com
670,Sherrie,Instock,sinstockil@joomla.org
671,Ellen,Basezzi,ebasezziim@sohu.com
672,Pierette,Slator,pslatorin@cbc.ca
673,Adamo,MacWilliam,amacwilliamio@pagesperso-orange.fr
674,Sterling,Bestar,sbestarip@hao123.com
675,Daisi,MacRinn,dmacrinniq@webeden.co.uk
676,Emmalee,Vickerman,evickermanir@printfriendly.com
677,Brandy,Chazelas,bchazelasis@gov.uk
678,Nicolais,Badrick,nbadrickit@wikia.com
679,Rees,Ellph,rellphiu@google.com.hk
680,Mariana,Starbeck,mstarbeckiv@over-blog.com
681,Elspeth,Rathbourne,erathbourneiw@cbsnews.com
682,Emlyn,Dallmann,edallmannix@dmoz.org
683,Barnabe,Luetkemeyers,bluetkemeyersiy@paginegialle.it
684,Kent,Garrad,kgarradiz@zdnet.com
685,Garrett,Larrington,glarringtonj0@rediff.com
686,Jared,Frosch,jfroschj1@taobao.com
687,Brand,Blennerhassett,bblennerhassettj2@washington.edu
688,Lil,Relf,lrelfj3@oracle.com
689,Renado,Lamburn,rlamburnj4@photobucket.com
690,Archer,Bront,abrontj5@cocolog-nifty.com
691,Eldredge,Purdey,epurdeyj6@telegraph.co.uk
692,Flinn,Yoell,fyoellj7@free.fr
693,Elly,Barthot,ebarthotj8@nba.com
694,Fiona,Mouncher,fmouncherj9@delicious.com
695,Tally,Van der Son,tvandersonja@feedburner.com
696,Robbie,Igounet,rigounetjb@cnn.com
697,Elisha,Elmhurst,eelmhurstjc@myspace.com
698,Selia,Coare,scoarejd@vk.com
699,Geri,Attree,gattreeje@state.tx.us
700,Flss,Cronshaw,fcronshawjf@cocolog-nifty.com
701,Arda,Shrubb,ashrubbjg@friendfeed.com
702,Bernelle,Ollivierre,bollivierrejh@squarespace.com
703,Darnall,Budden,dbuddenji@godaddy.com
704,Shelba,Pinsent,spinsentjj@chron.com
705,Darcy,Dransfield,ddransfieldjk@huffingtonpost.com
706,Aland,Skala,askalajl@nsw.gov.au
707,Paco,Sacchetti,psacchettijm@list-manage.com
708,Fannie,Meach,fmeachjn@ibm.com
709,Lyle,Mattocks,lmattocksjo@hc360.com
710,Christos,Petrelli,cpetrellijp@independent.co.uk
711,Dara,Forsyde,dforsydejq@slashdot.org
712,Rorke,Kirsche,rkirschejr@twitter.com
713,Yardley,Tokley,ytokleyjs@a8.net
714,Ferdy,Tremmil,ftremmiljt@oaic.gov.au
715,Franciska,O'Shee,fosheeju@spiegel.de
716,Stefano,Brett,sbrettjv@php.net
717,Rock,Twitty,rtwittyjw@mozilla.com
718,Damita,Liveing,dliveingjx@artisteer.com
719,Gustavus,Oldershaw,goldershawjy@ask.com
720,Haley,Sier,hsierjz@ebay.co.uk
721,Maressa,Andor,mandork0@tiny.cc
722,Leonora,Bertomier,lbertomierk1@geocities.com
723,Wilt,Nannoni,wnannonik2@google.com
724,Nady,Billes,nbillesk3@sun.com
725,Ruthanne,Yeude,ryeudek4@gizmodo.com
726,Imogen,Calliss,icallissk5@digg.com
727,Ailis,Crownshaw,acrownshawk6@qq.com
728,Sheelagh,Caine,scainek7@utexas.edu
729,Alicia,Kennelly,akennellyk8@xinhuanet.com
730,Giacinta,Serrier,gserrierk9@accuweather.com
731,Anni,Paquet,apaquetka@arizona.edu
732,Davey,Turone,dturonekb@issuu.com
733,Heida,Farrar,hfarrarkc@i2i.jp
734,Monroe,Braizier,mbraizierkd@wired.com
735,Remus,Pring,rpringke@cyberchimps.com
736,Glyn,Lockton,glocktonkf@telegraph.co.uk
737,Ruby,Havelin,rhavelinkg@sphinn.com
738,Alaric,Davydkov,adavydkovkh@bravesites.com
739,Tulley,Sanpere,tsanpereki@wufoo.com
740,Deerdre,Axtell,daxtellkj@bravesites.com
741,Lyda,Bachelar,lbachelarkk@bing.com
742,Erl,Keave,ekeavekl@nhs.uk
743,Claudian,Salzberg,csalzbergkm@hatena.ne.jp
744,Barbie,Croker,bcrokerkn@geocities.com
745,Hurley,Beek,hbeekko@de.vu
746,Parrnell,Yerrell,pyerrellkp@salon.com
747,Idell,Adamini,iadaminikq@oracle.com
748,Glyn,Nightingale,gnightingalekr@wikispaces.com
749,Lonni,McEntegart,lmcentegartks@accuweather.com
750,Ericha,Armell,earmellkt@rakuten.co.jp
751,Waylen,Allsup,wallsupku@aboutads.info
752,Casar,Faussett,cfaussettkv@amazon.de
753,Garvy,Snap,gsnapkw@reverbnation.com
754,Theresina,Belli,tbellikx@is.gd
755,Wilden,Wishkar,wwishkarky@vkontakte.ru
756,Reba,Verrall,rverrallkz@myspace.com
757,Valina,Weston,vwestonl0@pbs.org
758,Ruprecht,Strettell,rstrettelll1@scientificamerican.com
759,Nixie,Sugar,nsugarl2@w3.org
760,Sandy,Gaskoin,sgaskoinl3@sciencedaily.com
761,Bartholomeo,Guillart,bguillartl4@imdb.com
762,Hetty,Kelmere,hkelmerel5@abc.net.au
763,Hana,Basant,hbasantl6@amazon.co.jp
764,Gratia,Hellings,ghellingsl7@baidu.com
765,Glen,Stickland,gsticklandl8@instagram.com
766,Brigida,Pudan,bpudanl9@hp.com
767,Margaretha,Joao,mjoaola@github.com
768,Rosmunda,Ridett,rridettlb@princeton.edu
769,Idette,Ganter,iganterlc@geocities.com
770,Palm,Daouse,pdaouseld@bloglovin.com
771,Heddie,Rosborough,hrosboroughle@yellowbook.com
772,Park,Epps,peppslf@army.mil
773,Ewell,Bahlmann,ebahlmannlg@ebay.co.uk
774,Elke,Bettenay,ebettenaylh@about.com
775,Libby,Miko,lmikoli@g.co
776,Ettore,Brodway,ebrodwaylj@miibeian.gov.cn
777,Caprice,Janas,cjanaslk@posterous.com
778,Gabbi,Merdew,gmerdewll@dailymotion.com
779,Northrop,Allingham,nallinghamlm@blogtalkradio.com
780,Alix,Ciciotti,aciciottiln@google.com.br
781,Wildon,Yellowley,wyellowleylo@paypal.com
782,Georgena,Crosham,gcroshamlp@mapquest.com
783,Layne,Moylane,lmoylanelq@apple.com
784,Valene,Lope,vlopelr@instagram.com
785,Ynes,Liggons,yliggonsls@psu.edu
786,Jacqueline,Tidridge,jtidridgelt@networkadvertising.org
787,Margalo,Lemoir,mlemoirlu@senate.gov
788,Wilhelm,Cumber,wcumberlv@ow.ly
789,Diana,Killgus,dkillguslw@techcrunch.com
790,Dot,Sorey,dsoreylx@nationalgeographic.com
791,Allyn,Zelake,azelakely@ucla.edu
792,Josee,Huffadine,jhuffadinelz@forbes.com
793,Jeremiah,Gamblin,jgamblinm0@g.co
794,Rollin,Messingham,rmessinghamm1@upenn.edu
795,Sylvia,McCluin,smccluinm2@wsj.com
796,Janis,Angove,jangovem3@ftc.gov
797,Jakob,Adie,jadiem4@google.pl
798,Brier,Didball,bdidballm5@mediafire.com
799,Alric,Suston,asustonm6@auda.org.au
800,Alyosha,Chable,achablem7@spiegel.de
801,Benjamen,Maber,bmaberm8@washingtonpost.com
802,Jandy,Bruty,jbrutym9@lycos.com
803,Georgeta,Popple,gpopplema@irs.gov
804,Tuckie,Clapp,tclappmb@google.co.jp
805,Carolan,Ostick,costickmc@wordpress.com
806,Calli,Holdworth,choldworthmd@shinystat.com
807,Sigrid,Milland,smillandme@artisteer.com
808,Adair,Catherall,acatherallmf@livejournal.com
809,Mercy,Wollard,mwollardmg@vk.com
810,Lisbeth,Goscomb,lgoscombmh@bizjournals.com
811,Caresa,Siberry,csiberrymi@surveymonkey.com
812,Berty,Haselgrove,bhaselgrovemj@marketwatch.com
813,Salli,Cello,scellomk@bizjournals.com
814,Ole,Middell,omiddellml@mozilla.com
815,Glenna,Creyke,gcreykemm@walmart.com
816,Waly,Prantl,wprantlmn@home.pl
817,Omero,Izzatt,oizzattmo@twitter.com
818,Lethia,Gonnet,lgonnetmp@howstuffworks.com
819,Alasdair,Ollcott,aollcottmq@reddit.com
820,Rochella,Biasini,rbiasinimr@multiply.com
821,Valentine,Skeleton,vskeletonms@list-manage.com
822,Burnaby,Djurisic,bdjurisicmt@studiopress.com
823,Josephine,Maypole,jmaypolemu@icio.us
824,Morty,Grunbaum,mgrunbaummv@t-online.de
825,Valentia,Vellender,vvellendermw@yellowbook.com
826,Ricky,D'Ugo,rdugomx@dagondesign.com
827,Robin,O'Dulchonta,rodulchontamy@liveinternet.ru
828,Arvin,Diament,adiamentmz@spiegel.de
829,Eveleen,Vigne,evignen0@yahoo.co.jp
830,Roxine,Northern,rnorthernn1@yelp.com
831,Karalynn,Sturzaker,ksturzakern2@jigsy.com
832,Maggy,Petow,mpetown3@microsoft.com
833,Sonia,Earney,searneyn4@redcross.org
834,Samantha,Longridge,slongridgen5@slashdot.org
835,Timmy,McLucas,tmclucasn6@google.com.br
836,Merrill,Eloy,meloyn7@wikipedia.org
837,Larisa,Dampney,ldampneyn8@chicagotribune.com
838,Harry,Pauel,hpaueln9@xing.com
839,Lizzy,Frantz,lfrantzna@weebly.com
840,Alida,Sissel,asisselnb@xrea.com
841,Silas,Fairholme,sfairholmenc@xinhuanet.com
842,Torry,Wynett,twynettnd@discovery.com
843,Cointon,Curmi,ccurmine@purevolume.com
844,Mel,Kincla,mkinclanf@usa.gov
845,Ebenezer,De Stoop,edestoopng@t.co
846,Thurstan,Cotsford,tcotsfordnh@fc2.com
847,Ogdan,Cannam,ocannamni@forbes.com
848,Wood,Vinck,wvincknj@sun.com
849,Walliw,Hasell,whasellnk@wired.com
850,Ford,Maciaszczyk,fmaciaszczyknl@ow.ly
851,Brigg,Durbann,bdurbannnm@foxnews.com
852,Bowie,Dewer,bdewernn@soundcloud.com
853,Stanton,Longworth,slongworthno@jiathis.com
854,Vally,Fitchett,vfitchettnp@mashable.com
855,Miller,Siemianowicz,msiemianowicznq@deliciousdays.com
856,Lauralee,Hayley,lhayleynr@free.fr
857,Emmalee,Ditchett,editchettns@hibu.com
858,Stinky,Balme,sbalment@goo.gl
859,Fabiano,Tissier,ftissiernu@salon.com
860,Lawry,Fullager,lfullagernv@nba.com
861,Krysta,Guiduzzi,kguiduzzinw@abc.net.au
862,Joby,Vinker,jvinkernx@pen.io
863,Debee,Drust,ddrustny@exblog.jp
864,Prent,McElane,pmcelanenz@umn.edu
865,Gayel,Casarino,gcasarinoo0@tinypic.com
866,Olive,Garrat,ogarrato1@g.co
867,Ryann,Oylett,royletto2@merriam-webster.com
868,Gladi,Burrus,gburruso3@privacy.gov.au
869,Colly,Baseley,cbaseleyo4@accuweather.com
870,Madel,Judson,mjudsono5@edublogs.org
871,Ashlin,Bridie,abridieo6@twitter.com
872,Conant,Simonian,csimoniano7@google.ca
873,Arabella,Garley,agarleyo8@blinklist.com
874,Jodi,Neesam,jneesamo9@google.com.hk
875,Hal,Gumly,hgumlyoa@dagondesign.com
876,Kayne,McNulty,kmcnultyob@amazon.co.uk
877,Alfi,Grindle,agrindleoc@google.com.au
878,Burnard,Vaughton,bvaughtonod@devhub.com
879,Agneta,Stenet,astenetoe@php.net
880,Nance,Oade,noadeof@oakley.com
881,Kristopher,Collomosse,kcollomosseog@jimdo.com
882,Randi,Eastby,reastbyoh@chron.com
883,Douglas,Gaskamp,dgaskampoi@ehow.com
884,Marcus,Braney,mbraneyoj@livejournal.com
885,Terrel,Freda,tfredaok@nba.com
886,Janene,Woofendell,jwoofendellol@cam.ac.uk
887,Margaretta,Manion,mmanionom@ustream.tv
888,Welch,Bussey,wbusseyon@wisc.edu
889,Ab,Rustich,arustichoo@seesaa.net
890,Elna,Debill,edebillop@imgur.com
891,Brennan,Erridge,berridgeoq@vinaora.com
892,Hubey,Humes,hhumesor@utexas.edu
893,Oberon,Hebbard,ohebbardos@ow.ly
894,Sherlock,Blumer,sblumerot@businessinsider.com
895,Ariella,Colbeck,acolbeckou@smh.com.au
896,Carmelina,Scatchard,cscatchardov@discovery.com
897,Trista,Lantaff,tlantaffow@sciencedaily.com
898,Ernestine,Beentjes,ebeentjesox@so-net.ne.jp
899,Andre,Reightley,areightleyoy@usda.gov
900,Gilberta,Rosnau,grosnauoz@so-net.ne.jp
901,Grier,Harmond,gharmondp0@last.fm
902,Urson,Fairham,ufairhamp1@scientificamerican.com
903,Valaree,Allred,vallredp2@theglobeandmail.com
904,Eada,Antonowicz,eantonowiczp3@nifty.com
905,Jesse,FitzAlan,jfitzalanp4@mashable.com
906,Felic,Richfield,frichfieldp5@wikipedia.org
907,Clementine,Pummell,cpummellp6@icq.com
908,Tripp,Brickdale,tbrickdalep7@aboutads.info
909,Woodrow,Ecclestone,wecclestonep8@nature.com
910,Esther,Phoenix,ephoenixp9@fema.gov
911,Veronica,Arnecke,varneckepa@etsy.com
912,Barbi,Jakoubek,bjakoubekpb@imageshack.us
913,Jackie,Bellingham,jbellinghampc@go.com
914,Brigida,Croot,bcrootpd@ifeng.com
915,Erena,Drains,edrainspe@geocities.com
916,Pearle,Geratt,pgerattpf@nifty.com
917,Leslie,Upcraft,lupcraftpg@joomla.org
918,Bessy,Hogbourne,bhogbourneph@blog.com
919,Barbee,Thorneley,bthorneleypi@xing.com
920,Cybill,Pellman,cpellmanpj@cnn.com
921,Gifford,Kasperski,gkasperskipk@quantcast.com
922,Ruthanne,Twyford,rtwyfordpl@constantcontact.com
923,Joane,Alphege,jalphegepm@soup.io
924,Tybi,Kelemen,tkelemenpn@booking.com
925,Linnie,Welton,lweltonpo@photobucket.com
926,Rheba,Tatlowe,rtatlowepp@google.com
927,Hilliary,Tidbald,htidbaldpq@skype.com
928,Lennard,Gargett,lgargettpr@home.pl
929,Florence,Tolomei,ftolomeips@yahoo.com
930,Morly,Mayward,mmaywardpt@craigslist.org
931,Markus,Fullom,mfullompu@columbia.edu
932,Kirbie,Canero,kcaneropv@simplemachines.org
933,Dari,Blakden,dblakdenpw@si.edu
934,Skipper,Quinney,squinneypx@goodreads.com
935,Colleen,Obeney,cobeneypy@microsoft.com
936,Donalt,Sandwick,dsandwickpz@toplist.cz
937,Cletis,Gawkroge,cgawkrogeq0@hugedomains.com
938,Esther,Battye,ebattyeq1@illinois.edu
939,Ericka,Gery,egeryq2@nature.com
940,Geoffry,Verne,gverneq3@w3.org
941,Jarib,Savaage,jsavaageq4@typepad.com
942,Michelle,Meryett,mmeryettq5@home.pl
943,Ansel,Fredi,afrediq6@newsvine.com
944,Ulrica,Brisson,ubrissonq7@phoca.cz
945,Ab,Roston,arostonq8@linkedin.com
946,Ange,Szymaniak,aszymaniakq9@cnn.com
947,Max,Addington,maddingtonqa@weibo.com
948,Babara,Tabary,btabaryqb@stanford.edu
949,Milo,Daniau,mdaniauqc@google.ru
950,Nanon,Brankley,nbrankleyqd@reddit.com
951,Donnie,Mallinder,dmallinderqe@cdc.gov
952,Marcille,Mulryan,mmulryanqf@qq.com
953,Torr,Chatteris,tchatterisqg@parallels.com
954,Nickey,Tylor,ntylorqh@myspace.com
955,Verene,Cicci,vcicciqi@jugem.jp
956,Barde,McCarthy,bmccarthyqj@privacy.gov.au
957,Penny,Fleeman,pfleemanqk@amazon.de
958,Hanan,Figger,hfiggerql@lycos.com
959,Maridel,Chappelle,mchappelleqm@rakuten.co.jp
960,Mallory,Edgington,medgingtonqn@cnn.com
961,Fitz,Rojas,frojasqo@theguardian.com
962,Alida,Fazackerley,afazackerleyqp@bbb.org
963,Gilly,Statefield,gstatefieldqq@abc.net.au
964,Umeko,McNess,umcnessqr@tripadvisor.com
965,Doe,Gellately,dgellatelyqs@oakley.com
966,Ardenia,Mickelwright,amickelwrightqt@netlog.com
967,Elisha,Vasilmanov,evasilmanovqu@toplist.cz
968,Caz,Tonkinson,ctonkinsonqv@ucla.edu
969,Mitchell,Tattersill,mtattersillqw@cam.ac.uk
970,Burton,Tremontana,btremontanaqx@github.com
971,Kimmy,McPartling,kmcpartlingqy@live.com
972,Lovell,Brader,lbraderqz@cocolog-nifty.com
973,Gherardo,Tilbury,gtilburyr0@feedburner.com
974,Jannel,Orman,jormanr1@shinystat.com
975,Richmound,Brugman,rbrugmanr2@google.co.jp
976,Anatola,Scarf,ascarfr3@flavors.me
977,Brnaby,Bagenal,bbagenalr4@barnesandnoble.com
978,Hillyer,Payne,hpayner5@bluehost.com
979,Gabie,Tedahl,gtedahlr6@umn.edu
980,Delmore,Tozer,dtozerr7@histats.com
981,Welby,Guiness,wguinessr8@answers.com
982,Walt,Milbourne,wmilbourner9@cbsnews.com
983,Shelly,Pallatina,spallatinara@sciencedirect.com
984,Kip,Cambridge,kcambridgerb@state.gov
985,Luciano,Wenban,lwenbanrc@ox.ac.uk
986,Maryjane,Ranger,mrangerrd@odnoklassniki.ru
987,Guthrey,Rattery,gratteryre@nasa.gov
988,Wilhelm,Musgrove,wmusgroverf@sun.com
989,Sherry,Artindale,sartindalerg@buzzfeed.com
990,Emlyn,Blaymires,eblaymiresrh@networkadvertising.org
991,Debor,Witherspoon,dwitherspoonri@apache.org
992,Reina,Dallicoat,rdallicoatrj@elpais.com
993,Cristina,Defew,cdefewrk@studiopress.com
994,Lynnea,Radmore,lradmorerl@studiopress.com
995,Auria,Nelthorp,anelthorprm@oakley.com
996,Gracia,Wheelband,gwheelbandrn@free.fr
997,Ericka,Ciccarello,eciccarelloro@dell.com
998,Sheila-kathryn,Crookston,scrookstonrp@hhs.gov
999,Gerri,McGeechan,gmcgeechanrq@wordpress.com
1000,Russ,Ashment,rashmentrr@eepurl.com
