id,first_name,last_name,email
1,Jeddy,Banyard,jbanyard0@japanpost.jp
2,Dorella,Kenvin,dkenvin1@surveymonkey.com
3,Murvyn,Goodhand,mgoodhand2@nasa.gov
4,Sylvan,Jakubowski,sjakubowski3@dropbox.com
5,Florida,Tolputt,ftolputt4@webmd.com
6,Manfred,Trehearn,mtrehearn5@sina.com.cn
7,Valentine,Freegard,vfreegard6@apple.com
8,Norrie,Nutbeem,nnutbeem7@geocities.com
9,Sim,Tweed,stweed8@networkadvertising.org
10,Sholom,Doree,sdoree9@canalblog.com
11,Nicol,Toten,ntotena@cornell.edu
12,Justino,Onyon,jonyonb@whitehouse.gov
13,Cletis,Dimberline,cdimberlinec@fotki.com
14,Sylvia,Comelini,scomelinid@wired.com
15,Demetra,Matelaitis,dmatelaitise@noaa.gov
16,Barr,Janoschek,bjanoschekf@google.nl
17,Herby,Ovenell,hovenellg@guardian.co.uk
18,Bevan,Chaytor,bchaytorh@usatoday.com
19,Sheelah,Cumberlidge,scumberlidgei@gmpg.org
20,Joli,Jeratt,jjerattj@photobucket.com
21,Paulette,Horrell,phorrellk@disqus.com
22,Josiah,Rathborne,jrathbornel@google.com
23,Randi,Antognoni,rantognonim@elpais.com
24,Klaus,Elvin,kelvinn@php.net
25,Denney,Vowels,dvowelso@opera.com
26,Milt,McGaw,mmcgawp@yahoo.com
27,Maurise,Graeser,mgraeserq@unicef.org
28,Isiahi,Boggish,iboggishr@gizmodo.com
29,Linnell,Fernihough,lfernihoughs@fc2.com
30,Barty,Arbor,barbort@w3.org
31,Jefferey,Ghiroldi,jghiroldiu@flavors.me
32,Klarrisa,Gostyke,kgostykev@jiathis.com
33,Verine,Truelove,vtruelovew@friendfeed.com
34,Claire,Carss,ccarssx@china.com.cn
35,Aurthur,Antao,aantaoy@amazon.de
36,Opalina,Dean,odeanz@about.com
37,Giustino,Gasperi,ggasperi10@google.pl
38,Raoul,Commuzzo,rcommuzzo11@istockphoto.com
39,Elvina,Joiris,ejoiris12@youtube.com
40,Enriqueta,Pane,epane13@xinhuanet.com
41,Bobbette,Yakovitch,byakovitch14@opera.com
42,Rosalinde,Lakeman,rlakeman15@mtv.com
43,Garvy,Dunsire,gdunsire16@youtu.be
44,Huey,Burner,hburner17@simplemachines.org
45,Ingaberg,Schimek,ischimek18@exblog.jp
46,Augusto,Fores,afores19@gmpg.org
47,Mycah,Geeves,mgeeves1a@technorati.com
48,Chalmers,Isakson,cisakson1b@discuz.net
49,Lorelei,Carnall,lcarnall1c@nifty.com
50,Boycie,Dowglass,bdowglass1d@disqus.com
51,Nollie,Paynter,npaynter1e@marketwatch.com
52,Moise,Greensted,mgreensted1f@soundcloud.com
53,Tessie,Flannigan,tflannigan1g@biblegateway.com
54,Celene,Maypole,cmaypole1h@bbb.org
55,Collette,Dunbobin,cdunbobin1i@privacy.gov.au
56,Margot,Eggleton,meggleton1j@is.gd
57,Bendite,Brumhead,bbrumhead1k@apache.org
58,Lilli,Guage,lguage1l@geocities.jp
59,Berny,Minster,bminster1m@springer.com
60,Shirley,Skirven,sskirven1n@mit.edu
61,Hillel,Grouvel,hgrouvel1o@state.tx.us
62,Lionello,Tee,ltee1p@independent.co.uk
63,Janifer,Sterrick,jsterrick1q@sciencedaily.com
64,Artus,Oppy,aoppy1r@amazon.co.jp
65,Fiann,Buzin,fbuzin1s@booking.com
66,Crissie,Litt,clitt1t@dagondesign.com
67,Dion,Fothergill,dfothergill1u@jimdo.com
68,Aldwin,Rassmann,arassmann1v@jiathis.com
69,Gaby,Ragbourne,gragbourne1w@nyu.edu
70,Dorette,Coils,dcoils1x@wikipedia.org
71,Barny,Stopforth,bstopforth1y@phoca.cz
72,Baldwin,Capnerhurst,bcapnerhurst1z@quantcast.com
73,Augustine,Shatliffe,ashatliffe20@opera.com
74,Fowler,Piwell,fpiwell21@qq.com
75,Alwyn,Gaydon,agaydon22@google.nl
76,Dasya,Cinavas,dcinavas23@wisc.edu
77,Josias,Seabert,jseabert24@state.tx.us
78,Dyana,Camblin,dcamblin25@bbc.co.uk
79,Augustin,Nesterov,anesterov26@sourceforge.net
80,Starr,Paramore,sparamore27@examiner.com
81,Joseph,Desbrow,jdesbrow28@tumblr.com
82,Alexi,Mucci,amucci29@microsoft.com
83,Cassi,Damrel,cdamrel2a@reuters.com
84,Gayler,Sallans,gsallans2b@microsoft.com
85,Bobbette,Winkle,bwinkle2c@hibu.com
86,Ferdy,Adamovicz,fadamovicz2d@rambler.ru
87,Chrystal,Gettins,cgettins2e@tripadvisor.com
88,Beatrice,McClune,bmcclune2f@tripadvisor.com
89,Benni,McBeith,bmcbeith2g@miibeian.gov.cn
90,Aigneis,Oels,aoels2h@vkontakte.ru
91,Ogdon,Stoddart,ostoddart2i@squidoo.com
92,Demetris,Posten,dposten2j@bravesites.com
93,Ann-marie,Henri,ahenri2k@mysql.com
94,Guinna,Harcombe,gharcombe2l@canalblog.com
95,Ernestus,Deelay,edeelay2m@nba.com
96,Derril,Mate,dmate2n@prlog.org
97,Natty,Oswick,noswick2o@samsung.com
98,Rosabel,Readett,rreadett2p@redcross.org
99,Ardath,Donat,adonat2q@uol.com.br
100,Nita,Leyninye,nleyninye2r@ezinearticles.com
101,Pierette,Amar,pamar2s@simplemachines.org
102,Gussy,Leese,gleese2t@zdnet.com
103,Darren,Undrill,dundrill2u@163.com
104,Skippie,Lewing,slewing2v@reddit.com
105,Hadleigh,Atton,hatton2w@imgur.com
106,Kelly,Norsister,knorsister2x@ftc.gov
107,Windham,D'Hooge,wdhooge2y@cdbaby.com
108,Bev,Gameson,bgameson2z@economist.com
109,Farris,Tapin,ftapin30@freewebs.com
110,Cristie,Haye,chaye31@xing.com
111,Beth,Walework,bwalework32@usda.gov
112,Lindie,Castlake,lcastlake33@columbia.edu
113,Gaspard,Delepine,gdelepine34@marketwatch.com
114,Lira,Bog,lbog35@scientificamerican.com
115,Kristin,Throughton,kthroughton36@topsy.com
116,Kimberly,MacEvilly,kmacevilly37@adobe.com
117,Patsy,Tanner,ptanner38@cyberchimps.com
118,Brigit,Scanlan,bscanlan39@artisteer.com
119,Brant,Dummigan,bdummigan3a@opensource.org
120,Marilyn,Mardle,mmardle3b@microsoft.com
121,Harper,Apps,happs3c@paginegialle.it
122,Moises,Orteau,morteau3d@sbwire.com
123,Charis,Gethouse,cgethouse3e@nbcnews.com
124,Cheri,Tunnah,ctunnah3f@bravesites.com
125,Dex,Reah,dreah3g@nhs.uk
126,Matthus,Savage,msavage3h@cmu.edu
127,Julieta,Olliar,jolliar3i@guardian.co.uk
128,Emogene,Grzelczak,egrzelczak3j@pbs.org
129,Uta,Leate,uleate3k@soundcloud.com
130,Benedict,Sheere,bsheere3l@about.com
131,Viv,Taunton,vtaunton3m@ning.com
132,Donny,Decourcy,ddecourcy3n@t.co
133,Tandie,Erridge,terridge3o@webs.com
134,Tobias,Bachs,tbachs3p@pagesperso-orange.fr
135,Darcy,Barthorpe,dbarthorpe3q@vk.com
136,Cris,Fragino,cfragino3r@blog.com
137,Muire,Beazey,mbeazey3s@wsj.com
138,Jeffy,Pfeuffer,jpfeuffer3t@baidu.com
139,Kip,Dupre,kdupre3u@pinterest.com
140,Tandy,Norsister,tnorsister3v@slate.com
141,Joice,Dome,jdome3w@google.co.uk
142,Chaddy,Escale,cescale3x@163.com
143,Lila,Saywell,lsaywell3y@nsw.gov.au
144,Helen-elizabeth,Tweed,htweed3z@1688.com
145,Velma,Wakes,vwakes40@people.com.cn
146,Gunner,Pindar,gpindar41@cbc.ca
147,Deana,Raddenbury,draddenbury42@parallels.com
148,Asher,Macellar,amacellar43@stanford.edu
149,Alard,Steventon,asteventon44@cafepress.com
150,Inger,Melarkey,imelarkey45@smh.com.au
151,Denys,Simonard,dsimonard46@examiner.com
152,Brand,Boatwright,bboatwright47@ihg.com
153,Della,Gegg,dgegg48@wikimedia.org
154,Mariam,Duke,mduke49@vimeo.com
155,Clemmy,Avramchik,cavramchik4a@joomla.org
156,Nerta,Wheatman,nwheatman4b@ning.com
157,Olive,Herrema,oherrema4c@ca.gov
158,Chrotoem,Bristo,cbristo4d@dagondesign.com
159,Jackson,Haskey,jhaskey4e@people.com.cn
160,Latrena,Haxell,lhaxell4f@thetimes.co.uk
161,Maggee,Aloshikin,maloshikin4g@printfriendly.com
162,Meggi,Thorwarth,mthorwarth4h@edublogs.org
163,Nell,Ghidini,nghidini4i@domainmarket.com
164,Kerrill,Feathersby,kfeathersby4j@smugmug.com
165,Sisely,Hatter,shatter4k@who.int
166,Fergus,Pie,fpie4l@cdc.gov
167,Kelbee,Raff,kraff4m@fema.gov
168,Barbie,Kohnemann,bkohnemann4n@vistaprint.com
169,Orton,Dory,odory4o@admin.ch
170,Eddie,McDermott-Row,emcdermottrow4p@mit.edu
171,Tisha,Keegan,tkeegan4q@cornell.edu
172,Victor,Schuster,vschuster4r@dmoz.org
173,Renae,Kield,rkield4s@bluehost.com
174,Jarred,Pehrsson,jpehrsson4t@xinhuanet.com
175,Valeda,Joost,vjoost4u@princeton.edu
176,Pepita,O' Meara,pomeara4v@dell.com
177,Kristine,Dmytryk,kdmytryk4w@wordpress.com
178,Caryn,Plumb,cplumb4x@prweb.com
179,Raff,Handscomb,rhandscomb4y@alibaba.com
180,Si,Hartland,shartland4z@posterous.com
181,Aylmar,Pilsworth,apilsworth50@biblegateway.com
182,Sibelle,Whyley,swhyley51@naver.com
183,Kalvin,De Vaan,kdevaan52@hostgator.com
184,Evelina,Powney,epowney53@ustream.tv
185,Harley,Neame,hneame54@who.int
186,Price,Dudeney,pdudeney55@surveymonkey.com
187,Yale,Cow,ycow56@symantec.com
188,Cecil,Thorwarth,cthorwarth57@tuttocitta.it
189,Perry,Sherbourne,psherbourne58@google.co.jp
190,Emmalee,Lavery,elavery59@about.com
191,Theadora,O'Hanlon,tohanlon5a@prnewswire.com
192,Jean,Caird,jcaird5b@bloomberg.com
193,Lindi,Pikhno,lpikhno5c@xing.com
194,Cyndy,MacKegg,cmackegg5d@lulu.com
195,Helena,Beden,hbeden5e@hubpages.com
196,Lorette,Shears,lshears5f@squarespace.com
197,Godfrey,Delany,gdelany5g@jigsy.com
198,Keane,Antrag,kantrag5h@addthis.com
199,Ray,Pollicott,rpollicott5i@oracle.com
200,Hersch,Ferriere,hferriere5j@ucoz.com
201,Alma,Arend,aarend5k@so-net.ne.jp
202,Torrance,Brandin,tbrandin5l@wikimedia.org
203,De witt,Hassen,dhassen5m@earthlink.net
204,Brucie,Muxworthy,bmuxworthy5n@jalbum.net
205,Oswell,McGilroy,omcgilroy5o@reference.com
206,Rodger,Gerckens,rgerckens5p@geocities.jp
207,Clo,Ferrar,cferrar5q@hexun.com
208,Genevieve,Antognelli,gantognelli5r@jugem.jp
209,Knox,Lewis,klewis5s@reddit.com
210,Mariya,Gooly,mgooly5t@ft.com
211,Nil,Lezemere,nlezemere5u@va.gov
212,Amby,Comberbach,acomberbach5v@jigsy.com
213,Ibby,Palfrey,ipalfrey5w@google.co.uk
214,Brandise,Bagworth,bbagworth5x@amazon.com
215,Sofie,Pyzer,spyzer5y@123-reg.co.uk
216,Kaye,Kilminster,kkilminster5z@imdb.com
217,Hilliary,Grigoriscu,hgrigoriscu60@paginegialle.it
218,Bellina,Ivannikov,bivannikov61@myspace.com
219,Skip,Pegler,spegler62@ftc.gov
220,Dulcy,Ffoulkes,dffoulkes63@people.com.cn
221,Ainslee,Giovannelli,agiovannelli64@merriam-webster.com
222,Boycey,Conrad,bconrad65@utexas.edu
223,Cull,Eyree,ceyree66@acquirethisname.com
224,Logan,Linskill,llinskill67@booking.com
225,Raphael,Brounsell,rbrounsell68@arizona.edu
226,Moyra,Putterill,mputterill69@github.io
227,Tabitha,Loveridge,tloveridge6a@redcross.org
228,Eachelle,Chateau,echateau6b@ezinearticles.com
229,Shelly,Macura,smacura6c@washington.edu
230,Charlene,Yandle,cyandle6d@google.nl
231,Natal,Tinmouth,ntinmouth6e@deviantart.com
232,Emlen,Gayton,egayton6f@amazonaws.com
233,Phineas,Kirwan,pkirwan6g@naver.com
234,Berta,Marlor,bmarlor6h@addtoany.com
235,Fanchon,Fountian,ffountian6i@indiegogo.com
236,Pammy,Parfett,pparfett6j@google.ca
237,Susanna,Luciani,sluciani6k@google.fr
238,Spenser,Beagles,sbeagles6l@earthlink.net
239,Ashlee,Battell,abattell6m@over-blog.com
240,Paula,Bartkiewicz,pbartkiewicz6n@bloglines.com
241,Jakob,Putson,jputson6o@blogspot.com
242,Lev,Trinkwon,ltrinkwon6p@businessweek.com
243,Jorie,Romaines,jromaines6q@simplemachines.org
244,Cordie,Dunnett,cdunnett6r@networksolutions.com
245,Krystalle,Sillick,ksillick6s@a8.net
246,Gerick,Twiggs,gtwiggs6t@nhs.uk
247,Livia,Kornyshev,lkornyshev6u@delicious.com
248,Cornall,Choulerton,cchoulerton6v@cnet.com
249,Wright,Tregea,wtregea6w@bizjournals.com
250,Lester,McNerlin,lmcnerlin6x@unblog.fr
251,Christopher,Fairleigh,cfairleigh6y@booking.com
252,Decca,Couvert,dcouvert6z@twitter.com
253,Joey,Gonin,jgonin70@washingtonpost.com
254,Adamo,Comolli,acomolli71@princeton.edu
255,Selig,Bineham,sbineham72@marriott.com
256,Bianka,Creser,bcreser73@hao123.com
257,Georg,Blindt,gblindt74@sitemeter.com
258,Allen,Moralas,amoralas75@upenn.edu
259,Julio,Gomes,jgomes76@timesonline.co.uk
260,Bond,Rieger,brieger77@blog.com
261,Maryjo,Churcher,mchurcher78@loc.gov
262,Shayna,Stannion,sstannion79@sohu.com
263,Kristina,Gerholz,kgerholz7a@twitpic.com
264,Roseline,McKeefry,rmckeefry7b@blogspot.com
265,Casandra,Bexon,cbexon7c@disqus.com
266,Gennifer,Blencowe,gblencowe7d@dot.gov
267,Deni,Clymo,dclymo7e@miitbeian.gov.cn
268,Matthaeus,Dinsmore,mdinsmore7f@xrea.com
269,Clementia,Towler,ctowler7g@blogs.com
270,Kiah,Haysham,khaysham7h@gov.uk
271,Prissie,Raggatt,praggatt7i@altervista.org
272,Branden,Prevett,bprevett7j@baidu.com
273,Moria,Arguile,marguile7k@github.com
274,Lucais,Denver,ldenver7l@issuu.com
275,Harland,Heighway,hheighway7m@mashable.com
276,Ilysa,Scrafton,iscrafton7n@mail.ru
277,Jessa,Greson,jgreson7o@macromedia.com
278,Juditha,Questier,jquestier7p@cbc.ca
279,Ring,Wingatt,rwingatt7q@utexas.edu
280,Clementia,Milligan,cmilligan7r@archive.org
281,Bearnard,Johnson,bjohnson7s@over-blog.com
282,Ricky,Tosspell,rtosspell7t@privacy.gov.au
283,Pauli,Pywell,ppywell7u@statcounter.com
284,Omero,Rutley,orutley7v@amazon.com
285,Aubrie,Camamile,acamamile7w@yellowbook.com
286,Sadie,Beale,sbeale7x@quantcast.com
287,Gwyn,Alvarado,galvarado7y@springer.com
288,Creighton,Dael,cdael7z@newsvine.com
289,Carry,Lidgett,clidgett80@bigcartel.com
290,Nance,Prendeville,nprendeville81@netvibes.com
291,Kelsey,Stubbington,kstubbington82@1und1.de
292,Lyman,Schoenfisch,lschoenfisch83@opensource.org
293,Elbertina,Stallen,estallen84@bbc.co.uk
294,Dud,Wikey,dwikey85@hubpages.com
295,Hayyim,Heggman,hheggman86@hc360.com
296,Vivia,Egentan,vegentan87@comcast.net
297,Lindsay,O'Reagan,loreagan88@salon.com
298,Hamil,Rounds,hrounds89@trellian.com
299,Ivonne,Chessum,ichessum8a@house.gov
300,Fiona,Rooney,frooney8b@virginia.edu
301,Amaleta,Antic,aantic8c@columbia.edu
302,Prudi,McCandless,pmccandless8d@xing.com
303,Laird,Beaton,lbeaton8e@soundcloud.com
304,Carlynn,Babalola,cbabalola8f@so-net.ne.jp
305,Killian,Scollan,kscollan8g@opera.com
306,Ardenia,Kubasek,akubasek8h@domainmarket.com
307,Sheffield,Rossborough,srossborough8i@reverbnation.com
308,Dacie,Adderson,dadderson8j@symantec.com
309,Karoly,Amori,kamori8k@google.co.uk
310,Giuditta,Seeger,gseeger8l@hugedomains.com
311,Jeanelle,Courtliff,jcourtliff8m@vistaprint.com
312,Jermayne,Semken,jsemken8n@imdb.com
313,Ferdinand,MacDonell,fmacdonell8o@craigslist.org
314,Dmitri,Ingerfield,dingerfield8p@spotify.com
315,Richmound,Rome,rrome8q@go.com
316,Andy,Burmaster,aburmaster8r@photobucket.com
317,Orsola,Smorthit,osmorthit8s@wisc.edu
318,Livvie,Grece,lgrece8t@army.mil
319,Valentia,Bruntje,vbruntje8u@cam.ac.uk
320,Raimondo,Wasiel,rwasiel8v@nhs.uk
321,Elfreda,Pace,epace8w@blinklist.com
322,Evangelia,McGerraghty,emcgerraghty8x@sphinn.com
323,Cosmo,McKevin,cmckevin8y@smugmug.com
324,Vivia,Syde,vsyde8z@uol.com.br
325,Chaddy,Dabell,cdabell90@ca.gov
326,Nathanael,Churchyard,nchurchyard91@umn.edu
327,Kakalina,D'Abbot-Doyle,kdabbotdoyle92@nature.com
328,Anne,Niccolls,aniccolls93@patch.com
329,Redd,Novichenko,rnovichenko94@alibaba.com
330,Xavier,Goodspeed,xgoodspeed95@spotify.com
331,Corny,Mattke,cmattke96@woothemes.com
332,Alaster,Ruddin,aruddin97@google.com.hk
333,Alta,Markovic,amarkovic98@acquirethisname.com
334,Genny,Lideard,glideard99@msn.com
335,Talyah,Strewthers,tstrewthers9a@unicef.org
336,Fran,Nichols,fnichols9b@webeden.co.uk
337,Marijo,Wedgbrow,mwedgbrow9c@cloudflare.com
338,Mathilda,Crawley,mcrawley9d@adobe.com
339,Deane,Briffett,dbriffett9e@github.com
340,Conan,Maplethorp,cmaplethorp9f@foxnews.com
341,Dale,Spolton,dspolton9g@marriott.com
342,Corella,Brisson,cbrisson9h@yandex.ru
343,Lindon,Rubanenko,lrubanenko9i@archive.org
344,Lynna,Clampett,lclampett9j@wordpress.com
345,Francene,Coatts,fcoatts9k@washingtonpost.com
346,Shell,Dunguy,sdunguy9l@cargocollective.com
347,Moore,Roussell,mroussell9m@last.fm
348,Eleen,Traite,etraite9n@paginegialle.it
349,Normie,Waghorn,nwaghorn9o@usa.gov
350,Gustaf,Eydel,geydel9p@gov.uk
351,Maurizia,Rosengart,mrosengart9q@deliciousdays.com
352,Elvis,Tincknell,etincknell9r@youtube.com
353,Percival,Lavers,plavers9s@bigcartel.com
354,Felicity,Kinde,fkinde9t@tuttocitta.it
355,Dasha,Jeffryes,djeffryes9u@twitter.com
356,Bale,Ruck,bruck9v@mit.edu
357,Liv,Hagan,lhagan9w@tumblr.com
358,Inge,Rabjohns,irabjohns9x@com.com
359,Deeanne,Janes,djanes9y@comsenz.com
360,Kennedy,Melbourne,kmelbourne9z@jigsy.com
361,Walsh,Pheasant,wpheasanta0@scientificamerican.com
362,Ashlie,Milvarnie,amilvarniea1@dailymail.co.uk
363,Pier,Cockarill,pcockarilla2@ucoz.com
364,Barbra,Shallo,bshalloa3@marriott.com
365,Elbertine,Scranney,escranneya4@amazon.co.uk
366,Sibbie,Billam,sbillama5@prnewswire.com
367,Fayette,Molen,fmolena6@xing.com
368,Gavra,Nisen,gnisena7@netscape.com
369,Wesley,Raybould,wrayboulda8@msu.edu
370,Winslow,Brandin,wbrandina9@ted.com
371,Portie,Deller,pdelleraa@dyndns.org
372,Rafferty,Gleave,rgleaveab@toplist.cz
373,Caryn,Casaroli,ccasaroliac@vkontakte.ru
374,Ari,Duncombe,aduncombead@hostgator.com
375,Amaleta,Busch,abuschae@statcounter.com
376,Amalia,Scrange,ascrangeaf@ox.ac.uk
377,Ofelia,Josovitz,ojosovitzag@google.co.jp
378,Kasper,Chrishop,kchrishopah@amazon.co.uk
379,Melinde,Yexley,myexleyai@ucla.edu
380,Pattie,Hallstone,phallstoneaj@un.org
381,Leyla,Fyndon,lfyndonak@timesonline.co.uk
382,Leshia,Cody,lcodyal@sphinn.com
383,Reiko,Fearenside,rfearensideam@drupal.org
384,Fernando,Ballchin,fballchinan@delicious.com
385,Ive,Chaplain,ichaplainao@oakley.com
386,Leontyne,Cleminshaw,lcleminshawap@mapy.cz
387,Lukas,Babbage,lbabbageaq@cnet.com
388,Tim,Mackin,tmackinar@samsung.com
389,Maryanne,Duffer,mdufferas@discovery.com
390,Mirabella,Ridsdale,mridsdaleat@yolasite.com
391,Arielle,Harwell,aharwellau@hibu.com
392,Mischa,MacMenamin,mmacmenaminav@prweb.com
393,Betteann,Doak,bdoakaw@t-online.de
394,Genevra,Overbury,goverburyax@tinypic.com
395,Valida,Mattei,vmatteiay@weibo.com
396,Kit,Redsull,kredsullaz@opera.com
397,Vite,Zamorrano,vzamorranob0@cisco.com
398,Aldrich,Allcott,aallcottb1@wikia.com
399,Dasya,Minerdo,dminerdob2@mozilla.org
400,Marylou,Isaac,misaacb3@mapy.cz
401,Fran,Attkins,fattkinsb4@pcworld.com
402,Saundra,Alkins,salkinsb5@apache.org
403,Viviana,Allardyce,vallardyceb6@weather.com
404,Eolanda,Bavage,ebavageb7@delicious.com
405,Anastasia,O'Meara,aomearab8@scientificamerican.com
406,Cristine,D'Oyly,cdoylyb9@cafepress.com
407,Barbette,O'Hickee,bohickeeba@nsw.gov.au
408,Heidie,Ivey,hiveybb@scribd.com
409,Wolfie,McKune,wmckunebc@imageshack.us
410,Lani,Hackett,lhackettbd@paypal.com
411,Goraud,Vinnicombe,gvinnicombebe@apache.org
412,Joyce,Briston,jbristonbf@mozilla.org
413,Lindsay,Nester,lnesterbg@blogs.com
414,Boyd,Kemme,bkemmebh@apple.com
415,Carl,Glancey,cglanceybi@scientificamerican.com
416,Bill,Chasemore,bchasemorebj@rakuten.co.jp
417,Eydie,Pedrielli,epedriellibk@fastcompany.com
418,Arlina,Oaten,aoatenbl@bing.com
419,Vasilis,Beedie,vbeediebm@google.ru
420,Naomi,Seamon,nseamonbn@apache.org
421,Romonda,Bahl,rbahlbo@spotify.com
422,Hendrika,Chadwen,hchadwenbp@wufoo.com
423,Brenda,Tribble,btribblebq@spiegel.de
424,Gnni,Shervil,gshervilbr@1und1.de
425,Raviv,Churms,rchurmsbs@github.io
426,Heidie,Dawes,hdawesbt@timesonline.co.uk
427,Ketti,Hadny,khadnybu@topsy.com
428,Northrop,Smitherman,nsmithermanbv@i2i.jp
429,Georgianna,Gaskins,ggaskinsbw@wp.com
430,Symon,Hallibone,shallibonebx@census.gov
431,Craggy,Kempe,ckempeby@purevolume.com
432,Rab,Shepley,rshepleybz@issuu.com
433,Travus,Najera,tnajerac0@businessinsider.com
434,Alford,Platt,aplattc1@disqus.com
435,Emmalyn,Bruty,ebrutyc2@blog.com
436,Fifine,Jarrad,fjarradc3@miitbeian.gov.cn
437,Bibbie,Kerrane,bkerranec4@behance.net
438,Mirelle,Cormode,mcormodec5@infoseek.co.jp
439,Minna,Foystone,mfoystonec6@miitbeian.gov.cn
440,Currie,Leuren,cleurenc7@cnn.com
441,Kimmie,Foakes,kfoakesc8@amazon.com
442,Janos,Hillum,jhillumc9@virginia.edu
443,Alene,Gleave,agleaveca@1688.com
444,Timotheus,Mereweather,tmereweathercb@ox.ac.uk
445,Whitby,Rieger,wriegercc@mediafire.com
446,Andreana,Zappel,azappelcd@hc360.com
447,Silvie,MacCallister,smaccallisterce@cbslocal.com
448,Elvyn,Minards,eminardscf@posterous.com
449,Leonerd,Antonin,lantonincg@un.org
450,Maximilien,Costellow,mcostellowch@usgs.gov
451,Nady,Tropman,ntropmanci@comcast.net
452,Garreth,Burden,gburdencj@4shared.com
453,Lenette,Argontt,largonttck@nature.com
454,Gabie,Wreak,gwreakcl@nsw.gov.au
455,Arnie,Beebe,abeebecm@ftc.gov
456,Toni,Fish,tfishcn@skyrock.com
457,Lefty,Mc Gorley,lmcgorleyco@hexun.com
458,Holden,Kiledal,hkiledalcp@imdb.com
459,Rogers,Reeman,rreemancq@printfriendly.com
460,Ulrick,McGarvie,umcgarviecr@zimbio.com
461,Cyrille,Digan,cdigancs@bbb.org
462,Fran,Tape,ftapect@hhs.gov
463,Daffy,Keane,dkeanecu@unc.edu
464,Shoshana,Anthill,santhillcv@mit.edu
465,Thorndike,Shurrock,tshurrockcw@redcross.org
466,Isabel,Maggiori,imaggioricx@answers.com
467,Roldan,Ponceford,rponcefordcy@t-online.de
468,Rhodia,Surmon,rsurmoncz@youku.com
469,Evvy,Bagworth,ebagworthd0@nps.gov
470,Redford,Vaar,rvaard1@businesswire.com
471,Cissy,MacLese,cmaclesed2@bigcartel.com
472,Queenie,Yurkin,qyurkind3@cloudflare.com
473,Cletis,Lowings,clowingsd4@shutterfly.com
474,Waverley,Docker,wdockerd5@tinypic.com
475,Mariska,Petrolli,mpetrollid6@ifeng.com
476,Shelley,Buckthought,sbuckthoughtd7@yellowbook.com
477,Osmond,Defraine,odefrained8@gov.uk
478,Barry,Phizaclea,bphizaclead9@booking.com
479,Mallory,Edmenson,medmensonda@google.nl
480,Becki,Seville,bsevilledb@dedecms.com
481,Lionello,Forseith,lforseithdc@pen.io
482,Aldous,Naper,anaperdd@tuttocitta.it
483,Correy,Izatson,cizatsonde@patch.com
484,Augustine,Halliwell,ahalliwelldf@privacy.gov.au
485,Benedict,Dallicott,bdallicottdg@stanford.edu
486,Myrwyn,Dietzler,mdietzlerdh@slideshare.net
487,Dael,Gaisford,dgaisforddi@e-recht24.de
488,Clementine,Spivie,cspiviedj@technorati.com
489,Maude,Sanderson,msandersondk@mlb.com
490,Gale,Penburton,gpenburtondl@mit.edu
491,Holt,Blacklidge,hblacklidgedm@msn.com
492,Dulcine,Latey,dlateydn@psu.edu
493,Giffard,Egre,gegredo@drupal.org
494,Stephannie,Jauncey,sjaunceydp@umn.edu
495,Terese,Arents,tarentsdq@smugmug.com
496,Jo-ann,Ferriere,jferrieredr@examiner.com
497,Aldwin,Cuncliffe,acuncliffeds@state.gov
498,Carin,Berardt,cberardtdt@yahoo.co.jp
499,Carroll,Turnock,cturnockdu@feedburner.com
500,Heath,Risman,hrismandv@histats.com
501,Selinda,Aspy,saspydw@acquirethisname.com
502,Yuma,Pinwell,ypinwelldx@a8.net
503,Oates,Nobriga,onobrigady@i2i.jp
504,Gerrilee,MacGragh,gmacgraghdz@pinterest.com
505,Rozalie,Assender,rassendere0@theglobeandmail.com
506,Lita,Tour,ltoure1@un.org
507,Janaya,Dawber,jdawbere2@livejournal.com
508,Ingrid,Spikeings,ispikeingse3@github.io
509,Munmro,Regelous,mregelouse4@paypal.com
510,Riccardo,Hambright,rhambrighte5@bluehost.com
511,Heidi,Kynton,hkyntone6@bigcartel.com
512,Heindrick,Skingley,hskingleye7@instagram.com
513,Essa,Roby,erobye8@com.com
514,Thorvald,Bevans,tbevanse9@miitbeian.gov.cn
515,Marshal,Kluge,mklugeea@dropbox.com
516,Maggi,Schollar,mschollareb@goodreads.com
517,Alvinia,Scaplehorn,ascaplehornec@google.it
518,Bartholomeo,Adrianello,badrianelloed@123-reg.co.uk
519,Susann,Dorr,sdorree@mozilla.org
520,Godiva,Attridge,gattridgeef@springer.com
521,Chaddie,Tibalt,ctibalteg@yahoo.co.jp
522,Lyndell,Graser,lgrasereh@wiley.com
523,Hew,Vasiltsov,hvasiltsovei@friendfeed.com
524,Mallorie,Badham,mbadhamej@vistaprint.com
525,Milt,Sparshott,msparshottek@samsung.com
526,Murielle,Belson,mbelsonel@t-online.de
527,Jermayne,Keyme,jkeymeem@phoca.cz
528,Harmony,Ruddiman,hruddimanen@fema.gov
529,Maryl,M'Chirrie,mmchirrieeo@tripod.com
530,Consalve,Smalles,csmallesep@springer.com
531,Morgen,Cornfoot,mcornfooteq@histats.com
532,Paxton,Quaif,pquaifer@craigslist.org
533,Katrinka,Clemmens,kclemmenses@lulu.com
534,Chev,Towle,ctowleet@istockphoto.com
535,Kikelia,Nottingham,knottinghameu@wix.com
536,Estel,Richards,erichardsev@reuters.com
537,Hester,Jervois,hjervoisew@4shared.com
538,Peg,Davy,pdavyex@blogger.com
539,Jeramey,Brislawn,jbrislawney@netscape.com
540,Vikky,Breissan,vbreissanez@vkontakte.ru
541,Ruprecht,Easton,reastonf0@webs.com
542,Todd,Orrill,torrillf1@cbsnews.com
543,Peggi,Needham,pneedhamf2@cisco.com
544,Maggee,Chuney,mchuneyf3@dailymotion.com
545,Bartie,Tilbrook,btilbrookf4@squarespace.com
546,Devonna,Piatto,dpiattof5@discovery.com
547,Aggie,Braznell,abraznellf6@privacy.gov.au
548,Jocko,Greenhowe,jgreenhowef7@mit.edu
549,Bobinette,Inglesant,binglesantf8@slate.com
550,Odessa,Tie,otief9@bloomberg.com
551,Joannes,Hannigane,jhanniganefa@usda.gov
552,Sammy,Poile,spoilefb@ustream.tv
553,Hermy,Diggell,hdiggellfc@hugedomains.com
554,Adrienne,Clinnick,aclinnickfd@patch.com
555,Christye,Harlin,charlinfe@blogger.com
556,Christabel,Castiglioni,ccastiglioniff@spotify.com
557,Dotty,Giacobbo,dgiacobbofg@jiathis.com
558,Tami,Fills,tfillsfh@answers.com
559,Aloysia,Bakes,abakesfi@latimes.com
560,Vallie,Girardez,vgirardezfj@e-recht24.de
561,Wilmette,Tomes,wtomesfk@boston.com
562,Gayleen,Oolahan,goolahanfl@toplist.cz
563,Stormy,Lindgren,slindgrenfm@drupal.org
564,Lexi,Golder,lgolderfn@canalblog.com
565,Sylvia,Cassie,scassiefo@networksolutions.com
566,Sammy,Jancik,sjancikfp@bing.com
567,Diandra,Escale,descalefq@godaddy.com
568,Artur,Chung,achungfr@google.com
569,Abby,Pleass,apleassfs@zimbio.com
570,Lilly,Crilley,lcrilleyft@guardian.co.uk
571,Rosita,Wharmby,rwharmbyfu@yahoo.co.jp
572,Megan,Nelthorpe,mnelthorpefv@usatoday.com
573,Vinni,Risbridge,vrisbridgefw@tamu.edu
574,Rania,Fareweather,rfareweatherfx@cbc.ca
575,Gennie,Arkley,garkleyfy@jimdo.com
576,Blaine,Dartan,bdartanfz@zdnet.com
577,Bernie,Basilone,bbasiloneg0@apache.org
578,Lucienne,Formilli,lformillig1@cam.ac.uk
579,Ardenia,McRory,amcroryg2@reference.com
580,Jerri,Rediers,jrediersg3@constantcontact.com
581,Glyn,Stear,gstearg4@indiegogo.com
582,Quent,Aldrin,qaldring5@about.me
583,Kylila,Copestake,kcopestakeg6@cargocollective.com
584,Di,Rameaux,drameauxg7@flickr.com
585,Sandi,Keenan,skeenang8@squidoo.com
586,Max,Heckle,mheckleg9@google.it
587,Josiah,Pratchett,jpratchettga@phpbb.com
588,Dolli,O'Geaney,dogeaneygb@mysql.com
589,Christie,Howel,chowelgc@hexun.com
590,Devin,Cauley,dcauleygd@ycombinator.com
591,Darda,Nys,dnysge@livejournal.com
592,Carmen,Roostan,croostangf@usa.gov
593,Candide,Mussett,cmussettgg@tumblr.com
594,Devlen,Doust,ddoustgh@cdc.gov
595,Alana,Studdert,astuddertgi@auda.org.au
596,Hester,Hulburd,hhulburdgj@cdbaby.com
597,Raleigh,Rozea,rrozeagk@squidoo.com
598,Terry,MacGibbon,tmacgibbongl@github.io
599,Pooh,Runnalls,prunnallsgm@unicef.org
600,Kerianne,Arnfield,karnfieldgn@stanford.edu
601,Brod,Annon,bannongo@creativecommons.org
602,Agatha,Edkins,aedkinsgp@examiner.com
603,Kip,Bowcock,kbowcockgq@boston.com
604,Raynor,Escofier,rescofiergr@wired.com
605,Nedda,Shepherdson,nshepherdsongs@xrea.com
606,Shani,Gilardoni,sgilardonigt@nbcnews.com
607,Dehlia,Whimpenny,dwhimpennygu@npr.org
608,Essie,Harg,eharggv@t.co
609,Lodovico,Houlison,lhoulisongw@amazon.com
610,Smith,Wilbore,swilboregx@ning.com
611,Zelda,Wellstead,zwellsteadgy@mit.edu
612,Barbey,Shere,bsheregz@ucla.edu
613,Lianne,Jacobowicz,ljacobowiczh0@yahoo.com
614,Abie,Salomon,asalomonh1@nifty.com
615,Bordy,MacKibbon,bmackibbonh2@livejournal.com
616,Maribelle,Brear,mbrearh3@intel.com
617,Alla,Ferrolli,aferrollih4@cbsnews.com
618,Loree,Scough,lscoughh5@bigcartel.com
619,Indira,Vasnetsov,ivasnetsovh6@sun.com
620,Owen,Szymanzyk,oszymanzykh7@who.int
621,Trenna,Dumbellow,tdumbellowh8@amazon.co.jp
622,Otto,Martyntsev,omartyntsevh9@skyrock.com
623,Lynde,Northing,lnorthingha@youtube.com
624,Ardisj,Benesevich,abenesevichhb@businessweek.com
625,Romona,Hearons,rhearonshc@hibu.com
626,Abel,Showen,ashowenhd@mayoclinic.com
627,Kerby,Guiet,kguiethe@earthlink.net
628,Luce,Fateley,lfateleyhf@xrea.com
629,Julissa,Dallander,jdallanderhg@blogs.com
630,Eliot,Meeson,emeesonhh@ihg.com
631,Carter,Francois,cfrancoishi@youtube.com
632,Miller,Cardenoso,mcardenosohj@intel.com
633,Andriette,Gubbins,agubbinshk@canalblog.com
634,Bruce,Sherman,bshermanhl@adobe.com
635,Sarette,McLeish,smcleishhm@msn.com
636,Mariel,Blakeslee,mblakesleehn@bing.com
637,Rosabel,Stocky,rstockyho@oakley.com
638,Gaye,Krahl,gkrahlhp@studiopress.com
639,Raeann,Derricoat,rderricoathq@npr.org
640,Edvard,Bernardotti,ebernardottihr@360.cn
641,Cal,Maps,cmapshs@imageshack.us
642,Richart,Schoenleiter,rschoenleiterht@wordpress.com
643,Christin,Pickrell,cpickrellhu@tuttocitta.it
644,Gearard,Mankor,gmankorhv@pen.io
645,Elyn,Gabey,egabeyhw@cloudflare.com
646,Lira,Sussans,lsussanshx@wp.com
647,Phylis,Hindrick,phindrickhy@answers.com
648,Nananne,Throssell,nthrossellhz@4shared.com
649,Norine,Whisson,nwhissoni0@ebay.com
650,Vinny,Brooksbie,vbrooksbiei1@narod.ru
651,Otes,Peirazzi,opeirazzii2@networkadvertising.org
652,Edsel,Girardey,egirardeyi3@cbc.ca
653,Thebault,Rallinshaw,trallinshawi4@tiny.cc
654,Tabatha,Augar,taugari5@stumbleupon.com
655,Jeana,Baume,jbaumei6@nih.gov
656,Hanny,Walshaw,hwalshawi7@admin.ch
657,Marjie,Herries,mherriesi8@dot.gov
658,Adorne,Rowdell,arowdelli9@yahoo.com
659,Mame,Toderbrugge,mtoderbruggeia@wix.com
660,Elwyn,Hallyburton,ehallyburtonib@tmall.com
661,Justino,Slinger,jslingeric@topsy.com
662,Halsey,Craighead,hcraigheadid@arizona.edu
663,Heath,Seccombe,hseccombeie@cafepress.com
664,Jemimah,Du Fray,jdufrayif@amazon.co.uk
665,Priscella,Arch,parchig@multiply.com
666,Demetria,Sewards,dsewardsih@nationalgeographic.com
667,Domenic,Parmby,dparmbyii@businesswire.com
668,Shelby,Confait,sconfaitij@ask.com
669,Fairleigh,Cammidge,fcammidgeik@cdc.gov
670,Franklin,Basso,fbassoil@ask.com
671,Ina,Popescu,ipopescuim@dion.ne.jp
672,Norris,Sainsbury,nsainsburyin@booking.com
673,Row,Ballance,rballanceio@hexun.com
674,Lorilyn,Draisey,ldraiseyip@liveinternet.ru
675,Annabelle,Alderton,aaldertoniq@moonfruit.com
676,Drew,Shires,dshiresir@theglobeandmail.com
677,Reinhard,Chatel,rchatelis@cdc.gov
678,Dorine,Sowman,dsowmanit@usatoday.com
679,Redford,Murney,rmurneyiu@mediafire.com
680,Pasquale,Doxey,pdoxeyiv@weather.com
681,Seline,Paget,spagetiw@sbwire.com
682,Sayres,Baszkiewicz,sbaszkiewiczix@google.nl
683,Claudina,Dorrington,cdorringtoniy@accuweather.com
684,Reynard,Bordis,rbordisiz@state.gov
685,Ripley,Bertelmot,rbertelmotj0@reddit.com
686,Barry,Spaughton,bspaughtonj1@furl.net
687,Vitia,Shillabear,vshillabearj2@go.com
688,Whitney,Figge,wfiggej3@joomla.org
689,Yvor,Douglas,ydouglasj4@artisteer.com
690,Thedric,Williamson,twilliamsonj5@wiley.com
691,Cacilie,Roscamp,croscampj6@pinterest.com
692,Estell,Ishak,eishakj7@cloudflare.com
693,Odelinda,Sleeford,osleefordj8@tripadvisor.com
694,Drucill,Holde,dholdej9@gmpg.org
695,Sheri,Etchingham,setchinghamja@java.com
696,Darrin,Siuda,dsiudajb@freewebs.com
697,Konstantine,Towlson,ktowlsonjc@csmonitor.com
698,Torrie,Bonnaire,tbonnairejd@soup.io
699,Berni,MacCardle,bmaccardleje@free.fr
700,Edouard,Fargie,efargiejf@sphinn.com
701,Fawn,Chelsom,fchelsomjg@webnode.com
702,Anthe,Dixon,adixonjh@java.com
703,Ron,Lazarus,rlazarusji@lycos.com
704,Nicolais,Lindores,nlindoresjj@gnu.org
705,Alon,Munday,amundayjk@blogspot.com
706,Vonnie,Bayford,vbayfordjl@irs.gov
707,Joya,Kemer,jkemerjm@nymag.com
708,Louise,Mohring,lmohringjn@newsvine.com
709,Karly,Southall,ksouthalljo@photobucket.com
710,Zulema,Ajean,zajeanjp@naver.com
711,Guenevere,Tomasz,gtomaszjq@sakura.ne.jp
712,Elianore,Rowsell,erowselljr@odnoklassniki.ru
713,Vinny,Tuxell,vtuxelljs@bing.com
714,Bea,Hedditch,bhedditchjt@moonfruit.com
715,Ogdan,Freddi,ofreddiju@loc.gov
716,Reider,Probets,rprobetsjv@ezinearticles.com
717,Willy,Orrocks,worrocksjw@nymag.com
718,Alejandro,Mawne,amawnejx@github.com
719,Lyn,Wilber,lwilberjy@census.gov
720,Sofia,Dudbridge,sdudbridgejz@statcounter.com
721,Alicea,Robjant,arobjantk0@google.co.uk
722,Stacee,Sorbey,ssorbeyk1@mysql.com
723,Jayme,Sirr,jsirrk2@clickbank.net
724,Gabrielle,Cadogan,gcadogank3@sourceforge.net
725,Adiana,McChesney,amcchesneyk4@instagram.com
726,Ardyce,Coit,acoitk5@wisc.edu
727,Obadias,O'Rourke,oorourkek6@123-reg.co.uk
728,Torr,Mc Meekan,tmcmeekank7@youku.com
729,Cyndia,Bunton,cbuntonk8@deviantart.com
730,Regina,Yarrow,ryarrowk9@taobao.com
731,Kira,Petris,kpetriska@nba.com
732,Branden,Castelain,bcastelainkb@uiuc.edu
733,Gherardo,Lardnar,glardnarkc@illinois.edu
734,Davon,Persian,dpersiankd@latimes.com
735,Dacia,Scholig,dscholigke@infoseek.co.jp
736,Jamima,Bosomworth,jbosomworthkf@hp.com
737,Darda,Stroyan,dstroyankg@furl.net
738,Odetta,Latchmore,olatchmorekh@gov.uk
739,Adolphus,Pleven,aplevenki@indiegogo.com
740,Hester,Gregoratti,hgregorattikj@google.fr
741,Ethelyn,Rubinsky,erubinskykk@joomla.org
742,Nadeen,Hambleton,nhambletonkl@phpbb.com
743,Ava,Lindblom,alindblomkm@wikipedia.org
744,Jandy,MacTurlough,jmacturloughkn@mozilla.com
745,Evelyn,Saynor,esaynorko@webmd.com
746,Mirella,Laughlan,mlaughlankp@ted.com
747,Othello,McIntosh,omcintoshkq@joomla.org
748,Cheryl,Ivakhno,civakhnokr@earthlink.net
749,Dulce,Lismer,dlismerks@blogs.com
750,Julita,Colyer,jcolyerkt@weather.com
751,Jaquenette,Abrahamsen,jabrahamsenku@storify.com
752,Andrei,Stigers,astigerskv@newsvine.com
753,Cammy,Puxley,cpuxleykw@redcross.org
754,Felike,Sergeant,fsergeantkx@nasa.gov
755,Dora,Enion,denionky@sciencedirect.com
756,Ninetta,Macenzy,nmacenzykz@plala.or.jp
757,Wells,Riby,wribyl0@usa.gov
758,Humfried,Mannooch,hmannoochl1@patch.com
759,Chelsae,Whatling,cwhatlingl2@icio.us
760,Bartholomeo,Wareham,bwarehaml3@europa.eu
761,Bryana,Orton,bortonl4@merriam-webster.com
762,Raul,Hudghton,rhudghtonl5@intel.com
763,Gabriel,Fisby,gfisbyl6@dion.ne.jp
764,Obie,Alfonso,oalfonsol7@berkeley.edu
765,Dolorita,Casoni,dcasonil8@weebly.com
766,Petey,Paddick,ppaddickl9@google.de
767,Shanie,Lebbern,slebbernla@shinystat.com
768,Hilary,Potteridge,hpotteridgelb@ucoz.ru
769,Dewie,Masterman,dmastermanlc@foxnews.com
770,Betsey,MacCaughey,bmaccaugheyld@csmonitor.com
771,Heda,Buxey,hbuxeyle@sphinn.com
772,Filbert,Lutton,fluttonlf@timesonline.co.uk
773,Cori,Fortman,cfortmanlg@apache.org
774,Saba,Vasyutkin,svasyutkinlh@berkeley.edu
775,Donny,Polglaze,dpolglazeli@imgur.com
776,Joshia,McKeating,jmckeatinglj@ucoz.ru
777,Moore,Wroth,mwrothlk@is.gd
778,Marlowe,Greathead,mgreatheadll@mozilla.org
779,Lamar,Shoulder,lshoulderlm@cafepress.com
780,Ezra,Durie,edurieln@ezinearticles.com
781,Rebeka,Alejo,ralejolo@wikimedia.org
782,Rosita,Dumpleton,rdumpletonlp@apache.org
783,Samuele,Knevet,sknevetlq@cornell.edu
784,Morissa,Ropking,mropkinglr@prweb.com
785,Kerstin,Itzhayek,kitzhayekls@ezinearticles.com
786,Shepherd,Monketon,smonketonlt@sitemeter.com
787,Ralf,Danis,rdanislu@biglobe.ne.jp
788,Cathi,Grieves,cgrieveslv@naver.com
789,Zulema,Gellert,zgellertlw@livejournal.com
790,Fancy,Di Franceschi,fdifranceschilx@theguardian.com
791,Lanae,Hopfner,lhopfnerly@surveymonkey.com
792,Muhammad,Nattriss,mnattrisslz@irs.gov
793,Lotty,Goodman,lgoodmanm0@spiegel.de
794,Mauricio,Bertie,mbertiem1@telegraph.co.uk
795,Caesar,Keyse,ckeysem2@mtv.com
796,Yard,Itzchaki,yitzchakim3@bloglines.com
797,Bale,Adamiak,badamiakm4@ovh.net
798,Esmeralda,Lawler,elawlerm5@hostgator.com
799,Rockwell,Langfat,rlangfatm6@mozilla.org
800,Field,Mehmet,fmehmetm7@ovh.net
801,Kylila,Paulley,kpaulleym8@hexun.com
802,Ganny,Swettenham,gswettenhamm9@bandcamp.com
803,Kliment,Ropcke,kropckema@apple.com
804,Manya,Adlem,madlemmb@hibu.com
805,Corissa,Boyington,cboyingtonmc@delicious.com
806,Kathryne,Geroldi,kgeroldimd@npr.org
807,Irvin,Scare,iscareme@facebook.com
808,Glyn,Klich,gklichmf@arstechnica.com
809,Stephannie,Brash,sbrashmg@php.net
810,Dael,Moakes,dmoakesmh@springer.com
811,Moria,Garci,mgarcimi@homestead.com
812,Tedda,Winn,twinnmj@rakuten.co.jp
813,Ertha,Silberschatz,esilberschatzmk@buzzfeed.com
814,Percy,Bedwell,pbedwellml@apple.com
815,Fay,Yeeles,fyeelesmm@topsy.com
816,Ambur,McKelvey,amckelveymn@spotify.com
817,Ayn,Dell Casa,adellcasamo@who.int
818,Renaud,Alexsandrov,ralexsandrovmp@cargocollective.com
819,Linnie,Hallybone,lhallybonemq@boston.com
820,Bar,Luttgert,bluttgertmr@unicef.org
821,Christy,Palay,cpalayms@xing.com
822,Saundra,Kirrage,skirragemt@biglobe.ne.jp
823,Erasmus,Stiant,estiantmu@nsw.gov.au
824,Nap,Coite,ncoitemv@trellian.com
825,Deonne,Ainsworth,dainsworthmw@skyrock.com
826,Tally,Ghilks,tghilksmx@altervista.org
827,Lyssa,Blondel,lblondelmy@com.com
828,Wang,Hawes,whawesmz@cdc.gov
829,Kimmie,Camsey,kcamseyn0@aboutads.info
830,Margeaux,Kringe,mkringen1@eventbrite.com
831,Marti,Condit,mconditn2@ask.com
832,Arleta,Coping,acopingn3@weather.com
833,Dean,Galero,dgaleron4@patch.com
834,Clerc,Stainburn,cstainburnn5@comcast.net
835,Fredek,Thoumas,fthoumasn6@freewebs.com
836,Karlens,Stoggles,kstogglesn7@aboutads.info
837,Andria,Greaser,agreasern8@vk.com
838,Crysta,McHardy,cmchardyn9@fotki.com
839,Jodi,Landrick,jlandrickna@imageshack.us
840,Annabal,Figgins,afigginsnb@slashdot.org
841,Bryant,Fleckno,bflecknonc@biblegateway.com
842,Zak,Faust,zfaustnd@google.com
843,Elizabet,Leyshon,eleyshonne@cpanel.net
844,Barnebas,Pendered,bpenderednf@jiathis.com
845,Aleda,Douse,adouseng@altervista.org
846,Lydia,Edmands,ledmandsnh@spotify.com
847,Vinnie,Rosser,vrosserni@ftc.gov
848,Riccardo,Gammon,rgammonnj@seesaa.net
849,Alexander,Reford,arefordnk@nbcnews.com
850,Chester,Jedrysik,cjedrysiknl@webs.com
851,Zorana,Blackleech,zblackleechnm@msu.edu
852,Kalila,Beckingham,kbeckinghamnn@delicious.com
853,Bradly,Skelhorn,bskelhornno@facebook.com
854,Derril,Kubecka,dkubeckanp@ameblo.jp
855,Camila,Durden,cdurdennq@i2i.jp
856,Mariellen,Dunks,mdunksnr@zimbio.com
857,Luise,Codi,lcodins@parallels.com
858,Whitney,Segges,wseggesnt@chronoengine.com
859,Clari,Moughton,cmoughtonnu@prweb.com
860,Ximenez,Buesden,xbuesdennv@jugem.jp
861,Pansie,Scimonelli,pscimonellinw@earthlink.net
862,Lila,Hynam,lhynamnx@house.gov
863,Lyndel,Barti,lbartiny@seesaa.net
864,Hoebart,Pourveer,hpourveernz@washingtonpost.com
865,Bradney,Kemson,bkemsono0@ted.com
866,Norean,Stockhill,nstockhillo1@ftc.gov
867,Steffi,Donisi,sdonisio2@apple.com
868,Robbie,Mishow,rmishowo3@instagram.com
869,Jaynell,Cough,jcougho4@gov.uk
870,Fitzgerald,Gandley,fgandleyo5@angelfire.com
871,Bertine,O' Sullivan,bosullivano6@yahoo.co.jp
872,Judith,Hauxwell,jhauxwello7@diigo.com
873,Kaitlynn,Flook,kflooko8@github.com
874,Horatio,Duinbleton,hduinbletono9@digg.com
875,Torey,Overal,toveraloa@ed.gov
876,Maurizia,Lashmore,mlashmoreob@360.cn
877,Nichol,Benditt,nbendittoc@opensource.org
878,Yancey,Carlow,ycarlowod@dmoz.org
879,Andree,Vallow,avallowoe@ox.ac.uk
880,Quinn,Kinrade,qkinradeof@nationalgeographic.com
881,Mil,Cargon,mcargonog@gnu.org
882,Kalli,Vautre,kvautreoh@fotki.com
883,Marcelia,Orniz,mornizoi@sourceforge.net
884,Karoly,Tassell,ktasselloj@vk.com
885,Waiter,Cavill,wcavillok@sphinn.com
886,Doralynn,Grinnell,dgrinnellol@answers.com
887,Georgia,Perschke,gperschkeom@ca.gov
888,Brennen,Filintsev,bfilintsevon@domainmarket.com
889,Randie,Hairon,rhaironoo@yellowbook.com
890,Sada,Raitt,sraittop@vk.com
891,Giacobo,Tiebe,gtiebeoq@soup.io
892,Guenna,Osmund,gosmundor@acquirethisname.com
893,Zea,Boatswain,zboatswainos@sphinn.com
894,Engracia,Albion,ealbionot@earthlink.net
895,Emeline,Bows,ebowsou@engadget.com
896,Darcey,Cressor,dcressorov@cbc.ca
897,Gianni,Junkison,gjunkisonow@dell.com
898,Grata,Middlewick,gmiddlewickox@rediff.com
899,Arlan,McKillop,amckillopoy@jugem.jp
900,Benoit,Longland,blonglandoz@nature.com
901,Hayyim,Hrinchenko,hhrinchenkop0@walmart.com
902,Carie,Rathke,crathkep1@washington.edu
903,Earle,Kissack,ekissackp2@oracle.com
904,Celeste,Bails,cbailsp3@dedecms.com
905,Mendie,Borrett,mborrettp4@state.gov
906,Linnell,Kacheller,lkachellerp5@mail.ru
907,Franky,Bromley,fbromleyp6@sfgate.com
908,Harland,Winkle,hwinklep7@godaddy.com
909,Reinwald,Miskin,rmiskinp8@nih.gov
910,Corabel,Burnsall,cburnsallp9@wikispaces.com
911,Gualterio,Goldsworthy,ggoldsworthypa@microsoft.com
912,Cob,Mallon,cmallonpb@msn.com
913,Eamon,Lovick,elovickpc@hud.gov
914,Lind,Le Surf,llesurfpd@nsw.gov.au
915,Travus,Quakley,tquakleype@mapy.cz
916,Nevil,Pavitt,npavittpf@devhub.com
917,Rosy,Donke,rdonkepg@pbs.org
918,Wynn,Giovanitti,wgiovanittiph@godaddy.com
919,Joan,McDowell,jmcdowellpi@delicious.com
920,Carry,Lethby,clethbypj@sogou.com
921,Lishe,Ivashchenko,livashchenkopk@clickbank.net
922,Finn,Annes,fannespl@ow.ly
923,Haywood,Spennock,hspennockpm@list-manage.com
924,Addi,Redihough,aredihoughpn@zimbio.com
925,Ryann,Pyett,rpyettpo@wikispaces.com
926,Osmond,Fraser,ofraserpp@stanford.edu
927,Clementius,Isakovitch,cisakovitchpq@elegantthemes.com
928,Lorant,Carmody,lcarmodypr@hostgator.com
929,Rhianna,Kornacki,rkornackips@prweb.com
930,Harold,Pusey,hpuseypt@friendfeed.com
931,Hamlin,Sidebotton,hsidebottonpu@mit.edu
932,Uta,Charon,ucharonpv@squidoo.com
933,Matilda,Moynham,mmoynhampw@apple.com
934,Doretta,Fresson,dfressonpx@arstechnica.com
935,Michael,Bartomieu,mbartomieupy@paginegialle.it
936,Kandy,Ekkel,kekkelpz@tripod.com
937,Liv,Thatcham,lthatchamq0@facebook.com
938,Red,Gotcliff,rgotcliffq1@com.com
939,Ulrika,Stimson,ustimsonq2@goodreads.com
940,Kennie,Matkin,kmatkinq3@reuters.com
941,Edna,Simonyi,esimonyiq4@blogger.com
942,Stacey,Udall,sudallq5@kickstarter.com
943,Tabatha,Threadgall,tthreadgallq6@adobe.com
944,Agace,Pumphrey,apumphreyq7@nymag.com
945,Diena,Oury,douryq8@newyorker.com
946,Fayette,Parfrey,fparfreyq9@epa.gov
947,Kath,Rauprich,krauprichqa@youtube.com
948,Jammie,Reddick,jreddickqb@list-manage.com
949,Eloise,Kingsnode,ekingsnodeqc@npr.org
950,Kylen,Graysmark,kgraysmarkqd@yellowbook.com
951,Korie,Ballin,kballinqe@cam.ac.uk
952,Patrick,Palk,ppalkqf@altervista.org
953,Ninetta,Peakman,npeakmanqg@nbcnews.com
954,Melloney,Penella,mpenellaqh@jugem.jp
955,Burtie,Tongue,btongueqi@hostgator.com
956,Marcy,Oselton,moseltonqj@dailymail.co.uk
957,Ketty,Reignould,kreignouldqk@domainmarket.com
958,Gunter,Krysztowczyk,gkrysztowczykql@pen.io
959,Joeann,Bushel,jbushelqm@google.com.br
960,Shayna,Doulden,sdouldenqn@reddit.com
961,Jed,Philpott,jphilpottqo@miitbeian.gov.cn
962,Thea,Tabourin,ttabourinqp@rakuten.co.jp
963,Kristo,Pannett,kpannettqq@phpbb.com
964,Lyndsie,Killough,lkilloughqr@vkontakte.ru
965,Andi,Savill,asavillqs@admin.ch
966,Merralee,Penright,mpenrightqt@wordpress.com
967,Nola,Lummis,nlummisqu@shareasale.com
968,Charley,Halsted,chalstedqv@goodreads.com
969,Dre,Ewens,dewensqw@vinaora.com
970,Gwenneth,Readwood,greadwoodqx@washington.edu
971,Tabbi,Glanert,tglanertqy@facebook.com
972,Raleigh,Lintin,rlintinqz@dion.ne.jp
973,Gizela,Oddboy,goddboyr0@dell.com
974,Clem,Wardroper,cwardroperr1@multiply.com
975,Edeline,Larsen,elarsenr2@istockphoto.com
976,Flss,Tavner,ftavnerr3@infoseek.co.jp
977,Loren,Jahnisch,ljahnischr4@hugedomains.com
978,Trula,Meyer,tmeyerr5@utexas.edu
979,Alexandra,Boult,aboultr6@ucoz.com
980,Florina,Helsdon,fhelsdonr7@icq.com
981,Lil,Beartup,lbeartupr8@engadget.com
982,Alvira,Normabell,anormabellr9@amazon.de
983,Arvy,Pree,apreera@hugedomains.com
984,Fee,Yoseloff,fyoseloffrb@un.org
985,Mayne,Goodie,mgoodierc@ifeng.com
986,Mendy,MacGilrewy,mmacgilrewyrd@t-online.de
987,Madge,Measey,mmeaseyre@vistaprint.com
988,Alexandros,Wibrew,awibrewrf@constantcontact.com
989,Graeme,Gatfield,ggatfieldrg@cbsnews.com
990,Rusty,Tym,rtymrh@google.de
991,Cristal,Coppenhall,ccoppenhallri@google.de
992,Smitty,Elverston,selverstonrj@networkadvertising.org
993,Keri,Rupke,krupkerk@ucsd.edu
994,Lon,Boreham,lborehamrl@mysql.com
995,Bernadina,Colvine,bcolvinerm@springer.com
996,Johnny,Jaxon,jjaxonrn@networksolutions.com
997,Zonda,Calow,zcalowro@comcast.net
998,Queenie,Dimitrescu,qdimitrescurp@google.de
999,Meggie,Keslake,mkeslakerq@free.fr
1000,Oberon,Cahillane,ocahillanerr@ocn.ne.jp
