id,first_name,last_name,email
1,Nobie,Lettley,nlettley0@addtoany.com
2,Tildy,Gillie,tgillie1@xing.com
3,Aggy,Iskow,aiskow2@blogtalkradio.com
4,Sylvan,Duiguid,sduiguid3@guardian.co.uk
5,Marnia,Jeaves,mjeaves4@addthis.com
6,Jessalin,Smeaton,jsmeaton5@cpanel.net
7,Ashli,Cuckson,acuckson6@a8.net
8,Pearline,Gepson,pgepson7@parallels.com
9,Zelda,Benjamin,zbenjamin8@berkeley.edu
10,Carley,MacFayden,cmacfayden9@ycombinator.com
11,Nolan,Crich,ncricha@bloomberg.com
12,Hodge,Grishagin,hgrishaginb@washington.edu
13,Orbadiah,Allbut,oallbutc@sun.com
14,Meredith,Embleton,membletond@quantcast.com
15,Clovis,Halbert,chalberte@msn.com
16,Maxie,Marzelli,mmarzellif@shinystat.com
17,Kaycee,Yerrall,kyerrallg@cloudflare.com
18,Karrah,Kulas,kkulash@google.it
19,Emmerich,O' Cuolahan,eocuolahani@storify.com
20,Alford,Matusovsky,amatusovskyj@shutterfly.com
21,Delly,Frackiewicz,dfrackiewiczk@parallels.com
22,Sidonia,Kowal,skowall@skype.com
23,Brandea,Feathersby,bfeathersbym@freewebs.com
24,Freddie,Helix,fhelixn@ftc.gov
25,Ebenezer,Heeks,eheekso@hexun.com
26,Ileana,Figgures,ifigguresp@reverbnation.com
27,Nestor,Oldroyde,noldroydeq@forbes.com
28,Starla,Leathers,sleathersr@cocolog-nifty.com
29,Peyton,Glasper,pglaspers@so-net.ne.jp
30,Patrick,Brunelleschi,pbrunelleschit@goodreads.com
31,Shanda,Colter,scolteru@instagram.com
32,Janina,Heugh,jheughv@icq.com
33,Katusha,Hedgecock,khedgecockw@mozilla.org
34,Angelita,Yetman,ayetmanx@homestead.com
35,Buffy,Cool,bcooly@fastcompany.com
36,Horatio,Fruen,hfruenz@stumbleupon.com
37,Torey,Allnutt,tallnutt10@geocities.jp
38,Rena,Espadero,respadero11@businessinsider.com
39,Flori,Rohlfs,frohlfs12@goo.gl
40,Bear,O'Howbane,bohowbane13@hao123.com
41,Early,Shefton,eshefton14@sitemeter.com
42,Leonie,Vallender,lvallender15@dyndns.org
43,Berrie,Lathwood,blathwood16@storify.com
44,Georgie,Swateridge,gswateridge17@last.fm
45,Audy,Kunkel,akunkel18@purevolume.com
46,Linnea,Scorey,lscorey19@yellowbook.com
47,Shelia,Spratling,sspratling1a@biglobe.ne.jp
48,Corrianne,O'Keefe,cokeefe1b@dropbox.com
49,Marys,Budgeon,mbudgeon1c@wikipedia.org
50,Aubree,Daniell,adaniell1d@usnews.com
51,Sheree,Dassindale,sdassindale1e@naver.com
52,Parke,Stabbins,pstabbins1f@bbb.org
53,Carly,Parradice,cparradice1g@lulu.com
54,Rita,Lowson,rlowson1h@nytimes.com
55,Danielle,Imm,dimm1i@rediff.com
56,Brandais,Wiggett,bwiggett1j@army.mil
57,Celesta,Jerg,cjerg1k@amazonaws.com
58,Aylmer,McGee,amcgee1l@zdnet.com
59,Johnny,Olanda,jolanda1m@comsenz.com
60,Charisse,Benedicto,cbenedicto1n@guardian.co.uk
61,Ly,Millard,lmillard1o@thetimes.co.uk
62,Thedrick,Ovill,tovill1p@addthis.com
63,Waneta,Goodswen,wgoodswen1q@bravesites.com
64,Faun,Claige,fclaige1r@behance.net
65,Tandy,McConaghy,tmcconaghy1s@utexas.edu
66,Henrik,Tye,htye1t@skype.com
67,Dolorita,Armiger,darmiger1u@unesco.org
68,Trescha,Soan,tsoan1v@fastcompany.com
69,Wilone,Matthewson,wmatthewson1w@dropbox.com
70,Obadiah,Ferrieroi,oferrieroi1x@nature.com
71,Cindelyn,Kaley,ckaley1y@google.co.uk
72,Eolanda,Fritchley,efritchley1z@privacy.gov.au
73,Jeannie,Cappineer,jcappineer20@printfriendly.com
74,Jephthah,Colliver,jcolliver21@oracle.com
75,Xymenes,Tunno,xtunno22@addtoany.com
76,La verne,Llewellyn,lllewellyn23@instagram.com
77,Clement,Adcocks,cadcocks24@biglobe.ne.jp
78,Eadmund,Gilson,egilson25@ask.com
79,Guendolen,Naerup,gnaerup26@huffingtonpost.com
80,Saxon,Finci,sfinci27@hubpages.com
81,Meridel,Mc Comb,mmccomb28@kickstarter.com
82,Saw,Verni,sverni29@1und1.de
83,Alexine,Dunnett,adunnett2a@nba.com
84,Kaela,Tidd,ktidd2b@dion.ne.jp
85,Giselbert,Calleja,gcalleja2c@flickr.com
86,Daisy,Dane,ddane2d@networkadvertising.org
87,Tobey,Mycock,tmycock2e@storify.com
88,Delainey,Hollingsby,dhollingsby2f@istockphoto.com
89,Lindon,Gallehock,lgallehock2g@nature.com
90,Wanda,Isabell,wisabell2h@sphinn.com
91,Sallie,Dunguy,sdunguy2i@google.de
92,Donica,Manklow,dmanklow2j@google.pl
93,Tommy,Fowlds,tfowlds2k@dailymail.co.uk
94,Betty,Garmey,bgarmey2l@google.ru
95,Elizabeth,Mount,emount2m@walmart.com
96,Bendicty,Bohlin,bbohlin2n@nyu.edu
97,Dal,Montez,dmontez2o@theguardian.com
98,Felicia,Wenzel,fwenzel2p@unc.edu
99,Andres,Buswell,abuswell2q@blogspot.com
100,Lonnard,Littley,llittley2r@cmu.edu
101,Augy,Igo,aigo2s@mashable.com
102,Joli,Lehmann,jlehmann2t@admin.ch
103,Ruthi,Hatherill,rhatherill2u@google.ru
104,Clo,Rulten,crulten2v@twitter.com
105,Samantha,Lantaff,slantaff2w@comcast.net
106,Shelden,Aneley,saneley2x@yahoo.com
107,Mora,McShane,mmcshane2y@liveinternet.ru
108,Eadmund,People,epeople2z@linkedin.com
109,Yuri,Fintoph,yfintoph30@myspace.com
110,Herschel,Ghidoli,hghidoli31@t-online.de
111,Chloe,Fallowes,cfallowes32@yahoo.co.jp
112,Sylas,Anney,sanney33@wikia.com
113,Buiron,Sollom,bsollom34@timesonline.co.uk
114,Pippo,Dallison,pdallison35@mapquest.com
115,Ceil,Bartalucci,cbartalucci36@mit.edu
116,Barris,Caldes,bcaldes37@msn.com
117,Tamarah,Tinman,ttinman38@sbwire.com
118,Caz,Dennington,cdennington39@acquirethisname.com
119,Danit,Beagley,dbeagley3a@4shared.com
120,Elicia,Toffts,etoffts3b@bizjournals.com
121,Brooke,Sponton,bsponton3c@prlog.org
122,Dolores,Otridge,dotridge3d@archive.org
123,Stanford,Jailler,sjailler3e@blinklist.com
124,Fredrick,Oakhill,foakhill3f@ox.ac.uk
125,Caresa,Vittel,cvittel3g@chronoengine.com
126,Nevin,Yerlett,nyerlett3h@sciencedirect.com
127,Lindsy,Brownjohn,lbrownjohn3i@istockphoto.com
128,Tatum,Rosenwasser,trosenwasser3j@purevolume.com
129,Deni,Loxton,dloxton3k@yellowbook.com
130,Jeanelle,Reddan,jreddan3l@shareasale.com
131,Paulie,Tedorenko,ptedorenko3m@a8.net
132,Ally,Petrie,apetrie3n@example.com
133,Darcey,Grishanin,dgrishanin3o@fotki.com
134,Harp,Greguol,hgreguol3p@com.com
135,Dell,Deluze,ddeluze3q@columbia.edu
136,Elicia,Rappaport,erappaport3r@senate.gov
137,Leta,Plaskitt,lplaskitt3s@wix.com
138,Cheri,Paulon,cpaulon3t@rakuten.co.jp
139,Gerty,Dornan,gdornan3u@networksolutions.com
140,Lilas,Rooke,lrooke3v@tinypic.com
141,Cecilia,Jeays,cjeays3w@seattletimes.com
142,Ranique,Huertas,rhuertas3x@alexa.com
143,Jabez,Seabrooke,jseabrooke3y@dailymotion.com
144,Candace,Fierro,cfierro3z@utexas.edu
145,Kenton,Jandourek,kjandourek40@msu.edu
146,Cordula,Dodimead,cdodimead41@lulu.com
147,Ignace,Shillitoe,ishillitoe42@nba.com
148,Coretta,Ferriday,cferriday43@blogtalkradio.com
149,Rianon,Christmas,rchristmas44@bluehost.com
150,Adriane,Grimstead,agrimstead45@hostgator.com
151,Yance,Granville,ygranville46@homestead.com
152,Liv,Ludgate,lludgate47@gizmodo.com
153,Alexandr,Bramelt,abramelt48@biglobe.ne.jp
154,Chloette,Faires,cfaires49@google.pl
155,Kassie,Deverock,kdeverock4a@time.com
156,Lezley,Emanuele,lemanuele4b@artisteer.com
157,Buddy,Ticehurst,bticehurst4c@barnesandnoble.com
158,Elise,Hebner,ehebner4d@jimdo.com
159,Lia,Trousdale,ltrousdale4e@constantcontact.com
160,Edythe,McPheat,emcpheat4f@businessweek.com
161,Jo ann,Pagon,jpagon4g@umn.edu
162,Cathi,Angliss,cangliss4h@japanpost.jp
163,Fernandina,Mennithorp,fmennithorp4i@ameblo.jp
164,Karine,Fitzsymonds,kfitzsymonds4j@ox.ac.uk
165,Glynn,Mellish,gmellish4k@mozilla.org
166,Chaddy,Syme,csyme4l@etsy.com
167,Norbert,Kroon,nkroon4m@webmd.com
168,Lovell,Gaines,lgaines4n@webnode.com
169,Onfre,Longthorn,olongthorn4o@fotki.com
170,Hort,Wellstead,hwellstead4p@youtu.be
171,Carlotta,Rushmere,crushmere4q@skype.com
172,Codie,Perin,cperin4r@latimes.com
173,Klarrisa,Wittrington,kwittrington4s@epa.gov
174,Noell,Ginsie,nginsie4t@fastcompany.com
175,Drusilla,Ghio,dghio4u@mapy.cz
176,Cara,Jaqueminet,cjaqueminet4v@tripadvisor.com
177,Jarred,Kindall,jkindall4w@clickbank.net
178,Andrea,Dancer,adancer4x@theatlantic.com
179,Vinny,Billinge,vbillinge4y@miibeian.gov.cn
180,Dora,McCarney,dmccarney4z@artisteer.com
181,Marcel,Beamson,mbeamson50@unesco.org
182,Muire,Cattlow,mcattlow51@whitehouse.gov
183,Katlin,Koppe,kkoppe52@aboutads.info
184,Layla,Tremmil,ltremmil53@51.la
185,Dorry,Shales,dshales54@digg.com
186,Marnie,Boyles,mboyles55@over-blog.com
187,Daryl,Allans,dallans56@ameblo.jp
188,Dorothee,Edland,dedland57@state.gov
189,Kurtis,MacAlinden,kmacalinden58@pcworld.com
190,Alix,Fawssett,afawssett59@guardian.co.uk
191,Yorke,Aleevy,yaleevy5a@intel.com
192,Jammal,Gniewosz,jgniewosz5b@google.nl
193,Matty,Godar,mgodar5c@whitehouse.gov
194,Viola,Crosdill,vcrosdill5d@bing.com
195,Mord,Radloff,mradloff5e@patch.com
196,Nissa,Schneider,nschneider5f@myspace.com
197,Jedidiah,Babe,jbabe5g@google.com
198,Mame,Klink,mklink5h@goo.gl
199,Lillian,Hughlock,lhughlock5i@cmu.edu
200,Cati,Nicholas,cnicholas5j@berkeley.edu
201,Salomo,Foulks,sfoulks5k@cnet.com
202,Rosana,Callingham,rcallingham5l@twitter.com
203,Korey,Stanney,kstanney5m@nytimes.com
204,Zelma,O'Glessane,zoglessane5n@kickstarter.com
205,Arel,Fogel,afogel5o@wix.com
206,Mohandis,Brito,mbrito5p@nationalgeographic.com
207,Branden,Downing,bdowning5q@vinaora.com
208,Eadmund,Baton,ebaton5r@gnu.org
209,Jordain,Timbrell,jtimbrell5s@paypal.com
210,Reinald,Schechter,rschechter5t@1688.com
211,Mable,Fearfull,mfearfull5u@who.int
212,Emilee,Sego,esego5v@yolasite.com
213,Raleigh,Loftus,rloftus5w@google.de
214,Sibylla,Wheatley,swheatley5x@intel.com
215,Sile,Grocock,sgrocock5y@so-net.ne.jp
216,Meggy,Bolstridge,mbolstridge5z@ted.com
217,Fabio,Dobbson,fdobbson60@reverbnation.com
218,Albert,Ruslen,aruslen61@ycombinator.com
219,Jarret,Robker,jrobker62@cbslocal.com
220,Emera,Norssister,enorssister63@gov.uk
221,Cookie,Washtell,cwashtell64@posterous.com
222,Britte,Sheaf,bsheaf65@cdc.gov
223,Hussein,Nucci,hnucci66@macromedia.com
224,Fawnia,Firbank,ffirbank67@blog.com
225,Witty,Maggill'Andreis,wmaggillandreis68@php.net
226,Moll,Brisland,mbrisland69@blogs.com
227,Clarence,Dumsday,cdumsday6a@baidu.com
228,Dodie,Olyet,dolyet6b@nymag.com
229,Leigh,O'Doireidh,lodoireidh6c@alexa.com
230,Didi,Lawtie,dlawtie6d@ovh.net
231,Stillman,Northgraves,snorthgraves6e@symantec.com
232,Oates,Stolle,ostolle6f@illinois.edu
233,Lawry,Harrower,lharrower6g@list-manage.com
234,Laurens,Sigfrid,lsigfrid6h@godaddy.com
235,Shellysheldon,Olive,solive6i@tripod.com
236,Prentice,Rosenblum,prosenblum6j@vimeo.com
237,Gun,Hugill,ghugill6k@mail.ru
238,Darnell,Madner,dmadner6l@google.com.au
239,Darsie,Holby,dholby6m@xing.com
240,Morris,Dudhill,mdudhill6n@comsenz.com
241,Aubrie,Kapelhoff,akapelhoff6o@answers.com
242,Tobe,Stanyan,tstanyan6p@free.fr
243,Martie,Rehme,mrehme6q@nature.com
244,Rex,Bernardy,rbernardy6r@people.com.cn
245,Brook,Calafato,bcalafato6s@archive.org
246,Tyrone,Whitefoot,twhitefoot6t@plala.or.jp
247,Ginni,Tremayle,gtremayle6u@goodreads.com
248,Isidore,Fearnyhough,ifearnyhough6v@networksolutions.com
249,Karlene,Coddington,kcoddington6w@ox.ac.uk
250,Rory,Libero,rlibero6x@dailymail.co.uk
251,Marilin,Stairs,mstairs6y@scientificamerican.com
252,Lannie,Benasik,lbenasik6z@unc.edu
253,Jervis,Chatfield,jchatfield70@go.com
254,Clemmy,Dutnell,cdutnell71@friendfeed.com
255,Reginauld,Yarham,ryarham72@whitehouse.gov
256,Sibelle,Furber,sfurber73@usgs.gov
257,Bobina,Spaight,bspaight74@symantec.com
258,Bondy,Drivers,bdrivers75@oakley.com
259,Neddie,Willicott,nwillicott76@ft.com
260,Petr,Burgoine,pburgoine77@cafepress.com
261,Steven,Windous,swindous78@microsoft.com
262,Olenolin,Laytham,olaytham79@livejournal.com
263,Aloise,Yong,ayong7a@w3.org
264,Elbert,Willmett,ewillmett7b@cdc.gov
265,Carney,Chuney,cchuney7c@google.cn
266,Leese,Cheke,lcheke7d@cbc.ca
267,Annalee,Windeatt,awindeatt7e@sina.com.cn
268,Nissie,Petyankin,npetyankin7f@jalbum.net
269,Mead,Maher,mmaher7g@drupal.org
270,Roana,Innis,rinnis7h@qq.com
271,Wilhelmine,Stangroom,wstangroom7i@google.de
272,Elisa,Ormrod,eormrod7j@clickbank.net
273,Donelle,Sinnat,dsinnat7k@desdev.cn
274,Vito,Vanlint,vvanlint7l@google.it
275,Wallis,Skilton,wskilton7m@cbsnews.com
276,Aleece,Zanetto,azanetto7n@cornell.edu
277,Malinda,Corbert,mcorbert7o@quantcast.com
278,Nero,Snewin,nsnewin7p@cisco.com
279,Normy,Faircloth,nfaircloth7q@wp.com
280,Clair,Marquese,cmarquese7r@jalbum.net
281,Charlot,Gilbert,cgilbert7s@bing.com
282,Berni,Povall,bpovall7t@china.com.cn
283,Patrizio,Benadette,pbenadette7u@state.tx.us
284,Fitz,Josilowski,fjosilowski7v@dedecms.com
285,Fredi,Kenwell,fkenwell7w@bandcamp.com
286,Aleksandr,Hawarden,ahawarden7x@imageshack.us
287,Dorelle,Rowcliffe,drowcliffe7y@devhub.com
288,Edmon,Paton,epaton7z@sakura.ne.jp
289,Evaleen,Helleker,ehelleker80@gravatar.com
290,Ronnie,Leinweber,rleinweber81@reverbnation.com
291,Bart,Gronaller,bgronaller82@google.ca
292,Mickie,Kilgallon,mkilgallon83@photobucket.com
293,Nolly,Greenwood,ngreenwood84@microsoft.com
294,Carolus,Watling,cwatling85@friendfeed.com
295,Keri,Leethem,kleethem86@jimdo.com
296,Donielle,Serman,dserman87@illinois.edu
297,Cicely,Bodiam,cbodiam88@hhs.gov
298,Zoe,Mitchiner,zmitchiner89@gnu.org
299,Michaella,Borres,mborres8a@mysql.com
300,Carolina,Grinyer,cgrinyer8b@istockphoto.com
301,Holly,Parnall,hparnall8c@weather.com
302,Daron,Walkington,dwalkington8d@craigslist.org
303,Norry,Andreaccio,nandreaccio8e@storify.com
304,Stacy,Knibley,sknibley8f@seesaa.net
305,Theresa,Foker,tfoker8g@liveinternet.ru
306,Claudetta,Prendeguest,cprendeguest8h@google.ca
307,Hazel,Vanyakin,hvanyakin8i@prnewswire.com
308,Brnaba,Ibbeson,bibbeson8j@nationalgeographic.com
309,Kincaid,Polycote,kpolycote8k@goodreads.com
310,Micheline,Digan,mdigan8l@house.gov
311,Joela,Shimwall,jshimwall8m@tmall.com
312,Babs,Gibbett,bgibbett8n@google.com.au
313,John,Marzelo,jmarzelo8o@cam.ac.uk
314,Tillie,Daldan,tdaldan8p@nationalgeographic.com
315,Camila,Coultard,ccoultard8q@yellowpages.com
316,Maisie,Gentiry,mgentiry8r@hao123.com
317,Boyce,Ludovico,bludovico8s@zdnet.com
318,Tamera,Mardling,tmardling8t@usgs.gov
319,Bern,Dudman,bdudman8u@yahoo.com
320,Lucio,Giacomasso,lgiacomasso8v@instagram.com
321,Alvan,Yuranovev,ayuranovev8w@chicagotribune.com
322,Tonye,Boole,tboole8x@europa.eu
323,Nick,Skoggins,nskoggins8y@so-net.ne.jp
324,Ursola,Works,uworks8z@merriam-webster.com
325,William,McWard,wmcward90@gov.uk
326,Paulette,Goggey,pgoggey91@t.co
327,Shalna,McNuff,smcnuff92@cmu.edu
328,Orren,Coppin,ocoppin93@craigslist.org
329,Jacques,Marzelli,jmarzelli94@nifty.com
330,Cyrillus,Althorpe,calthorpe95@auda.org.au
331,Tobie,Ponceford,tponceford96@loc.gov
332,Sharl,Paal,spaal97@imgur.com
333,Briggs,Dymock,bdymock98@topsy.com
334,Heinrik,Speere,hspeere99@macromedia.com
335,Barry,Zanotti,bzanotti9a@blogger.com
336,Madalena,Senussi,msenussi9b@ucoz.ru
337,Claudette,Cantwell,ccantwell9c@berkeley.edu
338,Abdul,Erickssen,aerickssen9d@princeton.edu
339,Jackie,Riddiford,jriddiford9e@dell.com
340,Cherry,Rickardsson,crickardsson9f@ihg.com
341,Holli,Prate,hprate9g@cnet.com
342,Kay,Klimek,kklimek9h@moonfruit.com
343,Jodie,Cottage,jcottage9i@tiny.cc
344,Torie,Ciabatteri,tciabatteri9j@irs.gov
345,Clarice,Harrower,charrower9k@mlb.com
346,Constance,Biner,cbiner9l@hexun.com
347,Urbain,Nicklinson,unicklinson9m@netlog.com
348,Sly,Attride,sattride9n@mac.com
349,Shanan,Bein,sbein9o@deviantart.com
350,Cleve,Bollini,cbollini9p@nhs.uk
351,Fannie,Chestney,fchestney9q@spotify.com
352,Tabbatha,Risborough,trisborough9r@friendfeed.com
353,Janet,Bernardotti,jbernardotti9s@boston.com
354,Kellsie,Dalziel,kdalziel9t@qq.com
355,Gabriel,Titterell,gtitterell9u@gravatar.com
356,Andonis,Sansam,asansam9v@google.com.au
357,Rina,Toxell,rtoxell9w@slate.com
358,Olivie,Dunniom,odunniom9x@biglobe.ne.jp
359,Rube,Burtwistle,rburtwistle9y@zimbio.com
360,Eleni,Lezemere,elezemere9z@163.com
361,Karita,Tohill,ktohilla0@omniture.com
362,Charmain,Seward,csewarda1@irs.gov
363,Burr,Ludlow,bludlowa2@plala.or.jp
364,Morgen,Woan,mwoana3@tinypic.com
365,Bernie,Ashelford,bashelforda4@usgs.gov
366,Edvard,Dunlop,edunlopa5@qq.com
367,Clyde,Parrett,cparretta6@xrea.com
368,Dulci,Ivankin,divankina7@latimes.com
369,Miran,Eamer,meamera8@statcounter.com
370,Joanne,Sleicht,jsleichta9@businessinsider.com
371,Gardner,McSkin,gmcskinaa@ed.gov
372,Addy,Sambrok,asambrokab@plala.or.jp
373,Sherlock,Houselee,shouseleeac@si.edu
374,Kiley,Simoens,ksimoensad@state.gov
375,Sherm,Andrioletti,sandriolettiae@hc360.com
376,Marta,Karpfen,mkarpfenaf@whitehouse.gov
377,Padraic,Overpool,poverpoolag@github.io
378,Edouard,Frise,efriseah@umich.edu
379,Red,Perillio,rperillioai@bravesites.com
380,Margaux,Raoux,mraouxaj@goo.gl
381,Revkah,Guyet,rguyetak@webeden.co.uk
382,Fidelia,Orringe,forringeal@cbc.ca
383,Gar,Cousen,gcousenam@opera.com
384,Verla,Gurney,vgurneyan@dmoz.org
385,Stanton,Stollmeyer,sstollmeyerao@archive.org
386,Kerwin,Quye,kquyeap@biblegateway.com
387,Rabbi,Vize,rvizeaq@wsj.com
388,Helga,Lamberts,hlambertsar@taobao.com
389,Barnabe,Girardot,bgirardotas@toplist.cz
390,Julius,Keuntje,jkeuntjeat@usnews.com
391,Adina,Storms,astormsau@mac.com
392,Rudd,Belch,rbelchav@jugem.jp
393,Lilah,McGirl,lmcgirlaw@typepad.com
394,Sonya,Jaan,sjaanax@census.gov
395,Davin,Whorall,dwhorallay@apple.com
396,Jecho,Pavyer,jpavyeraz@blogspot.com
397,Flin,O'Crevan,focrevanb0@cloudflare.com
398,Marlee,Lepoidevin,mlepoidevinb1@gmpg.org
399,De witt,Skittrall,dskittrallb2@istockphoto.com
400,Fifine,Russo,frussob3@theglobeandmail.com
401,Gherardo,Glanester,gglanesterb4@google.com
402,Berta,Cockshot,bcockshotb5@blinklist.com
403,Kristofor,Durdy,kdurdyb6@house.gov
404,Gaven,Ordelt,gordeltb7@smh.com.au
405,Fayette,Pawlata,fpawlatab8@hugedomains.com
406,Cesaro,Boucher,cboucherb9@umich.edu
407,Osmund,Madders,omaddersba@over-blog.com
408,Park,Staker,pstakerbb@wufoo.com
409,Adelbert,Vowden,avowdenbc@epa.gov
410,Jessalin,Gun,jgunbd@prweb.com
411,Karlik,Hitcham,khitchambe@squarespace.com
412,Pancho,Marfell,pmarfellbf@sogou.com
413,Antonia,Falla,afallabg@w3.org
414,Steffi,Hince,shincebh@mail.ru
415,Madonna,Emanson,memansonbi@is.gd
416,Melina,Blowing,mblowingbj@washingtonpost.com
417,Oates,O' Meara,oomearabk@mac.com
418,Townie,Dumini,tduminibl@engadget.com
419,Bo,Fantone,bfantonebm@si.edu
420,Milt,Hastewell,mhastewellbn@cnn.com
421,Mil,Middlemass,mmiddlemassbo@engadget.com
422,Rutledge,Elford,relfordbp@jimdo.com
423,Analiese,Morcomb,amorcombbq@nih.gov
424,Joanie,Colley,jcolleybr@tripadvisor.com
425,Cobby,Matoshin,cmatoshinbs@shop-pro.jp
426,Devi,Hutchason,dhutchasonbt@amazonaws.com
427,Carolynn,Louisot,clouisotbu@infoseek.co.jp
428,Averyl,Playfair,aplayfairbv@wsj.com
429,Hyacintha,Sprowle,hsprowlebw@earthlink.net
430,Alane,Bemment,abemmentbx@omniture.com
431,Sadye,Valentinuzzi,svalentinuzziby@quantcast.com
432,Isobel,Dutchburn,idutchburnbz@barnesandnoble.com
433,Roley,Syseland,rsyselandc0@washington.edu
434,Binky,Stockow,bstockowc1@usgs.gov
435,Arleen,Steedman,asteedmanc2@ameblo.jp
436,Trudie,Swindley,tswindleyc3@accuweather.com
437,Hilary,Callum,hcallumc4@npr.org
438,Davey,McNelis,dmcnelisc5@howstuffworks.com
439,Jacenta,Tows,jtowsc6@skyrock.com
440,Wilt,Eykelbosch,weykelboschc7@virginia.edu
441,Jess,Castellino,jcastellinoc8@freewebs.com
442,Lorettalorna,Eck,leckc9@privacy.gov.au
443,Drugi,Febry,dfebryca@360.cn
444,Hilly,Ewbanck,hewbanckcb@people.com.cn
445,Rolph,Ohanessian,rohanessiancc@vinaora.com
446,Grazia,Giacobbo,ggiacobbocd@bbb.org
447,Cordelia,Ebbage,cebbagece@360.cn
448,Meier,Webster,mwebstercf@prnewswire.com
449,Kinny,Hadkins,khadkinscg@sphinn.com
450,Neda,Gowrich,ngowrichch@liveinternet.ru
451,Fawn,Lightman,flightmanci@delicious.com
452,Rivalee,Slator,rslatorcj@digg.com
453,Neall,Bowman,nbowmanck@gov.uk
454,Worth,Marl,wmarlcl@nytimes.com
455,Roseline,Lafflin,rlafflincm@bandcamp.com
456,Hatti,Kaming,hkamingcn@amazon.co.jp
457,Cheston,Ricardin,cricardinco@senate.gov
458,Mufi,Drummond,mdrummondcp@reference.com
459,Alexine,Dunbabin,adunbabincq@harvard.edu
460,Liza,Routledge,lroutledgecr@acquirethisname.com
461,Janka,Moncrefe,jmoncrefecs@php.net
462,Robinson,Bellenie,rbelleniect@google.ca
463,Hettie,Russen,hrussencu@narod.ru
464,Uriel,Coysh,ucoyshcv@microsoft.com
465,Kip,Trowel,ktrowelcw@etsy.com
466,Vinny,Bothie,vbothiecx@cornell.edu
467,Barby,McCroft,bmccroftcy@yale.edu
468,Jessika,Spino,jspinocz@gnu.org
469,Lew,Harlow,lharlowd0@printfriendly.com
470,Tobi,Kobierski,tkobierskid1@admin.ch
471,Miof mela,Ramalhete,mramalheted2@storify.com
472,Natala,Outerbridge,nouterbridged3@imageshack.us
473,Gasper,Watkin,gwatkind4@ask.com
474,Dorotea,Terbruggen,dterbruggend5@earthlink.net
475,Vanny,Cordero,vcorderod6@tripadvisor.com
476,Kayle,Flawn,kflawnd7@google.co.uk
477,Salli,Childes,schildesd8@hatena.ne.jp
478,Danella,Reynoollds,dreynoolldsd9@sphinn.com
479,Stormi,Duffyn,sduffynda@vk.com
480,Babb,Ouver,bouverdb@github.com
481,Kameko,Calvard,kcalvarddc@diigo.com
482,Zarah,Dillingham,zdillinghamdd@amazon.co.uk
483,Cullan,Shilton,cshiltonde@ning.com
484,Ranique,Verity,rveritydf@blinklist.com
485,Gennifer,Scoular,gscoulardg@noaa.gov
486,Mickie,Stephen,mstephendh@google.com
487,Parsifal,Hise,phisedi@delicious.com
488,Drona,Strippel,dstrippeldj@ebay.com
489,Murray,Murrhaupt,mmurrhauptdk@youtu.be
490,Muhammad,Guard,mguarddl@blogs.com
491,Corissa,Aldie,caldiedm@cbc.ca
492,Bert,Gurko,bgurkodn@paginegialle.it
493,Ivor,Lusher,ilusherdo@independent.co.uk
494,Terri,Kidde,tkiddedp@livejournal.com
495,Francois,Cranch,fcranchdq@ameblo.jp
496,Bobbette,Milazzo,bmilazzodr@skype.com
497,Janette,Lyles,jlylesds@1und1.de
498,Bev,Le Gall,blegalldt@slashdot.org
499,Cammi,Pawlaczyk,cpawlaczykdu@studiopress.com
500,Virginie,Onn,vonndv@bigcartel.com
501,Royall,Biddell,rbiddelldw@godaddy.com
502,Vinny,Howison,vhowisondx@amazon.co.uk
503,Lind,Brightey,lbrighteydy@csmonitor.com
504,Netti,Kelberer,nkelbererdz@admin.ch
505,Amata,Adney,aadneye0@godaddy.com
506,Jennine,Shepherdson,jshepherdsone1@kickstarter.com
507,Ursa,Jorry,ujorrye2@fastcompany.com
508,Norry,Presdee,npresdeee3@etsy.com
509,Fowler,Noden,fnodene4@apple.com
510,Innis,Estevez,iesteveze5@marketwatch.com
511,Cyndi,Derwin,cderwine6@mac.com
512,Lacy,Eyree,leyreee7@about.me
513,Tory,Estcot,testcote8@myspace.com
514,Lynn,Colvill,lcolville9@discuz.net
515,Karisa,Prevett,kprevettea@google.it
516,Tallou,Frissell,tfrisselleb@wordpress.org
517,Hamlin,Tuer,htuerec@goo.gl
518,Yolanthe,Hastin,yhastined@yandex.ru
519,Sissy,Hunstone,shunstoneee@51.la
520,Justine,Aron,jaronef@friendfeed.com
521,Odella,Black,oblackeg@alexa.com
522,Ellsworth,Burleton,eburletoneh@zimbio.com
523,Man,Dyott,mdyottei@yolasite.com
524,Giusto,Fierro,gfierroej@sbwire.com
525,Cary,Cozzi,ccozziek@nifty.com
526,Tremayne,Orbine,torbineel@chronoengine.com
527,Tito,Reasce,treasceem@ameblo.jp
528,Cahra,Fosher,cfosheren@plala.or.jp
529,Faith,Shippard,fshippardeo@yellowbook.com
530,Aveline,Broadhurst,abroadhurstep@independent.co.uk
531,Bertine,Renne,brenneeq@sciencedirect.com
532,Berky,Hilary,bhilaryer@google.fr
533,Tanitansy,Bussens,tbussenses@ezinearticles.com
534,Shamus,Durand,sdurandet@harvard.edu
535,Petronia,Rintoul,printouleu@stanford.edu
536,Foss,Staniland,fstanilandev@loc.gov
537,Francesco,Calderonello,fcalderonelloew@biblegateway.com
538,Helen-elizabeth,Cracie,hcracieex@ebay.co.uk
539,Ophelie,Beeble,obeebleey@huffingtonpost.com
540,Aurlie,Dooley,adooleyez@purevolume.com
541,Robinet,Relf,rrelff0@oaic.gov.au
542,Marlee,Jenckes,mjenckesf1@alexa.com
543,Tallou,Maddern,tmaddernf2@fema.gov
544,Garek,Sells,gsellsf3@businessinsider.com
545,Lorens,Preston,lprestonf4@comcast.net
546,Fayina,Dysert,fdysertf5@xinhuanet.com
547,Livvyy,Barensen,lbarensenf6@omniture.com
548,Ailey,Monnelly,amonnellyf7@slashdot.org
549,Tess,Faughny,tfaughnyf8@admin.ch
550,Raquela,Newstead,rnewsteadf9@mac.com
551,Aeriel,Lade,aladefa@amazon.co.uk
552,Wald,Pheazey,wpheazeyfb@nymag.com
553,Kacy,Girardet,kgirardetfc@japanpost.jp
554,Edith,Churchard,echurchardfd@linkedin.com
555,Bibi,Michallat,bmichallatfe@google.ru
556,Loren,MacFall,lmacfallff@barnesandnoble.com
557,Vale,Guisot,vguisotfg@state.gov
558,Magda,Scarsbrook,mscarsbrookfh@wordpress.com
559,Marci,Lidgley,mlidgleyfi@multiply.com
560,Adolphus,Leander,aleanderfj@yelp.com
561,Carolee,Sheehan,csheehanfk@auda.org.au
562,Egor,Skillitt,eskillittfl@is.gd
563,Gal,Aldine,galdinefm@cocolog-nifty.com
564,Rockey,Trudgian,rtrudgianfn@squidoo.com
565,Jo-ann,Daintier,jdaintierfo@nyu.edu
566,Callida,Hickeringill,chickeringillfp@dot.gov
567,Serge,Oglethorpe,soglethorpefq@europa.eu
568,Cecily,Ash,cashfr@fotki.com
569,Corny,Screas,cscreasfs@bloglines.com
570,Silvanus,Tolmie,stolmieft@issuu.com
571,Merrill,Pickersgill,mpickersgillfu@businessinsider.com
572,Quincy,Sheara,qshearafv@samsung.com
573,Brendan,Batterton,bbattertonfw@mlb.com
574,Sheffy,Paydon,spaydonfx@slashdot.org
575,Elyse,Heisham,eheishamfy@sphinn.com
576,Marilee,Laird-Craig,mlairdcraigfz@eventbrite.com
577,Rachael,Jupp,rjuppg0@is.gd
578,Tamarah,O'Sherrin,tosherring1@omniture.com
579,Felisha,Lenglet,flengletg2@slate.com
580,Irvin,Crowcombe,icrowcombeg3@eepurl.com
581,Aileen,Flagg,aflaggg4@elegantthemes.com
582,Ashlee,Huetson,ahuetsong5@de.vu
583,Jennie,Klimaszewski,jklimaszewskig6@pagesperso-orange.fr
584,Fabio,Conwell,fconwellg7@tripadvisor.com
585,Tiebout,Whatson,twhatsong8@cdbaby.com
586,Leilah,Douse,ldouseg9@taobao.com
587,Ker,Drillot,kdrillotga@infoseek.co.jp
588,Gloria,Vinecombe,gvinecombegb@woothemes.com
589,Stefan,Asbury,sasburygc@chron.com
590,Anya,Sustin,asustingd@cpanel.net
591,Artair,Szymonwicz,aszymonwiczge@apache.org
592,Alexis,Mathissen,amathissengf@bloglines.com
593,Karry,Fattore,kfattoregg@bloomberg.com
594,Rand,Potteridge,rpotteridgegh@csmonitor.com
595,Elnar,Stanyard,estanyardgi@tuttocitta.it
596,Raeann,Pantry,rpantrygj@over-blog.com
597,Nicoli,Klimpke,nklimpkegk@yelp.com
598,Meaghan,Canedo,mcanedogl@sina.com.cn
599,Hannah,Eyer,heyergm@who.int
600,Ryun,Goulding,rgouldinggn@state.gov
601,Chucho,Bezley,cbezleygo@ebay.com
602,Kristian,Krystek,kkrystekgp@usa.gov
603,Brunhilda,Chorley,bchorleygq@tuttocitta.it
604,Gates,Lerner,glernergr@microsoft.com
605,Crissie,Avrahamoff,cavrahamoffgs@ftc.gov
606,Garvy,Hendren,ghendrengt@cloudflare.com
607,Quintus,Bertholin,qbertholingu@skype.com
608,Minerva,Ausiello,mausiellogv@dailymail.co.uk
609,Rudie,De Lisle,rdelislegw@ibm.com
610,Michal,Sambles,msamblesgx@instagram.com
611,Clevey,Massei,cmasseigy@php.net
612,Alyda,Arnaez,aarnaezgz@nymag.com
613,Parsifal,Franc,pfranch0@360.cn
614,Stephen,Skeggs,sskeggsh1@yandex.ru
615,Krishna,Dyson,kdysonh2@geocities.jp
616,Coleen,Gavaghan,cgavaghanh3@nifty.com
617,Clovis,Tinwell,ctinwellh4@trellian.com
618,Ross,Ivanikov,rivanikovh5@comsenz.com
619,Cecily,Castane,ccastaneh6@xing.com
620,Legra,Lattie,llattieh7@hostgator.com
621,Deck,Inman,dinmanh8@yelp.com
622,Kit,De Cleen,kdecleenh9@soundcloud.com
623,Edna,Rex,erexha@berkeley.edu
624,Kacie,Baron,kbaronhb@nifty.com
625,Candida,Ahren,cahrenhc@alexa.com
626,Wheeler,Boothe,wboothehd@discovery.com
627,Godfree,Caddies,gcaddieshe@storify.com
628,Portie,Elstob,pelstobhf@slideshare.net
629,Lamar,Gye,lgyehg@uiuc.edu
630,Hurleigh,Aleevy,haleevyhh@hatena.ne.jp
631,Martguerita,Klais,mklaishi@noaa.gov
632,Colleen,Walch,cwalchhj@twitter.com
633,Eolande,Ghion,eghionhk@merriam-webster.com
634,Delainey,Baraja,dbarajahl@sourceforge.net
635,Madelene,Tunesi,mtunesihm@trellian.com
636,Loralyn,Hodgins,lhodginshn@cisco.com
637,Malcolm,Deniske,mdeniskeho@ocn.ne.jp
638,Cassandry,Haucke,chauckehp@google.de
639,Ariella,Quarles,aquarleshq@histats.com
640,Karney,Storres,kstorreshr@ihg.com
641,Farr,Gethen,fgethenhs@ycombinator.com
642,Renault,Delort,rdelortht@github.io
643,Norman,Shone,nshonehu@un.org
644,Herbert,Linguard,hlinguardhv@comcast.net
645,Fulton,Janczak,fjanczakhw@usa.gov
646,Imelda,Melbourne,imelbournehx@nydailynews.com
647,David,Shear,dshearhy@mlb.com
648,Erick,Minkin,eminkinhz@java.com
649,Olin,O'Tierney,ootierneyi0@noaa.gov
650,Elise,Dorgan,edorgani1@adobe.com
651,Justine,Pumphrey,jpumphreyi2@weebly.com
652,Meier,McKiernan,mmckiernani3@nsw.gov.au
653,Annabela,Liggins,aligginsi4@xing.com
654,Tailor,Holson,tholsoni5@imdb.com
655,Ariela,Stubley,astubleyi6@msn.com
656,Dukie,Lambert,dlamberti7@mtv.com
657,Orazio,O'Lennane,oolennanei8@surveymonkey.com
658,Marianna,Skellon,mskelloni9@unc.edu
659,Bethany,Keyzman,bkeyzmania@desdev.cn
660,Ira,McGettrick,imcgettrickib@senate.gov
661,Maurise,Skylett,mskylettic@histats.com
662,Umeko,Baudasso,ubaudassoid@businessweek.com
663,Karry,Dumingos,kdumingosie@msu.edu
664,Muire,Bissell,mbissellif@blogtalkradio.com
665,Clayson,Doerling,cdoerlingig@geocities.jp
666,Blythe,Gilchriest,bgilchriestih@amazon.de
667,Valry,Duplain,vduplainii@ucsd.edu
668,Krishna,Galpin,kgalpinij@hexun.com
669,Timmi,Drennan,tdrennanik@blogger.com
670,Donall,Cardillo,dcardilloil@icio.us
671,Nissa,Biggs,nbiggsim@amazon.com
672,Coleman,Baines,cbainesin@comsenz.com
673,Stinky,Britian,sbritianio@mayoclinic.com
674,Damian,Alfwy,dalfwyip@redcross.org
675,Kenny,Sinkings,ksinkingsiq@51.la
676,Neil,Rutt,nruttir@ameblo.jp
677,Carl,Normand,cnormandis@wsj.com
678,Bryon,Wadie,bwadieit@1688.com
679,Britt,Wardrop,bwardropiu@51.la
680,Englebert,Rizzone,erizzoneiv@who.int
681,Davina,Ionn,dionniw@arstechnica.com
682,Mona,Dibdin,mdibdinix@about.com
683,Fanni,Rickardes,frickardesiy@webmd.com
684,Brade,Basley,bbasleyiz@icq.com
685,Geri,Halligan,ghalliganj0@spotify.com
686,Inesita,Czajka,iczajkaj1@si.edu
687,Hy,Bosch,hboschj2@yellowbook.com
688,Wyn,Pietruschka,wpietruschkaj3@github.io
689,Kerk,Campos,kcamposj4@imgur.com
690,Hamnet,Burdekin,hburdekinj5@engadget.com
691,Chantal,Barge,cbargej6@smugmug.com
692,Junia,Frise,jfrisej7@i2i.jp
693,Devonne,Kundt,dkundtj8@oakley.com
694,Chickie,Piccop,cpiccopj9@geocities.com
695,Willis,Egle of Germany,wegleofgermanyja@unesco.org
696,Kynthia,Trappe,ktrappejb@tuttocitta.it
697,Hulda,Renwick,hrenwickjc@oracle.com
698,Alia,Tunno,atunnojd@columbia.edu
699,Nate,Hantusch,nhantuschje@acquirethisname.com
700,Mabelle,Purvess,mpurvessjf@goo.ne.jp
701,Talbert,McCowan,tmccowanjg@nbcnews.com
702,Vi,Seeking,vseekingjh@github.com
703,Bogey,Arnould,barnouldji@woothemes.com
704,Teriann,Grocock,tgrocockjj@youtube.com
705,Moore,Yurikov,myurikovjk@nationalgeographic.com
706,Alene,Overy,aoveryjl@live.com
707,Adrien,Strippling,astripplingjm@cam.ac.uk
708,Ardyth,Castagnet,acastagnetjn@imgur.com
709,Risa,Feenan,rfeenanjo@networkadvertising.org
710,Matthiew,Fortman,mfortmanjp@theguardian.com
711,Nettie,Baldock,nbaldockjq@yelp.com
712,Obie,Lingley,olingleyjr@redcross.org
713,Rutledge,Farriar,rfarriarjs@mayoclinic.com
714,Glynda,Becket,gbecketjt@angelfire.com
715,Melodee,Bottinelli,mbottinelliju@istockphoto.com
716,Teodorico,Blaksland,tblakslandjv@auda.org.au
717,Bruce,Beasleigh,bbeasleighjw@umn.edu
718,Priscilla,Spikings,pspikingsjx@berkeley.edu
719,Saloma,Ingman,singmanjy@abc.net.au
720,Madalena,Rooney,mrooneyjz@auda.org.au
721,Morena,Stirland,mstirlandk0@fda.gov
722,Husein,Whiffen,hwhiffenk1@forbes.com
723,Krisha,Esseby,kessebyk2@feedburner.com
724,Paige,Greswell,pgreswellk3@salon.com
725,Denys,Falcus,dfalcusk4@oaic.gov.au
726,Gustaf,Caghy,gcaghyk5@canalblog.com
727,Marga,Bryenton,mbryentonk6@scientificamerican.com
728,Merrick,Praten,mpratenk7@fc2.com
729,Bryna,Bris,bbrisk8@cmu.edu
730,Peria,Houlson,phoulsonk9@cornell.edu
731,Byrom,Livingstone,blivingstoneka@sun.com
732,Carmelle,Milksop,cmilksopkb@dion.ne.jp
733,Glen,Cooksey,gcookseykc@mac.com
734,Edwina,Burbridge,eburbridgekd@loc.gov
735,Melantha,Harbisher,mharbisherke@umn.edu
736,Sibbie,Bance,sbancekf@biblegateway.com
737,Wanda,Mucci,wmuccikg@state.tx.us
738,Killy,Fay,kfaykh@google.co.uk
739,Merrilee,Isakowicz,misakowiczki@boston.com
740,Afton,Bloan,abloankj@wordpress.org
741,Trista,Mattedi,tmattedikk@yahoo.com
742,Schuyler,Hallett,shallettkl@sourceforge.net
743,Boy,Gebhardt,bgebhardtkm@bbb.org
744,Min,Landrick,mlandrickkn@tripod.com
745,Ingamar,Dibley,idibleyko@wikia.com
746,Lindsey,Zamorrano,lzamorranokp@prlog.org
747,Wilmer,Jenks,wjenkskq@fema.gov
748,Pammie,Stayte,pstaytekr@yolasite.com
749,Vonni,Balle,vballeks@pinterest.com
750,Diahann,Jennison,djennisonkt@prweb.com
751,Crystal,Saffle,csaffleku@1und1.de
752,Brose,Jamieson,bjamiesonkv@arstechnica.com
753,Lucretia,Ridoutt,lridouttkw@seesaa.net
754,Marguerite,Prazor,mprazorkx@studiopress.com
755,Amerigo,Dene,adeneky@ucla.edu
756,Antonetta,Huxster,ahuxsterkz@arizona.edu
757,Claudelle,Blunsum,cblunsuml0@sourceforge.net
758,Evyn,Curee,ecureel1@1688.com
759,Tris,Maiklem,tmaikleml2@issuu.com
760,Grannie,Holdforth,gholdforthl3@vimeo.com
761,Dee,Grey,dgreyl4@tinyurl.com
762,Belva,Schriren,bschrirenl5@utexas.edu
763,Donal,Southworth,dsouthworthl6@aol.com
764,Marcelline,Dicks,mdicksl7@mail.ru
765,Quint,Muglestone,qmuglestonel8@etsy.com
766,Adoree,Culter,aculterl9@moonfruit.com
767,Daffi,Clarae,dclaraela@ed.gov
768,Frans,Matthaus,fmatthauslb@independent.co.uk
769,Sherrie,Elnor,selnorlc@1688.com
770,Pen,Strowlger,pstrowlgerld@ocn.ne.jp
771,Marice,Sheard,msheardle@nifty.com
772,Anstice,Readitt,areadittlf@elpais.com
773,Karylin,Larkin,klarkinlg@tumblr.com
774,Esma,Conneau,econneaulh@miibeian.gov.cn
775,Berkeley,Lanfere,blanfereli@printfriendly.com
776,Guenevere,Rawll,grawlllj@github.com
777,Morlee,O'Sheerin,mosheerinlk@wsj.com
778,Amalita,Jefford,ajeffordll@accuweather.com
779,Kristofor,Gaudin,kgaudinlm@va.gov
780,Sallee,Round,sroundln@scribd.com
781,Georgetta,Lyte,glytelo@tmall.com
782,Darsey,Duignan,dduignanlp@typepad.com
783,Wilona,Allan,wallanlq@earthlink.net
784,Rozalie,Arthars,rartharslr@adobe.com
785,Quinta,Mayman,qmaymanls@livejournal.com
786,Katusha,Fooks,kfookslt@shop-pro.jp
787,Elli,Gatling,egatlinglu@ibm.com
788,Anny,O'Hannen,aohannenlv@angelfire.com
789,Howey,Weeds,hweedslw@craigslist.org
790,Gabriell,Ferroli,gferrolilx@wikimedia.org
791,Mathew,Blinkhorn,mblinkhornly@weebly.com
792,Scotty,Brislawn,sbrislawnlz@bing.com
793,Greg,Houston,ghoustonm0@cnn.com
794,Gerardo,Seaking,gseakingm1@topsy.com
795,Garek,Rolse,grolsem2@squarespace.com
796,Karrie,Connar,kconnarm3@acquirethisname.com
797,Ermentrude,Handmore,ehandmorem4@businessinsider.com
798,Bartholemy,Hordell,bhordellm5@aol.com
799,Jourdain,Mattedi,jmattedim6@zdnet.com
800,Britt,Trotter,btrotterm7@sphinn.com
801,Andrey,Pregel,apregelm8@cpanel.net
802,Gherardo,Devitt,gdevittm9@parallels.com
803,Cary,Hurche,churchema@thetimes.co.uk
804,Laureen,Callery,lcallerymb@goo.ne.jp
805,Riobard,Flather,rflathermc@4shared.com
806,Templeton,Gillebert,tgillebertmd@shop-pro.jp
807,Sid,Shinn,sshinnme@pcworld.com
808,Retha,Alsopp,ralsoppmf@reddit.com
809,Phillipe,Campana,pcampanamg@devhub.com
810,Wainwright,Nix,wnixmh@imdb.com
811,Jamie,Kreutzer,jkreutzermi@blogspot.com
812,Aile,Brookzie,abrookziemj@artisteer.com
813,Kahlil,Thundercliffe,kthundercliffemk@deviantart.com
814,Nerti,Ville,nvilleml@dmoz.org
815,Clarke,Digginson,cdigginsonmm@i2i.jp
816,Yolanthe,Cosham,ycoshammn@microsoft.com
817,Ewart,Filintsev,efilintsevmo@tmall.com
818,Gilles,Davet,gdavetmp@state.tx.us
819,Harriot,Witcher,hwitchermq@prlog.org
820,Helena,Hudd,hhuddmr@skyrock.com
821,Slade,Sabie,ssabiems@nih.gov
822,Klement,Ouldred,kouldredmt@dailymotion.com
823,Rani,Drayson,rdraysonmu@imgur.com
824,Woodman,Anneslie,wannesliemv@discovery.com
825,Britney,Hamsher,bhamshermw@fda.gov
826,Alejoa,Joliffe,ajoliffemx@deliciousdays.com
827,Gaspar,Heale,ghealemy@weather.com
828,Georgina,Henzer,ghenzermz@youtu.be
829,Moses,Humbey,mhumbeyn0@icq.com
830,Creight,Chidley,cchidleyn1@pbs.org
831,Nicolais,Spellward,nspellwardn2@newyorker.com
832,Shermy,Bratten,sbrattenn3@discovery.com
833,Marianne,Maly,mmalyn4@amazon.co.jp
834,Elora,Alexander,ealexandern5@wikia.com
835,Cami,Kynan,ckynann6@hostgator.com
836,Dierdre,Calltone,dcalltonen7@dyndns.org
837,Brandy,De Bernardi,bdebernardin8@gravatar.com
838,Hillier,Gartside,hgartsiden9@behance.net
839,Adelind,Gleave,agleavena@smh.com.au
840,Nial,Conley,nconleynb@miibeian.gov.cn
841,Torrie,Hyder,thydernc@chron.com
842,Kassia,Henrych,khenrychnd@acquirethisname.com
843,Steven,Tosney,stosneyne@ucoz.com
844,Maggi,Heatlie,mheatlienf@opensource.org
845,Kristian,Wyne,kwyneng@zimbio.com
846,Adelaida,Timberlake,atimberlakenh@hao123.com
847,Ginelle,Willimot,gwillimotni@google.nl
848,Esme,Fussie,efussienj@discovery.com
849,Faith,Hoopper,fhooppernk@washingtonpost.com
850,Mel,Gowdy,mgowdynl@chronoengine.com
851,Kasey,Worster,kworsternm@disqus.com
852,Blondy,Arsey,barseynn@1688.com
853,Vonni,Petruk,vpetrukno@yale.edu
854,Beth,Mac Giolla Pheadair,bmacgiollapheadairnp@cmu.edu
855,Flory,Luckin,fluckinnq@prweb.com
856,Jeniffer,Follos,jfollosnr@paypal.com
857,Codee,Filipowicz,cfilipowiczns@xing.com
858,Karim,Shelper,kshelpernt@independent.co.uk
859,Alick,Jakolevitch,ajakolevitchnu@about.com
860,Reine,Hembling,rhemblingnv@discuz.net
861,Lara,Worden,lwordennw@ucoz.ru
862,Orbadiah,Kilban,okilbannx@mashable.com
863,Diana,Trice,dtriceny@imgur.com
864,Casper,Whitewood,cwhitewoodnz@vinaora.com
865,Rici,Dunkirk,rdunkirko0@diigo.com
866,Torin,Ansett,tansetto1@mac.com
867,Amelita,Tattershall,atattershallo2@sourceforge.net
868,Juditha,Marchand,jmarchando3@addtoany.com
869,Ronald,Domanek,rdomaneko4@ftc.gov
870,Anabelle,Hassard,ahassardo5@bing.com
871,Torrance,Ivakhno,tivakhnoo6@ifeng.com
872,Whitby,Okie,wokieo7@china.com.cn
873,Evelin,Mattielli,emattiellio8@aboutads.info
874,Boyd,Doyley,bdoyleyo9@amazon.com
875,Eileen,Linkin,elinkinoa@reuters.com
876,Alexander,Fernyhough,afernyhoughob@sun.com
877,Nealy,Gajownik,ngajownikoc@npr.org
878,Corry,Kevis,ckevisod@epa.gov
879,Kellen,Patis,kpatisoe@wix.com
880,Lenora,Bransgrove,lbransgroveof@businesswire.com
881,Donni,Felkin,dfelkinog@ucla.edu
882,Tannie,Danks,tdanksoh@nps.gov
883,Clotilda,Rosenthal,crosenthaloi@photobucket.com
884,Janith,Kadwallider,jkadwallideroj@discuz.net
885,Tarra,Dietmar,tdietmarok@usda.gov
886,Britt,Foldes,bfoldesol@pcworld.com
887,Clevey,Haseley,chaseleyom@ca.gov
888,Paco,Miko,pmikoon@hp.com
889,Avram,Hebbard,ahebbardoo@360.cn
890,Marline,Tondeur,mtondeurop@hostgator.com
891,Liane,Cullagh,lcullaghoq@ustream.tv
892,Burgess,Millar,bmillaror@yellowpages.com
893,Brooke,Bridgland,bbridglandos@businessweek.com
894,Der,Stidever,dstideverot@edublogs.org
895,Tarrance,Raatz,traatzou@nyu.edu
896,Lucie,Ruffli,lruffliov@chicagotribune.com
897,Ariel,Dyter,adyterow@yahoo.co.jp
898,Damita,Linder,dlinderox@ed.gov
899,Greer,Schubert,gschubertoy@sakura.ne.jp
900,Caspar,Pendlebury,cpendleburyoz@nsw.gov.au
901,Broderic,Selbie,bselbiep0@yellowpages.com
902,Raeann,Detheridge,rdetheridgep1@fastcompany.com
903,Gaspard,Braithwaite,gbraithwaitep2@ted.com
904,Ewen,Riddle,eriddlep3@geocities.jp
905,Nick,Gregh,ngreghp4@elegantthemes.com
906,Abdul,MacDowal,amacdowalp5@google.cn
907,Aveline,Hartus,ahartusp6@businessinsider.com
908,Constantia,Ohanessian,cohanessianp7@bloomberg.com
909,Christophe,Frenzl,cfrenzlp8@ameblo.jp
910,Massimo,Vasnev,mvasnevp9@imageshack.us
911,Denys,Outhwaite,douthwaitepa@etsy.com
912,Guido,Marvell,gmarvellpb@jiathis.com
913,Briant,Dirand,bdirandpc@walmart.com
914,Minny,Harry,mharrypd@uiuc.edu
915,Desdemona,Hofton,dhoftonpe@nasa.gov
916,Winifield,Fitt,wfittpf@ocn.ne.jp
917,Melesa,Dowsey,mdowseypg@hugedomains.com
918,Benetta,Hartle,bhartleph@buzzfeed.com
919,Bambi,Giraudou,bgiraudoupi@cnn.com
920,Alfy,Berdale,aberdalepj@psu.edu
921,Ram,Duke,rdukepk@reddit.com
922,Kalil,Luciano,klucianopl@friendfeed.com
923,Cayla,Maile,cmailepm@cbsnews.com
924,Joachim,Romanski,jromanskipn@answers.com
925,Dore,Rame,dramepo@issuu.com
926,Andros,Koppelmann,akoppelmannpp@businessinsider.com
927,Chrissy,Smaridge,csmaridgepq@wikia.com
928,Melany,Hagard,mhagardpr@pagesperso-orange.fr
929,Eloise,Uppett,euppettps@bravesites.com
930,Mort,Simons,msimonspt@qq.com
931,Jacinta,Roose,jroosepu@unicef.org
932,Rosabella,Montfort,rmontfortpv@marketwatch.com
933,Denni,D'Oyly,ddoylypw@opera.com
934,Alexis,Sorsbie,asorsbiepx@drupal.org
935,Casie,Crassweller,ccrasswellerpy@hc360.com
936,Elna,Ninnoli,eninnolipz@printfriendly.com
937,Jone,Stanway,jstanwayq0@booking.com
938,Brod,Lipscomb,blipscombq1@dedecms.com
939,Liana,Howse,lhowseq2@telegraph.co.uk
940,Jenda,Alliston,jallistonq3@ocn.ne.jp
941,Ilaire,Bunstone,ibunstoneq4@vkontakte.ru
942,Ted,Frie,tfrieq5@google.nl
943,Alaster,Paudin,apaudinq6@1und1.de
944,Cynthy,Pryce,cpryceq7@walmart.com
945,Diego,Skentelbury,dskentelburyq8@opensource.org
946,Risa,Dablin,rdablinq9@wiley.com
947,Sergei,Stockney,sstockneyqa@odnoklassniki.ru
948,Bunnie,Larway,blarwayqb@vimeo.com
949,Pearle,Kopje,pkopjeqc@geocities.jp
950,Agustin,Mabbott,amabbottqd@jimdo.com
951,Emmanuel,Snasel,esnaselqe@mysql.com
952,Stormy,Topling,stoplingqf@ehow.com
953,Dewain,Seviour,dseviourqg@yellowbook.com
954,Jana,Morstatt,jmorstattqh@admin.ch
955,Humfrey,Joinson,hjoinsonqi@princeton.edu
956,Graham,Marzella,gmarzellaqj@etsy.com
957,Monroe,Craske,mcraskeqk@virginia.edu
958,Anders,Hugonin,ahugoninql@edublogs.org
959,Shell,Naerup,snaerupqm@dedecms.com
960,Joelynn,Picheford,jpichefordqn@alexa.com
961,Derick,Maddaford,dmaddafordqo@tmall.com
962,Gerda,Maren,gmarenqp@lycos.com
963,Lianne,Everwin,leverwinqq@twitter.com
964,Olivie,Salter,osalterqr@vinaora.com
965,Desirae,Burnett,dburnettqs@state.tx.us
966,Farrel,Trudgeon,ftrudgeonqt@army.mil
967,Chantalle,Elderton,celdertonqu@desdev.cn
968,Lilllie,Mary,lmaryqv@buzzfeed.com
969,Bianca,Mishow,bmishowqw@blog.com
970,Michaella,Wardesworth,mwardesworthqx@cbsnews.com
971,Verney,Christopher,vchristopherqy@printfriendly.com
972,Delano,Lynn,dlynnqz@jiathis.com
973,Malachi,Kaindl,mkaindlr0@google.es
974,Marguerite,Lettice,mletticer1@who.int
975,Michele,Wibrew,mwibrewr2@chicagotribune.com
976,Padgett,Fawdry,pfawdryr3@mediafire.com
977,Patience,Bartholomew,pbartholomewr4@webnode.com
978,Moreen,Brugemann,mbrugemannr5@typepad.com
979,Wally,Sweeting,wsweetingr6@prweb.com
980,Marnia,Pressman,mpressmanr7@xrea.com
981,Inger,Cater,icaterr8@skyrock.com
982,Emmett,Claisse,eclaisser9@i2i.jp
983,Cyndi,Hynes,chynesra@joomla.org
984,Rudd,Pieche,rpiecherb@xing.com
985,Aldridge,McGow,amcgowrc@usda.gov
986,Nani,Print,nprintrd@1688.com
987,Inness,Carayol,icarayolre@uiuc.edu
988,Beau,Britzius,bbritziusrf@spotify.com
989,Fianna,Barrass,fbarrassrg@mashable.com
990,Ephrem,Snedker,esnedkerrh@flavors.me
991,Conant,Arber,carberri@home.pl
992,Elwira,Mound,emoundrj@webeden.co.uk
993,Dennison,Jeff,djeffrk@apple.com
994,Ekaterina,Baybutt,ebaybuttrl@4shared.com
995,Nicko,Bradock,nbradockrm@sakura.ne.jp
996,Free,Zannuto,fzannutorn@mayoclinic.com
997,Ab,Daice,adaicero@lycos.com
998,Sargent,Petrak,spetrakrp@hostgator.com
999,Port,Sixsmith,psixsmithrq@sfgate.com
1000,Florian,Keinrat,fkeinratrr@miibeian.gov.cn
