id,first_name,last_name,email
1,Ingaberg,Urien,iurien0@theglobeandmail.com
2,Natalya,Silversmidt,nsilversmidt1@eepurl.com
3,Claudina,Munkley,cmunkley2@washington.edu
4,Marie-ann,Poundsford,mpoundsford3@lycos.com
5,Enrique,Hugh,ehugh4@elpais.com
6,Dannie,Isakov,disakov5@plala.or.jp
7,Doti,Mackiewicz,dmackiewicz6@intel.com
8,Ugo,Bugge,ubugge7@alibaba.com
9,Carlyle,Clewer,cclewer8@nyu.edu
10,Merwyn,Overton,moverton9@studiopress.com
11,Kaiser,Shevlan,kshevlana@uol.com.br
12,Charlotta,Westman,cwestmanb@columbia.edu
13,Emlynne,Janas,ejanasc@cloudflare.com
14,Pate,Lysons,plysonsd@umn.edu
15,Dante,Beldam,dbeldame@dailymail.co.uk
16,Natassia,Baguley,nbaguleyf@ox.ac.uk
17,Beitris,Savill,bsavillg@sciencedirect.com
18,Almeta,Saye,asayeh@nationalgeographic.com
19,Violante,Suscens,vsuscensi@xinhuanet.com
20,Krista,Boc,kbocj@chron.com
21,Jesus,Monsey,jmonseyk@tripod.com
22,Ervin,Lowless,elowlessl@nhs.uk
23,Alli,Rennebach,arennebachm@forbes.com
24,Padraic,Fullstone,pfullstonen@nbcnews.com
25,Star,Barnfather,sbarnfathero@cam.ac.uk
26,Katee,Blackwood,kblackwoodp@wikispaces.com
27,Shani,Adkin,sadkinq@miibeian.gov.cn
28,Kristy,Patient,kpatientr@cargocollective.com
29,Rolland,Vize,rvizes@jalbum.net
30,Bethena,Ong,bongt@hugedomains.com
31,Jaquenetta,Hendricks,jhendricksu@ameblo.jp
32,Bat,Willbourne,bwillbournev@prnewswire.com
33,Patsy,Spinelli,pspinelliw@army.mil
34,Bartholomeus,Kovalski,bkovalskix@ocn.ne.jp
35,Agata,Mertel,amertely@china.com.cn
36,Lenka,Hathaway,lhathawayz@cargocollective.com
37,Rivy,Sabey,rsabey10@comcast.net
38,Gabrila,Wallice,gwallice11@ftc.gov
39,Zacherie,Binestead,zbinestead12@pinterest.com
40,Cybill,Andriveaux,candriveaux13@123-reg.co.uk
41,Beverley,Johnke,bjohnke14@yelp.com
42,Clarette,Sprake,csprake15@photobucket.com
43,Dorella,Flynn,dflynn16@mediafire.com
44,Ann,Bracer,abracer17@sciencedaily.com
45,Elinore,Maisey,emaisey18@statcounter.com
46,Xenia,Nial,xnial19@reference.com
47,Eugine,McLise,emclise1a@acquirethisname.com
48,Angela,Craske,acraske1b@github.com
49,Mahmud,Wurst,mwurst1c@wisc.edu
50,Trace,Wanderschek,twanderschek1d@theglobeandmail.com
51,Tommie,Wonham,twonham1e@baidu.com
52,Nadeen,Hallyburton,nhallyburton1f@posterous.com
53,Forrester,Cunah,fcunah1g@istockphoto.com
54,Francisco,Trowsdale,ftrowsdale1h@msn.com
55,Modestine,Winear,mwinear1i@wsj.com
56,Crystie,Lobb,clobb1j@constantcontact.com
57,Rolando,Wolver,rwolver1k@cargocollective.com
58,Betteann,Veldens,bveldens1l@bloomberg.com
59,Brigit,O'Cuddie,bocuddie1m@wufoo.com
60,Oliver,Seeking,oseeking1n@google.ru
61,Darren,Marler,dmarler1o@google.nl
62,Katey,McCook,kmccook1p@google.ca
63,Winfield,McDuffie,wmcduffie1q@geocities.jp
64,Wilburt,Burnip,wburnip1r@wisc.edu
65,Buck,Shermar,bshermar1s@state.gov
66,Gabbi,Rabbitt,grabbitt1t@infoseek.co.jp
67,Cathrine,Donisthorpe,cdonisthorpe1u@apple.com
68,Janek,Heers,jheers1v@samsung.com
69,Reade,Weekes,rweekes1w@networksolutions.com
70,Kermy,Stennine,kstennine1x@epa.gov
71,Khalil,Kennard,kkennard1y@cbslocal.com
72,Cassondra,Kermannes,ckermannes1z@google.pl
73,Phaedra,Twort,ptwort20@nytimes.com
74,Manya,Buten,mbuten21@list-manage.com
75,Berkeley,Colquit,bcolquit22@cargocollective.com
76,Trudi,Leyborne,tleyborne23@stanford.edu
77,Astra,Mioni,amioni24@sogou.com
78,Rosanne,Prandy,rprandy25@dailymail.co.uk
79,Donn,Blanking,dblanking26@ocn.ne.jp
80,Lennard,Dalliston,ldalliston27@discovery.com
81,Susette,Greeveson,sgreeveson28@cmu.edu
82,Minni,Dimond,mdimond29@odnoklassniki.ru
83,Natalina,Kornas,nkornas2a@shutterfly.com
84,Jerrie,Powley,jpowley2b@prlog.org
85,Lydon,Penn,lpenn2c@godaddy.com
86,Halsey,Mackison,hmackison2d@mapquest.com
87,Georgena,Bendare,gbendare2e@tumblr.com
88,Andrea,Preble,apreble2f@fotki.com
89,Wynn,Ramsell,wramsell2g@arstechnica.com
90,Aili,Heaffey,aheaffey2h@pen.io
91,Sacha,Gornall,sgornall2i@wp.com
92,Kennie,Farloe,kfarloe2j@scientificamerican.com
93,Clywd,Paradis,cparadis2k@bing.com
94,Raf,Braunds,rbraunds2l@cargocollective.com
95,Jaclyn,Winterson,jwinterson2m@fc2.com
96,Rosabella,Bacup,rbacup2n@studiopress.com
97,Catharine,Hallowell,challowell2o@artisteer.com
98,Aland,MacCahey,amaccahey2p@sourceforge.net
99,Xylina,Genner,xgenner2q@github.io
100,Alex,Skilton,askilton2r@dedecms.com
101,Barbe,Zorzoni,bzorzoni2s@telegraph.co.uk
102,Ulla,Sprionghall,usprionghall2t@soup.io
103,Ealasaid,Edson,eedson2u@artisteer.com
104,Frankie,Pykett,fpykett2v@jugem.jp
105,Cassandre,Mytton,cmytton2w@amazon.co.uk
106,Romain,Widmore,rwidmore2x@infoseek.co.jp
107,Sutton,Bilbrooke,sbilbrooke2y@apple.com
108,Orson,Jeffcoat,ojeffcoat2z@lulu.com
109,Venita,Thomen,vthomen30@thetimes.co.uk
110,Sinclare,Voller,svoller31@goodreads.com
111,Myrwyn,Duling,mduling32@dailymotion.com
112,Clement,Gurwood,cgurwood33@narod.ru
113,Maurizia,Cicco,mcicco34@youtube.com
114,Fae,Fetherstone,ffetherstone35@360.cn
115,Juliana,Bouda,jbouda36@networksolutions.com
116,Gray,Hurkett,ghurkett37@foxnews.com
117,Zaneta,Dellatorre,zdellatorre38@cam.ac.uk
118,Laurianne,Regina,lregina39@webmd.com
119,Maurita,Nortunen,mnortunen3a@elegantthemes.com
120,Sapphira,Yitzhak,syitzhak3b@acquirethisname.com
121,Rainer,Seeler,rseeler3c@fastcompany.com
122,Annabal,Vautier,avautier3d@surveymonkey.com
123,Halsey,Drewry,hdrewry3e@baidu.com
124,Jesselyn,Kemery,jkemery3f@wsj.com
125,Katlin,McNicol,kmcnicol3g@google.it
126,Joline,Manley,jmanley3h@digg.com
127,Nelli,Spradbrow,nspradbrow3i@imdb.com
128,Korey,Brozsset,kbrozsset3j@dedecms.com
129,Kacy,Yielding,kyielding3k@networkadvertising.org
130,Levey,Filintsev,lfilintsev3l@bbb.org
131,Eldin,Hayworth,ehayworth3m@state.tx.us
132,Fabien,Van Arsdall,fvanarsdall3n@bizjournals.com
133,Florence,De Michetti,fdemichetti3o@ameblo.jp
134,Maryann,Lapidus,mlapidus3p@state.tx.us
135,Thom,Bevans,tbevans3q@unblog.fr
136,Ula,Welman,uwelman3r@nba.com
137,Vincenz,Ranklin,vranklin3s@infoseek.co.jp
138,Francoise,Farryn,ffarryn3t@java.com
139,Beale,Kobus,bkobus3u@guardian.co.uk
140,Elora,O'Sheilds,eosheilds3v@typepad.com
141,Blakeley,Nisco,bnisco3w@smh.com.au
142,Magdalena,Aubin,maubin3x@unblog.fr
143,Tarra,Saing,tsaing3y@google.com.br
144,Meade,Cato,mcato3z@wikimedia.org
145,Lyndell,McIlmorie,lmcilmorie40@engadget.com
146,Jonathon,Anthona,janthona41@xing.com
147,Angy,Predohl,apredohl42@reddit.com
148,Barb,Lucia,blucia43@tinyurl.com
149,Dara,Viney,dviney44@unesco.org
150,Anabel,Reijmers,areijmers45@sciencedaily.com
151,Charlotta,Latchford,clatchford46@sitemeter.com
152,Rebbecca,Saphir,rsaphir47@aol.com
153,Arden,Edmondson,aedmondson48@theglobeandmail.com
154,Hagen,Dmtrovic,hdmtrovic49@infoseek.co.jp
155,Anestassia,Punter,apunter4a@naver.com
156,Tamas,Cogley,tcogley4b@baidu.com
157,Andi,Dacey,adacey4c@deviantart.com
158,Templeton,Brunicke,tbrunicke4d@aol.com
159,Aimee,Crosham,acrosham4e@zdnet.com
160,Oran,Presnail,opresnail4f@ftc.gov
161,Zorah,Yakubovich,zyakubovich4g@samsung.com
162,Camey,Lytell,clytell4h@twitter.com
163,Aimil,Castaner,acastaner4i@tinypic.com
164,Alfie,Letteresse,aletteresse4j@huffingtonpost.com
165,Freddie,Slateford,fslateford4k@aol.com
166,Sioux,Gratland,sgratland4l@businessweek.com
167,Deni,Foulis,dfoulis4m@businessinsider.com
168,Cathrine,Reignolds,creignolds4n@friendfeed.com
169,Sharona,Tott,stott4o@jiathis.com
170,Pris,Geindre,pgeindre4p@artisteer.com
171,Donovan,McRory,dmcrory4q@example.com
172,Nahum,Jeste,njeste4r@cnet.com
173,Vitia,Grigg,vgrigg4s@w3.org
174,Gaultiero,Poplee,gpoplee4t@sun.com
175,Shawn,Bothbie,sbothbie4u@qq.com
176,Sawyere,Kilford,skilford4v@admin.ch
177,Danna,Ilive,dilive4w@usda.gov
178,Golda,Ferrelli,gferrelli4x@reference.com
179,Miranda,Fransemai,mfransemai4y@microsoft.com
180,Chickie,Golborne,cgolborne4z@freewebs.com
181,Sebastien,Boxen,sboxen50@etsy.com
182,Guendolen,Hanley,ghanley51@google.co.uk
183,Sianna,Berggren,sberggren52@prlog.org
184,Zedekiah,Szanto,zszanto53@intel.com
185,Carey,Wearne,cwearne54@gnu.org
186,Andra,Castellucci,acastellucci55@ox.ac.uk
187,Lizbeth,Louis,llouis56@woothemes.com
188,Antoinette,Ciobutaru,aciobutaru57@flavors.me
189,Jobey,Henlon,jhenlon58@google.es
190,Hashim,Whyard,hwhyard59@etsy.com
191,Zacharia,McCreary,zmccreary5a@guardian.co.uk
192,Coleman,Eyers,ceyers5b@rediff.com
193,Siusan,Sarjeant,ssarjeant5c@drupal.org
194,Murdock,Carnegie,mcarnegie5d@sourceforge.net
195,Carlin,Hardacre,chardacre5e@cocolog-nifty.com
196,Lexi,Fawks,lfawks5f@cloudflare.com
197,Guinna,Shulem,gshulem5g@pinterest.com
198,Ruprecht,Hallut,rhallut5h@accuweather.com
199,Kermit,Heinsh,kheinsh5i@cornell.edu
200,Ode,Hanwell,ohanwell5j@de.vu
201,Anthiathia,Jakubczyk,ajakubczyk5k@nytimes.com
202,Janel,Innocent,jinnocent5l@geocities.com
203,Ardelle,Baglan,abaglan5m@fastcompany.com
204,Adelheid,Burstow,aburstow5n@gov.uk
205,Sanderson,McGinnis,smcginnis5o@de.vu
206,Yuma,Roseby,yroseby5p@samsung.com
207,Julie,Bradlaugh,jbradlaugh5q@histats.com
208,Selig,Bodimeade,sbodimeade5r@cbc.ca
209,Arabele,Conford,aconford5s@bluehost.com
210,Gerome,Hassan,ghassan5t@apple.com
211,Thekla,Scotcher,tscotcher5u@marketwatch.com
212,Kirsti,Fereday,kfereday5v@yahoo.co.jp
213,Ebenezer,Orpin,eorpin5w@digg.com
214,Jasmina,Dinkin,jdinkin5x@blinklist.com
215,Ede,Aitken,eaitken5y@storify.com
216,Fernando,Eakley,feakley5z@squidoo.com
217,Archambault,Paler,apaler60@businesswire.com
218,Berrie,Puckey,bpuckey61@feedburner.com
219,Berne,Beauchamp,bbeauchamp62@bandcamp.com
220,Ondrea,Cowthard,ocowthard63@yolasite.com
221,Danya,Rickword,drickword64@mashable.com
222,Teriann,Drust,tdrust65@technorati.com
223,Skipp,Macauley,smacauley66@edublogs.org
224,Diane,Stearley,dstearley67@google.com.hk
225,Haily,Halley,hhalley68@sun.com
226,Amory,FitzGeorge,afitzgeorge69@shareasale.com
227,Thorsten,Gymblett,tgymblett6a@prweb.com
228,Rowen,Gravenall,rgravenall6b@usda.gov
229,Lester,Waite,lwaite6c@tripod.com
230,Saba,Penson,spenson6d@purevolume.com
231,Gordie,Housden,ghousden6e@bloomberg.com
232,Diahann,Mila,dmila6f@acquirethisname.com
233,Shoshana,Claricoats,sclaricoats6g@state.tx.us
234,Skell,Andric,sandric6h@4shared.com
235,Hastie,Spohrmann,hspohrmann6i@columbia.edu
236,Augy,Delieu,adelieu6j@xing.com
237,Marcellina,Tower,mtower6k@ifeng.com
238,Alyssa,Pounder,apounder6l@noaa.gov
239,Melita,Charke,mcharke6m@microsoft.com
240,Cesaro,Gallichiccio,cgallichiccio6n@twitpic.com
241,Regan,Jepson,rjepson6o@latimes.com
242,Marcille,Chitty,mchitty6p@sina.com.cn
243,Heath,Joriot,hjoriot6q@nih.gov
244,Norris,Bernini,nbernini6r@telegraph.co.uk
245,Alden,Gerant,agerant6s@biblegateway.com
246,Devin,Pristnor,dpristnor6t@sfgate.com
247,Stephana,Rudland,srudland6u@oracle.com
248,Doralynne,Marquess,dmarquess6v@ezinearticles.com
249,Rowen,Hellwing,rhellwing6w@plala.or.jp
250,Morris,Connochie,mconnochie6x@bizjournals.com
251,Bliss,Allsebrook,ballsebrook6y@cnbc.com
252,Clo,Pyffe,cpyffe6z@hugedomains.com
253,Muriel,Minmagh,mminmagh70@ihg.com
254,Christiana,Barbour,cbarbour71@oakley.com
255,Archaimbaud,Blyth,ablyth72@seesaa.net
256,Andie,McGrann,amcgrann73@devhub.com
257,Annadiana,Peter,apeter74@nydailynews.com
258,Chaunce,Kneebone,ckneebone75@php.net
259,Jamil,Bedenham,jbedenham76@symantec.com
260,Kandace,Stains,kstains77@nydailynews.com
261,Merrilee,Darlow,mdarlow78@acquirethisname.com
262,Dougy,Braddick,dbraddick79@reuters.com
263,Rainer,Bond,rbond7a@loc.gov
264,Joela,Brotherhead,jbrotherhead7b@a8.net
265,Devonna,Coomer,dcoomer7c@purevolume.com
266,Malinda,Eakly,meakly7d@theguardian.com
267,Galvan,Dougill,gdougill7e@so-net.ne.jp
268,Pippa,Carolan,pcarolan7f@omniture.com
269,Chariot,Mattke,cmattke7g@cdc.gov
270,Marylee,Bly,mbly7h@ehow.com
271,Elli,Thomton,ethomton7i@wisc.edu
272,Philippine,Colbran,pcolbran7j@reuters.com
273,Franny,Piperley,fpiperley7k@merriam-webster.com
274,Aleda,Coltart,acoltart7l@microsoft.com
275,Marni,Thunnercliffe,mthunnercliffe7m@tiny.cc
276,Yelena,Bocking,ybocking7n@uiuc.edu
277,Lorin,Joskowicz,ljoskowicz7o@squidoo.com
278,Aurlie,Ivashkin,aivashkin7p@oakley.com
279,Ignace,Cashmore,icashmore7q@quantcast.com
280,Bill,Maykin,bmaykin7r@senate.gov
281,Henrietta,Proudler,hproudler7s@devhub.com
282,Maudie,Minnis,mminnis7t@businesswire.com
283,Nancey,Peck,npeck7u@washington.edu
284,Alexandr,Laviss,alaviss7v@storify.com
285,Keane,O'Kerin,kokerin7w@homestead.com
286,Kelwin,Horick,khorick7x@about.me
287,Aleta,Tume,atume7y@scientificamerican.com
288,Darcee,Donaghie,ddonaghie7z@hhs.gov
289,Read,Fernely,rfernely80@soup.io
290,Diane-marie,Soigoux,dsoigoux81@topsy.com
291,Robinette,Towns,rtowns82@altervista.org
292,Roanne,Slocket,rslocket83@opensource.org
293,Patrizio,Bradshaw,pbradshaw84@stanford.edu
294,Ringo,Sterricks,rsterricks85@google.co.jp
295,Valentia,Pickard,vpickard86@cafepress.com
296,Zena,Marrion,zmarrion87@google.nl
297,Dominique,Bodega,dbodega88@netscape.com
298,Gaspard,Starbeck,gstarbeck89@goodreads.com
299,Mick,Toland,mtoland8a@mediafire.com
300,Anthia,Scotchmur,ascotchmur8b@comsenz.com
301,Gaylene,Marquess,gmarquess8c@cam.ac.uk
302,Townsend,Hauxwell,thauxwell8d@google.fr
303,Mufi,Simnell,msimnell8e@zdnet.com
304,Misty,Breslin,mbreslin8f@newsvine.com
305,Sibeal,Doll,sdoll8g@examiner.com
306,Lanita,Sone,lsone8h@samsung.com
307,Alameda,Jacobowitz,ajacobowitz8i@tripod.com
308,Brunhilda,Jakaway,bjakaway8j@buzzfeed.com
309,Ricca,Whardley,rwhardley8k@psu.edu
310,King,Absolon,kabsolon8l@state.tx.us
311,Valera,Ferraraccio,vferraraccio8m@thetimes.co.uk
312,Katya,Verney,kverney8n@google.com.au
313,Tomasina,Shipcott,tshipcott8o@kickstarter.com
314,Sheeree,Vaune,svaune8p@usgs.gov
315,Benetta,Girkin,bgirkin8q@cargocollective.com
316,Mac,Caskie,mcaskie8r@behance.net
317,Griffith,Dugood,gdugood8s@github.com
318,Mellisent,Burdus,mburdus8t@whitehouse.gov
319,Meghan,Dawney,mdawney8u@ning.com
320,Gabriello,Brogan,gbrogan8v@craigslist.org
321,Eugenia,Pauletti,epauletti8w@archive.org
322,Aloise,Edgeler,aedgeler8x@sbwire.com
323,Butch,Lacase,blacase8y@diigo.com
324,Rozanna,Dood,rdood8z@ameblo.jp
325,Paige,Ewen,pewen90@ted.com
326,Munroe,Claringbold,mclaringbold91@google.cn
327,Elnar,Leney,eleney92@un.org
328,Jo-ann,Bonellie,jbonellie93@domainmarket.com
329,Barbra,Standing,bstanding94@live.com
330,Frank,Corselles,fcorselles95@home.pl
331,Niven,Goodrum,ngoodrum96@constantcontact.com
332,Bernadina,Madison,bmadison97@oracle.com
333,Bruis,Behling,bbehling98@samsung.com
334,Adham,Stienton,astienton99@google.co.jp
335,Rochette,Woolstenholmes,rwoolstenholmes9a@tumblr.com
336,Clementine,Dudlestone,cdudlestone9b@dion.ne.jp
337,Brande,Spilsburie,bspilsburie9c@mit.edu
338,Ivette,Gatrell,igatrell9d@about.me
339,Grantham,Dusting,gdusting9e@uol.com.br
340,Jeniece,Eliyahu,jeliyahu9f@seesaa.net
341,Simone,Wyse,swyse9g@paginegialle.it
342,Kaja,Griffithe,kgriffithe9h@who.int
343,Latia,Ipplett,lipplett9i@geocities.jp
344,Jandy,Goosnell,jgoosnell9j@github.io
345,Gilda,Ferrieri,gferrieri9k@amazon.co.jp
346,Sloane,Edgecombe,sedgecombe9l@samsung.com
347,Floyd,Abad,fabad9m@marriott.com
348,Desirae,Son,dson9n@google.cn
349,Tripp,Stenhouse,tstenhouse9o@delicious.com
350,Victoir,Knutton,vknutton9p@uol.com.br
351,Bernelle,Suett,bsuett9q@edublogs.org
352,Kaspar,Eger,keger9r@vkontakte.ru
353,Lidia,Diable,ldiable9s@intel.com
354,Kendricks,Randalston,krandalston9t@foxnews.com
355,Perle,Peppett,ppeppett9u@purevolume.com
356,Vachel,Loncaster,vloncaster9v@un.org
357,Lemmy,Reilingen,lreilingen9w@cbslocal.com
358,Demetre,Dellow,ddellow9x@home.pl
359,Arman,Meade,ameade9y@youtube.com
360,August,Nussey,anussey9z@hhs.gov
361,Diandra,Massie,dmassiea0@amazonaws.com
362,Katya,Gladyer,kgladyera1@eepurl.com
363,Torie,Frushard,tfrusharda2@dropbox.com
364,Giorgio,Winslet,gwinsleta3@nasa.gov
365,Christie,Dukesbury,cdukesburya4@wix.com
366,Rodrique,McIan,rmciana5@fastcompany.com
367,Sally,Reyna,sreynaa6@unc.edu
368,Marybelle,Fuchs,mfuchsa7@istockphoto.com
369,Dale,Bearn,dbearna8@tumblr.com
370,Jeanie,Linch,jlincha9@cdc.gov
371,Blayne,Quarrington,bquarringtonaa@unblog.fr
372,Halimeda,Creaney,hcreaneyab@tiny.cc
373,Jannel,Jarmain,jjarmainac@accuweather.com
374,Dixie,Goodoune,dgoodounead@disqus.com
375,Katerine,Hryncewicz,khryncewiczae@canalblog.com
376,Traver,Fitchew,tfitchewaf@t.co
377,Vachel,Pinkett,vpinkettag@ebay.co.uk
378,Allis,Swatradge,aswatradgeah@baidu.com
379,Hernando,Kinzett,hkinzettai@opensource.org
380,Robert,Greally,rgreallyaj@addthis.com
381,Dasha,Scoyles,dscoylesak@ycombinator.com
382,Roman,Pickston,rpickstonal@over-blog.com
383,Eward,Ricks,ericksam@feedburner.com
384,Bel,Morrison,bmorrisonan@chicagotribune.com
385,Cybil,Jahan,cjahanao@biglobe.ne.jp
386,Laurena,Beauman,lbeaumanap@bloglines.com
387,Abbie,MacTimpany,amactimpanyaq@ihg.com
388,Tandie,Upson,tupsonar@storify.com
389,Pedro,Niland,pnilandas@indiegogo.com
390,Tyler,Illes,tillesat@hatena.ne.jp
391,Duncan,Keedwell,dkeedwellau@techcrunch.com
392,Kalle,Kelberer,kkelbererav@networksolutions.com
393,Killie,Caseley,kcaseleyaw@merriam-webster.com
394,Iosep,Ferries,iferriesax@istockphoto.com
395,Florance,Bloan,fbloanay@archive.org
396,Lauri,Rounce,lrounceaz@samsung.com
397,Karlen,McDonogh,kmcdonoghb0@github.com
398,Brice,Tatham,btathamb1@mysql.com
399,Burt,Lawles,blawlesb2@pbs.org
400,Shandy,Biddulph,sbiddulphb3@ucoz.com
401,Frannie,Chazier,fchazierb4@nydailynews.com
402,Belinda,Flude,bfludeb5@google.it
403,Emmey,Kehri,ekehrib6@csmonitor.com
404,Dev,Giacubbo,dgiacubbob7@comsenz.com
405,Dodie,Franchioni,dfranchionib8@reuters.com
406,Newton,Bosence,nbosenceb9@rakuten.co.jp
407,Teador,Moncreiffe,tmoncreiffeba@ebay.co.uk
408,Katerine,Leyman,kleymanbb@cargocollective.com
409,Lorry,Yelden,lyeldenbc@chicagotribune.com
410,Barthel,Berni,bbernibd@netscape.com
411,Baxter,Elfitt,belfittbe@pbs.org
412,Leo,Kimmitt,lkimmittbf@shareasale.com
413,Claudio,Drewell,cdrewellbg@ca.gov
414,Jesse,MacLaughlin,jmaclaughlinbh@tripod.com
415,Roley,Haensel,rhaenselbi@zdnet.com
416,Lonnie,Pillinger,lpillingerbj@answers.com
417,Stillman,Capron,scapronbk@ibm.com
418,Carolina,Darlow,cdarlowbl@gravatar.com
419,Elsey,Bassick,ebassickbm@skype.com
420,Shanon,Goncaves,sgoncavesbn@bing.com
421,Pyotr,Cuer,pcuerbo@xrea.com
422,Sybila,Pestricke,spestrickebp@uol.com.br
423,Eleonore,Demke,edemkebq@theatlantic.com
424,Leslie,Iglesia,liglesiabr@weibo.com
425,Chalmers,Borres,cborresbs@kickstarter.com
426,Shela,Sleigh,ssleighbt@usa.gov
427,Nevins,Haresnape,nharesnapebu@ftc.gov
428,Vera,Mirrlees,vmirrleesbv@businessweek.com
429,Dareen,Lyston,dlystonbw@bbb.org
430,Abbe,Pfeffer,apfefferbx@jigsy.com
431,Federico,Lille,flilleby@scribd.com
432,Daisie,Collick,dcollickbz@nps.gov
433,Alikee,Sans,asansc0@canalblog.com
434,Shelli,Frawley,sfrawleyc1@japanpost.jp
435,Winn,Scobbie,wscobbiec2@umn.edu
436,Sibyl,Skea,sskeac3@auda.org.au
437,Renate,Grosvenor,rgrosvenorc4@ustream.tv
438,Cart,Gelly,cgellyc5@parallels.com
439,Lexis,Spick,lspickc6@behance.net
440,Zena,Higgen,zhiggenc7@huffingtonpost.com
441,Itch,Dei,ideic8@zimbio.com
442,Elsy,Tubb,etubbc9@uiuc.edu
443,Salomon,Sloss,sslossca@umn.edu
444,Bette,Cartner,bcartnercb@nationalgeographic.com
445,Gigi,Gamlyn,ggamlyncc@wufoo.com
446,Ava,Crush,acrushcd@oaic.gov.au
447,Thurston,De Paepe,tdepaepece@icio.us
448,Stephine,Tomaello,stomaellocf@forbes.com
449,Flory,Lanfer,flanfercg@va.gov
450,Adorne,Matyja,amatyjach@wikimedia.org
451,Marmaduke,Cann,mcannci@discuz.net
452,Donalt,Blunden,dblundencj@imdb.com
453,Juana,Clardge,jclardgeck@edublogs.org
454,Marylou,Lloyd,mlloydcl@paypal.com
455,Kary,Tebboth,ktebbothcm@xinhuanet.com
456,Marcelo,Befroy,mbefroycn@icq.com
457,Klara,Borg,kborgco@engadget.com
458,Arman,Sutliff,asutliffcp@newyorker.com
459,Hunfredo,Poxson,hpoxsoncq@virginia.edu
460,Lurline,Leuren,lleurencr@homestead.com
461,Swen,Nowakowska,snowakowskacs@google.ca
462,Aggi,Ashdown,aashdownct@indiatimes.com
463,Charo,Morcomb,cmorcombcu@cpanel.net
464,Christian,Scoble,cscoblecv@washingtonpost.com
465,Hali,Abbs,habbscw@prweb.com
466,Belva,Morat,bmoratcx@yellowbook.com
467,Mar,Franzettoini,mfranzettoinicy@prlog.org
468,Prudi,Einchcombe,peinchcombecz@nps.gov
469,Anne-marie,Faust,afaustd0@constantcontact.com
470,Maia,De Paoli,mdepaolid1@gizmodo.com
471,Helen-elizabeth,Broome,hbroomed2@tripod.com
472,Ludovika,Sennett,lsennettd3@eventbrite.com
473,Maggee,Dahill,mdahilld4@ocn.ne.jp
474,Myrna,McGinty,mmcgintyd5@msn.com
475,Padraig,Hawley,phawleyd6@rediff.com
476,Jorrie,Cullen,jcullend7@unesco.org
477,Mellie,Mawditt,mmawdittd8@wikispaces.com
478,Garret,Merington,gmeringtond9@hibu.com
479,Sky,Gibb,sgibbda@europa.eu
480,Ericka,Loges,elogesdb@issuu.com
481,Torey,Keighley,tkeighleydc@pinterest.com
482,Moreen,Stilliard,mstilliarddd@ocn.ne.jp
483,Winfield,Domerc,wdomercde@storify.com
484,Dorisa,Cheltnam,dcheltnamdf@washington.edu
485,Vincenz,Blackmuir,vblackmuirdg@house.gov
486,Jude,Pasterfield,jpasterfielddh@dailymotion.com
487,Etta,Son,esondi@nifty.com
488,Kimmie,Quarrell,kquarrelldj@wufoo.com
489,Lizette,Moulsdall,lmoulsdalldk@intel.com
490,Arvie,Van der Velde,avanderveldedl@paginegialle.it
491,Becki,Mendenhall,bmendenhalldm@360.cn
492,Dorelia,Haggeth,dhaggethdn@google.com.hk
493,Loren,Grainge,lgraingedo@wix.com
494,Dall,McCurlye,dmccurlyedp@ucoz.com
495,Meggi,Wittleton,mwittletondq@alexa.com
496,Kane,Tumbelty,ktumbeltydr@mapy.cz
497,Odella,Forsaith,oforsaithds@kickstarter.com
498,Tailor,Ticic,tticicdt@sina.com.cn
499,Bill,Esslemont,besslemontdu@washington.edu
500,Flossy,Alchin,falchindv@fotki.com
501,Ronda,Glayzer,rglayzerdw@theatlantic.com
502,Louis,Southcott,lsouthcottdx@yale.edu
503,Haslett,Grigorio,hgrigoriody@usatoday.com
504,Rabbi,Keitley,rkeitleydz@blogtalkradio.com
505,Benito,Swigg,bswigge0@toplist.cz
506,Dewey,Struys,dstruyse1@g.co
507,Kizzie,Hewertson,khewertsone2@ow.ly
508,Gene,Beurich,gbeuriche3@acquirethisname.com
509,Rick,Snoddon,rsnoddone4@posterous.com
510,Beryle,Dudney,bdudneye5@hud.gov
511,Elisabet,Wintersgill,ewintersgille6@wikimedia.org
512,Daryle,Durbann,ddurbanne7@craigslist.org
513,Cicily,Hartzog,chartzoge8@vkontakte.ru
514,Ardella,Bane,abanee9@alexa.com
515,Dario,Richardson,drichardsonea@google.co.jp
516,Gaye,Dann,gdanneb@nih.gov
517,Celie,Birtley,cbirtleyec@about.me
518,Carie,Seabright,cseabrighted@google.cn
519,Barbara,Kiessel,bkiesselee@nifty.com
520,Druci,Pelham,dpelhamef@un.org
521,Bastian,Scarsbrick,bscarsbrickeg@creativecommons.org
522,Jennilee,Georgescu,jgeorgescueh@usa.gov
523,Tabbitha,Spat,tspatei@paginegialle.it
524,Leeanne,MacAlaster,lmacalasterej@aboutads.info
525,Wynn,Valentetti,wvalentettiek@goo.ne.jp
526,Reggie,Spondley,rspondleyel@phoca.cz
527,Giordano,Ellissen,gellissenem@bravesites.com
528,Galen,Lamke,glamkeen@princeton.edu
529,Annamarie,Olekhov,aolekhoveo@parallels.com
530,Jammal,Headington,jheadingtonep@goo.gl
531,Mead,Rogge,mroggeeq@engadget.com
532,Silvan,Jahncke,sjahnckeer@amazon.co.uk
533,Shanna,Gwioneth,sgwionethes@storify.com
534,Casey,Creboe,ccreboeet@com.com
535,Derron,Browett,dbrowetteu@tiny.cc
536,Izak,Rowles,irowlesev@usda.gov
537,Lind,Goudge,lgoudgeew@ehow.com
538,Valentine,Truran,vtruranex@dell.com
539,Rena,Brearty,rbreartyey@sogou.com
540,Whitaker,Landre,wlandreez@163.com
541,Krissie,Bricham,kbrichamf0@barnesandnoble.com
542,Saudra,Royan,sroyanf1@webmd.com
543,Elfrieda,Criag,ecriagf2@jimdo.com
544,Jenni,Hallock,jhallockf3@census.gov
545,Ibbie,Culross,iculrossf4@vinaora.com
546,Lanny,Kreuzer,lkreuzerf5@theglobeandmail.com
547,Joaquin,Weyman,jweymanf6@nature.com
548,Jordana,Sawkin,jsawkinf7@usatoday.com
549,Lindi,Kersey,lkerseyf8@blinklist.com
550,Haily,Elsey,helseyf9@upenn.edu
551,Horacio,Hudd,hhuddfa@nsw.gov.au
552,Aile,Henzer,ahenzerfb@utexas.edu
553,Rosalinde,Baggalley,rbaggalleyfc@ifeng.com
554,Goldarina,Budik,gbudikfd@flickr.com
555,Gibbie,Althorp,galthorpfe@nationalgeographic.com
556,Karol,Halbord,khalbordff@wikispaces.com
557,Maybelle,Popley,mpopleyfg@unicef.org
558,Dorrie,Hanstock,dhanstockfh@apache.org
559,Egan,Clashe,eclashefi@sun.com
560,Obidiah,Phippin,ophippinfj@canalblog.com
561,Garold,Foskew,gfoskewfk@independent.co.uk
562,Shayla,Ryan,sryanfl@cbslocal.com
563,Andromache,Pritty,aprittyfm@guardian.co.uk
564,Nedda,Caley,ncaleyfn@behance.net
565,Roger,Gofford,rgoffordfo@ebay.com
566,Letta,Whittingham,lwhittinghamfp@msu.edu
567,Vachel,Bargery,vbargeryfq@engadget.com
568,Sisile,Skehens,sskehensfr@hubpages.com
569,Robyn,Demangel,rdemangelfs@edublogs.org
570,Savina,Rayner,sraynerft@yahoo.com
571,Bernice,Lamey,blameyfu@cam.ac.uk
572,Monika,Gatley,mgatleyfv@fema.gov
573,Boyd,Winter,bwinterfw@people.com.cn
574,Hobie,Smitherham,hsmitherhamfx@aboutads.info
575,Kliment,Heaysman,kheaysmanfy@usatoday.com
576,Nester,GiacobbiniJacob,ngiacobbinijacobfz@geocities.com
577,Gustavus,Whawell,gwhawellg0@tripadvisor.com
578,Zaccaria,Burgher,zburgherg1@zimbio.com
579,Moira,Kerkham,mkerkhamg2@bandcamp.com
580,Atlanta,Overel,aoverelg3@angelfire.com
581,Ernaline,Van Hault,evanhaultg4@theatlantic.com
582,Kynthia,Kasting,kkastingg5@icio.us
583,Torey,Beckett,tbeckettg6@purevolume.com
584,Ardra,Allwright,aallwrightg7@wired.com
585,Bobina,Wraxall,bwraxallg8@sphinn.com
586,Gilberte,Willmetts,gwillmettsg9@ft.com
587,Nadia,Donaldson,ndonaldsonga@youku.com
588,Annadiana,Powell,apowellgb@naver.com
589,Bartholemy,Tollit,btollitgc@networksolutions.com
590,Eugene,Retallack,eretallackgd@digg.com
591,Loria,Reyna,lreynage@mit.edu
592,Boyd,Salthouse,bsalthousegf@unblog.fr
593,Alene,Jesse,ajessegg@google.com
594,Ardyth,Ketton,akettongh@independent.co.uk
595,Ethan,Frankiewicz,efrankiewiczgi@csmonitor.com
596,Demetra,Sergison,dsergisongj@quantcast.com
597,Ellissa,Mollnar,emollnargk@uiuc.edu
598,Renell,Wainer,rwainergl@soundcloud.com
599,Constantin,Gollard,cgollardgm@addtoany.com
600,Charlotta,McCarle,cmccarlegn@va.gov
601,Tera,Spehr,tspehrgo@deliciousdays.com
602,Elias,Perllman,eperllmangp@alexa.com
603,Manuel,Shurrock,mshurrockgq@flavors.me
604,Jocelyn,Wellings,jwellingsgr@pagesperso-orange.fr
605,Trixie,Dyball,tdyballgs@tinyurl.com
606,Hayyim,Plet,hpletgt@ft.com
607,Alameda,Aiston,aaistongu@over-blog.com
608,Ninnetta,Glancy,nglancygv@yellowpages.com
609,Bartlett,Berkeley,bberkeleygw@scribd.com
610,Ester,Wadham,ewadhamgx@taobao.com
611,Hamlin,Stopher,hstophergy@theglobeandmail.com
612,Cristen,Christene,cchristenegz@businesswire.com
613,Marti,Hekkert,mhekkerth0@reverbnation.com
614,Bonni,Penhearow,bpenhearowh1@yolasite.com
615,Demetris,Massel,dmasselh2@un.org
616,Torie,Gittings,tgittingsh3@apache.org
617,Fidelity,Longson,flongsonh4@hugedomains.com
618,Kylie,Schwandermann,kschwandermannh5@icq.com
619,Rycca,MacCarter,rmaccarterh6@prlog.org
620,Tess,MacClancey,tmacclanceyh7@domainmarket.com
621,Loy,Southorn,lsouthornh8@intel.com
622,Micheline,Ewer,mewerh9@reddit.com
623,Annis,Benaine,abenaineha@google.ru
624,Anastassia,Behrens,abehrenshb@nasa.gov
625,Taddeo,Wemyss,twemysshc@intel.com
626,Lovell,Dmitrichenko,ldmitrichenkohd@cdbaby.com
627,Dara,Cornborough,dcornboroughhe@nydailynews.com
628,Raeann,Wortman,rwortmanhf@yahoo.co.jp
629,Yuri,Pittaway,ypittawayhg@boston.com
630,Eleni,Stanyon,estanyonhh@myspace.com
631,Bertha,Grandison,bgrandisonhi@indiegogo.com
632,Adah,Finan,afinanhj@usatoday.com
633,Amberly,Banane,abananehk@rakuten.co.jp
634,Ulrikaumeko,Poore,upoorehl@chron.com
635,Lonni,Catherick,lcatherickhm@abc.net.au
636,Wain,Armitt,warmitthn@arizona.edu
637,Chadwick,Mitchenson,cmitchensonho@psu.edu
638,Doretta,Battrick,dbattrickhp@nsw.gov.au
639,Colleen,Sherwin,csherwinhq@noaa.gov
640,Thorsten,Shivell,tshivellhr@alibaba.com
641,Amery,Bourgeois,abourgeoishs@indiatimes.com
642,Susy,Pechan,spechanht@fastcompany.com
643,Shelli,Briand,sbriandhu@mashable.com
644,Jenica,Morit,jmorithv@fda.gov
645,Jerald,Skpsey,jskpseyhw@google.co.jp
646,Wenonah,Faraker,wfarakerhx@icio.us
647,Betteanne,Deny,bdenyhy@wufoo.com
648,Darline,Skym,dskymhz@ycombinator.com
649,Holly,Pudsey,hpudseyi0@usgs.gov
650,Otto,Alford,oalfordi1@ifeng.com
651,Sherlocke,Penwarden,spenwardeni2@usa.gov
652,Nola,Acedo,nacedoi3@quantcast.com
653,Patsy,Riddett,priddetti4@dailymotion.com
654,Maurizia,Hames,mhamesi5@ucoz.ru
655,Vilma,McCrae,vmccraei6@constantcontact.com
656,Lesly,Brendish,lbrendishi7@elpais.com
657,Cornall,Dunthorne,cdunthornei8@a8.net
658,Norby,Craister,ncraisteri9@ox.ac.uk
659,Charo,Wittey,cwitteyia@discovery.com
660,Dionne,Neising,dneisingib@ucoz.ru
661,Michal,Marchent,mmarchentic@barnesandnoble.com
662,Chadwick,Lapping,clappingid@indiatimes.com
663,Georgianna,Bautiste,gbautisteie@netscape.com
664,Kelley,Reidshaw,kreidshawif@bandcamp.com
665,Brynna,Broseke,bbrosekeig@icq.com
666,Gale,McCloid,gmccloidih@zdnet.com
667,Dall,Eloi,deloiii@rakuten.co.jp
668,Sheba,Batt,sbattij@cdc.gov
669,Amie,Espinal,aespinalik@webnode.com
670,Benni,Tull,btullil@tinypic.com
671,Philippa,Master,pmasterim@reverbnation.com
672,Jonas,Held,jheldin@xing.com
673,Sayre,Addionisio,saddionisioio@163.com
674,Donavon,Berthomier,dberthomierip@ebay.com
675,Phil,Cortnay,pcortnayiq@stanford.edu
676,Kylen,Ludgrove,kludgroveir@myspace.com
677,Celestyna,Custard,ccustardis@noaa.gov
678,Gare,Tampling,gtamplingit@webmd.com
679,Kim,Klesel,kkleseliu@nih.gov
680,Edward,Hall-Gough,ehallgoughiv@posterous.com
681,Agnola,Goodlud,agoodludiw@miitbeian.gov.cn
682,Audrey,Clare,aclareix@google.ca
683,Alasteir,Magog,amagogiy@slate.com
684,Britt,Goodenough,bgoodenoughiz@dmoz.org
685,Ches,Kedie,ckediej0@yellowbook.com
686,Darrell,Aloshkin,daloshkinj1@shop-pro.jp
687,Harlene,Tinmouth,htinmouthj2@pen.io
688,Helaina,Bachellier,hbachellierj3@nps.gov
689,Daisey,Ducarel,dducarelj4@google.es
690,Lowell,Rutigliano,lrutiglianoj5@google.fr
691,Adrian,Bernardeau,abernardeauj6@hibu.com
692,Con,Fido,cfidoj7@sakura.ne.jp
693,Jemimah,Skirvane,jskirvanej8@businessinsider.com
694,Lesly,Bladen,lbladenj9@upenn.edu
695,Urbain,Vedntyev,uvedntyevja@skype.com
696,Willis,Cello,wcellojb@wisc.edu
697,Brien,De Micoli,bdemicolijc@walmart.com
698,Carlie,Lepere,cleperejd@slideshare.net
699,Antoinette,Newbery,anewberyje@mtv.com
700,Lizabeth,Otton,lottonjf@washingtonpost.com
701,Yardley,Tarpey,ytarpeyjg@foxnews.com
702,Fonz,Pelosi,fpelosijh@cpanel.net
703,Riordan,Madders,rmaddersji@infoseek.co.jp
704,Tessa,Humphris,thumphrisjj@china.com.cn
705,Vanessa,Bramall,vbramalljk@liveinternet.ru
706,Kristian,Cesco,kcescojl@mediafire.com
707,Miran,Robiou,mrobioujm@foxnews.com
708,Davidde,Reiling,dreilingjn@nba.com
709,Rakel,Bardwall,rbardwalljo@hc360.com
710,Ivett,Wroath,iwroathjp@ifeng.com
711,Iver,Dorin,idorinjq@businesswire.com
712,Iris,Tarrant,itarrantjr@dmoz.org
713,Cullan,Sparkwell,csparkwelljs@t.co
714,Rosemaria,Delmonti,rdelmontijt@washingtonpost.com
715,Linnea,Donnel,ldonnelju@ted.com
716,Osgood,Babst,obabstjv@vk.com
717,Alfie,Balfe,abalfejw@163.com
718,Celinda,Manchester,cmanchesterjx@com.com
719,Kaylyn,Hunton,khuntonjy@amazonaws.com
720,Seline,Stangoe,sstangoejz@networkadvertising.org
721,Leslie,Fredy,lfredyk0@last.fm
722,Georgia,Brandel,gbrandelk1@cafepress.com
723,Rooney,Fleetwood,rfleetwoodk2@unblog.fr
724,Esteban,Brammall,ebrammallk3@spiegel.de
725,Arlie,Hughlock,ahughlockk4@msn.com
726,Derby,Bromehed,dbromehedk5@bravesites.com
727,Bradan,Inchcomb,binchcombk6@google.fr
728,Margareta,Froggatt,mfroggattk7@goo.gl
729,Way,Murrthum,wmurrthumk8@vimeo.com
730,Tammy,Wahner,twahnerk9@hostgator.com
731,Keri,Scamadine,kscamadineka@csmonitor.com
732,Bianka,Peirson,bpeirsonkb@arstechnica.com
733,Wiatt,Harraway,wharrawaykc@oracle.com
734,Jamesy,Peters,jpeterskd@amazon.de
735,Carmella,Bruun,cbruunke@photobucket.com
736,Cayla,Gebby,cgebbykf@geocities.com
737,Kelsi,Golling,kgollingkg@constantcontact.com
738,Kassey,Mallen,kmallenkh@goo.gl
739,Novelia,Conibere,nconibereki@marketwatch.com
740,Leda,Gethin,lgethinkj@aol.com
741,Torrey,O'Sharkey,tosharkeykk@cyberchimps.com
742,Bekki,Henric,bhenrickl@unesco.org
743,Kristofer,Castillou,kcastilloukm@altervista.org
744,Waldemar,Stodit,wstoditkn@un.org
745,Florrie,Ekell,fekellko@walmart.com
746,Tanitansy,Jambrozek,tjambrozekkp@economist.com
747,Lanny,Tellesson,ltellessonkq@auda.org.au
748,Malissia,Brunsen,mbrunsenkr@bbb.org
749,Catherine,Chetwynd,cchetwyndks@tripadvisor.com
750,Tessy,Hovenden,thovendenkt@amazonaws.com
751,Melony,Caldera,mcalderaku@joomla.org
752,Odie,Blueman,obluemankv@acquirethisname.com
753,Griswold,Marcone,gmarconekw@google.com.br
754,Ysabel,Lotze,ylotzekx@zimbio.com
755,Morgan,Rodenhurst,mrodenhurstky@nyu.edu
756,Rose,Yurkiewicz,ryurkiewiczkz@wikispaces.com
757,Gilly,Hellmer,ghellmerl0@wunderground.com
758,Webster,Heliet,whelietl1@goo.ne.jp
759,Alasdair,Curmi,acurmil2@zimbio.com
760,Dieter,Sinderland,dsinderlandl3@europa.eu
761,Suzie,Cristea,scristeal4@home.pl
762,Silvan,Truter,struterl5@ameblo.jp
763,Aile,Habergham,ahaberghaml6@elpais.com
764,Mia,Heeney,mheeneyl7@dell.com
765,Kassandra,Coultous,kcoultousl8@wufoo.com
766,Michell,Glanvill,mglanvilll9@paginegialle.it
767,Hobart,Charrett,hcharrettla@nymag.com
768,Martynne,Whife,mwhifelb@google.com.hk
769,Merle,Mapstone,mmapstonelc@ebay.com
770,Philip,Thewys,pthewysld@cornell.edu
771,Garik,de Copeman,gdecopemanle@usgs.gov
772,Alyda,Custed,acustedlf@facebook.com
773,Terry,Emps,tempslg@homestead.com
774,Dollie,Holby,dholbylh@huffingtonpost.com
775,Theodore,Suston,tsustonli@prnewswire.com
776,Flss,Rustan,frustanlj@soundcloud.com
777,Dacie,Boyfield,dboyfieldlk@washingtonpost.com
778,Vin,Bedin,vbedinll@ning.com
779,Dosi,Searby,dsearbylm@delicious.com
780,Gualterio,Pillans,gpillansln@cam.ac.uk
781,Robbin,Rubenfeld,rrubenfeldlo@google.com.br
782,Brenna,Castella,bcastellalp@so-net.ne.jp
783,Kikelia,Jonah,kjonahlq@ezinearticles.com
784,Leupold,Ternouth,lternouthlr@weather.com
785,Rhonda,Heisham,rheishamls@amazon.com
786,Graeme,McInally,gmcinallylt@utexas.edu
787,Beryle,Ogilvy,bogilvylu@icio.us
788,Katerine,Cuttin,kcuttinlv@dropbox.com
789,Angy,Clausius,aclausiuslw@mozilla.com
790,Ingemar,Chung,ichunglx@tamu.edu
791,Kerr,Laban,klabanly@marketwatch.com
792,Blaire,Syer,bsyerlz@dagondesign.com
793,Selestina,Osboldstone,sosboldstonem0@seesaa.net
794,Ellynn,Eynald,eeynaldm1@51.la
795,Almira,Kibblewhite,akibblewhitem2@wiley.com
796,Juliet,Buntain,jbuntainm3@github.io
797,Bernard,MacKenney,bmackenneym4@digg.com
798,Grace,Colbran,gcolbranm5@cmu.edu
799,Felipa,Pogosian,fpogosianm6@sun.com
800,Engracia,Bernardoni,ebernardonim7@desdev.cn
801,Belinda,Cringle,bcringlem8@omniture.com
802,Benny,Melloy,bmelloym9@reference.com
803,Giustino,Cliffe,gcliffema@icio.us
804,Pascale,Bescoby,pbescobymb@friendfeed.com
805,Alisander,Lowis,alowismc@webnode.com
806,Marwin,Instrell,minstrellmd@google.com.br
807,Jay,Yeiles,jyeilesme@prlog.org
808,Vincenz,Forcade,vforcademf@example.com
809,Rubin,Ertel,rertelmg@imgur.com
810,Patti,MacLachlan,pmaclachlanmh@nationalgeographic.com
811,Ivett,Tamsett,itamsettmi@t.co
812,Lanny,Parmiter,lparmitermj@booking.com
813,Liam,Fulker,lfulkermk@amazon.de
814,Shelli,Hickenbottom,shickenbottomml@dailymail.co.uk
815,Binny,Carling,bcarlingmm@omniture.com
816,Katharine,Patrone,kpatronemn@typepad.com
817,Federico,Wem,fwemmo@google.com
818,Bevon,Lenham,blenhammp@seesaa.net
819,Babbie,Vaughan,bvaughanmq@tripod.com
820,Emlyn,Harborow,eharborowmr@usa.gov
821,Halsey,Daber,hdaberms@ovh.net
822,Millisent,Scogin,mscoginmt@springer.com
823,Hartwell,Furbank,hfurbankmu@fotki.com
824,Peggy,McCoughan,pmccoughanmv@addtoany.com
825,Gussi,Hardman,ghardmanmw@va.gov
826,Gayel,Bartoleyn,gbartoleynmx@nsw.gov.au
827,Damara,Cota,dcotamy@youtu.be
828,Ross,Arp,rarpmz@newyorker.com
829,Hermy,MacShirie,hmacshirien0@google.cn
830,Rube,Hudless,rhudlessn1@sciencedirect.com
831,Joe,Worlock,jworlockn2@yolasite.com
832,Kevyn,Cholerton,kcholertonn3@edublogs.org
833,Coreen,Rosen,crosenn4@miitbeian.gov.cn
834,Lilllie,Pears,lpearsn5@house.gov
835,Filip,Canto,fcanton6@tmall.com
836,Faye,Rosenbloom,frosenbloomn7@lulu.com
837,Iain,Ryder,irydern8@who.int
838,Marshal,Edelston,medelstonn9@wikimedia.org
839,Becca,Ambrose,bambrosena@zimbio.com
840,Madelyn,Ferraro,mferraronb@google.com.au
841,Melany,Mockett,mmockettnc@cdc.gov
842,Fay,Gregorio,fgregoriond@sun.com
843,Langston,Loft,lloftne@hexun.com
844,Erhard,Grodden,egroddennf@instagram.com
845,Shalom,Autrie,sautrieng@google.es
846,Jack,Savile,jsavilenh@imdb.com
847,Sawyere,Shatford,sshatfordni@biblegateway.com
848,Byrle,Francklyn,bfrancklynnj@statcounter.com
849,Noach,Dinnage,ndinnagenk@microsoft.com
850,Pincus,Thorby,pthorbynl@howstuffworks.com
851,Maude,Michele,mmichelenm@barnesandnoble.com
852,Xenia,Birchenough,xbirchenoughnn@shutterfly.com
853,Shae,Korpolak,skorpolakno@merriam-webster.com
854,Cornelius,Sedgebeer,csedgebeernp@cam.ac.uk
855,Julianne,MacSherry,jmacsherrynq@facebook.com
856,Fifi,Dufaur,fdufaurnr@virginia.edu
857,Leonanie,Constance,lconstancens@over-blog.com
858,Amandy,Gilbride,agilbrident@zdnet.com
859,Alleyn,De la Barre,adelabarrenu@printfriendly.com
860,Florance,Creek,fcreeknv@engadget.com
861,Jennine,Etienne,jetiennenw@booking.com
862,Deedee,Fonteyne,dfonteynenx@netlog.com
863,Frasquito,Matt,fmattny@army.mil
864,Lee,Schleicher,lschleichernz@devhub.com
865,Chelsey,Jorin,cjorino0@jiathis.com
866,Konstanze,Tregona,ktregonao1@blogger.com
867,Jacquelin,Fehely,jfehelyo2@techcrunch.com
868,Aundrea,Colmore,acolmoreo3@naver.com
869,Ellene,Hadrill,ehadrillo4@pen.io
870,Lorettalorna,MacKerley,lmackerleyo5@etsy.com
871,Sosanna,Joselevitz,sjoselevitzo6@zdnet.com
872,Klemens,Sawrey,ksawreyo7@jimdo.com
873,Goldia,Lapidus,glapiduso8@dedecms.com
874,Olwen,Matchett,omatchetto9@yahoo.com
875,Verine,Yewen,vyewenoa@ox.ac.uk
876,Adora,Sommerlin,asommerlinob@go.com
877,Germaine,Hrus,ghrusoc@reddit.com
878,Mechelle,Rebillard,mrebillardod@amazonaws.com
879,Maurine,Hovard,mhovardoe@vinaora.com
880,Red,Templar,rtemplarof@cloudflare.com
881,Benny,Erlam,berlamog@fastcompany.com
882,Hal,Kubasiewicz,hkubasiewiczoh@go.com
883,Devina,Alyukin,dalyukinoi@businesswire.com
884,Evie,Crouse,ecrouseoj@odnoklassniki.ru
885,Claudia,Turfin,cturfinok@walmart.com
886,Adrienne,Hintze,ahintzeol@sakura.ne.jp
887,Camilla,Broadis,cbroadisom@smh.com.au
888,Leonelle,Pudden,lpuddenon@fastcompany.com
889,Gilbert,Penwright,gpenwrightoo@soup.io
890,Clemence,Coil,ccoilop@linkedin.com
891,Tuck,Coit,tcoitoq@surveymonkey.com
892,Mart,Wallman,mwallmanor@twitpic.com
893,Elise,Villa,evillaos@icio.us
894,Dawna,Walburn,dwalburnot@constantcontact.com
895,Domingo,Yewdell,dyewdellou@prlog.org
896,Joli,Gladdis,jgladdisov@desdev.cn
897,Eadith,Balch,ebalchow@imgur.com
898,Ive,Cudworth,icudworthox@hhs.gov
899,Nicol,Towner,ntowneroy@wikipedia.org
900,Brennen,Roy,broyoz@hatena.ne.jp
901,Brenden,Benyan,bbenyanp0@qq.com
902,Ashia,Bridywater,abridywaterp1@archive.org
903,Obed,Alps,oalpsp2@mac.com
904,Antonie,Rymour,arymourp3@usnews.com
905,Emalee,Lackner,elacknerp4@ca.gov
906,Ara,Blackman,ablackmanp5@cpanel.net
907,Konstantine,Gough,kgoughp6@simplemachines.org
908,Hilliary,Desforges,hdesforgesp7@sbwire.com
909,Tedra,Ference,tferencep8@cocolog-nifty.com
910,Edithe,Quimby,equimbyp9@angelfire.com
911,Antony,Ganders,aganderspa@youtube.com
912,Cleo,Shearston,cshearstonpb@geocities.jp
913,Egor,Minichi,eminichipc@reference.com
914,Morissa,Mc Caghan,mmccaghanpd@geocities.jp
915,Leroy,Triggle,ltrigglepe@bloomberg.com
916,Helen,Dowbekin,hdowbekinpf@sfgate.com
917,Onida,Doohan,odoohanpg@theatlantic.com
918,Hillel,Klewi,hklewiph@whitehouse.gov
919,Corney,Cream,ccreampi@wikimedia.org
920,Cris,Frears,cfrearspj@storify.com
921,Annadiana,Robertet,arobertetpk@forbes.com
922,Roxana,Georgiev,rgeorgievpl@salon.com
923,Bryon,Lilleycrop,blilleycroppm@examiner.com
924,Marybelle,Broader,mbroaderpn@technorati.com
925,Edyth,Danett,edanettpo@exblog.jp
926,Rolf,Horche,rhorchepp@over-blog.com
927,Velvet,Lorenz,vlorenzpq@yahoo.co.jp
928,Lucila,Josovich,ljosovichpr@ox.ac.uk
929,Terry,Wong,twongps@shinystat.com
930,Giustino,Donhardt,gdonhardtpt@sitemeter.com
931,Reine,Livard,rlivardpu@miibeian.gov.cn
932,Wren,Greatreax,wgreatreaxpv@auda.org.au
933,Madel,MacBrearty,mmacbreartypw@163.com
934,Dosi,Shrieves,dshrievespx@studiopress.com
935,Doll,Lavers,dlaverspy@huffingtonpost.com
936,Rhona,Jelks,rjelkspz@epa.gov
937,Trina,Gilkison,tgilkisonq0@sourceforge.net
938,Aurel,Rabier,arabierq1@so-net.ne.jp
939,Washington,Ascrofte,wascrofteq2@java.com
940,Gherardo,Ison,gisonq3@ifeng.com
941,Josias,Le Maitre,jlemaitreq4@fastcompany.com
942,Cary,Clotworthy,cclotworthyq5@symantec.com
943,Adeline,Cristoforo,acristoforoq6@discuz.net
944,Gun,Cokayne,gcokayneq7@ucla.edu
945,Stafani,Pyzer,spyzerq8@naver.com
946,Llywellyn,Stiller,lstillerq9@ucoz.com
947,Mathian,Boarer,mboarerqa@technorati.com
948,Jae,Laverenz,jlaverenzqb@sfgate.com
949,Sara,Giovannoni,sgiovannoniqc@chronoengine.com
950,Thorin,Bucknill,tbucknillqd@noaa.gov
951,Collen,Mussalli,cmussalliqe@bluehost.com
952,Velma,Wilstead,vwilsteadqf@webnode.com
953,Geri,Vanyukhin,gvanyukhinqg@yandex.ru
954,Corrie,Maryott,cmaryottqh@nsw.gov.au
955,Fletch,McHugh,fmchughqi@acquirethisname.com
956,Aldin,Heinemann,aheinemannqj@exblog.jp
957,Bradly,Vinall,bvinallqk@home.pl
958,Elysia,Camidge,ecamidgeql@npr.org
959,Erroll,Ioannou,eioannouqm@cbsnews.com
960,Harp,Gilbart,hgilbartqn@4shared.com
961,Shandra,Excell,sexcellqo@devhub.com
962,Ruby,Janczewski,rjanczewskiqp@jiathis.com
963,Sibyl,Farryan,sfarryanqq@jimdo.com
964,Valentia,Sharma,vsharmaqr@columbia.edu
965,My,Jorissen,mjorissenqs@nationalgeographic.com
966,Rex,Bowhay,rbowhayqt@uol.com.br
967,Lorna,Heales,lhealesqu@nydailynews.com
968,Cybill,Runham,crunhamqv@icq.com
969,Prentiss,Shrawley,pshrawleyqw@blogtalkradio.com
970,Ellerey,Spellicy,espellicyqx@cbc.ca
971,Mauricio,Brambill,mbrambillqy@csmonitor.com
972,Neysa,Given,ngivenqz@cpanel.net
973,Drona,Studeart,dstudeartr0@wikispaces.com
974,Jacquelynn,Toward,jtowardr1@si.edu
975,Raymund,Bacher,rbacherr2@istockphoto.com
976,Rea,Rotge,rrotger3@washingtonpost.com
977,Christen,St. Hill,csthillr4@reuters.com
978,Pamella,Cardon,pcardonr5@bizjournals.com
979,Lewiss,Davoren,ldavorenr6@bloglovin.com
980,Bank,Dibson,bdibsonr7@bbb.org
981,Kaitlynn,Sheach,ksheachr8@microsoft.com
982,Norrie,Simnel,nsimnelr9@hc360.com
983,Tammy,Goodlatt,tgoodlattra@wisc.edu
984,Dalton,Brammar,dbrammarrb@icq.com
985,Christine,Baybutt,cbaybuttrc@meetup.com
986,Steve,Fourman,sfourmanrd@blog.com
987,Winny,Simmens,wsimmensre@prlog.org
988,Rik,Nutkins,rnutkinsrf@comcast.net
989,Allys,Laingmaid,alaingmaidrg@ehow.com
990,Devy,Kimm,dkimmrh@surveymonkey.com
991,Briano,Clissett,bclissettri@mashable.com
992,Chickie,Koppke,ckoppkerj@google.co.jp
993,Neall,Capper,ncapperrk@jugem.jp
994,Margy,Maddocks,mmaddocksrl@sfgate.com
995,Rianon,Fesby,rfesbyrm@forbes.com
996,Lyndsey,Caldairou,lcaldairourn@booking.com
997,Justin,Matsell,jmatsellro@prnewswire.com
998,Dougy,Flanner,dflannerrp@imageshack.us
999,Kissiah,Feldmus,kfeldmusrq@icio.us
1000,Casper,Beedon,cbeedonrr@yellowbook.com
