id,first_name,last_name,email
1,Violette,Derisly,vderisly0@hugedomains.com
2,Lanie,De Michetti,ldemichetti1@craigslist.org
3,Stirling,Yurtsev,syurtsev2@odnoklassniki.ru
4,Rustie,Shankle,rshankle3@china.com.cn
5,Vanni,Bowlas,vbowlas4@joomla.org
6,Fairfax,Keston,fkeston5@intel.com
7,Parker,Jerschke,pjerschke6@indiegogo.com
8,Emmalyn,Gerrans,egerrans7@sun.com
9,Ysabel,Hayhoe,yhayhoe8@irs.gov
10,Clarisse,Toomer,ctoomer9@cocolog-nifty.com
11,Pepita,Pinyon,ppinyona@squarespace.com
12,Nollie,Obin,nobinb@booking.com
13,Gussie,Kalvin,gkalvinc@fc2.com
14,Saudra,Lumsdaine,slumsdained@chron.com
15,Magdalene,Cudihy,mcudihye@infoseek.co.jp
16,Lynde,MacPhaden,lmacphadenf@a8.net
17,Claudelle,Minchell,cminchellg@printfriendly.com
18,Ashly,Alston,aalstonh@mediafire.com
19,Lucine,Greeveson,lgreevesoni@edublogs.org
20,Thatch,Rigeby,trigebyj@flavors.me
21,Torrance,Garrattley,tgarrattleyk@networksolutions.com
22,Hamlin,Hardwin,hhardwinl@reference.com
23,Maxy,Coutts,mcouttsm@yahoo.com
24,Minta,Powles,mpowlesn@washingtonpost.com
25,Shanie,Attfield,sattfieldo@google.nl
26,Paola,Harower,pharowerp@reference.com
27,Casar,Blakes,cblakesq@cpanel.net
28,Bennett,Bendell,bbendellr@ning.com
29,Alva,Woffinden,awoffindens@hostgator.com
30,Mathias,Copnall,mcopnallt@digg.com
31,Erin,Battrum,ebattrumu@theatlantic.com
32,Pearla,Lofty,ploftyv@time.com
33,Orin,Bartolomeu,obartolomeuw@hatena.ne.jp
34,Judi,Parris,jparrisx@paypal.com
35,Shaughn,Westmarland,swestmarlandy@umich.edu
36,Karlis,Scopyn,kscopynz@irs.gov
37,Teresina,Koubek,tkoubek10@elegantthemes.com
38,Florence,Mugleston,fmugleston11@merriam-webster.com
39,Noami,Biggans,nbiggans12@devhub.com
40,Jsandye,Burress,jburress13@slate.com
41,Seamus,Dean,sdean14@so-net.ne.jp
42,Gigi,Ikins,gikins15@chicagotribune.com
43,Herschel,Keyzor,hkeyzor16@fda.gov
44,Marve,Hartmann,mhartmann17@vistaprint.com
45,Alessandra,Cardwell,acardwell18@boston.com
46,Janeva,Hankin,jhankin19@shareasale.com
47,Shela,Tocher,stocher1a@oaic.gov.au
48,Clayborn,Titterell,ctitterell1b@symantec.com
49,Perri,Stampfer,pstampfer1c@csmonitor.com
50,Brady,Josefowicz,bjosefowicz1d@bing.com
51,Huberto,Romanelli,hromanelli1e@etsy.com
52,Agnola,Beavers,abeavers1f@printfriendly.com
53,Madeline,Mattiazzi,mmattiazzi1g@guardian.co.uk
54,Rhianon,Withull,rwithull1h@diigo.com
55,Farrel,Giacometti,fgiacometti1i@weather.com
56,Arlena,Anglish,aanglish1j@google.pl
57,Trixie,Jobbins,tjobbins1k@msu.edu
58,Derrick,Petlyura,dpetlyura1l@mtv.com
59,Skipper,Bernardinelli,sbernardinelli1m@free.fr
60,Alexina,Rathjen,arathjen1n@istockphoto.com
61,Cassaundra,Apfler,capfler1o@sun.com
62,Shanna,Antoshin,santoshin1p@tinyurl.com
63,Cornall,Hounsham,chounsham1q@miibeian.gov.cn
64,Liuka,Havile,lhavile1r@mozilla.org
65,Imogene,Codd,icodd1s@loc.gov
66,Ophelia,Kasper,okasper1t@mayoclinic.com
67,Federico,Ronald,fronald1u@nyu.edu
68,Vernor,Lindwasser,vlindwasser1v@furl.net
69,Claiborn,Collis,ccollis1w@wikimedia.org
70,Rebecca,Filintsev,rfilintsev1x@sourceforge.net
71,Berkly,Berthe,bberthe1y@amazon.co.uk
72,Kimmy,Praton,kpraton1z@exblog.jp
73,Tani,Finlason,tfinlason20@yolasite.com
74,Gwyn,Moger,gmoger21@slate.com
75,Pru,Vallack,pvallack22@intel.com
76,Dodie,Craske,dcraske23@webs.com
77,Nealon,Barkess,nbarkess24@pagesperso-orange.fr
78,Sofie,Ismail,sismail25@g.co
79,Papageno,Burnage,pburnage26@jalbum.net
80,Natka,Willstrop,nwillstrop27@twitter.com
81,Dolly,Cursons,dcursons28@spotify.com
82,Krystalle,McRill,kmcrill29@ovh.net
83,Guillaume,D'Alessio,gdalessio2a@csmonitor.com
84,Anestassia,Simek,asimek2b@g.co
85,Cynthy,Avramchik,cavramchik2c@tinyurl.com
86,Merridie,Rostern,mrostern2d@mediafire.com
87,Flossi,MacCrosson,fmaccrosson2e@vimeo.com
88,Suzann,Badrick,sbadrick2f@abc.net.au
89,Alick,Goshawk,agoshawk2g@dmoz.org
90,Rafaelia,Adam,radam2h@noaa.gov
91,Marcos,Bushen,mbushen2i@who.int
92,Gloriane,Adcock,gadcock2j@surveymonkey.com
93,Dani,Gianni,dgianni2k@ucla.edu
94,Bettye,Goodlett,bgoodlett2l@fda.gov
95,Jaquith,Jolliff,jjolliff2m@webs.com
96,Jana,De Ruel,jderuel2n@huffingtonpost.com
97,Melvyn,Blaxeland,mblaxeland2o@cmu.edu
98,Marielle,Anmore,manmore2p@abc.net.au
99,Arvie,Menezes,amenezes2q@wikispaces.com
100,Mia,Reace,mreace2r@blog.com
101,Lorie,Yurevich,lyurevich2s@latimes.com
102,Nicol,Bockman,nbockman2t@flickr.com
103,Vic,Hawsby,vhawsby2u@nba.com
104,Emmett,Kindall,ekindall2v@unicef.org
105,Morley,Benediktsson,mbenediktsson2w@jigsy.com
106,Cindy,Osband,cosband2x@networksolutions.com
107,Rudd,Christian,rchristian2y@washingtonpost.com
108,Eugenie,McCaskell,emccaskell2z@merriam-webster.com
109,Ed,Bene,ebene30@foxnews.com
110,Denis,Blockey,dblockey31@dmoz.org
111,Jessy,Guilloneau,jguilloneau32@howstuffworks.com
112,Byram,Kenney,bkenney33@free.fr
113,Christa,Messier,cmessier34@google.ru
114,Carin,Demann,cdemann35@myspace.com
115,Reagen,Menhci,rmenhci36@pen.io
116,Karyl,Leming,kleming37@youtube.com
117,Andra,Blockwell,ablockwell38@mac.com
118,Lorilee,Guenther,lguenther39@usatoday.com
119,Gav,Catlette,gcatlette3a@reverbnation.com
120,Issiah,Armfield,iarmfield3b@ucoz.com
121,Isac,Goudy,igoudy3c@t.co
122,Vilma,Frounks,vfrounks3d@dailymotion.com
123,Nell,Sheridan,nsheridan3e@wunderground.com
124,Emilia,Skingley,eskingley3f@squidoo.com
125,Chrisse,Ridsdell,cridsdell3g@cdbaby.com
126,Gina,Dorricott,gdorricott3h@wordpress.org
127,Hillard,Hinckesman,hhinckesman3i@mapy.cz
128,Kesley,McKim,kmckim3j@bloglines.com
129,Con,Gleader,cgleader3k@reddit.com
130,Audrey,Hinkes,ahinkes3l@sbwire.com
131,Yehudit,Caplen,ycaplen3m@wired.com
132,Dorrie,Grewcock,dgrewcock3n@amazonaws.com
133,Michaela,Lozano,mlozano3o@shareasale.com
134,Hurleigh,McNutt,hmcnutt3p@amazon.co.uk
135,Moselle,Coey,mcoey3q@ebay.com
136,Brent,Wressell,bwressell3r@bloglines.com
137,Gregory,Cousens,gcousens3s@skype.com
138,Mame,Pullin,mpullin3t@engadget.com
139,Douglass,Robardey,drobardey3u@wordpress.org
140,Raddy,Earie,rearie3v@usda.gov
141,Norene,Coventry,ncoventry3w@usgs.gov
142,Letta,Werndley,lwerndley3x@hud.gov
143,Aubry,Atchly,aatchly3y@github.com
144,Norrie,Miners,nminers3z@symantec.com
145,Malorie,Stoter,mstoter40@artisteer.com
146,Burnard,Monckman,bmonckman41@squarespace.com
147,Hewie,Gotthard,hgotthard42@so-net.ne.jp
148,Gayle,Extill,gextill43@google.ru
149,Viviana,Toop,vtoop44@bloglines.com
150,Mariquilla,Seedull,mseedull45@aboutads.info
151,Cara,Lincey,clincey46@sciencedaily.com
152,Hymie,Doumerc,hdoumerc47@bloomberg.com
153,Ileana,Eason,ieason48@yellowbook.com
154,Stuart,Choudhury,schoudhury49@hhs.gov
155,Hanni,Godfray,hgodfray4a@addtoany.com
156,Herta,Croux,hcroux4b@bbc.co.uk
157,Addy,Eyckelberg,aeyckelberg4c@bandcamp.com
158,Natale,La Padula,nlapadula4d@bravesites.com
159,Fernando,Milland,fmilland4e@pbs.org
160,Shelley,Clogg,sclogg4f@chron.com
161,Emery,Pepin,epepin4g@ning.com
162,Raul,Earpe,rearpe4h@virginia.edu
163,Gary,Andrioni,gandrioni4i@sogou.com
164,Davida,Drake,ddrake4j@google.it
165,Ruby,McCrone,rmccrone4k@tiny.cc
166,Nester,Ruppel,nruppel4l@nydailynews.com
167,Giuseppe,Alyonov,galyonov4m@amazon.co.jp
168,Fawnia,Heak,fheak4n@npr.org
169,Taddeusz,Farlambe,tfarlambe4o@oaic.gov.au
170,Osborne,Dubble,odubble4p@myspace.com
171,Rania,Hansana,rhansana4q@i2i.jp
172,Hurley,Streight,hstreight4r@cnn.com
173,Urbain,Sollam,usollam4s@domainmarket.com
174,Matthus,Beathem,mbeathem4t@opensource.org
175,Inna,Ugoni,iugoni4u@amazon.de
176,Teodoor,Buttel,tbuttel4v@csmonitor.com
177,Kim,Greason,kgreason4w@salon.com
178,Harmonia,Comsty,hcomsty4x@xing.com
179,Saxon,Ryan,sryan4y@surveymonkey.com
180,Debera,Chiommienti,dchiommienti4z@mapquest.com
181,Antony,Mannock,amannock50@meetup.com
182,Vin,Sinkings,vsinkings51@hc360.com
183,Carlos,Lansberry,clansberry52@topsy.com
184,Peggy,Pessel,ppessel53@google.com.hk
185,Aretha,Guichard,aguichard54@livejournal.com
186,Malvin,Bessom,mbessom55@cmu.edu
187,Adda,Hexham,ahexham56@miitbeian.gov.cn
188,Symon,Caspell,scaspell57@meetup.com
189,Myron,Wayt,mwayt58@google.pl
190,Clarine,Beert,cbeert59@purevolume.com
191,Willetta,Goublier,wgoublier5a@blog.com
192,Darline,Fishby,dfishby5b@time.com
193,Petrina,Fowlds,pfowlds5c@walmart.com
194,Bord,Peeke-Vout,bpeekevout5d@trellian.com
195,Hillier,Lemerie,hlemerie5e@google.de
196,Selig,Agott,sagott5f@netscape.com
197,Connie,Head,chead5g@guardian.co.uk
198,Lanny,Fricker,lfricker5h@microsoft.com
199,Rasla,Whitefoot,rwhitefoot5i@hostgator.com
200,Karrah,Botright,kbotright5j@artisteer.com
201,Lina,Han,lhan5k@foxnews.com
202,Corrinne,Gettone,cgettone5l@cbslocal.com
203,Dennison,Gadd,dgadd5m@etsy.com
204,Freddy,Orehead,forehead5n@redcross.org
205,Lauren,Scarasbrick,lscarasbrick5o@alibaba.com
206,Rebeca,Pieroni,rpieroni5p@soup.io
207,Welby,Pott,wpott5q@spotify.com
208,Lanny,Sogg,lsogg5r@blogtalkradio.com
209,Cybil,Staniland,cstaniland5s@utexas.edu
210,Wyatan,Castellet,wcastellet5t@cam.ac.uk
211,Leticia,De Brett,ldebrett5u@bizjournals.com
212,Florette,Lecordier,flecordier5v@instagram.com
213,Dov,Reddish,dreddish5w@china.com.cn
214,Cristie,Espinheira,cespinheira5x@google.ca
215,Emmery,Machent,emachent5y@oracle.com
216,Mordy,Rudge,mrudge5z@devhub.com
217,Revkah,Bech,rbech60@mlb.com
218,Karlan,Lillow,klillow61@narod.ru
219,Inessa,Garwill,igarwill62@topsy.com
220,Marcellus,Millom,mmillom63@howstuffworks.com
221,Tedi,Hambrook,thambrook64@amazon.co.uk
222,Irvin,Glading,iglading65@com.com
223,Jillayne,Walcot,jwalcot66@w3.org
224,Blakelee,Dowsing,bdowsing67@arstechnica.com
225,Nikki,Skaif,nskaif68@mozilla.com
226,Annabelle,Garwill,agarwill69@phoca.cz
227,Bobby,Rew,brew6a@aol.com
228,Julienne,Reymers,jreymers6b@artisteer.com
229,Berrie,Ronca,bronca6c@slate.com
230,Nickie,Swan,nswan6d@discuz.net
231,Archer,Cawtheray,acawtheray6e@telegraph.co.uk
232,Meier,Castagneri,mcastagneri6f@hubpages.com
233,Carr,Gascar,cgascar6g@webs.com
234,Merola,Flement,mflement6h@imageshack.us
235,Nolana,Osborn,nosborn6i@sakura.ne.jp
236,Byram,Vlasenkov,bvlasenkov6j@hc360.com
237,Duncan,Mahood,dmahood6k@scribd.com
238,Jackie,Chesser,jchesser6l@sciencedirect.com
239,Cecilia,Kamiyama,ckamiyama6m@domainmarket.com
240,Benedikta,Beare,bbeare6n@home.pl
241,Salaidh,Monshall,smonshall6o@blogspot.com
242,Milzie,Gorick,mgorick6p@biglobe.ne.jp
243,Shalna,Barson,sbarson6q@cisco.com
244,Lurline,D'Abbot-Doyle,ldabbotdoyle6r@myspace.com
245,Lurette,Michal,lmichal6s@google.com.br
246,Gerty,Brosini,gbrosini6t@whitehouse.gov
247,Amby,Knell,aknell6u@cloudflare.com
248,Eleonora,Esberger,eesberger6v@goodreads.com
249,Vania,Faulkes,vfaulkes6w@spiegel.de
250,Auberon,Goodison,agoodison6x@ustream.tv
251,Tamra,Getsham,tgetsham6y@nytimes.com
252,Raf,McAvaddy,rmcavaddy6z@statcounter.com
253,Moise,Clibbery,mclibbery70@mapquest.com
254,Ashly,Skaife d'Ingerthorpe,askaifedingerthorpe71@wired.com
255,Kevina,Coverdale,kcoverdale72@cargocollective.com
256,Sol,Creus,screus73@miibeian.gov.cn
257,Christian,Conrart,cconrart74@yahoo.com
258,Bryanty,Ayree,bayree75@admin.ch
259,Binnie,Laughton,blaughton76@1und1.de
260,Karlie,Thexton,kthexton77@springer.com
261,Melanie,Kidds,mkidds78@mtv.com
262,Granny,Leidecker,gleidecker79@jalbum.net
263,Igor,De Bruijn,idebruijn7a@bloglovin.com
264,Tybalt,Rudge,trudge7b@ucoz.ru
265,Adriana,O' Driscoll,aodriscoll7c@usda.gov
266,Skipp,Madle,smadle7d@imdb.com
267,Pyotr,Van Salzberger,pvansalzberger7e@disqus.com
268,Bonita,Craigmyle,bcraigmyle7f@4shared.com
269,Audie,Oggers,aoggers7g@pinterest.com
270,Randi,Barsham,rbarsham7h@tmall.com
271,Archy,Arnald,aarnald7i@cornell.edu
272,Kellen,Hannam,khannam7j@tripadvisor.com
273,Jewelle,Emson,jemson7k@alexa.com
274,Chicky,Gater,cgater7l@gnu.org
275,Frazer,Ubank,fubank7m@telegraph.co.uk
276,Athene,Prigmore,aprigmore7n@springer.com
277,Teddy,Paige,tpaige7o@chicagotribune.com
278,Wendall,Tootal,wtootal7p@cam.ac.uk
279,Orbadiah,Campa,ocampa7q@ibm.com
280,Brynne,Mahood,bmahood7r@independent.co.uk
281,Isa,Gallifont,igallifont7s@sogou.com
282,Sarge,Bloom,sbloom7t@acquirethisname.com
283,Marlow,Kid,mkid7u@google.pl
284,Haywood,Murtell,hmurtell7v@tamu.edu
285,Alvera,Lonnon,alonnon7w@chronoengine.com
286,Dara,Dunkerly,ddunkerly7x@instagram.com
287,Barton,Mustoo,bmustoo7y@sitemeter.com
288,Stacee,Ponde,sponde7z@amazonaws.com
289,Wilmette,Grayer,wgrayer80@phpbb.com
290,Hamil,Cayzer,hcayzer81@bandcamp.com
291,Eden,Dalglish,edalglish82@sun.com
292,Lucy,Shackesby,lshackesby83@drupal.org
293,Burlie,Clutterbuck,bclutterbuck84@cnbc.com
294,Sterne,Helliker,shelliker85@cargocollective.com
295,Prudi,Roff,proff86@plala.or.jp
296,Shermy,Huffadine,shuffadine87@123-reg.co.uk
297,Jeri,Lermit,jlermit88@google.cn
298,Augustin,Copins,acopins89@lulu.com
299,Austin,Middle,amiddle8a@cdc.gov
300,Tori,Tomik,ttomik8b@dedecms.com
301,Sofia,Bisseker,sbisseker8c@geocities.jp
302,Evangelina,Gayden,egayden8d@nyu.edu
303,Dillie,Haslehurst,dhaslehurst8e@dyndns.org
304,Murry,Dunstan,mdunstan8f@apple.com
305,Udall,Glabach,uglabach8g@discuz.net
306,Lindon,Lambarth,llambarth8h@bing.com
307,Elaine,Mayzes,emayzes8i@ft.com
308,Hetty,Gosby,hgosby8j@prweb.com
309,Ingaborg,O'Rowane,iorowane8k@furl.net
310,Ruthy,Cannop,rcannop8l@miitbeian.gov.cn
311,Sheree,Corbin,scorbin8m@slate.com
312,Fidelio,Ragdale,fragdale8n@drupal.org
313,Noella,Hollindale,nhollindale8o@bing.com
314,Judith,Shefton,jshefton8p@cnet.com
315,Tan,Bedingfield,tbedingfield8q@purevolume.com
316,Costa,Brise,cbrise8r@java.com
317,Graehme,Proudman,gproudman8s@phpbb.com
318,Sigismondo,Jovasevic,sjovasevic8t@google.co.uk
319,Ambrosio,Michallat,amichallat8u@ask.com
320,Courtenay,Gavin,cgavin8v@youtu.be
321,Viva,Mieville,vmieville8w@disqus.com
322,Cletis,Lauridsen,clauridsen8x@tripod.com
323,Ernest,Semkins,esemkins8y@ning.com
324,Aldridge,Tomasik,atomasik8z@webeden.co.uk
325,Ulberto,Eccleston,ueccleston90@ameblo.jp
326,Felicdad,Gagan,fgagan91@i2i.jp
327,Rudiger,Gellett,rgellett92@mapquest.com
328,Brunhilde,Dulinty,bdulinty93@tumblr.com
329,Logan,Wenzel,lwenzel94@goo.gl
330,Nessy,Staggs,nstaggs95@sourceforge.net
331,Darsie,William,dwilliam96@wired.com
332,Timmy,Jean,tjean97@sakura.ne.jp
333,Rozalie,Blacktin,rblacktin98@noaa.gov
334,Rurik,Fishburn,rfishburn99@free.fr
335,Ardelle,Gilleon,agilleon9a@moonfruit.com
336,Geordie,Ropp,gropp9b@issuu.com
337,Juliana,Enticott,jenticott9c@state.gov
338,Nolly,Fundell,nfundell9d@blogspot.com
339,Pace,Tooke,ptooke9e@baidu.com
340,Riki,Hardin,rhardin9f@indiegogo.com
341,Raoul,Bartell,rbartell9g@earthlink.net
342,Fernanda,Gammel,fgammel9h@privacy.gov.au
343,Ford,Lyston,flyston9i@sciencedirect.com
344,Shirley,Leftley,sleftley9j@fc2.com
345,Jaye,Meredith,jmeredith9k@w3.org
346,Gerladina,Carmo,gcarmo9l@addthis.com
347,Melisa,Kirvell,mkirvell9m@i2i.jp
348,Eustacia,Stroobant,estroobant9n@i2i.jp
349,Patrizio,Lidgertwood,plidgertwood9o@wisc.edu
350,Sherill,Syers,ssyers9p@google.es
351,Eulalie,Hallatt,ehallatt9q@nationalgeographic.com
352,Corbin,Guilloneau,cguilloneau9r@t.co
353,Hank,Greenrde,hgreenrde9s@mtv.com
354,Gardie,Manginot,gmanginot9t@virginia.edu
355,Claire,Surcomb,csurcomb9u@vk.com
356,Kaiser,Colmore,kcolmore9v@yale.edu
357,Leontyne,Rusling,lrusling9w@alexa.com
358,Myrvyn,Godin,mgodin9x@liveinternet.ru
359,Pammie,Iveson,piveson9y@tripod.com
360,Gregorio,Kuna,gkuna9z@rambler.ru
361,Gabbey,Cockayme,gcockaymea0@house.gov
362,Audi,Essery,aesserya1@macromedia.com
363,Manny,Yarnley,myarnleya2@zdnet.com
364,Jonas,Bugden,jbugdena3@umn.edu
365,Alidia,Latch,alatcha4@netlog.com
366,Maddy,Baack,mbaacka5@google.ca
367,Lianna,Maruszewski,lmaruszewskia6@ycombinator.com
368,Gayle,Blunkett,gblunketta7@salon.com
369,Ailsun,Lievesley,alievesleya8@hubpages.com
370,Lucine,Braunthal,lbraunthala9@prweb.com
371,Ramona,Bousfield,rbousfieldaa@booking.com
372,Torrance,Baumert,tbaumertab@dagondesign.com
373,Remington,McVane,rmcvaneac@mtv.com
374,Blinnie,Kipling,bkiplingad@who.int
375,Kori,Detloff,kdetloffae@godaddy.com
376,Howie,Speaks,hspeaksaf@berkeley.edu
377,Hedwig,Verty,hvertyag@mapy.cz
378,Bernie,Briamo,bbriamoah@google.pl
379,Rene,Minnock,rminnockai@rediff.com
380,Caroline,Gehrels,cgehrelsaj@eventbrite.com
381,Rurik,Dolden,rdoldenak@cargocollective.com
382,Lana,Skegg,lskeggal@shareasale.com
383,Hershel,Klemke,hklemkeam@fc2.com
384,Merry,Kunzelmann,mkunzelmannan@seattletimes.com
385,Gustavus,Ilchenko,gilchenkoao@vinaora.com
386,Niccolo,Sturges,nsturgesap@slashdot.org
387,Randa,Haslegrave,rhaslegraveaq@biglobe.ne.jp
388,Mandi,Riddel,mriddelar@bing.com
389,Yance,Fieller,yfielleras@tinyurl.com
390,Gwyneth,Chomicz,gchomiczat@earthlink.net
391,Moises,Pullan,mpullanau@de.vu
392,Foster,Hewkin,fhewkinav@nih.gov
393,Hinda,Eskrigge,heskriggeaw@merriam-webster.com
394,Erin,Carnalan,ecarnalanax@fc2.com
395,Marvin,Lindmark,mlindmarkay@addthis.com
396,Justine,Hearst,jhearstaz@google.com.au
397,Micheline,Watmough,mwatmoughb0@columbia.edu
398,Dasie,Luter,dluterb1@networkadvertising.org
399,Anstice,Sustins,asustinsb2@tinyurl.com
400,Misti,Rosenfelt,mrosenfeltb3@skype.com
401,Padriac,Andresen,pandresenb4@nsw.gov.au
402,Reg,Ruskin,rruskinb5@google.cn
403,Quillan,McKay,qmckayb6@nsw.gov.au
404,Tarra,Siviour,tsiviourb7@bizjournals.com
405,Sashenka,Spilstead,sspilsteadb8@typepad.com
406,Pebrook,Spofford,pspoffordb9@merriam-webster.com
407,Cobby,Marc,cmarcba@alexa.com
408,Gianni,Rembrant,grembrantbb@salon.com
409,Melisent,Seagar,mseagarbc@wp.com
410,Zulema,Giacomini,zgiacominibd@squidoo.com
411,Torrance,Sprague,tspraguebe@time.com
412,Hanni,Sarch,hsarchbf@eepurl.com
413,Madlin,McGeachie,mmcgeachiebg@apple.com
414,Rey,Hanaford,rhanafordbh@dailymail.co.uk
415,Maurizia,Kleinert,mkleinertbi@who.int
416,Alexandro,Rawstorn,arawstornbj@163.com
417,Liana,Castledine,lcastledinebk@umn.edu
418,Adrian,Poulsum,apoulsumbl@cbslocal.com
419,Jakie,Seeking,jseekingbm@sciencedirect.com
420,Erasmus,Ausiello,eausiellobn@imageshack.us
421,Malissa,Pundy,mpundybo@macromedia.com
422,Agnola,Demeza,ademezabp@shinystat.com
423,Christan,Salmen,csalmenbq@ehow.com
424,Nady,Camelia,ncameliabr@xrea.com
425,Gray,Balston,gbalstonbs@vimeo.com
426,Ellen,McGuire,emcguirebt@elegantthemes.com
427,Nevile,Semper,nsemperbu@google.es
428,Briney,Bysaker,bbysakerbv@loc.gov
429,Sam,Enright,senrightbw@umich.edu
430,Correna,Swale,cswalebx@cisco.com
431,Silvanus,McIlwaine,smcilwaineby@nsw.gov.au
432,Corissa,Gumly,cgumlybz@rambler.ru
433,Melisse,Mc Meekin,mmcmeekinc0@shareasale.com
434,Lebbie,Hick,lhickc1@ibm.com
435,Gerrilee,Erskine Sandys,gerskinesandysc2@wisc.edu
436,Dilly,Grotty,dgrottyc3@skype.com
437,Julienne,Embling,jemblingc4@abc.net.au
438,Saundra,Hartridge,shartridgec5@fc2.com
439,Barbie,Andreutti,bandreuttic6@friendfeed.com
440,Ophelie,Blondel,oblondelc7@bigcartel.com
441,Geraldine,D'Antuoni,gdantuonic8@home.pl
442,Tracy,MacGuigan,tmacguiganc9@furl.net
443,Lolly,Netti,lnettica@mozilla.com
444,Jasun,Feighry,jfeighrycb@wired.com
445,Elvina,Hakewell,ehakewellcc@squidoo.com
446,Carlin,Roston,crostoncd@4shared.com
447,Rosabelle,Ridgley,rridgleyce@arizona.edu
448,Hardy,Linskill,hlinskillcf@cam.ac.uk
449,Silvanus,Lanchbury,slanchburycg@zimbio.com
450,Joelynn,Mathen,jmathench@mashable.com
451,Hewe,Carlill,hcarlillci@g.co
452,Carmel,Devine,cdevinecj@symantec.com
453,Sloane,Clapston,sclapstonck@auda.org.au
454,Gabe,Matijevic,gmatijeviccl@dion.ne.jp
455,Raye,Sacco,rsaccocm@fastcompany.com
456,Seymour,Longthorn,slongthorncn@yellowpages.com
457,Rheta,Tidmas,rtidmasco@mysql.com
458,Gabie,Hatrick,ghatrickcp@mapquest.com
459,Tod,Blumire,tblumirecq@diigo.com
460,Kamilah,Heselwood,kheselwoodcr@huffingtonpost.com
461,Tab,Roof,troofcs@imageshack.us
462,Reiko,MacCarrane,rmaccarranect@ehow.com
463,Brockie,McMurraya,bmcmurrayacu@msu.edu
464,Susi,Geipel,sgeipelcv@omniture.com
465,Roobbie,Stearn,rstearncw@paginegialle.it
466,Stacey,Letts,slettscx@mediafire.com
467,Hattie,Ferrone,hferronecy@networkadvertising.org
468,Naomi,Caldecutt,ncaldecuttcz@time.com
469,Kimberli,Piatek,kpiatekd0@google.cn
470,Montgomery,Gaynesford,mgaynesfordd1@bizjournals.com
471,Sibilla,Krystek,skrystekd2@infoseek.co.jp
472,Cornela,Pavia,cpaviad3@imgur.com
473,Ardisj,Escalante,aescalanted4@symantec.com
474,Grazia,Sturge,gsturged5@cbc.ca
475,Laurice,Verissimo,lverissimod6@bizjournals.com
476,Carol,Arman,carmand7@cargocollective.com
477,Huntington,Kitchener,hkitchenerd8@apache.org
478,Carmencita,Terrington,cterringtond9@timesonline.co.uk
479,Trumann,Crippes,tcrippesda@drupal.org
480,Delilah,Faithfull,dfaithfulldb@webeden.co.uk
481,Selene,Dumbare,sdumbaredc@mit.edu
482,Ford,Shortland,fshortlanddd@goodreads.com
483,Peg,Gurery,pgureryde@ovh.net
484,Kean,Bellhanger,kbellhangerdf@dmoz.org
485,Doralin,Moulder,dmoulderdg@4shared.com
486,Margot,Althorpe,malthorpedh@eepurl.com
487,Andrei,Gyngyll,agyngylldi@ft.com
488,Kenneth,Cockings,kcockingsdj@phpbb.com
489,Ashlie,Saich,asaichdk@washington.edu
490,Lanna,Weatherhogg,lweatherhoggdl@uiuc.edu
491,Ree,Jeans,rjeansdm@ovh.net
492,Renaud,Swinerd,rswinerddn@gov.uk
493,Jannel,Veltmann,jveltmanndo@posterous.com
494,Doralynne,Diboll,ddibolldp@marriott.com
495,Lissie,Ridley,lridleydq@usda.gov
496,Demetra,Barhims,dbarhimsdr@icio.us
497,Curtis,Fyldes,cfyldesds@is.gd
498,Marvin,Chatenet,mchatenetdt@oaic.gov.au
499,Tracy,Pretorius,tpretoriusdu@google.ru
500,Petr,Richford,prichforddv@ebay.com
501,Modestia,Kitchener,mkitchenerdw@rambler.ru
502,Gunar,Truss,gtrussdx@nih.gov
503,Giustino,Chisnell,gchisnelldy@chicagotribune.com
504,Wandie,Swettenham,wswettenhamdz@parallels.com
505,Joell,Dealy,jdealye0@mtv.com
506,Rhody,Kullmann,rkullmanne1@delicious.com
507,Marcille,Killimister,mkillimistere2@moonfruit.com
508,Lynn,Hullett,lhullette3@state.tx.us
509,Nelly,Chetwin,nchetwine4@t-online.de
510,Madalyn,Matissoff,mmatissoffe5@google.ru
511,Reinold,Khoter,rkhotere6@usnews.com
512,Weber,Walsh,wwalshe7@jigsy.com
513,Wald,Brameld,wbramelde8@360.cn
514,Andee,Cohrs,acohrse9@webnode.com
515,Alla,Boshell,aboshellea@hud.gov
516,Alfredo,Colbron,acolbroneb@wikimedia.org
517,Merwin,Laird,mlairdec@army.mil
518,Estrella,Moyers,emoyersed@sbwire.com
519,Skippie,Bedham,sbedhamee@baidu.com
520,Sonnie,Gookey,sgookeyef@squidoo.com
521,Jesse,Shepley,jshepleyeg@apache.org
522,Britni,Clotworthy,bclotworthyeh@instagram.com
523,Kristin,Jerrems,kjerremsei@topsy.com
524,Mal,Eastlake,meastlakeej@pcworld.com
525,Eddie,Fleischer,efleischerek@cmu.edu
526,Bucky,Ferre,bferreel@hud.gov
527,Cori,Barhims,cbarhimsem@4shared.com
528,Rita,Deporte,rdeporteen@washingtonpost.com
529,Elie,Creser,ecresereo@booking.com
530,Ripley,Wallworke,rwallworkeep@cdbaby.com
531,Ellene,Rawdall,erawdalleq@com.com
532,Eada,Gameson,egamesoner@adobe.com
533,Heywood,Robeiro,hrobeiroes@ed.gov
534,Derby,Guiden,dguidenet@symantec.com
535,Sonny,Bickerdyke,sbickerdykeeu@theguardian.com
536,Winthrop,Swansborough,wswansboroughev@issuu.com
537,Keriann,Cavil,kcavilew@reference.com
538,Marcela,Calken,mcalkenex@theatlantic.com
539,Georgina,Coupe,gcoupeey@cocolog-nifty.com
540,Emmott,Stallworthy,estallworthyez@soundcloud.com
541,Lesly,Frusher,lfrusherf0@aol.com
542,Dorie,Rigmond,drigmondf1@dailymail.co.uk
543,Terrill,Hencke,thenckef2@boston.com
544,Giovanna,Albin,galbinf3@nyu.edu
545,Cilka,Saice,csaicef4@deliciousdays.com
546,Franky,Baudoux,fbaudouxf5@lycos.com
547,Niles,Kubasek,nkubasekf6@google.com.br
548,Mikel,Pettyfer,mpettyferf7@typepad.com
549,El,Oldfield-Cherry,eoldfieldcherryf8@wunderground.com
550,Gael,Hurdman,ghurdmanf9@is.gd
551,Mozelle,Nolin,mnolinfa@theguardian.com
552,Cathrin,Kemish,ckemishfb@mac.com
553,Matthias,Samuel,msamuelfc@omniture.com
554,Colman,Ogley,cogleyfd@hhs.gov
555,Ronny,Eberle,reberlefe@discuz.net
556,Danice,Mannin,dmanninff@joomla.org
557,Milly,Danielsson,mdanielssonfg@godaddy.com
558,Gualterio,Brooksbank,gbrooksbankfh@time.com
559,Clayborne,Grotty,cgrottyfi@diigo.com
560,Hercules,Frankcom,hfrankcomfj@t-online.de
561,Rolland,Coward,rcowardfk@wiley.com
562,Wynn,Castagnet,wcastagnetfl@so-net.ne.jp
563,Alyda,Fortman,afortmanfm@chicagotribune.com
564,Edith,Rydzynski,erydzynskifn@xing.com
565,Lorelei,Gedney,lgedneyfo@un.org
566,Filia,Jaqueminet,fjaqueminetfp@va.gov
567,Alvin,Wardley,awardleyfq@miitbeian.gov.cn
568,Merrilee,Ortes,mortesfr@businesswire.com
569,Zola,Ovendale,zovendalefs@independent.co.uk
570,Lowell,Oakman,loakmanft@nymag.com
571,Barny,Moran,bmoranfu@artisteer.com
572,Aili,Insall,ainsallfv@ucsd.edu
573,Gratia,Le Brom,glebromfw@dot.gov
574,Tamarah,Nan Carrow,tnancarrowfx@google.com.hk
575,Tom,Dreghorn,tdreghornfy@indiegogo.com
576,Flynn,Cowgill,fcowgillfz@parallels.com
577,Kenyon,Dellenbroker,kdellenbrokerg0@spiegel.de
578,Elton,Sarfat,esarfatg1@uiuc.edu
579,Alard,Coull,acoullg2@mtv.com
580,Kendall,Abercrombie,kabercrombieg3@boston.com
581,Linnet,Jeroch,ljerochg4@mayoclinic.com
582,Buckie,Selby,bselbyg5@soup.io
583,Hortensia,Skiggs,hskiggsg6@apple.com
584,Donia,Freeberne,dfreeberneg7@usatoday.com
585,Eleonora,Melrose,emelroseg8@bigcartel.com
586,Teena,Faughny,tfaughnyg9@hao123.com
587,Trev,Samper,tsamperga@uiuc.edu
588,Alecia,Bunworth,abunworthgb@fc2.com
589,Sergei,Speddin,sspeddingc@rambler.ru
590,Udell,Arderne,uardernegd@bravesites.com
591,Georgeanna,Stollenhof,gstollenhofge@google.nl
592,Lexy,Savin,lsavingf@g.co
593,Shanda,Warne,swarnegg@skyrock.com
594,Abby,Smalley,asmalleygh@go.com
595,Bea,Blaymires,bblaymiresgi@ox.ac.uk
596,Lizette,Cluse,lclusegj@si.edu
597,Drusy,Roth,drothgk@vkontakte.ru
598,Elfie,Ioannou,eioannougl@huffingtonpost.com
599,Mirabelle,Wareing,mwareinggm@cdc.gov
600,Lora,Geratasch,lgerataschgn@vinaora.com
601,Cloe,Jewster,cjewstergo@bing.com
602,Betteanne,Odam,bodamgp@admin.ch
603,Irvine,Longmate,ilongmategq@alexa.com
604,Letty,Flew,lflewgr@odnoklassniki.ru
605,Shanta,Crosi,scrosigs@foxnews.com
606,Jayme,McCrackan,jmccrackangt@patch.com
607,Natalya,Nabbs,nnabbsgu@umich.edu
608,Lacey,Jess,ljessgv@go.com
609,Olga,McIlwrath,omcilwrathgw@intel.com
610,Stanfield,Remmer,sremmergx@flavors.me
611,Terrance,Cadlock,tcadlockgy@usda.gov
612,Eldredge,Oakwood,eoakwoodgz@engadget.com
613,Alain,McChesney,amcchesneyh0@eepurl.com
614,Langsdon,Cusick,lcusickh1@oracle.com
615,Jeremiah,Simmons,jsimmonsh2@cnet.com
616,Lucine,Woollin,lwoollinh3@google.it
617,Rhodia,Mulhill,rmulhillh4@ox.ac.uk
618,Godwin,Labrom,glabromh5@mlb.com
619,Stormi,Hayller,shayllerh6@wiley.com
620,Caren,Watting,cwattingh7@csmonitor.com
621,Shina,Giggs,sgiggsh8@cornell.edu
622,Verne,Thraves,vthravesh9@bravesites.com
623,Kelsi,Stailey,kstaileyha@army.mil
624,Jerrome,Smy,jsmyhb@arizona.edu
625,Inigo,Norman,inormanhc@auda.org.au
626,Ferdinanda,Sawkin,fsawkinhd@spotify.com
627,Eudora,Ashwell,eashwellhe@multiply.com
628,Joceline,Itzkowicz,jitzkowiczhf@rediff.com
629,Chico,Hanbury-Brown,chanburybrownhg@deviantart.com
630,Walliw,Halsall,whalsallhh@harvard.edu
631,Wendeline,Danaher,wdanaherhi@aboutads.info
632,Kacey,De Bellis,kdebellishj@furl.net
633,Irwinn,Beaudry,ibeaudryhk@netvibes.com
634,Marlin,Waadenburg,mwaadenburghl@gnu.org
635,Marsiella,Tetsall,mtetsallhm@prnewswire.com
636,Koral,Hinks,khinkshn@hugedomains.com
637,Timothee,Pawel,tpawelho@paginegialle.it
638,Basile,Fritschel,bfritschelhp@opensource.org
639,Kimbra,Maggiore,kmaggiorehq@psu.edu
640,Moises,Benny,mbennyhr@wired.com
641,Eamon,Pettwood,epettwoodhs@si.edu
642,Iggie,Glencross,iglencrossht@domainmarket.com
643,Ninette,Preto,npretohu@msu.edu
644,Nerta,Inchcomb,ninchcombhv@com.com
645,Leeann,Lodemann,llodemannhw@histats.com
646,April,Blacksland,ablackslandhx@samsung.com
647,Maggy,Pharrow,mpharrowhy@nifty.com
648,Onfre,Cradduck,ocradduckhz@bloglines.com
649,Benn,Hedden,bheddeni0@virginia.edu
650,Adan,Gulliver,agulliveri1@state.tx.us
651,Zebulen,Dean,zdeani2@netscape.com
652,Owen,Pattillo,opattilloi3@zdnet.com
653,Kaia,Bellows,kbellowsi4@biglobe.ne.jp
654,Meredeth,Ferrant,mferranti5@dailymotion.com
655,Adolpho,Macieja,amaciejai6@techcrunch.com
656,Moe,Reaman,mreamani7@indiatimes.com
657,Averyl,Mertgen,amertgeni8@homestead.com
658,Joellyn,Stenyng,jstenyngi9@tinypic.com
659,Lura,Marushak,lmarushakia@jugem.jp
660,Tessa,Shurey,tshureyib@youtu.be
661,Antonin,Grishagin,agrishaginic@ft.com
662,Alexine,Sebert,asebertid@sogou.com
663,Delmore,Lowis,dlowisie@slate.com
664,Bartolemo,McKennan,bmckennanif@cornell.edu
665,Saloma,Pears,spearsig@patch.com
666,Dorice,Londesborough,dlondesboroughih@sakura.ne.jp
667,Alisun,Mardall,amardallii@rambler.ru
668,Pet,Janzen,pjanzenij@acquirethisname.com
669,Chester,O'Cannon,cocannonik@hao123.com
670,Peter,Trattles,ptrattlesil@blogger.com
671,Carri,Lea,cleaim@unblog.fr
672,Davidson,Stanlike,dstanlikein@stumbleupon.com
673,Elsinore,Gillman,egillmanio@github.com
674,Avrom,Yanshinov,ayanshinovip@amazonaws.com
675,Gilberte,Kenshole,gkensholeiq@npr.org
676,Nahum,Sharpus,nsharpusir@163.com
677,Beth,Devitt,bdevittis@mayoclinic.com
678,Corinne,Kenen,ckenenit@theglobeandmail.com
679,Nanny,Brixey,nbrixeyiu@hc360.com
680,Jesselyn,Reddell,jreddelliv@smugmug.com
681,Hedvige,Trimme,htrimmeiw@dropbox.com
682,Ivory,Moors,imoorsix@scientificamerican.com
683,Danika,Scollan,dscollaniy@ning.com
684,Halimeda,Hukin,hhukiniz@google.de
685,Lyndel,Hinken,lhinkenj0@bloglovin.com
686,Heinrik,Peres,hperesj1@amazon.co.jp
687,Cleve,Skpsey,cskpseyj2@dropbox.com
688,Madalyn,Penas,mpenasj3@hugedomains.com
689,Myrna,Valenti,mvalentij4@jugem.jp
690,Lari,Habeshaw,lhabeshawj5@livejournal.com
691,Druci,Moscrop,dmoscropj6@illinois.edu
692,Tammy,Kinsman,tkinsmanj7@canalblog.com
693,Cilka,Cummings,ccummingsj8@lycos.com
694,Brady,Shedd,bsheddj9@redcross.org
695,Jaclin,Bleue,jbleueja@gnu.org
696,Westleigh,Ridehalgh,wridehalghjb@yelp.com
697,Frannie,Aguilar,faguilarjc@xinhuanet.com
698,Karlotta,Foggo,kfoggojd@xinhuanet.com
699,Aluin,Grotty,agrottyje@reverbnation.com
700,Valencia,Konmann,vkonmannjf@indiatimes.com
701,Timofei,Juschka,tjuschkajg@nba.com
702,Costanza,Sobtka,csobtkajh@instagram.com
703,Greta,Southcombe,gsouthcombeji@nsw.gov.au
704,Noreen,Rodie,nrodiejj@state.gov
705,Rogerio,Mattityahou,rmattityahoujk@ebay.co.uk
706,Abagael,Orsman,aorsmanjl@nba.com
707,Wilhelmina,Vanstone,wvanstonejm@squidoo.com
708,Remington,Bunce,rbuncejn@elpais.com
709,Fitz,Sleany,fsleanyjo@dion.ne.jp
710,Peg,Champerlen,pchamperlenjp@ameblo.jp
711,Derwin,Jaslem,djaslemjq@google.ru
712,Zabrina,Gabbett,zgabbettjr@cpanel.net
713,Clayborn,Langworthy,clangworthyjs@tripadvisor.com
714,Boyce,Turpie,bturpiejt@friendfeed.com
715,Mayor,Fazakerley,mfazakerleyju@indiatimes.com
716,Dorie,Edes,dedesjv@163.com
717,Skyler,Abramin,sabraminjw@shareasale.com
718,Cyril,Bourgourd,cbourgourdjx@seesaa.net
719,Meridith,Ivashov,mivashovjy@washingtonpost.com
720,Saxon,Caulier,scaulierjz@disqus.com
721,Elyse,Enrique,eenriquek0@dyndns.org
722,Abigail,Oxtiby,aoxtibyk1@bloglovin.com
723,Gussi,Frawley,gfrawleyk2@macromedia.com
724,Michaela,Beswick,mbeswickk3@pbs.org
725,Willetta,Jelfs,wjelfsk4@domainmarket.com
726,Modestia,Tenpenny,mtenpennyk5@discuz.net
727,Chip,Skentelbury,cskentelburyk6@shareasale.com
728,Albie,Suddock,asuddockk7@printfriendly.com
729,Fan,Cullerne,fcullernek8@wiley.com
730,Walker,Winspar,wwinspark9@t.co
731,Dotty,Bindin,dbindinka@1688.com
732,Sacha,Mandry,smandrykb@biglobe.ne.jp
733,Frederica,Manjot,fmanjotkc@1688.com
734,Cookie,Noseworthy,cnoseworthykd@xing.com
735,Shae,Fieldhouse,sfieldhouseke@yellowbook.com
736,Wilmar,Imm,wimmkf@skype.com
737,Thedrick,Tidmas,ttidmaskg@dailymail.co.uk
738,Olivette,MacGoun,omacgounkh@4shared.com
739,Agata,Meran,ameranki@deliciousdays.com
740,Livy,Diddams,ldiddamskj@google.com.au
741,Dukey,Touret,dtouretkk@zimbio.com
742,Sholom,Flinders,sflinderskl@wordpress.org
743,Patsy,Phittiplace,pphittiplacekm@odnoklassniki.ru
744,Guillermo,Starte,gstartekn@redcross.org
745,Yetta,Lansdale,ylansdaleko@miibeian.gov.cn
746,Kaycee,Presley,kpresleykp@blog.com
747,Mira,Ching,mchingkq@hexun.com
748,Tobye,Cinavas,tcinavaskr@purevolume.com
749,Madel,Malia,mmaliaks@ftc.gov
750,Bryan,Stobbes,bstobbeskt@uiuc.edu
751,Alfi,Heyburn,aheyburnku@wufoo.com
752,Faustina,Fallowes,ffalloweskv@51.la
753,Agnese,Prangnell,aprangnellkw@clickbank.net
754,Aldo,de Guise,adeguisekx@t.co
755,Sergio,Hail,shailky@blinklist.com
756,Ivan,Crewes,icreweskz@redcross.org
757,Allianora,Rayson,araysonl0@ameblo.jp
758,Pearla,Gaddesby,pgaddesbyl1@slate.com
759,Garrard,Joney,gjoneyl2@instagram.com
760,Loreen,Kaaskooper,lkaaskooperl3@reference.com
761,Gallagher,Birkby,gbirkbyl4@webnode.com
762,Chere,Caldero,ccalderol5@scientificamerican.com
763,Eduard,Pearcy,epearcyl6@lycos.com
764,Anabelle,Paddon,apaddonl7@123-reg.co.uk
765,Benjie,Clawe,bclawel8@redcross.org
766,Tamra,Benfield,tbenfieldl9@time.com
767,Noel,Hinksen,nhinksenla@wikispaces.com
768,Isaac,De Beneditti,idebenedittilb@smh.com.au
769,Madelina,Hunnicutt,mhunnicuttlc@rambler.ru
770,Happy,Ambrogioli,hambrogiolild@dagondesign.com
771,Foss,Shanklin,fshanklinle@nifty.com
772,Christian,Filipov,cfilipovlf@wix.com
773,Kurt,Spurdle,kspurdlelg@utexas.edu
774,Frederich,Garlee,fgarleelh@amazon.co.jp
775,Jaimie,Ridsdell,jridsdellli@gizmodo.com
776,Sheilah,Bogey,sbogeylj@yellowbook.com
777,Jania,Barrim,jbarrimlk@dailymotion.com
778,Claudia,Laker,clakerll@thetimes.co.uk
779,Rafaelia,Lobb,rlobblm@trellian.com
780,Claudianus,Crisp,ccrispln@newsvine.com
781,Sibbie,Rozec,srozeclo@about.com
782,Karlie,Skettles,kskettleslp@bizjournals.com
783,Florinda,Bailles,fbailleslq@tuttocitta.it
784,Howey,Dring,hdringlr@blogs.com
785,Misty,Ardy,mardyls@photobucket.com
786,Kacy,Santori,ksantorilt@howstuffworks.com
787,Lizabeth,Yurkiewicz,lyurkiewiczlu@gravatar.com
788,Caren,Pyecroft,cpyecroftlv@craigslist.org
789,Terrill,Clemetts,tclemettslw@ezinearticles.com
790,Tull,Jagson,tjagsonlx@pen.io
791,Conrado,Coppledike,ccoppledikely@tuttocitta.it
792,Nahum,Ledford,nledfordlz@google.com.au
793,Liv,Baume,lbaumem0@behance.net
794,Anastasie,Attew,aattewm1@w3.org
795,Uriah,Elstob,uelstobm2@ycombinator.com
796,Rosita,Stonelake,rstonelakem3@ftc.gov
797,Mollee,Touret,mtouretm4@bloglines.com
798,Stevie,Nutbrown,snutbrownm5@yolasite.com
799,Sarina,Sainer,ssainerm6@latimes.com
800,Ivie,Gillinghams,igillinghamsm7@sogou.com
801,Jeane,Haughey,jhaugheym8@jigsy.com
802,Daron,Howton,dhowtonm9@ft.com
803,Dore,Bracken,dbrackenma@example.com
804,Gradey,Ansill,gansillmb@bandcamp.com
805,Hanna,Malloch,hmallochmc@arstechnica.com
806,Daile,Pfeiffer,dpfeiffermd@ow.ly
807,Van,Prydden,vpryddenme@ehow.com
808,Ambrose,Norcliff,anorcliffmf@zdnet.com
809,Audrye,Warboy,awarboymg@mit.edu
810,Caz,Durand,cdurandmh@ted.com
811,Keefer,Ferencowicz,kferencowiczmi@e-recht24.de
812,Luisa,Lethibridge,llethibridgemj@amazon.co.jp
813,Janette,Burhill,jburhillmk@alibaba.com
814,Dasya,Asquith,dasquithml@disqus.com
815,Gerick,Ickovic,gickovicmm@usatoday.com
816,Tobe,Paish,tpaishmn@homestead.com
817,Jacquelyn,Marchington,jmarchingtonmo@cocolog-nifty.com
818,Abbye,Wordesworth,awordesworthmp@wiley.com
819,Lorelle,Gorner,lgornermq@wordpress.com
820,Jeni,Thake,jthakemr@skype.com
821,Jacinta,Shapero,jshaperoms@cnn.com
822,Blaine,O'Hickey,bohickeymt@barnesandnoble.com
823,Gertruda,Dowe,gdowemu@bandcamp.com
824,Fonzie,O'Caherny,focahernymv@usda.gov
825,Rafferty,Bangs,rbangsmw@bandcamp.com
826,Minnaminnie,Simony,msimonymx@jimdo.com
827,Danny,Setterington,dsetteringtonmy@hatena.ne.jp
828,Danella,Mannooch,dmannoochmz@bloglines.com
829,Corly,O' Gara,cogaran0@home.pl
830,Kelby,Guitton,kguittonn1@bigcartel.com
831,Mellisa,Croce,mcrocen2@edublogs.org
832,La verne,Ripsher,lripshern3@google.ru
833,Alfonse,Bentz,abentzn4@vimeo.com
834,Jayson,Blackhall,jblackhalln5@businessinsider.com
835,Greta,Faithfull,gfaithfulln6@squidoo.com
836,Court,Nozzolii,cnozzoliin7@amazon.com
837,Chadd,Kettridge,ckettridgen8@time.com
838,Anabal,Caccavale,acaccavalen9@redcross.org
839,Roseanna,Chastelain,rchastelainna@linkedin.com
840,Agnesse,Carson,acarsonnb@goo.gl
841,Bernhard,Duval,bduvalnc@google.de
842,Bernetta,Stirling,bstirlingnd@cnet.com
843,Valentine,Poveleye,vpoveleyene@printfriendly.com
844,Peter,Bahike,pbahikenf@com.com
845,Ariel,Knott,aknottng@ucoz.ru
846,Cammi,Stanion,cstanionnh@twitpic.com
847,Sterling,Soots,ssootsni@marriott.com
848,Jarvis,Billion,jbillionnj@tamu.edu
849,Marketa,Marshfield,mmarshfieldnk@purevolume.com
850,Wyatan,Trolley,wtrolleynl@dagondesign.com
851,Tomas,Siddons,tsiddonsnm@spiegel.de
852,Lanae,Beaty,lbeatynn@marriott.com
853,Ernesta,Vickar,evickarno@bloglines.com
854,Nicky,Schuricht,nschurichtnp@list-manage.com
855,Clovis,Mahoney,cmahoneynq@wp.com
856,Marty,Got,mgotnr@dion.ne.jp
857,Cherianne,Hecks,checksns@hhs.gov
858,Shandy,Stanning,sstanningnt@diigo.com
859,Emmalyn,Weeke,eweekenu@cmu.edu
860,Kassandra,Barkes,kbarkesnv@bloomberg.com
861,Ann-marie,Newgrosh,anewgroshnw@wikimedia.org
862,Amelie,Jehu,ajehunx@pbs.org
863,Willy,Mucklo,wmucklony@printfriendly.com
864,Norene,Dagworthy,ndagworthynz@mtv.com
865,Randall,Sams,rsamso0@360.cn
866,Irita,Gossage,igossageo1@europa.eu
867,Denver,Alejandri,dalejandrio2@topsy.com
868,Archambault,Maudson,amaudsono3@admin.ch
869,Dix,Mithon,dmithono4@123-reg.co.uk
870,Babbie,Valentetti,bvalentettio5@mail.ru
871,Hilario,Billison,hbillisono6@amazon.co.jp
872,Alyosha,Emmerson,aemmersono7@yelp.com
873,Phillie,De Michele,pdemicheleo8@parallels.com
874,Jennica,Kelly,jkellyo9@deliciousdays.com
875,Monty,O'Day,modayoa@bigcartel.com
876,Tuesday,Trout,ttroutob@pinterest.com
877,Hubert,Crombleholme,hcrombleholmeoc@ft.com
878,Belle,Bento,bbentood@telegraph.co.uk
879,Melinde,Blayd,mblaydoe@seesaa.net
880,Bunnie,McKeurtan,bmckeurtanof@wordpress.org
881,Joannes,Houseley,jhouseleyog@parallels.com
882,Massimiliano,O'Sheils,mosheilsoh@go.com
883,Noland,Finnes,nfinnesoi@wufoo.com
884,Guilbert,Kellard,gkellardoj@theguardian.com
885,Aldo,Vannar,avannarok@pbs.org
886,Emmet,Burtonwood,eburtonwoodol@cyberchimps.com
887,Marianna,Gummery,mgummeryom@illinois.edu
888,Seana,Routham,srouthamon@buzzfeed.com
889,Gerik,Oret,goretoo@paginegialle.it
890,Blancha,Tinston,btinstonop@weebly.com
891,Gaylene,Grainge,ggraingeoq@upenn.edu
892,Rosalia,Spino,rspinoor@tinyurl.com
893,Amerigo,Taylot,ataylotos@epa.gov
894,Brigit,Elan,belanot@cornell.edu
895,Clarie,Garnar,cgarnarou@columbia.edu
896,Steward,Kerwen,skerwenov@sciencedirect.com
897,Laural,Murty,lmurtyow@xrea.com
898,Margareta,Mulligan,mmulliganox@zdnet.com
899,Anthiathia,Grimestone,agrimestoneoy@purevolume.com
900,Flory,Gawen,fgawenoz@independent.co.uk
901,Janene,Flowerdew,jflowerdewp0@google.com.hk
902,Shermie,Drife,sdrifep1@nationalgeographic.com
903,Melisse,Neeve,mneevep2@seesaa.net
904,Bartel,Simoncini,bsimoncinip3@imageshack.us
905,Adora,Licence,alicencep4@flickr.com
906,Roberta,Kauble,rkaublep5@shinystat.com
907,Piper,Thunders,pthundersp6@wiley.com
908,Barnebas,Gradley,bgradleyp7@yandex.ru
909,Blakeley,Bisco,bbiscop8@vinaora.com
910,Shani,Towson,stowsonp9@washington.edu
911,Trumaine,Nani,tnanipa@un.org
912,Dniren,Pether,dpetherpb@weather.com
913,Hewet,Grindrod,hgrindrodpc@yale.edu
914,Tamera,L' Estrange,tlestrangepd@eventbrite.com
915,Ulrikaumeko,Anselmi,uanselmipe@dell.com
916,Goldie,Ferie,gferiepf@cbsnews.com
917,Aeriel,Beeswing,abeeswingpg@barnesandnoble.com
918,Tabbatha,Craufurd,tcraufurdph@qq.com
919,Caresse,Penhearow,cpenhearowpi@miibeian.gov.cn
920,Woodrow,Cosslett,wcosslettpj@dion.ne.jp
921,See,Pettwood,spettwoodpk@cloudflare.com
922,Maxi,Janos,mjanospl@huffingtonpost.com
923,Giffie,Castelain,gcastelainpm@privacy.gov.au
924,Torey,Gaunter,tgaunterpn@sphinn.com
925,Sosanna,Gemlbett,sgemlbettpo@cmu.edu
926,Elyn,Harberer,eharbererpp@craigslist.org
927,Hannah,Ginglell,hginglellpq@washingtonpost.com
928,Maurie,Freke,mfrekepr@slashdot.org
929,Kirsti,Gaythor,kgaythorps@newsvine.com
930,Missie,Rickeard,mrickeardpt@mashable.com
931,Helsa,Leif,hleifpu@sun.com
932,Monte,Phelips,mphelipspv@wired.com
933,Arden,Pfaffe,apfaffepw@goodreads.com
934,Germayne,Picker,gpickerpx@sun.com
935,Duane,Pym,dpympy@tumblr.com
936,Rand,Hylands,rhylandspz@vk.com
937,Kippy,Gracewood,kgracewoodq0@ustream.tv
938,Giuseppe,Minnette,gminnetteq1@jimdo.com
939,Bobbee,Enrich,benrichq2@walmart.com
940,Fallon,Heck,fheckq3@vkontakte.ru
941,Verina,Brentnall,vbrentnallq4@hexun.com
942,Rich,Habbijam,rhabbijamq5@umich.edu
943,Shir,Ondrich,sondrichq6@marriott.com
944,Linc,Eubank,leubankq7@diigo.com
945,Morgan,Ryves,mryvesq8@mashable.com
946,Urbano,Fitzpayn,ufitzpaynq9@wikimedia.org
947,Thedrick,Ruske,truskeqa@bluehost.com
948,Binky,Ten Broek,btenbroekqb@ftc.gov
949,Oswell,Barnsdall,obarnsdallqc@bloglovin.com
950,Philbert,Morrel,pmorrelqd@eepurl.com
951,Evelyn,Gales,egalesqe@behance.net
952,Rab,Kirkhouse,rkirkhouseqf@usnews.com
953,Kirsteni,Scannell,kscannellqg@google.ru
954,Alexia,Yellowley,ayellowleyqh@earthlink.net
955,Marcelle,Dominguez,mdominguezqi@clickbank.net
956,Orion,Bester,obesterqj@whitehouse.gov
957,Harri,Desouza,hdesouzaqk@qq.com
958,Tan,Syres,tsyresql@paypal.com
959,Filippo,Siddaley,fsiddaleyqm@hugedomains.com
960,Sinclair,Eskriet,seskrietqn@springer.com
961,Lilian,Boyle,lboyleqo@cdbaby.com
962,Nanci,Romanet,nromanetqp@marketwatch.com
963,Candida,Eriksson,cerikssonqq@amazon.co.uk
964,Faber,Clee,fcleeqr@multiply.com
965,Sarene,Spinage,sspinageqs@buzzfeed.com
966,Glenda,Schimann,gschimannqt@blogspot.com
967,Osmund,Tarbet,otarbetqu@ovh.net
968,Homer,Westnedge,hwestnedgeqv@theatlantic.com
969,Alexandro,Juschke,ajuschkeqw@reference.com
970,Nerita,Taffrey,ntaffreyqx@usa.gov
971,Rani,Noar,rnoarqy@patch.com
972,Graham,Indgs,gindgsqz@merriam-webster.com
973,Harmon,Blaze,hblazer0@opensource.org
974,Celie,Yerson,cyersonr1@imageshack.us
975,Bryn,Buggs,bbuggsr2@creativecommons.org
976,Tedie,Sains,tsainsr3@tinyurl.com
977,Forest,Ibel,fibelr4@apache.org
978,Lorelei,De Dei,ldedeir5@ezinearticles.com
979,Daron,Schleswig-Holstein,dschleswigholsteinr6@reverbnation.com
980,Devora,Elsie,delsier7@de.vu
981,Mab,Paolinelli,mpaolinellir8@slate.com
982,Agretha,Sebright,asebrightr9@eepurl.com
983,Dominik,Fallow,dfallowra@naver.com
984,Shaine,Mechem,smechemrb@fda.gov
985,Cherlyn,Slowgrave,cslowgraverc@icq.com
986,Carla,Rown,crownrd@youtube.com
987,Peyton,Mariotte,pmariottere@marketwatch.com
988,Odie,Farmer,ofarmerrf@huffingtonpost.com
989,Cyril,Toovey,ctooveyrg@themeforest.net
990,Stanley,Copozio,scopoziorh@loc.gov
991,Willow,Bleibaum,wbleibaumri@addthis.com
992,Ollie,Boulsher,oboulsherrj@comcast.net
993,Sly,Crannage,scrannagerk@businessinsider.com
994,Raye,Allibon,rallibonrl@goo.gl
995,Stepha,Iorio,sioriorm@cnn.com
996,Ivan,Treanor,itreanorrn@netscape.com
997,Neil,Custy,ncustyro@berkeley.edu
998,Desiree,Kornousek,dkornousekrp@youku.com
999,Stan,Halleday,shalledayrq@sfgate.com
1000,Rossie,Morales,rmoralesrr@samsung.com
