id,first_name,last_name,email,gender,ip_address
1,Curran,Mullany,cmullany0@nymag.com,Agender,161.219.53.163
2,Caritta,Alliban,calliban1@vk.com,Genderfluid,3.197.62.50
3,Mikkel,Phetteplace,mphetteplace2@addthis.com,Polygender,210.74.208.95
4,Geno,Fri,gfri3@ameblo.jp,Male,173.3.187.38
5,Katlin,McElwee,kmcelwee4@xrea.com,Female,185.34.84.66
6,Aridatha,Duval,aduval5@reverbnation.com,Female,83.194.123.164
7,Camey,McGaughey,cmcgaughey6@1und1.de,Male,96.239.163.177
8,Matelda,Pawelec,mpawelec7@blogtalkradio.com,Female,21.11.86.98
9,Kleon,Mauchlen,kmauchlen8@51.la,Male,42.51.56.111
10,Augustine,Losano,alosano9@washington.edu,Male,132.254.155.49
11,Fairfax,Iacovacci,fiacovaccia@blog.com,Male,145.68.12.47
12,Goober,Gligori,ggligorib@123-reg.co.uk,Agender,82.134.178.92
13,Jamil,Eck,jeckc@behance.net,Male,194.56.147.81
14,Shaun,Paty,spatyd@livejournal.com,Male,55.154.137.235
15,Grant,Hesse,ghessee@indiatimes.com,Male,224.254.5.159
16,Symon,Derrell,sderrellf@usda.gov,Male,144.216.16.74
17,Kaylee,Cockren,kcockreng@disqus.com,Female,38.214.18.81
18,Caesar,Merwede,cmerwedeh@imdb.com,Male,195.184.150.31
19,Pinchas,Furbank,pfurbanki@google.cn,Male,38.52.235.168
20,Florinda,Philipeau,fphilipeauj@hubpages.com,Female,7.131.240.153
21,Sheridan,Havard,shavardk@seesaa.net,Male,110.123.112.197
22,Ardisj,Peatman,apeatmanl@examiner.com,Female,242.252.94.234
23,Alva,Readings,areadingsm@theglobeandmail.com,Male,104.71.65.81
24,Tess,Jowsey,tjowseyn@blogspot.com,Female,94.99.83.192
25,Danni,Jeffry,djeffryo@prweb.com,Female,14.20.110.75
26,Romain,Gerardin,rgerardinp@opera.com,Male,191.105.45.164
27,Illa,Rennock,irennockq@earthlink.net,Genderqueer,199.208.183.249
28,Trixie,Hurndall,thurndallr@washington.edu,Female,76.42.86.50
29,Filip,Bail,fbails@biglobe.ne.jp,Male,137.164.55.183
30,Gary,Proswell,gproswellt@cisco.com,Male,183.230.96.227
31,Buckie,Chapell,bchapellu@yahoo.co.jp,Male,122.221.27.161
32,Rodina,Rawlinson,rrawlinsonv@spotify.com,Female,130.29.85.49
33,Herbie,Cinelli,hcinelliw@webnode.com,Male,167.139.175.20
34,Chrisy,Abramovici,cabramovicix@gnu.org,Male,175.78.32.228
35,Jonathan,Dyble,jdybley@washington.edu,Male,156.159.95.103
36,Correy,Durbyn,cdurbynz@facebook.com,Male,134.17.98.55
37,Hyacinth,Westover,hwestover10@vk.com,Female,159.85.80.205
38,Nadia,Oxtarby,noxtarby11@samsung.com,Female,129.198.239.238
39,Craggie,Gonnin,cgonnin12@amazon.com,Male,12.238.204.56
40,Lynnell,Bruster,lbruster13@desdev.cn,Female,2.230.25.159
41,Pascale,Zanelli,pzanelli14@arizona.edu,Male,117.142.106.162
42,Jephthah,Younghusband,jyounghusband15@geocities.jp,Male,37.120.248.200
43,Linet,Folan,lfolan16@networkadvertising.org,Female,84.169.141.1
44,Rich,Reyburn,rreyburn17@ucla.edu,Male,176.169.21.177
45,Winnah,Shepperd,wshepperd18@mysql.com,Female,86.195.69.9
46,Annalise,Palumbo,apalumbo19@webeden.co.uk,Female,225.95.214.131
47,Arlen,Ridulfo,aridulfo1a@craigslist.org,Female,93.145.226.134
48,Gal,Kmiec,gkmiec1b@europa.eu,Male,107.222.180.238
49,Krista,Parks,kparks1c@google.co.uk,Female,104.52.160.147
50,Nanice,Sissens,nsissens1d@amazon.com,Female,118.212.18.82
51,Bertina,McLaughlin,bmclaughlin1e@php.net,Genderqueer,80.40.48.92
52,Catlaina,Rorke,crorke1f@symantec.com,Female,4.60.57.145
53,Otes,Barnby,obarnby1g@census.gov,Male,145.33.254.136
54,Conrado,McIlreavy,cmcilreavy1h@nbcnews.com,Male,166.120.2.34
55,Amata,Capelle,acapelle1i@soup.io,Female,85.135.251.120
56,Cristy,Tichelaar,ctichelaar1j@soup.io,Female,13.135.10.98
57,Mary,Lapthorn,mlapthorn1k@addtoany.com,Female,86.91.50.39
58,Emlyn,Cantero,ecantero1l@dyndns.org,Male,202.140.148.219
59,Robinson,Skippon,rskippon1m@bloomberg.com,Male,37.223.73.180
60,Milissent,Gianotti,mgianotti1n@cloudflare.com,Female,9.83.198.139
61,Frederigo,Overland,foverland1o@cam.ac.uk,Male,185.88.83.218
62,Gipsy,Cunningham,gcunningham1p@infoseek.co.jp,Female,41.251.119.173
63,Shannah,Lanbertoni,slanbertoni1q@friendfeed.com,Female,206.150.95.165
64,Barnett,Spiers,bspiers1r@homestead.com,Male,165.178.236.69
65,Nona,Bugden,nbugden1s@adobe.com,Female,220.238.246.253
66,Octavius,Martinek,omartinek1t@marketwatch.com,Male,152.206.26.196
67,Justina,Dmtrovic,jdmtrovic1u@csmonitor.com,Female,205.98.174.214
68,Agneta,Jakubovsky,ajakubovsky1v@rediff.com,Female,226.174.73.181
69,Luce,Peer,lpeer1w@wufoo.com,Non-binary,240.1.204.1
70,Aleksandr,Trudgeon,atrudgeon1x@redcross.org,Male,165.97.228.162
71,Ermin,Gillard,egillard1y@microsoft.com,Male,54.181.196.127
72,Cletus,Fried,cfried1z@comsenz.com,Male,225.208.196.250
73,Guy,Wooffitt,gwooffitt20@unc.edu,Male,170.111.47.15
74,Desmond,Butterworth,dbutterworth21@oakley.com,Male,248.2.181.187
75,Blythe,Field,bfield22@irs.gov,Female,158.78.35.22
76,Angy,Kelloch,akelloch23@blinklist.com,Female,20.94.107.207
77,Nicky,Thynne,nthynne24@aol.com,Male,238.80.19.42
78,Amye,Christofle,achristofle25@mapy.cz,Female,159.143.57.33
79,Lida,Yakunin,lyakunin26@unicef.org,Female,178.121.206.21
80,Willy,Longmire,wlongmire27@meetup.com,Female,191.115.83.198
81,Gallard,Philips,gphilips28@blinklist.com,Male,243.242.183.159
82,Brandais,McPhelimey,bmcphelimey29@nyu.edu,Female,86.202.40.188
83,Ezra,Earengey,eearengey2a@buzzfeed.com,Male,3.35.215.4
84,Jose,Keavy,jkeavy2b@opera.com,Bigender,228.232.18.66
85,Cathrine,Rosberg,crosberg2c@rambler.ru,Female,93.229.104.159
86,Danna,Spiring,dspiring2d@indiatimes.com,Female,138.138.130.74
87,Jamie,Swynfen,jswynfen2e@blogs.com,Male,220.82.75.179
88,Maitilde,Nickoll,mnickoll2f@php.net,Non-binary,196.33.6.57
89,Keefe,Quilty,kquilty2g@unc.edu,Bigender,134.110.222.251
90,Frazier,Eynon,feynon2h@squidoo.com,Male,14.132.255.83
91,Moore,Coltan,mcoltan2i@etsy.com,Bigender,179.198.67.227
92,Bonnee,Ricold,bricold2j@businessweek.com,Female,209.91.255.115
93,Gates,Bedminster,gbedminster2k@msu.edu,Female,35.137.172.172
94,Latisha,Domney,ldomney2l@redcross.org,Female,17.133.17.202
95,Berti,Pfeuffer,bpfeuffer2m@jimdo.com,Male,30.119.152.197
96,Xever,Brockherst,xbrockherst2n@icq.com,Male,220.188.186.222
97,Flo,Gorman,fgorman2o@forbes.com,Female,164.149.174.163
98,Kari,Awin,kawin2p@flavors.me,Genderfluid,231.22.138.0
99,Abbie,Gaskamp,agaskamp2q@skyrock.com,Male,243.195.79.50
100,Bella,Ambrogio,bambrogio2r@last.fm,Female,226.171.62.79
101,Herminia,Echallier,hechallier2s@cafepress.com,Female,130.54.228.19
102,Lindy,Kidds,lkidds2t@noaa.gov,Male,40.85.51.92
103,Carry,Glusby,cglusby2u@tmall.com,Agender,190.205.13.6
104,Jerald,Sidary,jsidary2v@springer.com,Male,74.59.239.249
105,Rutger,Tarzey,rtarzey2w@toplist.cz,Male,16.148.107.174
106,Fielding,Scannell,fscannell2x@dell.com,Male,144.248.192.137
107,Elinor,Banner,ebanner2y@howstuffworks.com,Female,27.0.172.60
108,Aube,Gianni,agianni2z@cnbc.com,Male,224.229.143.106
109,Glynn,Harrington,gharrington30@wp.com,Male,22.189.125.180
110,Rose,De Banke,rdebanke31@livejournal.com,Female,62.129.6.180
111,Patrizio,Thorington,pthorington32@state.tx.us,Agender,207.98.103.104
112,Kippie,Wallbank,kwallbank33@pcworld.com,Male,210.10.117.179
113,Jolyn,Lawrance,jlawrance34@uiuc.edu,Agender,161.159.205.21
114,Phillida,Sabben,psabben35@soup.io,Female,173.128.71.88
115,Gian,Bore,gbore36@sohu.com,Male,25.22.205.163
116,Roseanna,Priter,rpriter37@auda.org.au,Female,47.87.194.98
117,Issy,Waterland,iwaterland38@vk.com,Female,135.31.153.96
118,Amye,Tingey,atingey39@wisc.edu,Female,76.207.232.241
119,Silvio,Hare,share3a@dmoz.org,Male,165.193.84.122
120,Stepha,Croxley,scroxley3b@free.fr,Female,179.110.165.216
121,Rodrique,Western,rwestern3c@google.co.uk,Male,156.18.134.139
122,Johny,Yandell,jyandell3d@spiegel.de,Male,198.129.91.171
123,Herbert,Blythe,hblythe3e@reddit.com,Male,175.203.56.148
124,Dulcie,Desbrow,ddesbrow3f@addtoany.com,Female,12.114.226.252
125,Brittne,Judgkins,bjudgkins3g@phpbb.com,Female,57.155.95.37
126,Travis,Frayling,tfrayling3h@patch.com,Male,203.135.245.66
127,Albertine,Liversidge,aliversidge3i@chronoengine.com,Female,63.26.52.78
128,Freeland,Jaspar,fjaspar3j@virginia.edu,Male,156.237.153.112
129,Darya,Cardall,dcardall3k@newyorker.com,Female,163.243.104.254
130,Lotty,Shine,lshine3l@tamu.edu,Female,1.161.129.21
131,Grove,Beastall,gbeastall3m@nyu.edu,Male,219.13.12.86
132,Celine,Murison,cmurison3n@cnn.com,Female,150.57.206.169
133,Bondie,Winnister,bwinnister3o@china.com.cn,Male,68.229.81.148
134,Marinna,Geard,mgeard3p@phpbb.com,Female,30.7.241.140
135,Caressa,Balfe,cbalfe3q@springer.com,Female,223.52.135.188
136,Janenna,Jell,jjell3r@youtube.com,Female,7.49.175.108
137,Eleanora,Amiable,eamiable3s@github.io,Female,99.130.203.46
138,Allard,Daish,adaish3t@tumblr.com,Male,67.205.22.81
139,Gianni,Kelston,gkelston3u@accuweather.com,Male,106.220.112.85
140,Linnet,Hirsthouse,lhirsthouse3v@theglobeandmail.com,Female,241.189.63.171
141,Buck,Bugg,bbugg3w@answers.com,Male,41.34.151.41
142,Gail,Baldin,gbaldin3x@hc360.com,Male,98.173.142.172
143,Sallyanne,Noriega,snoriega3y@cpanel.net,Female,178.159.234.31
144,Tawnya,Proom,tproom3z@miitbeian.gov.cn,Female,54.45.130.161
145,Barbe,Malser,bmalser40@behance.net,Female,197.64.169.9
146,Aluino,Garmey,agarmey41@latimes.com,Male,172.157.80.179
147,Johny,Downgate,jdowngate42@ebay.co.uk,Male,120.218.46.204
148,Tomlin,Slingsby,tslingsby43@bizjournals.com,Male,243.205.200.69
149,Crawford,Braden,cbraden44@baidu.com,Male,158.199.118.143
150,Edsel,Yakubov,eyakubov45@theglobeandmail.com,Male,252.0.4.8
151,Nollie,Sherwyn,nsherwyn46@abc.net.au,Male,217.230.54.194
152,Mareah,Franciotti,mfranciotti47@plala.or.jp,Female,88.87.244.44
153,Noah,de la Valette Parisot,ndelavaletteparisot48@xing.com,Male,36.245.210.88
154,Darryl,Stancliffe,dstancliffe49@rakuten.co.jp,Female,130.164.118.158
155,Mari,Guite,mguite4a@huffingtonpost.com,Female,218.176.17.134
156,Marshal,MacAllan,mmacallan4b@ask.com,Male,7.96.15.74
157,Sashenka,Creenan,screenan4c@shareasale.com,Female,126.226.249.10
158,Reid,Manby,rmanby4d@liveinternet.ru,Male,76.157.237.190
159,Hortensia,Hayth,hhayth4e@bloomberg.com,Female,83.72.84.20
160,Nobie,Momery,nmomery4f@fema.gov,Male,247.12.69.137
161,Jacenta,Burg,jburg4g@usatoday.com,Female,59.103.35.4
162,Leon,Gareisr,lgareisr4h@rediff.com,Male,66.16.72.84
163,Bevin,Featonby,bfeatonby4i@europa.eu,Male,219.182.10.137
164,Nester,Burbudge,nburbudge4j@seesaa.net,Male,206.244.181.119
165,Korry,Paterno,kpaterno4k@furl.net,Female,49.250.244.222
166,Sella,Spohrmann,sspohrmann4l@nhs.uk,Female,30.100.129.90
167,Marin,Aimeric,maimeric4m@imdb.com,Female,138.214.37.108
168,Wallie,Lidgely,wlidgely4n@state.gov,Male,51.30.58.142
169,Carol-jean,Tratton,ctratton4o@google.cn,Female,194.211.185.119
170,Nealy,Finders,nfinders4p@columbia.edu,Male,127.206.178.209
171,Eleonora,Arno,earno4q@bloglovin.com,Female,6.82.30.189
172,Gonzales,Gorvette,ggorvette4r@hc360.com,Male,227.178.89.49
173,Archambault,Bignall,abignall4s@elpais.com,Male,207.36.146.190
174,Saw,Gretton,sgretton4t@php.net,Male,168.236.118.207
175,Tuckie,Brettor,tbrettor4u@yahoo.co.jp,Male,239.83.20.204
176,Filippa,Remer,fremer4v@amazon.co.uk,Female,77.156.113.159
177,Andie,Pozzi,apozzi4w@deviantart.com,Male,52.109.242.82
178,Kaspar,Penrose,kpenrose4x@etsy.com,Male,151.108.101.196
179,Katharine,Allibon,kallibon4y@bravesites.com,Female,133.109.87.73
180,Darin,Eddow,deddow4z@delicious.com,Male,102.70.157.202
181,Almeta,Hearst,ahearst50@reddit.com,Female,88.0.169.114
182,Laurena,Goodram,lgoodram51@hubpages.com,Female,97.41.161.6
183,Dennison,Imason,dimason52@sbwire.com,Male,16.90.109.38
184,Axe,Matkin,amatkin53@nbcnews.com,Polygender,63.12.234.71
185,Daphene,Mayger,dmayger54@homestead.com,Female,81.124.145.162
186,Zea,Aslet,zaslet55@goo.gl,Female,159.224.4.23
187,Zachery,Killik,zkillik56@ask.com,Male,5.245.158.172
188,Evvie,Alp,ealp57@opera.com,Female,188.218.126.136
189,Edee,Amis,eamis58@blinklist.com,Female,166.73.158.88
190,Lyndy,Sambell,lsambell59@pbs.org,Female,7.178.194.81
191,Efren,Eustis,eeustis5a@twitter.com,Male,157.219.69.57
192,Lilly,Rapps,lrapps5b@aboutads.info,Female,11.5.217.129
193,Peyton,Attle,pattle5c@sohu.com,Male,199.196.75.160
194,Vincents,Goadsby,vgoadsby5d@yellowpages.com,Male,180.52.176.5
195,Daryl,Favill,dfavill5e@naver.com,Female,92.139.175.136
196,Valentia,Slowley,vslowley5f@ebay.co.uk,Female,32.4.176.165
197,Ebony,Plane,eplane5g@booking.com,Genderqueer,205.97.250.189
198,Marten,Wagnerin,mwagnerin5h@omniture.com,Male,122.4.127.23
199,Lanny,Klimaszewski,lklimaszewski5i@irs.gov,Female,148.250.36.111
200,Paloma,Blakeston,pblakeston5j@vimeo.com,Female,233.49.167.105
201,Yoko,McSparran,ymcsparran5k@imageshack.us,Female,237.126.84.42
202,Grange,Rapps,grapps5l@hhs.gov,Male,184.180.6.156
203,Freda,Tomini,ftomini5m@qq.com,Female,209.173.163.205
204,Herve,Hellicar,hhellicar5n@nsw.gov.au,Male,43.247.114.218
205,Ynez,Coult,ycoult5o@t.co,Female,3.177.148.159
206,Doug,Burstowe,dburstowe5p@newsvine.com,Male,36.73.79.138
207,Dimitry,Drewry,ddrewry5q@cnet.com,Male,47.219.74.190
208,Morie,Fever,mfever5r@cdbaby.com,Male,185.148.216.189
209,Grethel,Baudino,gbaudino5s@intel.com,Bigender,8.94.221.22
210,Tracie,Eye,teye5t@infoseek.co.jp,Male,147.33.226.206
211,Archy,Fellini,afellini5u@123-reg.co.uk,Male,206.190.44.201
212,Ruthie,Kulicke,rkulicke5v@google.ru,Female,8.179.178.164
213,Frank,Muckloe,fmuckloe5w@php.net,Female,240.27.170.207
214,Wheeler,Westwater,wwestwater5x@japanpost.jp,Male,162.151.148.165
215,Lorene,Gurling,lgurling5y@sohu.com,Female,193.124.31.3
216,Kanya,Membry,kmembry5z@tripod.com,Female,23.224.57.0
217,Filmore,Cairney,fcairney60@ted.com,Male,27.149.123.130
218,Jeni,Janaszewski,jjanaszewski61@ted.com,Female,84.225.68.210
219,Anne-corinne,Dowdam,adowdam62@sphinn.com,Female,149.34.173.128
220,Say,Insworth,sinsworth63@aboutads.info,Male,0.51.0.232
221,Thorn,Impett,timpett64@wikimedia.org,Male,251.148.142.179
222,Romonda,Goolding,rgoolding65@google.de,Bigender,180.248.122.248
223,Jemmie,Brecknock,jbrecknock66@diigo.com,Female,185.245.110.99
224,Bear,Grishechkin,bgrishechkin67@xinhuanet.com,Male,185.53.87.183
225,Malchy,Arkil,markil68@biglobe.ne.jp,Male,226.88.207.0
226,Jessamyn,Squeers,jsqueers69@phpbb.com,Female,103.116.1.109
227,Hadley,Heindl,hheindl6a@dailymotion.com,Male,183.107.233.105
228,Ranice,Steeden,rsteeden6b@jalbum.net,Female,5.192.51.192
229,Flora,Jeffrey,fjeffrey6c@uiuc.edu,Female,186.126.14.211
230,Rakel,Seel,rseel6d@tinypic.com,Female,90.48.129.210
231,Jory,Le Noir,jlenoir6e@umn.edu,Male,188.142.227.181
232,Carlie,Padden,cpadden6f@e-recht24.de,Non-binary,27.18.250.108
233,Karleen,Cleugher,kcleugher6g@techcrunch.com,Female,157.224.111.180
234,Allsun,Chellam,achellam6h@weebly.com,Female,188.129.64.144
235,Ninette,Pullman,npullman6i@uol.com.br,Female,8.163.46.40
236,Boyd,Bothram,bbothram6j@acquirethisname.com,Male,201.231.187.19
237,Layla,Senecaut,lsenecaut6k@comcast.net,Female,153.123.124.124
238,Halette,Weddup,hweddup6l@cnbc.com,Female,40.187.92.138
239,Leelah,Eckford,leckford6m@etsy.com,Bigender,128.226.192.234
240,Robb,Rodbourne,rrodbourne6n@dailymotion.com,Male,47.32.150.165
241,Fina,MacGarrity,fmacgarrity6o@wordpress.com,Female,158.8.142.40
242,Fairleigh,Martinolli,fmartinolli6p@shinystat.com,Genderqueer,26.35.245.32
243,Nat,Cordero,ncordero6q@epa.gov,Male,164.132.146.89
244,Abbie,Grog,agrog6r@godaddy.com,Male,250.177.116.135
245,Rowe,McElwee,rmcelwee6s@berkeley.edu,Female,0.101.183.3
246,Christabel,Coulling,ccoulling6t@auda.org.au,Female,14.242.142.94
247,Demetris,Petchey,dpetchey6u@nymag.com,Male,46.187.217.102
248,Cthrine,Linwood,clinwood6v@google.fr,Female,144.94.193.182
249,Iggy,Adlam,iadlam6w@woothemes.com,Male,106.124.42.124
250,Marcello,Di Batista,mdibatista6x@bloglovin.com,Male,144.18.253.126
251,Rayner,Faichnie,rfaichnie6y@timesonline.co.uk,Male,40.222.222.52
252,Theo,Hasser,thasser6z@yale.edu,Male,11.143.168.170
253,Rudolfo,Fairnie,rfairnie70@xrea.com,Male,165.246.87.133
254,Lidia,Worgan,lworgan71@example.com,Genderqueer,49.172.171.130
255,Mirabel,Welberry,mwelberry72@newyorker.com,Agender,247.221.172.38
256,Osborn,Glashby,oglashby73@patch.com,Male,122.186.207.83
257,Alyssa,Kewley,akewley74@reuters.com,Female,18.149.132.92
258,Dalenna,Uzielli,duzielli75@cargocollective.com,Female,113.164.91.118
259,Jane,Lutman,jlutman76@vinaora.com,Female,183.17.18.45
260,Angeline,Fraanchyonok,afraanchyonok77@redcross.org,Non-binary,201.53.152.147
261,Cristie,Blakeden,cblakeden78@oaic.gov.au,Female,178.221.77.119
262,Lacey,Lydiate,llydiate79@state.tx.us,Female,170.159.14.233
263,Wallie,Cridge,wcridge7a@thetimes.co.uk,Male,18.211.127.104
264,Chantalle,Tonbye,ctonbye7b@i2i.jp,Female,136.105.75.124
265,Clive,Hennemann,chennemann7c@admin.ch,Male,48.63.50.46
266,Junina,Kibbel,jkibbel7d@independent.co.uk,Bigender,110.163.118.174
267,Danit,Mansour,dmansour7e@un.org,Female,44.86.45.243
268,Gerrilee,Brownsill,gbrownsill7f@hubpages.com,Female,118.170.84.82
269,Jed,Neames,jneames7g@yandex.ru,Male,214.90.224.214
270,Lucie,Rookeby,lrookeby7h@washington.edu,Female,51.98.177.26
271,Bevon,McTague,bmctague7i@purevolume.com,Male,114.255.153.166
272,Jenilee,Blind,jblind7j@google.com,Female,76.23.13.163
273,Lionel,Salisbury,lsalisbury7k@imdb.com,Male,205.1.199.127
274,Locke,Itzik,litzik7l@dmoz.org,Male,83.28.212.191
275,Kanya,Kliement,kkliement7m@g.co,Female,184.251.191.26
276,Moria,Jubert,mjubert7n@state.tx.us,Female,10.14.237.249
277,Wendel,Terrey,wterrey7o@cocolog-nifty.com,Non-binary,4.11.214.249
278,Bailey,Leel,bleel7p@npr.org,Male,238.107.217.220
279,Meridith,Mathevon,mmathevon7q@chron.com,Female,23.237.98.185
280,Anet,Stranger,astranger7r@dion.ne.jp,Female,108.111.179.235
281,Diana,Toy,dtoy7s@bandcamp.com,Female,200.199.43.103
282,Koren,Dockwray,kdockwray7t@opera.com,Female,221.184.106.88
283,Drusi,Barstow,dbarstow7u@cam.ac.uk,Female,38.66.137.235
284,Calypso,Filler,cfiller7v@rediff.com,Female,107.247.14.83
285,Nataline,Shorland,nshorland7w@youku.com,Female,43.47.77.79
286,Erastus,Ferrario,eferrario7x@shop-pro.jp,Male,141.230.2.55
287,Elwyn,Batten,ebatten7y@ox.ac.uk,Agender,160.202.107.39
288,Etta,Keays,ekeays7z@wunderground.com,Female,172.130.62.142
289,Cordelia,Stanlack,cstanlack80@constantcontact.com,Female,67.230.77.182
290,Verina,Iacobini,viacobini81@stumbleupon.com,Female,19.160.63.160
291,Alberta,Freyn,afreyn82@yahoo.co.jp,Female,140.244.252.238
292,Kerby,Tuckett,ktuckett83@va.gov,Male,100.73.212.220
293,Barnabas,Foan,bfoan84@phoca.cz,Male,95.143.15.178
294,Elena,Maidens,emaidens85@europa.eu,Female,136.134.34.211
295,Kalil,Camamill,kcamamill86@ezinearticles.com,Male,159.248.165.169
296,Forrest,Simonsson,fsimonsson87@alexa.com,Male,112.246.82.181
297,Mureil,Essame,messame88@live.com,Female,81.229.8.184
298,Charil,McTeague,cmcteague89@mac.com,Female,213.118.185.93
299,Yardley,Benedicte,ybenedicte8a@plala.or.jp,Male,100.40.104.118
300,Micheal,Waterworth,mwaterworth8b@netlog.com,Male,150.237.50.230
301,Kasper,Edess,kedess8c@printfriendly.com,Male,28.198.67.84
302,Stanley,Divisek,sdivisek8d@cdbaby.com,Male,225.147.212.157
303,Cornell,Reckless,creckless8e@feedburner.com,Male,209.195.19.27
304,Leah,Duffill,lduffill8f@amazon.co.jp,Female,83.76.158.141
305,Weylin,Grundey,wgrundey8g@blogs.com,Male,181.152.73.1
306,Bastian,Annion,bannion8h@php.net,Male,7.29.116.217
307,Jackson,Quartermain,jquartermain8i@apple.com,Genderfluid,203.84.235.8
308,Marielle,McCard,mmccard8j@1688.com,Female,245.164.126.41
309,Arabele,Emerson,aemerson8k@newsvine.com,Female,130.58.223.80
310,George,Petruskevich,gpetruskevich8l@theglobeandmail.com,Male,134.60.181.159
311,Corrianne,Lowers,clowers8m@examiner.com,Female,56.215.147.34
312,Marcelia,Markson,mmarkson8n@digg.com,Female,208.218.105.71
313,Fancy,Plumley,fplumley8o@diigo.com,Female,36.24.252.142
314,Ransom,Ferrini,rferrini8p@liveinternet.ru,Polygender,159.113.100.242
315,Wald,Esmead,wesmead8q@eepurl.com,Male,41.7.144.163
316,Blair,Mazzia,bmazzia8r@smugmug.com,Genderqueer,119.189.64.236
317,Carrol,Sarch,csarch8s@salon.com,Male,75.77.103.236
318,Pauly,Nertney,pnertney8t@census.gov,Female,251.115.18.230
319,Addie,Maren,amaren8u@netlog.com,Female,225.79.79.229
320,Fredi,Glasspool,fglasspool8v@histats.com,Female,204.14.67.104
321,Ebony,Woodwing,ewoodwing8w@google.cn,Female,30.118.200.0
322,Duff,Errett,derrett8x@archive.org,Male,245.44.40.184
323,Corrie,d'Escoffier,cdescoffier8y@washington.edu,Male,83.140.239.53
324,Fletch,Mulcock,fmulcock8z@freewebs.com,Male,200.232.81.136
325,Opalina,Trotman,otrotman90@elpais.com,Female,123.159.208.117
326,Bo,Kennion,bkennion91@earthlink.net,Male,195.192.189.88
327,Danie,Treneer,dtreneer92@biblegateway.com,Male,4.58.120.83
328,Melisenda,Margach,mmargach93@hexun.com,Female,245.202.112.35
329,Vale,Nelsen,vnelsen94@diigo.com,Male,143.56.210.215
330,Berty,Wakley,bwakley95@eventbrite.com,Female,17.179.68.76
331,Caitrin,Thake,cthake96@smugmug.com,Polygender,120.85.204.253
332,Lucilia,Berens,lberens97@hugedomains.com,Non-binary,27.211.93.128
333,Cristine,Shakesby,cshakesby98@bizjournals.com,Polygender,207.224.168.34
334,Georgetta,Pymer,gpymer99@ibm.com,Female,58.210.80.245
335,Linell,Hussey,lhussey9a@t-online.de,Polygender,2.76.111.91
336,Elvera,Alessandretti,ealessandretti9b@surveymonkey.com,Female,82.24.141.100
337,Paulo,Seyfart,pseyfart9c@msu.edu,Male,186.224.185.74
338,Conn,Gasker,cgasker9d@comsenz.com,Male,127.0.137.186
339,Amabel,Josuweit,ajosuweit9e@state.tx.us,Female,212.205.232.150
340,Kristo,McComas,kmccomas9f@washington.edu,Genderqueer,71.135.90.213
341,Gracia,Stobbart,gstobbart9g@vistaprint.com,Female,248.119.11.45
342,Letti,Gulston,lgulston9h@alexa.com,Female,249.212.111.112
343,Janek,Maidlow,jmaidlow9i@unblog.fr,Male,186.58.132.170
344,Shurlocke,Scrimshire,sscrimshire9j@ed.gov,Male,161.181.248.206
345,Ardine,Garshore,agarshore9k@princeton.edu,Female,172.146.177.100
346,Sonni,More,smore9l@fda.gov,Female,223.16.224.171
347,Flemming,Ridulfo,fridulfo9m@yahoo.com,Male,170.165.171.65
348,Fancie,Stapleton,fstapleton9n@unicef.org,Female,50.139.163.152
349,Elna,Davy,edavy9o@blogspot.com,Female,194.202.236.21
350,Emyle,Castro,ecastro9p@ovh.net,Female,190.36.88.55
351,Kylen,Lowater,klowater9q@cyberchimps.com,Female,81.232.237.47
352,Augie,Chadwin,achadwin9r@elpais.com,Male,63.150.161.103
353,Beverlie,Pohlak,bpohlak9s@cmu.edu,Female,192.25.122.81
354,Beaufort,Campanelle,bcampanelle9t@go.com,Agender,96.157.216.148
355,Dag,Fadell,dfadell9u@dmoz.org,Polygender,213.130.229.230
356,Melanie,Weathers,mweathers9v@about.com,Female,119.154.183.65
357,Melinde,Kobu,mkobu9w@springer.com,Female,73.219.22.89
358,Donica,Mossom,dmossom9x@imageshack.us,Female,7.65.116.201
359,Joanne,Pendrey,jpendrey9y@forbes.com,Female,49.38.67.218
360,Greta,Galier,ggalier9z@pcworld.com,Female,38.134.209.22
361,Cass,Twells,ctwellsa0@mail.ru,Female,34.251.85.7
362,Willabella,Wigsell,wwigsella1@bloglines.com,Female,111.205.180.247
363,Fanechka,Markwick,fmarkwicka2@51.la,Female,46.186.201.145
364,Maisie,McQuin,mmcquina3@amazon.de,Female,254.85.164.194
365,Burton,O'Sesnane,bosesnanea4@digg.com,Male,174.100.101.188
366,Gussy,Canfield,gcanfielda5@japanpost.jp,Female,102.1.142.176
367,Lesli,Gollin,lgollina6@narod.ru,Female,227.88.225.76
368,Timothee,Binding,tbindinga7@purevolume.com,Male,2.228.177.204
369,Fons,Callery,fcallerya8@nih.gov,Male,117.156.73.133
370,Anica,Maylott,amaylotta9@paginegialle.it,Female,146.79.199.52
371,Fairfax,Epple,feppleaa@google.com.au,Male,52.183.30.92
372,Paul,Newark,pnewarkab@desdev.cn,Male,118.48.36.121
373,Latisha,Pree,lpreeac@aol.com,Genderfluid,24.74.97.86
374,Bobbette,Conway,bconwayad@independent.co.uk,Female,9.72.36.55
375,Eleanor,Sanja,esanjaae@wp.com,Female,160.155.68.33
376,Randi,Ranklin,rranklinaf@uiuc.edu,Female,54.74.54.18
377,Isabella,Farquarson,ifarquarsonag@yale.edu,Female,149.209.120.178
378,Bond,Sarle,bsarleah@abc.net.au,Male,172.196.125.160
379,Emmalyn,Robbeke,erobbekeai@cafepress.com,Agender,167.138.39.19
380,Tabbitha,Boutellier,tboutellieraj@usgs.gov,Female,145.75.140.30
381,Faunie,Canny,fcannyak@spiegel.de,Female,67.152.215.100
382,Desi,Faulder,dfaulderal@theguardian.com,Male,251.207.168.30
383,Dalia,Bastard,dbastardam@gravatar.com,Female,162.98.38.98
384,Levy,Miranda,lmirandaan@quantcast.com,Male,234.210.59.7
385,Joseph,Aingel,jaingelao@vimeo.com,Genderfluid,187.68.114.206
386,Freeland,Kempster,fkempsterap@usatoday.com,Male,122.214.87.136
387,Bruis,Masic,bmasicaq@wunderground.com,Male,94.233.119.164
388,Ivory,Mathwin,imathwinar@acquirethisname.com,Female,134.132.166.186
389,Corri,Tapley,ctapleyas@intel.com,Female,9.57.41.60
390,Dayna,Matchitt,dmatchittat@sakura.ne.jp,Female,111.55.183.205
391,Thedric,Eiler,teilerau@va.gov,Male,37.215.66.193
392,Florina,Klaussen,fklaussenav@soup.io,Female,134.103.56.105
393,Ellery,Greder,egrederaw@tamu.edu,Male,36.100.28.199
394,Kerianne,Keedwell,kkeedwellax@themeforest.net,Female,154.194.239.225
395,Merrill,Doring,mdoringay@amazonaws.com,Male,84.122.165.1
396,Cher,Jerzyk,cjerzykaz@cisco.com,Female,18.217.110.219
397,Nicola,Tewkesbury.,ntewkesburyb0@nationalgeographic.com,Female,218.34.25.218
398,Clarissa,Henrichs,chenrichsb1@wikipedia.org,Female,208.66.176.7
399,Maurise,Stower,mstowerb2@europa.eu,Female,241.215.141.19
400,Mattias,MacClay,mmacclayb3@blogtalkradio.com,Male,146.2.116.51
401,Ardys,Newlyn,anewlynb4@godaddy.com,Female,144.22.95.133
402,Kevin,Feifer,kfeiferb5@wordpress.org,Male,236.169.202.237
403,Gertrud,Collymore,gcollymoreb6@paginegialle.it,Female,154.185.85.22
404,Maxim,Finnan,mfinnanb7@newsvine.com,Male,159.146.254.106
405,Carla,Gracey,cgraceyb8@lulu.com,Female,232.109.38.183
406,Dennie,Gulc,dgulcb9@examiner.com,Male,173.43.72.151
407,Frazier,Cuncliffe,fcuncliffeba@ft.com,Male,177.141.130.223
408,Cullie,Offer,cofferbb@columbia.edu,Male,158.51.170.21
409,Godfree,Tansley,gtansleybc@cmu.edu,Bigender,109.74.184.85
410,Jerrome,Dioniso,jdionisobd@timesonline.co.uk,Male,204.168.82.246
411,Aldric,Cossum,acossumbe@reddit.com,Male,61.68.19.6
412,Norris,Kidde,nkiddebf@shop-pro.jp,Agender,45.3.10.227
413,Stephani,Cockney,scockneybg@360.cn,Female,66.224.226.122
414,Sim,Kynaston,skynastonbh@gizmodo.com,Male,156.122.78.26
415,Tab,Salling,tsallingbi@cyberchimps.com,Polygender,68.196.121.110
416,Elden,Patton,epattonbj@bizjournals.com,Male,160.141.253.101
417,Josephina,Bearblock,jbearblockbk@dailymotion.com,Polygender,166.106.159.2
418,Christie,Lamping,clampingbl@nbcnews.com,Male,227.84.93.82
419,Lula,Smurfit,lsmurfitbm@tmall.com,Female,206.120.103.166
420,Maury,Pappi,mpappibn@wix.com,Male,9.26.220.49
421,Wernher,Capeloff,wcapeloffbo@umn.edu,Male,182.34.250.246
422,Chance,Bubbear,cbubbearbp@timesonline.co.uk,Male,58.160.116.200
423,Mureil,Revans,mrevansbq@economist.com,Female,114.167.172.37
424,Giraldo,Lawlings,glawlingsbr@angelfire.com,Male,78.190.98.107
425,Noble,Feld,nfeldbs@google.de,Male,186.227.73.220
426,Dewain,Bernardez,dbernardezbt@mapy.cz,Male,2.252.182.211
427,Beverlee,Clemensen,bclemensenbu@constantcontact.com,Female,185.233.4.206
428,Pandora,Shemming,pshemmingbv@indiatimes.com,Female,237.217.11.41
429,Gram,Tombs,gtombsbw@dell.com,Male,125.164.174.13
430,Andrej,Meiklem,ameiklembx@statcounter.com,Male,163.158.4.185
431,Rand,Dennis,rdennisby@rambler.ru,Genderfluid,202.213.71.231
432,Marcela,Dmitrievski,mdmitrievskibz@ucoz.ru,Female,245.97.52.145
433,Zita,Brisse,zbrissec0@msn.com,Female,155.182.250.116
434,Merissa,Lazer,mlazerc1@yahoo.co.jp,Non-binary,13.211.225.213
435,Darius,Mumford,dmumfordc2@exblog.jp,Male,250.85.188.248
436,Blane,Gelling,bgellingc3@buzzfeed.com,Male,179.89.110.40
437,Yolanda,Vickress,yvickressc4@google.ru,Female,69.221.30.180
438,Maryjane,Nevinson,mnevinsonc5@last.fm,Female,98.131.150.146
439,Kathy,Fucher,kfucherc6@washingtonpost.com,Female,145.233.70.94
440,Norton,Greener,ngreenerc7@vinaora.com,Male,126.43.34.208
441,Ricky,Burghill,rburghillc8@goo.ne.jp,Male,221.11.222.151
442,Leighton,Bennoe,lbennoec9@gnu.org,Genderqueer,123.45.166.174
443,Raquel,Barnhill,rbarnhillca@cbslocal.com,Female,62.50.199.188
444,Jozef,Kellog,jkellogcb@irs.gov,Male,192.105.189.232
445,Coleen,Ander,candercc@census.gov,Non-binary,90.105.15.205
446,Ruthanne,Butterfill,rbutterfillcd@nps.gov,Female,227.26.223.111
447,Maressa,Pechacek,mpechacekce@sbwire.com,Female,253.124.162.135
448,Kelwin,Edinburgh,kedinburghcf@technorati.com,Male,227.14.157.133
449,Brooke,Napolione,bnapolionecg@boston.com,Female,200.157.129.2
450,Josephina,Alishoner,jalishonerch@rediff.com,Female,70.88.190.142
451,Tuesday,Hallums,thallumsci@amazon.co.jp,Female,28.44.95.113
452,Reinhard,Gash,rgashcj@fema.gov,Genderqueer,128.23.19.192
453,Gunner,Snaddon,gsnaddonck@multiply.com,Male,176.208.159.97
454,Nerty,Corse,ncorsecl@parallels.com,Female,221.140.59.6
455,Merle,Grafham,mgrafhamcm@google.es,Genderfluid,40.35.220.104
456,Willi,Busst,wbusstcn@berkeley.edu,Male,53.13.200.163
457,Ingemar,Menilove,imeniloveco@printfriendly.com,Male,94.245.245.59
458,Nertie,Laurisch,nlaurischcp@google.com.br,Female,248.233.233.231
459,Esmeralda,de la Valette Parisot,edelavaletteparisotcq@constantcontact.com,Female,237.101.222.78
460,Lissy,Ummfrey,lummfreycr@shinystat.com,Female,119.165.177.48
461,Phillipp,McKerlie,pmckerliecs@topsy.com,Male,54.190.48.165
462,Arley,Boss,abossct@princeton.edu,Male,192.159.97.175
463,Paten,Penniall,ppenniallcu@oakley.com,Male,155.47.92.50
464,Odie,Guilford,oguilfordcv@deliciousdays.com,Male,253.1.113.16
465,Muriel,Brayford,mbrayfordcw@creativecommons.org,Female,42.92.87.208
466,Morse,Lammin,mlammincx@chronoengine.com,Male,76.93.182.29
467,Bekki,Tipple,btipplecy@ca.gov,Female,153.230.105.107
468,Wilbur,Robshaw,wrobshawcz@weibo.com,Male,182.105.77.74
469,Ambros,Bish,abishd0@imdb.com,Male,157.212.111.186
470,Horatia,Lindenbluth,hlindenbluthd1@buzzfeed.com,Female,219.80.230.120
471,Abrahan,Golborn,agolbornd2@craigslist.org,Male,28.24.98.93
472,Margarita,Rentilll,mrentillld3@yale.edu,Female,93.123.196.176
473,Benedick,Breacher,bbreacherd4@ihg.com,Male,90.148.117.254
474,Micah,Brabben,mbrabbend5@4shared.com,Male,127.48.182.221
475,Annelise,Sacase,asacased6@engadget.com,Female,67.144.220.214
476,Hetti,McGonnell,hmcgonnelld7@washingtonpost.com,Female,107.158.113.171
477,Klement,Linne,klinned8@aol.com,Male,182.106.162.6
478,Rufus,Pescod,rpescodd9@wufoo.com,Male,52.245.135.111
479,Dimitri,Dust,ddustda@google.es,Male,205.114.81.218
480,Nikolas,Houltham,nhoulthamdb@jugem.jp,Male,38.230.89.119
481,Harmony,Alexsandrev,halexsandrevdc@list-manage.com,Female,20.71.211.19
482,Adel,Hamson,ahamsondd@twitter.com,Female,194.122.31.153
483,Burk,Rowney,browneyde@alibaba.com,Male,196.175.14.137
484,Mil,Behrendsen,mbehrendsendf@nifty.com,Female,242.147.234.136
485,Shelagh,Kenryd,skenryddg@a8.net,Female,172.11.94.225
486,Christie,Vanner,cvannerdh@infoseek.co.jp,Male,139.247.117.236
487,Ilka,Vina,ivinadi@acquirethisname.com,Agender,221.34.229.37
488,Ollie,Grant,ograntdj@omniture.com,Male,65.56.231.163
489,Roberto,Betz,rbetzdk@nsw.gov.au,Male,121.199.128.38
490,Itch,Withrop,iwithropdl@comcast.net,Male,51.15.133.202
491,Waring,Olohan,wolohandm@weibo.com,Male,60.129.114.135
492,Lizette,Geekie,lgeekiedn@princeton.edu,Agender,153.175.227.151
493,Maia,Stode,mstodedo@loc.gov,Female,74.136.247.41
494,Aldwin,Carmo,acarmodp@vimeo.com,Male,81.167.100.145
495,Idell,Giorgielli,igiorgiellidq@com.com,Female,135.222.80.163
496,Lamond,Leguay,lleguaydr@businessweek.com,Polygender,243.99.234.111
497,Shalna,Lambrechts,slambrechtsds@redcross.org,Female,233.170.52.249
498,Nanon,Gilpin,ngilpindt@bloglines.com,Female,25.213.180.68
499,Ynez,Feore,yfeoredu@xing.com,Non-binary,146.51.183.114
500,Row,Baudy,rbaudydv@opensource.org,Female,23.161.230.10
501,Filippa,Walbridge,fwalbridgedw@google.pl,Agender,175.77.116.113
502,Glenn,Duran,gdurandx@patch.com,Male,141.222.51.38
503,Minta,Truce,mtrucedy@theglobeandmail.com,Female,15.155.239.219
504,Aime,Keggins,akegginsdz@oracle.com,Female,117.250.54.136
505,Moise,Durran,mdurrane0@blogspot.com,Male,110.105.233.178
506,Benedetto,Bridger,bbridgere1@businesswire.com,Genderfluid,188.95.135.53
507,Tammie,Flannigan,tflannigane2@timesonline.co.uk,Female,83.244.31.223
508,Barbi,Folli,bfollie3@cornell.edu,Female,69.168.248.139
509,Horacio,Nuccitelli,hnuccitellie4@wikispaces.com,Male,142.150.52.127
510,Raimund,Minifie,rminifiee5@zdnet.com,Male,98.249.107.220
511,Valida,Schultz,vschultze6@spiegel.de,Female,32.115.229.51
512,Zechariah,Dedrick,zdedricke7@edublogs.org,Bigender,192.74.39.183
513,Isabeau,O'Leary,iolearye8@t.co,Female,58.151.54.177
514,Niall,Mattisson,nmattissone9@plala.or.jp,Male,20.60.181.207
515,Shelby,Hunnicot,shunnicotea@ebay.com,Female,102.149.110.35
516,Wilma,Tetla,wtetlaeb@miitbeian.gov.cn,Genderqueer,129.192.222.53
517,Nye,Iianon,niianonec@deliciousdays.com,Male,216.81.66.120
518,Mellisent,Giorgiutti,mgiorgiuttied@squarespace.com,Female,170.85.82.251
519,Reidar,Biddlestone,rbiddlestoneee@wunderground.com,Male,2.238.96.181
520,Devin,Rizzini,drizzinief@tiny.cc,Male,76.234.88.129
521,Dew,Gilcrist,dgilcristeg@cargocollective.com,Male,38.37.45.60
522,Armin,Simak,asimakeh@ustream.tv,Male,210.251.235.5
523,Pietrek,Wickman,pwickmanei@forbes.com,Male,229.193.116.13
524,Romy,de Grey,rdegreyej@bandcamp.com,Female,152.145.28.61
525,Lola,Hartas,lhartasek@icq.com,Female,184.251.62.165
526,Hasheem,Causby,hcausbyel@sogou.com,Male,43.167.192.89
527,Rica,Meakin,rmeakinem@icio.us,Female,19.110.113.216
528,Lu,McInulty,lmcinultyen@homestead.com,Female,0.197.214.227
529,Marcello,Liverock,mliverockeo@nymag.com,Male,175.227.76.227
530,Darcie,Agneau,dagneauep@gizmodo.com,Female,136.18.182.86
531,Sharity,Eslie,seslieeq@mozilla.com,Female,45.63.149.129
532,Caresa,Cathersides,ccathersideser@t.co,Female,191.85.224.21
533,Stanly,Allsopp,sallsoppes@comsenz.com,Male,207.102.153.239
534,Belva,Gillis,bgilliset@nytimes.com,Bigender,34.190.228.71
535,Karl,Waggett,kwaggetteu@delicious.com,Male,108.63.99.26
536,Essa,Sly,eslyev@multiply.com,Genderqueer,207.152.24.10
537,Ceciley,Vennart,cvennartew@ehow.com,Female,92.57.67.179
538,Kaylil,Kemston,kkemstonex@umich.edu,Genderqueer,39.118.58.143
539,Pattie,Pridham,ppridhamey@biglobe.ne.jp,Genderfluid,94.153.32.84
540,Lexi,Pietrzak,lpietrzakez@friendfeed.com,Female,114.196.159.174
541,Brigg,Pettko,bpettkof0@moonfruit.com,Male,222.90.34.176
542,Husein,Thacker,hthackerf1@redcross.org,Bigender,43.64.113.101
543,Nevsa,Warrilow,nwarrilowf2@freewebs.com,Female,113.37.69.159
544,Amble,Spellessy,aspellessyf3@marriott.com,Non-binary,250.114.35.147
545,Jeni,Pendre,jpendref4@tmall.com,Female,110.113.193.175
546,Rora,Huguenet,rhuguenetf5@dagondesign.com,Female,154.52.145.215
547,Lonee,Pedreschi,lpedreschif6@upenn.edu,Female,79.109.51.247
548,Kippie,Cullotey,kculloteyf7@youtu.be,Female,189.106.110.66
549,Franny,Dougherty,fdoughertyf8@nationalgeographic.com,Male,213.196.34.218
550,Koo,Shafe,kshafef9@smugmug.com,Female,186.119.147.242
551,Anny,Tidder,atidderfa@cocolog-nifty.com,Female,59.254.8.142
552,Raine,Willey,rwilleyfb@cargocollective.com,Female,216.141.120.200
553,Even,Hazley,ehazleyfc@wordpress.org,Male,68.235.72.88
554,Rand,Falcus,rfalcusfd@narod.ru,Male,251.216.125.173
555,Coleman,Scotts,cscottsfe@sbwire.com,Male,223.113.228.205
556,Salome,Kassman,skassmanff@auda.org.au,Female,213.234.228.18
557,Rabi,Spykings,rspykingsfg@squarespace.com,Genderfluid,190.20.217.72
558,Laverna,Delatour,ldelatourfh@prnewswire.com,Female,44.76.8.22
559,Fayre,Peckitt,fpeckittfi@oaic.gov.au,Female,241.204.46.120
560,Maxi,Rainton,mraintonfj@oracle.com,Female,51.64.244.211
561,Cristionna,Arrighetti,carrighettifk@ezinearticles.com,Female,45.35.226.230
562,Linell,Crabb,lcrabbfl@google.it,Female,154.196.181.147
563,Murray,Bann,mbannfm@issuu.com,Male,31.233.202.96
564,Egon,Upstell,eupstellfn@upenn.edu,Male,19.248.114.122
565,Teresina,Jobey,tjobeyfo@utexas.edu,Non-binary,162.92.76.182
566,Padgett,Skoyles,pskoylesfp@prnewswire.com,Male,206.42.15.91
567,Zackariah,Faraker,zfarakerfq@woothemes.com,Male,36.41.195.253
568,Hammad,Sweatman,hsweatmanfr@uol.com.br,Male,8.243.81.135
569,Theodosia,Bugge,tbuggefs@mediafire.com,Female,226.120.146.142
570,Sonni,Bonhill,sbonhillft@last.fm,Female,39.248.246.100
571,Candide,MacClure,cmacclurefu@businessinsider.com,Bigender,187.74.200.137
572,Thaddus,MacIllrick,tmacillrickfv@aol.com,Male,219.118.36.64
573,Minnie,Gainsboro,mgainsborofw@icio.us,Female,223.196.42.255
574,Janean,Hickford,jhickfordfx@reverbnation.com,Polygender,211.134.173.159
575,Angel,Fassan,afassanfy@webs.com,Female,103.61.192.131
576,Zita,Goulter,zgoulterfz@rambler.ru,Female,208.213.13.143
577,Faythe,Sperry,fsperryg0@seesaa.net,Female,169.138.58.79
578,Leeland,Stampfer,lstampferg1@moonfruit.com,Agender,175.206.187.50
579,Guglielmo,Clapton,gclaptong2@seattletimes.com,Male,147.239.137.126
580,Vernon,Veldstra,vveldstrag3@indiegogo.com,Male,8.27.229.30
581,Jorge,Plimmer,jplimmerg4@imgur.com,Male,137.190.217.63
582,Adella,Haynesford,ahaynesfordg5@answers.com,Bigender,12.155.124.134
583,Isacco,Dwyer,idwyerg6@youtube.com,Genderfluid,142.191.28.17
584,Avivah,Mew,amewg7@usa.gov,Female,212.184.187.204
585,Magdaia,Morrison,mmorrisong8@columbia.edu,Female,92.47.179.146
586,Denni,Pittford,dpittfordg9@google.nl,Female,11.62.204.188
587,Eunice,Caps,ecapsga@elegantthemes.com,Female,64.152.230.154
588,Law,Brickhill,lbrickhillgb@bigcartel.com,Male,194.197.31.129
589,Dyan,Zoanetti,dzoanettigc@yahoo.co.jp,Female,14.27.134.136
590,Vaclav,Boylan,vboylangd@goo.ne.jp,Male,60.108.220.248
591,Archaimbaud,Pilcher,apilcherge@dagondesign.com,Male,139.49.225.49
592,Scot,Shalloo,sshalloogf@netscape.com,Agender,12.43.146.10
593,Jehu,Clowser,jclowsergg@behance.net,Male,71.36.14.49
594,Jolynn,Fleckness,jflecknessgh@virginia.edu,Female,26.223.112.223
595,Oliviero,Jouannot,ojouannotgi@amazon.com,Male,252.117.98.88
596,Karoline,Dorling,kdorlinggj@desdev.cn,Female,29.111.225.252
597,Garvey,Liepmann,gliepmanngk@posterous.com,Male,115.160.126.42
598,Jo-anne,Odam,jodamgl@yahoo.co.jp,Female,197.125.109.168
599,Veda,Hartzogs,vhartzogsgm@engadget.com,Female,65.96.220.49
600,Joan,Bamblett,jbamblettgn@upenn.edu,Female,190.242.170.149
601,Petr,Winning,pwinninggo@nasa.gov,Male,95.204.102.128
602,Martino,Edwardson,medwardsongp@ted.com,Male,213.18.160.28
603,Michelle,Rubinfeld,mrubinfeldgq@wikispaces.com,Female,95.19.39.73
604,Marietta,Elbourne,melbournegr@ow.ly,Male,156.79.101.168
605,Maison,Sharrock,msharrockgs@dagondesign.com,Male,155.49.231.65
606,Christan,Bellenger,cbellengergt@hc360.com,Female,141.42.213.193
607,Riccardo,Linsey,rlinseygu@a8.net,Male,119.56.127.154
608,Ancell,Spurling,aspurlinggv@arizona.edu,Male,154.173.150.108
609,Chelsey,Simcoe,csimcoegw@csmonitor.com,Polygender,163.31.140.83
610,Felix,Stiell,fstiellgx@hubpages.com,Male,224.82.181.244
611,Allan,Moynham,amoynhamgy@chronoengine.com,Male,207.147.162.94
612,Ferris,Prickett,fprickettgz@omniture.com,Male,194.177.16.204
613,Marve,Secombe,msecombeh0@geocities.jp,Bigender,195.26.142.100
614,Jojo,Velde,jveldeh1@people.com.cn,Bigender,142.179.15.217
615,Kale,Halgarth,khalgarthh2@oracle.com,Male,29.16.154.111
616,Mickie,Tofanini,mtofaninih3@reverbnation.com,Female,68.212.37.45
617,Nelli,Cutchey,ncutcheyh4@imageshack.us,Non-binary,17.84.144.185
618,Mollee,Blunt,mblunth5@wiley.com,Female,252.190.172.212
619,Norina,Axup,naxuph6@soundcloud.com,Female,235.34.77.157
620,Julietta,Olenikov,jolenikovh7@mashable.com,Female,229.139.101.5
621,Tootsie,Vogeler,tvogelerh8@woothemes.com,Female,25.81.171.28
622,Jameson,Insole,jinsoleh9@accuweather.com,Male,1.188.19.4
623,Ritchie,Robker,rrobkerha@slideshare.net,Male,173.38.216.114
624,Delora,Tellett,dtelletthb@topsy.com,Female,228.191.180.112
625,Bentlee,MacCartney,bmaccartneyhc@pbs.org,Male,44.235.47.107
626,Carleton,Pound,cpoundhd@nymag.com,Male,53.139.195.255
627,Kathleen,Sabbatier,ksabbatierhe@addthis.com,Polygender,172.235.86.218
628,Hurlee,Sudworth,hsudworthhf@wunderground.com,Male,149.141.109.188
629,Bartie,Bernholt,bbernholthg@harvard.edu,Male,26.110.9.96
630,Jeana,Shanks,jshankshh@list-manage.com,Female,3.75.153.253
631,Tracy,Langmuir,tlangmuirhi@slate.com,Male,48.38.32.23
632,Georgia,Christofle,gchristoflehj@bizjournals.com,Female,148.2.83.140
633,Jerrilyn,Fautley,jfautleyhk@springer.com,Female,151.96.91.86
634,Hank,Hunnybun,hhunnybunhl@guardian.co.uk,Male,148.138.132.93
635,Donn,Gatherell,dgatherellhm@diigo.com,Male,167.40.91.1
636,Orion,Lotherington,olotheringtonhn@vkontakte.ru,Male,93.143.140.47
637,Wolfgang,Cobbled,wcobbledho@cloudflare.com,Male,108.163.172.189
638,Jayson,Rainbow,jrainbowhp@scribd.com,Male,88.118.187.94
639,Lorant,Austins,laustinshq@toplist.cz,Male,81.92.246.164
640,Philippine,Shoreson,pshoresonhr@harvard.edu,Female,227.36.36.208
641,Gawain,Phair,gphairhs@twitpic.com,Male,106.164.235.209
642,Glennis,Beardsdale,gbeardsdaleht@timesonline.co.uk,Female,175.235.31.116
643,Cornall,Crease,ccreasehu@wufoo.com,Male,245.217.228.182
644,Wake,Shoulders,wshouldershv@csmonitor.com,Male,39.189.172.224
645,Jasmin,Ketteridge,jketteridgehw@ovh.net,Non-binary,141.34.35.191
646,Adelle,Ahmad,aahmadhx@samsung.com,Female,234.148.224.66
647,Kora,Durbyn,kdurbynhy@cyberchimps.com,Female,122.208.112.255
648,Teador,Atyeo,tatyeohz@free.fr,Male,59.105.83.133
649,Carrissa,Clurow,cclurowi0@reference.com,Female,158.99.135.122
650,Glenn,Brower,gbroweri1@xinhuanet.com,Female,154.120.150.170
651,Dorian,Caisley,dcaisleyi2@dropbox.com,Male,204.87.254.198
652,Chen,Olwen,colweni3@youku.com,Male,132.97.136.32
653,Chandal,Caraher,ccaraheri4@foxnews.com,Female,215.83.171.48
654,Barbara,Myers,bmyersi5@si.edu,Female,225.229.239.133
655,Johan,Andreasson,jandreassoni6@free.fr,Male,9.81.49.54
656,Ange,Jorger,ajorgeri7@merriam-webster.com,Female,247.184.36.116
657,Papageno,Godbold,pgodboldi8@irs.gov,Male,243.237.168.40
658,Maxy,Pulman,mpulmani9@pagesperso-orange.fr,Male,39.253.109.248
659,Hurleigh,Youngman,hyoungmania@noaa.gov,Male,248.21.218.175
660,Griz,Arbor,garborib@booking.com,Male,242.56.158.178
661,Robbie,Fishbie,rfishbieic@cnbc.com,Male,33.63.161.49
662,Elbertine,MacCallum,emaccallumid@google.cn,Female,54.190.150.139
663,Renee,Luker,rlukerie@pbs.org,Agender,45.0.49.159
664,Rosy,Sive,rsiveif@nytimes.com,Female,116.168.175.245
665,Windy,Walewicz,wwalewiczig@aboutads.info,Female,249.41.213.142
666,Dorita,Mahmood,dmahmoodih@archive.org,Female,126.178.8.74
667,Cordy,Jimpson,cjimpsonii@geocities.jp,Male,167.197.240.163
668,Toby,Cunnow,tcunnowij@webs.com,Agender,203.255.236.17
669,Daisy,Rabl,drablik@soup.io,Female,178.126.185.199
670,Hoyt,Simonson,hsimonsonil@mtv.com,Male,227.198.117.195
671,Valerie,Dake,vdakeim@techcrunch.com,Female,195.90.151.205
672,Berke,Hinchcliffe,bhinchcliffein@homestead.com,Male,147.220.172.38
673,Carolus,Presnell,cpresnellio@illinois.edu,Male,108.3.87.1
674,Gabbi,McKinty,gmckintyip@yahoo.co.jp,Female,241.26.182.164
675,Phebe,Altree,paltreeiq@163.com,Female,246.59.100.12
676,Jena,Mole,jmoleir@istockphoto.com,Female,197.17.172.172
677,Helaine,Vincent,hvincentis@cnn.com,Female,210.64.42.186
678,Gun,Swiffan,gswiffanit@spotify.com,Male,221.108.145.71
679,Zahara,Podmore,zpodmoreiu@webnode.com,Female,210.183.86.79
680,Ozzie,Gudyer,ogudyeriv@dyndns.org,Male,132.74.226.88
681,Raimondo,Geane,rgeaneiw@sfgate.com,Male,87.224.143.177
682,Angelico,Gocher,agocherix@symantec.com,Male,205.66.23.232
683,Meade,Rameau,mrameauiy@nytimes.com,Female,118.173.113.199
684,Adriena,Backwell,abackwelliz@addtoany.com,Female,159.39.213.239
685,Vinson,Barrett,vbarrettj0@devhub.com,Male,149.31.49.98
686,Rhodia,Borthram,rborthramj1@last.fm,Female,90.176.133.55
687,Levon,Pinnegar,lpinnegarj2@ibm.com,Male,83.63.112.150
688,Sherlocke,Bramich,sbramichj3@weibo.com,Male,120.187.4.8
689,Ibby,Edwins,iedwinsj4@google.com.hk,Female,44.101.0.112
690,Hynda,Oluwatoyin,holuwatoyinj5@elpais.com,Female,42.6.144.249
691,Dyan,Jobbing,djobbingj6@pinterest.com,Genderfluid,45.13.168.161
692,Celine,Manvelle,cmanvellej7@nationalgeographic.com,Female,136.143.120.39
693,Sonja,Howey,showeyj8@behance.net,Female,139.18.186.221
694,Lester,Devorill,ldevorillj9@51.la,Male,169.60.233.17
695,Terence,Ainsley,tainsleyja@pinterest.com,Male,170.94.10.24
696,Ginger,Daine,gdainejb@paginegialle.it,Female,73.123.108.76
697,Aldrich,Staddart,astaddartjc@cnbc.com,Male,5.232.252.6
698,Kaitlynn,Lafont,klafontjd@hugedomains.com,Female,231.220.45.219
699,Chevy,Oller,collerje@npr.org,Male,138.78.205.32
700,Daveen,Dundridge,ddundridgejf@cam.ac.uk,Female,251.36.214.18
701,Misti,Lamb-shine,mlambshinejg@samsung.com,Genderfluid,234.128.107.22
702,Adair,McKune,amckunejh@cornell.edu,Male,254.66.69.59
703,Bettine,Martijn,bmartijnji@princeton.edu,Female,128.189.204.58
704,Ignacius,Josupeit,ijosupeitjj@miitbeian.gov.cn,Male,243.78.105.42
705,Vincenty,Semour,vsemourjk@columbia.edu,Male,248.68.120.202
706,Mira,Flacke,mflackejl@cafepress.com,Female,204.219.147.212
707,Simone,Mulvy,smulvyjm@bluehost.com,Female,211.196.49.225
708,Violet,McCrudden,vmccruddenjn@sun.com,Female,211.49.98.172
709,Andrey,Lillistone,alillistonejo@yandex.ru,Male,128.188.181.241
710,Kippy,Kebell,kkebelljp@histats.com,Genderfluid,11.82.121.224
711,Juline,Tregensoe,jtregensoejq@kickstarter.com,Female,174.12.221.76
712,Byram,Thrussell,bthrusselljr@dropbox.com,Polygender,132.132.35.233
713,Maynord,Woodrough,mwoodroughjs@cbc.ca,Male,106.181.28.115
714,Abbe,Agirre,aagirrejt@unesco.org,Male,19.198.213.158
715,Dorey,Aston,dastonju@jiathis.com,Male,131.155.231.82
716,Rosana,O'Hollegan,roholleganjv@kickstarter.com,Female,141.151.72.200
717,Christiane,Pensom,cpensomjw@lulu.com,Female,126.144.128.186
718,Haven,Mougenel,hmougeneljx@rambler.ru,Agender,142.43.228.175
719,Amy,Graddell,agraddelljy@sciencedirect.com,Non-binary,62.225.38.236
720,Amby,Paolotto,apaolottojz@umich.edu,Male,179.48.73.65
721,Tabbi,Woolsey,twoolseyk0@sogou.com,Female,167.47.21.234
722,Artie,Gingell,agingellk1@sogou.com,Male,143.116.213.55
723,Randolph,Wace,rwacek2@smh.com.au,Genderfluid,173.147.224.36
724,Cully,Sweeny,csweenyk3@bigcartel.com,Male,183.48.85.85
725,Tan,Pea,tpeak4@meetup.com,Male,60.8.58.109
726,Leonora,Sussex,lsussexk5@lulu.com,Genderfluid,74.67.10.140
727,Charo,Stolle,cstollek6@pen.io,Genderqueer,79.100.189.154
728,Maureen,Coslitt,mcoslittk7@people.com.cn,Female,180.154.251.0
729,Corena,Hakes,chakesk8@google.it,Female,92.153.155.245
730,Alisun,Burnhard,aburnhardk9@ocn.ne.jp,Female,13.173.18.198
731,Berky,Coase,bcoaseka@w3.org,Male,255.230.214.202
732,Maryjo,Durtnal,mdurtnalkb@imageshack.us,Female,13.230.140.97
733,Gertrude,Cannan,gcannankc@google.cn,Female,7.100.0.29
734,Josy,Grzelewski,jgrzelewskikd@nytimes.com,Female,24.25.61.7
735,Nobie,Brittin,nbrittinke@mapquest.com,Male,15.20.41.218
736,Andrei,Fozzard,afozzardkf@ucsd.edu,Female,163.22.189.147
737,Haven,Darville,hdarvillekg@ihg.com,Male,187.105.104.152
738,Lukas,Tolwood,ltolwoodkh@symantec.com,Male,91.207.160.141
739,Talbert,Cartan,tcartanki@nhs.uk,Male,39.153.213.208
740,Leanor,Father,lfatherkj@gnu.org,Female,171.10.57.103
741,Sherwynd,Gyde,sgydekk@twitter.com,Male,164.153.201.44
742,Lida,Cornforth,lcornforthkl@booking.com,Female,77.51.207.10
743,Rhett,Freda,rfredakm@census.gov,Male,128.145.27.35
744,Norina,Melville,nmelvillekn@blogs.com,Female,11.156.115.50
745,Melisandra,Solano,msolanoko@foxnews.com,Female,228.49.172.165
746,Wini,Terrey,wterreykp@google.it,Female,121.176.95.139
747,Gunter,Petracchi,gpetracchikq@usgs.gov,Male,220.78.50.69
748,Sawyere,Hayesman,shayesmankr@wikia.com,Male,40.94.118.1
749,Katleen,Ruppele,kruppeleks@altervista.org,Female,162.217.238.198
750,Elyn,Sarsfield,esarsfieldkt@slashdot.org,Female,226.149.163.40
751,Agosto,Sizland,asizlandku@cam.ac.uk,Male,75.172.62.98
752,Giacomo,McAteer,gmcateerkv@vk.com,Male,62.208.154.125
753,Joellen,Haywood,jhaywoodkw@reuters.com,Female,2.179.189.59
754,Julio,Innerstone,jinnerstonekx@myspace.com,Male,143.208.62.171
755,Lori,Essame,lessameky@scribd.com,Female,157.48.232.189
756,Hali,Vellacott,hvellacottkz@altervista.org,Female,118.98.252.0
757,Nada,McConway,nmcconwayl0@purevolume.com,Agender,249.32.123.47
758,Lowe,Martin,lmartinl1@cornell.edu,Male,91.136.213.106
759,Ewen,Robinet,erobinetl2@themeforest.net,Male,208.92.167.139
760,Chip,Frankton,cfranktonl3@prweb.com,Male,201.84.109.240
761,Candida,Wabey,cwabeyl4@youtu.be,Female,246.120.145.80
762,Sheffie,Sings,ssingsl5@usatoday.com,Male,99.120.80.123
763,Johnath,Samett,jsamettl6@clickbank.net,Female,42.82.2.249
764,Pennie,Momford,pmomfordl7@yolasite.com,Female,65.127.58.77
765,Aime,Axtonne,aaxtonnel8@bloglines.com,Female,49.38.91.88
766,Hilario,Cuddihy,hcuddihyl9@about.com,Genderfluid,118.231.245.65
767,Paloma,Thornebarrow,pthornebarrowla@yahoo.com,Female,56.75.227.163
768,Maurise,Fabbri,mfabbrilb@techcrunch.com,Female,98.35.156.154
769,Jocelin,Swinley,jswinleylc@de.vu,Female,211.111.52.243
770,Dorelle,Miles,dmilesld@cisco.com,Female,254.58.227.59
771,Reiko,Gerran,rgerranle@smh.com.au,Female,236.190.198.40
772,Robinson,Alejandri,ralejandrilf@globo.com,Male,22.59.57.230
773,Inglis,Kilbee,ikilbeelg@cbc.ca,Male,135.185.29.63
774,Dolph,Springthorpe,dspringthorpelh@scientificamerican.com,Male,164.217.64.164
775,Bobina,Culross,bculrossli@slashdot.org,Female,200.43.250.180
776,Lemuel,Mulvany,lmulvanylj@de.vu,Male,40.157.191.57
777,Mara,Marquez,mmarquezlk@constantcontact.com,Female,38.244.79.135
778,Merrel,Ommanney,mommanneyll@walmart.com,Male,100.233.111.28
779,Carey,Proctor,cproctorlm@sphinn.com,Male,243.225.111.77
780,Hollis,Twinn,htwinnln@blog.com,Male,137.178.95.149
781,Harland,Yokelman,hyokelmanlo@amazon.co.jp,Male,86.16.159.55
782,Lyle,Fantonetti,lfantonettilp@vinaora.com,Male,61.245.6.21
783,Adolpho,Verduin,averduinlq@slideshare.net,Male,139.211.27.25
784,Pall,Emby,pembylr@loc.gov,Male,24.164.35.47
785,Cedric,Ollander,collanderls@bloomberg.com,Male,98.98.149.213
786,Kele,Puttergill,kputtergilllt@fc2.com,Male,134.201.251.182
787,Raul,Teml,rtemllu@cnet.com,Male,132.52.42.189
788,Griffin,Abbey,gabbeylv@oracle.com,Male,3.106.0.48
789,Ramon,Amies,ramieslw@archive.org,Male,254.219.201.117
790,Raquel,Blesli,rbleslilx@nature.com,Female,161.148.140.135
791,Delainey,Langstone,dlangstonely@list-manage.com,Male,222.218.186.181
792,Miguelita,Winkle,mwinklelz@domainmarket.com,Female,47.42.94.190
793,Carlita,Conford,cconfordm0@noaa.gov,Female,119.55.25.193
794,Ynes,Dorgan,ydorganm1@goodreads.com,Female,143.249.90.24
795,Noni,Bonaire,nbonairem2@businesswire.com,Female,0.150.192.224
796,Stormy,Crabtree,scrabtreem3@icio.us,Female,154.246.88.3
797,Patin,Yuryaev,pyuryaevm4@google.pl,Male,254.120.15.210
798,Gilberto,Jagg,gjaggm5@europa.eu,Male,115.100.106.111
799,Austin,Bentjens,abentjensm6@jugem.jp,Female,246.94.76.240
800,Callean,Watt,cwattm7@tumblr.com,Genderqueer,69.230.44.4
801,Clevie,Irlam,cirlamm8@arstechnica.com,Male,186.77.122.237
802,Domingo,Friary,dfriarym9@chron.com,Male,115.236.202.54
803,Dorelle,Ellph,dellphma@state.gov,Female,110.68.183.97
804,Jayme,Timpany,jtimpanymb@dropbox.com,Male,255.88.12.174
805,Marchelle,Symmers,msymmersmc@economist.com,Female,46.65.252.84
806,Monika,Andreone,mandreonemd@google.com.hk,Female,15.57.69.251
807,Kellie,Nutt,knuttme@php.net,Female,1.135.70.176
808,Seymour,Franses,sfransesmf@oakley.com,Male,176.173.90.38
809,Scotti,Marchiso,smarchisomg@blogger.com,Male,118.181.117.6
810,Norene,Blasoni,nblasonimh@ustream.tv,Female,212.78.236.142
811,Moishe,Moline,mmolinemi@home.pl,Male,154.28.220.147
812,Lyndsey,Foss,lfossmj@oaic.gov.au,Female,126.202.210.230
813,Mordecai,Wimp,mwimpmk@homestead.com,Male,129.148.160.179
814,Analise,Middle,amiddleml@deliciousdays.com,Female,233.28.107.82
815,Jessika,Redholes,jredholesmm@gravatar.com,Female,32.42.94.33
816,Blakelee,Cescon,bcesconmn@aol.com,Female,142.164.15.76
817,Tore,Elfleet,telfleetmo@cdc.gov,Male,44.111.162.233
818,Karylin,Olivetta,kolivettamp@tinyurl.com,Female,154.113.122.94
819,Evan,Feldmesser,efeldmessermq@hao123.com,Male,124.59.125.2
820,Denny,Moyes,dmoyesmr@wikipedia.org,Female,163.29.224.210
821,Carlie,McGovern,cmcgovernms@theatlantic.com,Male,94.131.226.229
822,Enoch,Battersby,ebattersbymt@netscape.com,Genderqueer,31.46.15.231
823,Ayn,Eddie,aeddiemu@ycombinator.com,Female,108.230.134.11
824,Ynez,Angear,yangearmv@cyberchimps.com,Female,35.109.120.82
825,Constantine,Izkoveski,cizkoveskimw@pcworld.com,Male,6.91.38.238
826,Quillan,Coniam,qconiammx@baidu.com,Male,99.50.195.109
827,Elena,Guirardin,eguirardinmy@jigsy.com,Female,212.255.136.138
828,Dill,Greedy,dgreedymz@nhs.uk,Male,253.84.151.8
829,Bessie,Tiffany,btiffanyn0@archive.org,Female,69.43.57.245
830,Tabbie,Lerhinan,tlerhinann1@parallels.com,Male,21.228.95.197
831,Bartolomeo,Colgan,bcolgann2@phoca.cz,Male,125.145.149.49
832,Maryjane,Curtis,mcurtisn3@shinystat.com,Female,98.123.61.204
833,Sheri,Thicking,sthickingn4@tiny.cc,Non-binary,213.4.95.52
834,Hyacinthia,Dubbin,hdubbinn5@weather.com,Female,124.78.150.64
835,Addie,Langlois,alangloisn6@blogs.com,Female,219.9.183.112
836,Petra,Corneljes,pcorneljesn7@spotify.com,Female,214.65.142.10
837,Shermie,Grubb,sgrubbn8@cyberchimps.com,Male,114.4.234.214
838,Celestine,Swalowe,cswalowen9@example.com,Female,138.206.245.70
839,Curtice,Heinel,cheinelna@umich.edu,Male,118.81.58.1
840,Bird,Sivewright,bsivewrightnb@spiegel.de,Female,61.130.180.151
841,Shannah,Searston,ssearstonnc@zimbio.com,Female,100.9.125.57
842,Cele,Grason,cgrasonnd@seesaa.net,Female,145.201.123.114
843,Wit,Astle,wastlene@surveymonkey.com,Agender,212.134.172.20
844,Ealasaid,Tolworth,etolworthnf@moonfruit.com,Female,130.66.230.220
845,Millie,Aveline,mavelineng@goodreads.com,Female,205.187.108.118
846,Camille,Nield,cnieldnh@springer.com,Female,44.195.138.116
847,Kessiah,Stanlike,kstanlikeni@facebook.com,Female,21.126.252.153
848,Isaac,Thorrington,ithorringtonnj@etsy.com,Male,18.167.43.200
849,Tomas,O'Geaney,togeaneynk@google.nl,Male,26.110.255.26
850,Chelsea,Kegan,ckegannl@privacy.gov.au,Female,217.8.187.179
851,Sarge,Tregear,stregearnm@people.com.cn,Male,7.240.112.196
852,Seward,Fyall,sfyallnn@cam.ac.uk,Male,55.209.201.28
853,Ailbert,Shury,ashuryno@cyberchimps.com,Male,85.102.33.96
854,Druci,Longthorn,dlongthornnp@shinystat.com,Female,189.169.210.24
855,Tedman,Gedney,tgedneynq@wikipedia.org,Male,38.66.156.108
856,Oralla,Hinckesman,ohinckesmannr@miitbeian.gov.cn,Female,72.215.3.194
857,Taite,Worsley,tworsleyns@sina.com.cn,Male,46.254.142.137
858,Mahalia,Taylot,mtaylotnt@kickstarter.com,Female,226.168.157.167
859,Margareta,Creffeild,mcreffeildnu@nyu.edu,Female,44.201.166.111
860,Ira,Ilsley,iilsleynv@4shared.com,Male,39.249.232.158
861,Dimitri,Kettel,dkettelnw@sbwire.com,Male,127.136.222.230
862,Siward,Jimeno,sjimenonx@nps.gov,Male,140.151.227.94
863,Nedi,Banham,nbanhamny@hc360.com,Female,27.51.33.227
864,Jolene,Grishinov,jgrishinovnz@1688.com,Female,71.84.46.177
865,Erny,Albarez,ealbarezo0@icio.us,Male,178.210.255.109
866,Georgie,Heake,gheakeo1@smugmug.com,Male,210.118.222.206
867,Monro,Derwin,mderwino2@forbes.com,Male,69.155.154.127
868,Carleton,Rubke,crubkeo3@jugem.jp,Male,223.252.70.42
869,Marty,Jedraszczyk,mjedraszczyko4@feedburner.com,Male,207.67.131.213
870,Launce,Thomassen,lthomasseno5@state.tx.us,Male,131.48.117.146
871,Lacee,Ruzicka,lruzickao6@mac.com,Agender,151.106.71.178
872,Bryana,Wyldbore,bwyldboreo7@msu.edu,Female,48.12.238.108
873,Tami,Bladge,tbladgeo8@narod.ru,Polygender,128.147.220.116
874,Wyn,Tout,wtouto9@home.pl,Male,175.174.104.169
875,Nerty,D'Emanuele,ndemanueleoa@opensource.org,Polygender,114.207.92.118
876,Geoffrey,Kalb,gkalbob@dyndns.org,Male,241.149.68.94
877,Caresse,Jennions,cjennionsoc@smh.com.au,Female,86.50.163.243
878,Laurent,Ragg,lraggod@wikipedia.org,Male,245.75.143.106
879,Norrie,Roscoe,nroscoeoe@home.pl,Male,55.86.69.185
880,Cordie,McKnockiter,cmcknockiterof@economist.com,Male,171.217.42.75
881,Pamelina,Coot,pcootog@businessinsider.com,Genderfluid,144.141.5.78
882,Libbie,MacKniely,lmacknielyoh@sciencedirect.com,Female,85.245.150.208
883,Roi,Iredell,riredelloi@springer.com,Male,126.154.249.147
884,Rafaello,State,rstateoj@alibaba.com,Male,88.24.130.71
885,Elizabeth,Jancar,ejancarok@vk.com,Female,42.127.30.119
886,Batholomew,Chasemore,bchasemoreol@cam.ac.uk,Non-binary,81.69.218.168
887,Lilly,Crowd,lcrowdom@gov.uk,Female,73.166.229.99
888,Alon,Manus,amanuson@icq.com,Male,131.108.251.197
889,Marilee,Dennidge,mdennidgeoo@artisteer.com,Female,223.224.49.134
890,Nessy,Patey,npateyop@smh.com.au,Female,251.199.130.209
891,Sven,Yare,syareoq@mapy.cz,Male,93.98.118.41
892,Clemens,Rogeron,crogeronor@dyndns.org,Male,116.238.190.225
893,Hatty,Splaven,hsplavenos@jiathis.com,Female,87.182.156.240
894,Mirabel,Batterbee,mbatterbeeot@cisco.com,Female,224.149.207.39
895,Arlyn,Warlaw,awarlawou@army.mil,Female,223.163.251.196
896,Jannel,Simonel,jsimonelov@slashdot.org,Female,17.151.237.198
897,Hayyim,Nealy,hnealyow@plala.or.jp,Male,242.34.130.247
898,Shell,Barnewell,sbarnewellox@sun.com,Male,53.119.251.48
899,Maurizio,Elsy,melsyoy@ovh.net,Male,155.242.24.255
900,Leone,Blinkhorn,lblinkhornoz@google.cn,Non-binary,204.89.142.110
901,Jennica,Carleton,jcarletonp0@ning.com,Female,246.95.21.17
902,Roslyn,Van den Velde,rvandenveldep1@tumblr.com,Female,37.243.20.166
903,Robinette,Bielefeld,rbielefeldp2@craigslist.org,Female,21.30.26.115
904,Munmro,Dangl,mdanglp3@hao123.com,Non-binary,188.10.148.77
905,Maribeth,Muzzall,mmuzzallp4@vkontakte.ru,Female,220.136.186.149
906,Selina,Calverley,scalverleyp5@businessweek.com,Female,12.252.184.12
907,Malena,Dargie,mdargiep6@harvard.edu,Female,192.105.240.119
908,Amanda,Pressnell,apressnellp7@state.tx.us,Female,164.208.155.55
909,Camala,Glason,cglasonp8@squarespace.com,Female,22.191.123.217
910,Randall,Goodright,rgoodrightp9@bizjournals.com,Male,43.79.198.94
911,Lolly,Maultby,lmaultbypa@pagesperso-orange.fr,Female,127.43.204.254
912,Celine,Shimony,cshimonypb@blogtalkradio.com,Female,206.76.108.112
913,Leicester,Macguire,lmacguirepc@cornell.edu,Male,89.47.26.122
914,Wandie,Rollins,wrollinspd@irs.gov,Non-binary,140.240.118.54
915,Saw,Downage,sdownagepe@studiopress.com,Male,97.15.185.119
916,Cristen,Kain,ckainpf@elegantthemes.com,Agender,0.8.28.235
917,Ali,Slowan,aslowanpg@elegantthemes.com,Female,247.144.175.215
918,Isa,Elwel,ielwelph@163.com,Female,134.189.56.206
919,Steven,Janouch,sjanouchpi@facebook.com,Male,14.226.31.50
920,Lexi,Fishley,lfishleypj@reference.com,Female,125.158.101.67
921,Sissy,Hastwell,shastwellpk@gov.uk,Female,253.242.84.8
922,Dacia,M'Chirrie,dmchirriepl@netscape.com,Female,7.45.202.160
923,Felecia,Dodimead,fdodimeadpm@naver.com,Female,202.23.111.119
924,Kevin,Dakhno,kdakhnopn@blogs.com,Male,93.134.179.101
925,Payton,Lambotin,plambotinpo@wikia.com,Male,145.100.207.64
926,Mohandis,Fawbert,mfawbertpp@posterous.com,Male,8.58.27.80
927,Weidar,Lockton,wlocktonpq@newyorker.com,Male,66.72.178.165
928,Anya,Ianne,aiannepr@nih.gov,Female,179.167.198.15
929,Tiphanie,Olivo,tolivops@i2i.jp,Female,188.169.228.243
930,Yorke,Barwise,ybarwisept@yahoo.com,Male,68.47.248.191
931,Kaitlin,Dutson,kdutsonpu@mediafire.com,Female,36.144.204.84
932,Glen,Aidler,gaidlerpv@unblog.fr,Female,88.139.0.97
933,Birch,Ryde,brydepw@epa.gov,Male,163.179.231.0
934,Elonore,Parkisson,eparkissonpx@livejournal.com,Female,247.48.8.163
935,Elisabeth,Audsley,eaudsleypy@deliciousdays.com,Female,253.135.42.112
936,Alon,Durning,adurningpz@chicagotribune.com,Male,59.106.154.116
937,Kahlil,Topley,ktopleyq0@ftc.gov,Male,137.190.214.239
938,Byrom,Melmar,bmelmarq1@opera.com,Male,210.56.78.108
939,Etan,Tooting,etootingq2@topsy.com,Genderqueer,246.7.33.174
940,Chevy,Schubert,cschubertq3@aol.com,Male,44.31.129.166
941,Gwendolin,Napoli,gnapoliq4@pinterest.com,Female,163.153.104.173
942,Barri,Furse,bfurseq5@ca.gov,Male,131.126.123.123
943,Sharyl,Larkins,slarkinsq6@dot.gov,Female,48.73.71.173
944,Gerard,Ladell,gladellq7@cdc.gov,Male,83.189.228.45
945,Jordon,Edon,jedonq8@google.com.hk,Male,63.10.123.198
946,Ban,Hyam,bhyamq9@xinhuanet.com,Male,248.113.41.4
947,Marinna,Waddams,mwaddamsqa@desdev.cn,Female,55.216.219.101
948,Dale,Gopsell,dgopsellqb@blogs.com,Female,139.202.207.25
949,Amelia,Spatari,aspatariqc@google.com.au,Female,19.180.186.236
950,Giffie,Lease,gleaseqd@de.vu,Male,84.148.244.177
951,Cristie,Kilmary,ckilmaryqe@hibu.com,Female,237.51.237.169
952,Garik,Berg,gbergqf@comcast.net,Male,216.204.118.14
953,Jonell,Cohane,jcohaneqg@wisc.edu,Female,99.99.184.235
954,Elvyn,Benstead,ebensteadqh@blinklist.com,Male,54.253.85.159
955,Aryn,Jenny,ajennyqi@cdbaby.com,Polygender,65.18.151.132
956,Eldridge,Dabner,edabnerqj@purevolume.com,Male,224.177.144.187
957,Eldin,Izac,eizacqk@nsw.gov.au,Polygender,180.237.119.28
958,Derrik,Peat,dpeatql@dyndns.org,Male,69.22.106.219
959,Weidar,Mate,wmateqm@tiny.cc,Male,98.150.135.29
960,Leeann,Shankle,lshankleqn@sakura.ne.jp,Female,235.236.238.97
961,Huntley,Cowper,hcowperqo@home.pl,Male,134.106.166.205
962,Ferdy,Orlton,forltonqp@canalblog.com,Male,78.245.236.174
963,Bonita,Kures,bkuresqq@cyberchimps.com,Female,167.55.80.247
964,Otha,McGorley,omcgorleyqr@washingtonpost.com,Female,132.191.234.52
965,Batholomew,Gordon,bgordonqs@godaddy.com,Male,131.190.143.242
966,Duffie,Meyrick,dmeyrickqt@ovh.net,Male,73.151.104.163
967,Modesty,Zahor,mzahorqu@unblog.fr,Female,83.195.2.104
968,Schuyler,Azam,sazamqv@newyorker.com,Male,110.196.30.168
969,Stephanus,Hidderley,shidderleyqw@spotify.com,Male,92.255.74.60
970,Ogdon,Rumin,oruminqx@nature.com,Male,224.215.92.69
971,Ches,Hairsnape,chairsnapeqy@dedecms.com,Male,163.165.208.170
972,Nevile,Irce,nirceqz@phoca.cz,Male,124.99.221.119
973,Keary,Trymme,ktrymmer0@howstuffworks.com,Male,232.28.199.89
974,Evania,Hinksen,ehinksenr1@jigsy.com,Female,102.99.179.145
975,Jeddy,Haresnaip,jharesnaipr2@seattletimes.com,Male,98.117.103.215
976,Corie,Bentley,cbentleyr3@plala.or.jp,Female,178.94.3.246
977,Dyane,Carrabott,dcarrabottr4@sakura.ne.jp,Female,115.83.164.151
978,Andonis,St Leger,astlegerr5@goo.gl,Male,70.64.99.108
979,Carolyn,While,cwhiler6@yahoo.com,Female,173.97.157.127
980,Nico,Sproston,nsprostonr7@theguardian.com,Polygender,62.148.2.220
981,Merilyn,Westlake,mwestlaker8@taobao.com,Female,191.36.20.88
982,Maddie,Kiellor,mkiellorr9@usda.gov,Male,17.54.243.63
983,Orsola,Leverington,oleveringtonra@utexas.edu,Female,114.113.210.111
984,Farand,Robelow,frobelowrb@sciencedirect.com,Female,58.164.87.204
985,Stafford,Pulford,spulfordrc@1688.com,Male,238.208.142.118
986,Sigfrid,Cumberland,scumberlandrd@live.com,Male,17.165.125.28
987,Chad,Chomley,cchomleyre@jimdo.com,Female,94.116.163.192
988,Gardy,Verduin,gverduinrf@reddit.com,Male,168.246.104.58
989,Desiri,Choke,dchokerg@nba.com,Female,52.250.226.210
990,Freddy,Bonus,fbonusrh@bloglovin.com,Female,223.77.158.70
991,Sylvester,Philpotts,sphilpottsri@disqus.com,Male,39.136.10.153
992,Constantin,Rummer,crummerrj@chronoengine.com,Male,3.26.242.108
993,Bathsheba,Knibbs,bknibbsrk@ftc.gov,Female,175.235.208.223
994,Sollie,Kelbie,skelbierl@scribd.com,Male,110.179.80.181
995,Kristofor,Gresswell,kgresswellrm@tinypic.com,Male,65.102.227.255
996,Waldo,Aldwich,waldwichrn@histats.com,Male,56.73.23.77
997,Moina,Joron,mjoronro@netvibes.com,Female,143.29.74.28
998,Axe,Bault,abaultrp@blogtalkradio.com,Male,54.151.162.56
999,Diarmid,Hammand,dhammandrq@vistaprint.com,Male,126.59.33.34
1000,Dunc,Chieze,dchiezerr@nytimes.com,Male,36.52.93.163
