id,first_name,last_name,email
1,Allina,Harnes,aharnes0@list-manage.com
2,Fraze,Caplan,fcaplan1@imageshack.us
3,Jacques,McQuillan,jmcquillan2@deliciousdays.com
4,Heywood,MacFadzean,hmacfadzean3@webeden.co.uk
5,Rozanna,Ricioppo,rricioppo4@virginia.edu
6,Galvin,Heelis,gheelis5@symantec.com
7,Beck,O'Murtagh,bomurtagh6@macromedia.com
8,Phillipp,Weatherup,pweatherup7@businessweek.com
9,Isidro,Blaker,iblaker8@people.com.cn
10,Verla,de Bullion,vdebullion9@privacy.gov.au
11,Verge,MacMarcuis,vmacmarcuisa@mac.com
12,Ganny,Riccard,griccardb@apple.com
13,Elysee,Cockroft,ecockroftc@pinterest.com
14,Joletta,Gleave,jgleaved@nature.com
15,Krissie,de Werk,kdewerke@npr.org
16,Carrie,Paramore,cparamoref@moonfruit.com
17,Launce,Yockney,lyockneyg@posterous.com
18,Ethelred,Boulstridge,eboulstridgeh@comcast.net
19,Joseph,Dicker,jdickeri@deliciousdays.com
20,Franz,Clibbery,fclibberyj@wunderground.com
21,Claudia,Jancic,cjancick@goo.gl
22,Melva,Drinkall,mdrinkalll@upenn.edu
23,Jo,Basilio,jbasiliom@newyorker.com
24,Ali,Goodered,agooderedn@youtube.com
25,Janifer,Slimon,jslimono@sitemeter.com
26,Benedicta,Pinner,bpinnerp@ocn.ne.jp
27,Miguel,Coupman,mcoupmanq@about.me
28,Roxane,Tregidgo,rtregidgor@columbia.edu
29,Vasilis,Thynne,vthynnes@answers.com
30,Minor,Harmon,mharmont@ning.com
31,Georgina,Wisniowski,gwisniowskiu@desdev.cn
32,Charmian,Perche,cperchev@netlog.com
33,Dulci,Lamprecht,dlamprechtw@prlog.org
34,Mei,Hof,mhofx@cdbaby.com
35,Cathie,Aldrich,caldrichy@feedburner.com
36,Quent,Rawne,qrawnez@homestead.com
37,Faulkner,Kilmary,fkilmary10@huffingtonpost.com
38,Webb,Wenderott,wwenderott11@meetup.com
39,Rafe,Boyce,rboyce12@sourceforge.net
40,Joey,Piquard,jpiquard13@woothemes.com
41,Jeno,Beslier,jbeslier14@t.co
42,Emelita,Benardeau,ebenardeau15@aboutads.info
43,Yoshiko,Hardwich,yhardwich16@studiopress.com
44,Dorotea,Rodson,drodson17@youtube.com
45,Henrietta,Arnke,harnke18@wired.com
46,Colleen,Jacobssen,cjacobssen19@google.nl
47,Gino,Billborough,gbillborough1a@about.com
48,Felecia,Aspital,faspital1b@nationalgeographic.com
49,Nady,Pannett,npannett1c@photobucket.com
50,Susann,O'Ruane,soruane1d@myspace.com
51,Zorina,Simoneau,zsimoneau1e@flavors.me
52,Shelly,Windress,swindress1f@techcrunch.com
53,Salvador,Glaisner,sglaisner1g@admin.ch
54,Aylmer,Rawll,arawll1h@sciencedirect.com
55,Ranique,Juckes,rjuckes1i@admin.ch
56,Sally,Genty,sgenty1j@psu.edu
57,Randell,Blannin,rblannin1k@yahoo.co.jp
58,Eydie,Faithfull,efaithfull1l@seesaa.net
59,Jerald,Borham,jborham1m@gizmodo.com
60,Shawn,Dockrill,sdockrill1n@msn.com
61,Janna,Domnin,jdomnin1o@sakura.ne.jp
62,Catrina,Darthe,cdarthe1p@chronoengine.com
63,Cheri,Shilliday,cshilliday1q@cbc.ca
64,Shane,Crossman,scrossman1r@canalblog.com
65,Thaxter,Farnaby,tfarnaby1s@pinterest.com
66,Thain,Steane,tsteane1t@bigcartel.com
67,Timmi,Glen,tglen1u@yandex.ru
68,Jory,Hammatt,jhammatt1v@umn.edu
69,Ogden,Farragher,ofarragher1w@creativecommons.org
70,Christalle,Hazlegrove,chazlegrove1x@cloudflare.com
71,Nicolais,Frackiewicz,nfrackiewicz1y@t-online.de
72,Marylee,Breitler,mbreitler1z@fastcompany.com
73,Kameko,Parry,kparry20@omniture.com
74,Greg,Braganca,gbraganca21@china.com.cn
75,Lorianna,Schoenrock,lschoenrock22@arstechnica.com
76,Adah,Sinisbury,asinisbury23@youtu.be
77,Charles,Meysham,cmeysham24@yandex.ru
78,Alta,Pendle,apendle25@e-recht24.de
79,Remington,Starton,rstarton26@is.gd
80,Kelly,Bleaden,kbleaden27@nationalgeographic.com
81,Clari,Gerbel,cgerbel28@goo.ne.jp
82,Gal,Stather,gstather29@instagram.com
83,Les,Amsden,lamsden2a@baidu.com
84,Ira,Toohey,itoohey2b@123-reg.co.uk
85,Ola,Patrick,opatrick2c@unblog.fr
86,Ed,Bye,ebye2d@is.gd
87,Hillie,Jarrel,hjarrel2e@pen.io
88,Trescha,Stukings,tstukings2f@ask.com
89,Nissy,Rough,nrough2g@cargocollective.com
90,Bart,Eginton,beginton2h@comcast.net
91,Agnesse,Scrafton,ascrafton2i@cbc.ca
92,Elle,Gabb,egabb2j@exblog.jp
93,Tildy,Barenskie,tbarenskie2k@hud.gov
94,Cecily,Vane,cvane2l@squidoo.com
95,Rick,Sotham,rsotham2m@nih.gov
96,Nedda,Diggins,ndiggins2n@google.co.uk
97,Consuelo,Oats,coats2o@wikipedia.org
98,Talya,Agostini,tagostini2p@list-manage.com
99,Pierson,Sallarie,psallarie2q@sphinn.com
100,Doug,Whillock,dwhillock2r@yandex.ru
101,Kendre,Tebbe,ktebbe2s@cargocollective.com
102,Laurel,Sirrell,lsirrell2t@weibo.com
103,Domeniga,Trever,dtrever2u@kickstarter.com
104,Abran,Gaskin,agaskin2v@php.net
105,Ario,Cockshott,acockshott2w@amazon.de
106,Kin,Horburgh,khorburgh2x@ehow.com
107,Konstance,Foyster,kfoyster2y@accuweather.com
108,Gayelord,Blaschke,gblaschke2z@dion.ne.jp
109,Ezra,Cornes,ecornes30@washingtonpost.com
110,Edgar,Counter,ecounter31@si.edu
111,Bank,O'Shesnan,boshesnan32@chron.com
112,Nessie,Skedge,nskedge33@intel.com
113,Casper,Locksley,clocksley34@4shared.com
114,Coretta,Mannion,cmannion35@uiuc.edu
115,Rhoda,Havis,rhavis36@samsung.com
116,Brandon,Courvert,bcourvert37@ebay.com
117,Justinian,Danielsky,jdanielsky38@hud.gov
118,Ignacius,Hathorn,ihathorn39@dagondesign.com
119,Marya,Bazelle,mbazelle3a@marketwatch.com
120,Teodor,Fontaine,tfontaine3b@vistaprint.com
121,Katharine,Hannigane,khannigane3c@fotki.com
122,Wilona,Tolland,wtolland3d@cdc.gov
123,Tricia,Meron,tmeron3e@youtu.be
124,Vicky,Phil,vphil3f@google.com.au
125,Rosco,Elkin,relkin3g@wikipedia.org
126,Sanford,Haggerty,shaggerty3h@businessinsider.com
127,Lesli,Janu,ljanu3i@woothemes.com
128,Shelbi,Weiser,sweiser3j@eepurl.com
129,Frannie,Tee,ftee3k@cornell.edu
130,Theodosia,Hanstock,thanstock3l@desdev.cn
131,Pavlov,Dummer,pdummer3m@joomla.org
132,Karleen,Suston,ksuston3n@livejournal.com
133,Ryun,Shwenn,rshwenn3o@nydailynews.com
134,Davide,Holbury,dholbury3p@tinyurl.com
135,Guss,Klass,gklass3q@devhub.com
136,Saraann,Gregg,sgregg3r@uol.com.br
137,Paddie,Spriggin,pspriggin3s@51.la
138,Roderich,Leckenby,rleckenby3t@fda.gov
139,Britt,Bulfit,bbulfit3u@soup.io
140,Eldon,Foucard,efoucard3v@t.co
141,Mirelle,Turneaux,mturneaux3w@zimbio.com
142,Shurwood,Mankor,smankor3x@eepurl.com
143,Jillian,Loan,jloan3y@columbia.edu
144,Carey,Braidon,cbraidon3z@home.pl
145,Ring,Piborn,rpiborn40@techcrunch.com
146,Ali,Leban,aleban41@craigslist.org
147,Garald,Drakard,gdrakard42@time.com
148,Andriette,Cardew,acardew43@facebook.com
149,Hewett,Searsby,hsearsby44@ed.gov
150,Ardyth,O'Shiel,aoshiel45@blogspot.com
151,Burke,Bezants,bbezants46@hao123.com
152,Lorettalorna,Dorant,ldorant47@baidu.com
153,Lorry,Conre,lconre48@bravesites.com
154,Daniele,Biskupek,dbiskupek49@miibeian.gov.cn
155,Hort,Ambridge,hambridge4a@ifeng.com
156,Lek,Crumpton,lcrumpton4b@xrea.com
157,Toby,Andrzejowski,tandrzejowski4c@goo.ne.jp
158,Lucian,Blouet,lblouet4d@yandex.ru
159,Cherrita,Geffinger,cgeffinger4e@fotki.com
160,Audi,Goley,agoley4f@cbsnews.com
161,Mirelle,Moan,mmoan4g@ucsd.edu
162,Locke,Shelmardine,lshelmardine4h@google.co.jp
163,Annice,Scrivenor,ascrivenor4i@youku.com
164,Lisabeth,Buer,lbuer4j@virginia.edu
165,Marieann,Warne,mwarne4k@quantcast.com
166,Nikkie,Hunnybun,nhunnybun4l@psu.edu
167,Aliza,Salvador,asalvador4m@thetimes.co.uk
168,Duky,Bruniges,dbruniges4n@rakuten.co.jp
169,Waylin,Radoux,wradoux4o@ibm.com
170,Freddi,Horley,fhorley4p@google.com.au
171,Shena,MacHostie,smachostie4q@yahoo.co.jp
172,Van,Feldklein,vfeldklein4r@creativecommons.org
173,Wylma,Shaylor,wshaylor4s@themeforest.net
174,Camellia,Spottiswood,cspottiswood4t@vimeo.com
175,Munroe,Swallow,mswallow4u@dedecms.com
176,Huntington,Thickpenny,hthickpenny4v@adobe.com
177,Theo,Borell,tborell4w@cyberchimps.com
178,Michaela,Le Galle,mlegalle4x@timesonline.co.uk
179,Druci,Crumley,dcrumley4y@wikimedia.org
180,Brena,Wadge,bwadge4z@va.gov
181,Isiahi,Hiscoke,ihiscoke50@prnewswire.com
182,Lefty,Surfleet,lsurfleet51@adobe.com
183,Lenard,Emerine,lemerine52@ca.gov
184,Chancey,Rammell,crammell53@myspace.com
185,Kayle,Origin,korigin54@intel.com
186,Roanne,Yurkin,ryurkin55@feedburner.com
187,Sascha,Dumpleton,sdumpleton56@netlog.com
188,Clementius,Matusevich,cmatusevich57@meetup.com
189,Crissie,Doldon,cdoldon58@time.com
190,Betty,Everson,beverson59@paypal.com
191,Evonne,O' Ronan,eoronan5a@xinhuanet.com
192,Janos,Twidle,jtwidle5b@narod.ru
193,Joellyn,Odhams,jodhams5c@canalblog.com
194,Eula,Whyborn,ewhyborn5d@state.tx.us
195,Guinna,Scamwell,gscamwell5e@salon.com
196,Nathalia,Raspel,nraspel5f@tamu.edu
197,Peyter,Corps,pcorps5g@google.es
198,Willy,Cattell,wcattell5h@msu.edu
199,Homere,Garton,hgarton5i@1688.com
200,Renard,Binder,rbinder5j@patch.com
201,Dayna,Gilluley,dgilluley5k@msn.com
202,Dino,Yandle,dyandle5l@apache.org
203,Rupert,Windibank,rwindibank5m@dagondesign.com
204,Paulita,Deuss,pdeuss5n@craigslist.org
205,Kermy,Attack,kattack5o@google.ca
206,Vallie,Christiensen,vchristiensen5p@theguardian.com
207,Taber,Lackinton,tlackinton5q@salon.com
208,Karoline,Freer,kfreer5r@edublogs.org
209,Elliott,Nisco,enisco5s@cnet.com
210,Quent,Downgate,qdowngate5t@123-reg.co.uk
211,Noami,Plumley,nplumley5u@yahoo.com
212,Alina,Libreros,alibreros5v@sciencedirect.com
213,Joey,Izen,jizen5w@nature.com
214,Olivier,Hillaby,ohillaby5x@cloudflare.com
215,Dylan,Urion,durion5y@google.co.uk
216,Sadella,Blindt,sblindt5z@freewebs.com
217,Leanna,Trethewey,ltrethewey60@apple.com
218,Orsola,Plewes,oplewes61@bizjournals.com
219,Hadrian,Wormstone,hwormstone62@mit.edu
220,Heall,Feehely,hfeehely63@biglobe.ne.jp
221,Marlo,Marlon,mmarlon64@sphinn.com
222,Consolata,Lightbowne,clightbowne65@stanford.edu
223,Talia,Sor,tsor66@dailymotion.com
224,Toddy,Stellman,tstellman67@columbia.edu
225,Arley,Ivankovic,aivankovic68@cocolog-nifty.com
226,Roderich,Meritt,rmeritt69@statcounter.com
227,Cthrine,Tompkiss,ctompkiss6a@dedecms.com
228,Yale,O'Doghesty,yodoghesty6b@hexun.com
229,Linet,Lively,llively6c@about.me
230,Madlin,Hoodspeth,mhoodspeth6d@over-blog.com
231,Nissy,Glossop,nglossop6e@ustream.tv
232,Bernita,Welham,bwelham6f@nsw.gov.au
233,Bank,Dodds,bdodds6g@icio.us
234,Fernanda,Exelby,fexelby6h@twitpic.com
235,Shurlocke,Bamfield,sbamfield6i@amazon.com
236,Randell,Bellsham,rbellsham6j@stumbleupon.com
237,Daryl,Hargess,dhargess6k@bloglovin.com
238,Alisha,Montel,amontel6l@nydailynews.com
239,Tyne,Foddy,tfoddy6m@webnode.com
240,Izaak,Ewebank,iewebank6n@wordpress.org
241,Emelia,Guillerman,eguillerman6o@ovh.net
242,Holly-anne,Anchor,hanchor6p@gov.uk
243,Kalil,Bilbery,kbilbery6q@nydailynews.com
244,Cosetta,Boddington,cboddington6r@blogs.com
245,Kakalina,Liger,kliger6s@prnewswire.com
246,Druci,Gadsden,dgadsden6t@amazon.de
247,Leopold,Perchard,lperchard6u@hud.gov
248,Quintilla,Magwood,qmagwood6v@wired.com
249,Franny,Blindermann,fblindermann6w@vistaprint.com
250,Luise,Fahey,lfahey6x@github.io
251,Tiertza,Pullman,tpullman6y@meetup.com
252,Godfrey,Berford,gberford6z@tinyurl.com
253,Graig,Temperton,gtemperton70@seesaa.net
254,Chance,Mott,cmott71@zimbio.com
255,Fax,Van der Beken,fvanderbeken72@dailymotion.com
256,Danita,Braferton,dbraferton73@de.vu
257,Dominga,Falck,dfalck74@hatena.ne.jp
258,Royal,Kilfoyle,rkilfoyle75@umich.edu
259,Antony,Dowyer,adowyer76@rediff.com
260,Quill,Semiraz,qsemiraz77@latimes.com
261,Tonie,Hulett,thulett78@cnn.com
262,Leonanie,Richly,lrichly79@mayoclinic.com
263,Doloritas,Berzon,dberzon7a@who.int
264,Brittani,Wreath,bwreath7b@usnews.com
265,Wallie,Philippsohn,wphilippsohn7c@dailymotion.com
266,Glen,Pretley,gpretley7d@reuters.com
267,Clovis,Pritchett,cpritchett7e@ca.gov
268,Marten,Phillipp,mphillipp7f@csmonitor.com
269,Darren,Halso,dhalso7g@ovh.net
270,Lesley,Poynser,lpoynser7h@google.com
271,Heinrik,Broomhall,hbroomhall7i@umich.edu
272,Koo,Phebee,kphebee7j@toplist.cz
273,Kale,Halwood,khalwood7k@mozilla.com
274,Doralyn,Enns,denns7l@list-manage.com
275,Karole,Workman,kworkman7m@hp.com
276,Jedd,Delooze,jdelooze7n@twitter.com
277,Ramona,Lippiett,rlippiett7o@princeton.edu
278,Shalne,Woods,swoods7p@scientificamerican.com
279,Isidor,Dionisi,idionisi7q@dion.ne.jp
280,Kessiah,Deighan,kdeighan7r@imageshack.us
281,Benedikta,Niece,bniece7s@taobao.com
282,Bridget,Rushmere,brushmere7t@opensource.org
283,Nessa,Skillen,nskillen7u@goo.gl
284,Dillie,Patifield,dpatifield7v@youtu.be
285,Radcliffe,Dorning,rdorning7w@squarespace.com
286,Doralynne,Clunie,dclunie7x@friendfeed.com
287,Timothee,Thornham,tthornham7y@theguardian.com
288,Carlyn,Karpychev,ckarpychev7z@last.fm
289,Buffy,Dach,bdach80@reddit.com
290,Conway,Cosyns,ccosyns81@springer.com
291,Alix,Boumphrey,aboumphrey82@printfriendly.com
292,Gregor,Itter,gitter83@stanford.edu
293,Janey,Chipchase,jchipchase84@icq.com
294,Maurice,Cleeve,mcleeve85@amazon.com
295,Ag,Delmonti,adelmonti86@bizjournals.com
296,Eldredge,Yakebovitch,eyakebovitch87@toplist.cz
297,Tessa,Stubbes,tstubbes88@quantcast.com
298,Hamlen,Altree,haltree89@elpais.com
299,Shaylah,Joscelyn,sjoscelyn8a@about.com
300,Dru,McAllaster,dmcallaster8b@chicagotribune.com
301,Sal,Neem,sneem8c@blog.com
302,Hadlee,Jacquemard,hjacquemard8d@exblog.jp
303,Linoel,Kleinsmuntz,lkleinsmuntz8e@tinypic.com
304,Ann,Purle,apurle8f@shutterfly.com
305,Selina,Orringe,sorringe8g@altervista.org
306,Chere,Cuthill,ccuthill8h@plala.or.jp
307,Amy,Elwel,aelwel8i@berkeley.edu
308,Omar,Dorcey,odorcey8j@soup.io
309,Sammy,Witherspoon,switherspoon8k@merriam-webster.com
310,Hercule,Matkovic,hmatkovic8l@unesco.org
311,Wallis,Dungay,wdungay8m@ucoz.com
312,Raye,Klimowski,rklimowski8n@theguardian.com
313,Evania,Revett,erevett8o@skyrock.com
314,Euphemia,Sone,esone8p@devhub.com
315,Berta,Leonards,bleonards8q@go.com
316,Billy,Chifney,bchifney8r@weibo.com
317,Mitchell,D'Ruel,mdruel8s@histats.com
318,Demeter,Rentalll,drentalll8t@qq.com
319,Ethyl,Keely,ekeely8u@un.org
320,Orelee,Botly,obotly8v@bbc.co.uk
321,Hill,Cantua,hcantua8w@prweb.com
322,Theodor,Killingbeck,tkillingbeck8x@odnoklassniki.ru
323,Wyndham,McLise,wmclise8y@icq.com
324,Shane,Trimme,strimme8z@xrea.com
325,Rozelle,Shorton,rshorton90@msn.com
326,Dougie,Standbrooke,dstandbrooke91@t-online.de
327,Amii,Walkden,awalkden92@msn.com
328,Ingaberg,Ikin,iikin93@reuters.com
329,Tymon,Claridge,tclaridge94@about.me
330,Montague,Quinlan,mquinlan95@usda.gov
331,Belvia,Ansty,bansty96@goodreads.com
332,Melantha,Calderbank,mcalderbank97@amazonaws.com
333,Berk,Corwin,bcorwin98@youtu.be
334,Katleen,Quaintance,kquaintance99@google.it
335,Moira,Bierman,mbierman9a@sfgate.com
336,Gusta,Mc Corley,gmccorley9b@w3.org
337,Alaine,Boud,aboud9c@go.com
338,Jareb,Faltin,jfaltin9d@mapy.cz
339,Sig,Draijer,sdraijer9e@bloomberg.com
340,Priscella,Auty,pauty9f@free.fr
341,Ly,Millsap,lmillsap9g@devhub.com
342,Lester,Renowden,lrenowden9h@eventbrite.com
343,Helenelizabeth,Benduhn,hbenduhn9i@ebay.com
344,Dasha,Moncreiff,dmoncreiff9j@ow.ly
345,Marie-jeanne,Cadany,mcadany9k@rediff.com
346,Berti,Houldin,bhouldin9l@bbc.co.uk
347,Tedd,Southorn,tsouthorn9m@msu.edu
348,Sheila,Darcy,sdarcy9n@joomla.org
349,Jana,Rosensaft,jrosensaft9o@nature.com
350,Darb,Peppard,dpeppard9p@a8.net
351,Gilbertine,Pechan,gpechan9q@netvibes.com
352,Farrell,Preece,fpreece9r@ning.com
353,Euell,Jest,ejest9s@google.ru
354,Stillman,Hawkin,shawkin9t@shinystat.com
355,Celeste,MacNalley,cmacnalley9u@posterous.com
356,Carlin,Turbefield,cturbefield9v@timesonline.co.uk
357,Franz,O'Sharry,fosharry9w@usatoday.com
358,Burton,Delbergue,bdelbergue9x@symantec.com
359,Kerwinn,Heighton,kheighton9y@slate.com
360,Carmencita,Dumigan,cdumigan9z@senate.gov
361,Ethel,Welbeck,ewelbecka0@cbslocal.com
362,Merline,Gosson,mgossona1@cnn.com
363,Theadora,Sankey,tsankeya2@state.tx.us
364,Cullie,Banfield,cbanfielda3@friendfeed.com
365,Talya,Bourgour,tbourgoura4@narod.ru
366,Abey,Legon,alegona5@irs.gov
367,Bridget,Hammonds,bhammondsa6@nps.gov
368,Florina,Kingzet,fkingzeta7@hp.com
369,Annora,Dougill,adougilla8@pinterest.com
370,Gaylene,Mansour,gmansoura9@gmpg.org
371,Jedediah,Oldacres,joldacresaa@wired.com
372,Deane,Fernely,dfernelyab@nps.gov
373,Veda,Tettersell,vtettersellac@csmonitor.com
374,Nicholas,Breitling,nbreitlingad@bravesites.com
375,Kerwin,Blackway,kblackwayae@ca.gov
376,Ryley,Di Biagi,rdibiagiaf@squarespace.com
377,Gavin,Blakeley,gblakeleyag@taobao.com
378,Emmalyn,Vibert,evibertah@wiley.com
379,Steffen,Storch,sstorchai@dmoz.org
380,Pip,Simnett,psimnettaj@biblegateway.com
381,Raimund,Barnson,rbarnsonak@hostgator.com
382,Beverly,Artrick,bartrickal@bigcartel.com
383,Orv,Colliar,ocolliaram@pinterest.com
384,Wood,Playle,wplaylean@cargocollective.com
385,Haskel,Entissle,hentissleao@ibm.com
386,Pamella,Stanlick,pstanlickap@altervista.org
387,Zelma,Robarts,zrobartsaq@nps.gov
388,Horatio,Ruberry,hruberryar@stanford.edu
389,Saxe,Partener,sparteneras@addtoany.com
390,Donni,Reimers,dreimersat@i2i.jp
391,Kalinda,Elmar,kelmarau@paginegialle.it
392,Elise,Halwill,ehalwillav@soup.io
393,Mickie,Ouchterlony,mouchterlonyaw@noaa.gov
394,Devland,Spadoni,dspadoniax@businesswire.com
395,Bo,Gladhill,bgladhillay@netvibes.com
396,Barbi,Oventon,boventonaz@creativecommons.org
397,Con,Philipson,cphilipsonb0@discuz.net
398,Marina,Bartolomivis,mbartolomivisb1@jalbum.net
399,Richmound,Potkin,rpotkinb2@jimdo.com
400,Marvin,MacKnockiter,mmacknockiterb3@un.org
401,Whitaker,Tice,wticeb4@wsj.com
402,Amy,Chastan,achastanb5@wufoo.com
403,Nikoletta,Spargo,nspargob6@independent.co.uk
404,Ritchie,Itzig,ritzigb7@youku.com
405,Lucias,Klaaassen,lklaaassenb8@deliciousdays.com
406,Tremaine,Rawlence,trawlenceb9@edublogs.org
407,Gertrudis,Bassom,gbassomba@sourceforge.net
408,Horst,Norville,hnorvillebb@altervista.org
409,Rodrigo,Steaning,rsteaningbc@indiatimes.com
410,Zsa zsa,MacKeller,zmackellerbd@woothemes.com
411,Walliw,McKniely,wmcknielybe@networksolutions.com
412,Ethan,Camplin,ecamplinbf@berkeley.edu
413,Holly,Brolly,hbrollybg@webs.com
414,Trevar,Chicco,tchiccobh@myspace.com
415,Meryl,Caldicott,mcaldicottbi@epa.gov
416,Ricard,Radborne,rradbornebj@ow.ly
417,Yancy,Merfin,ymerfinbk@unc.edu
418,Corty,Ramelet,crameletbl@de.vu
419,Bobbie,Tedstone,btedstonebm@nifty.com
420,Jean,Hardy-Piggin,jhardypigginbn@istockphoto.com
421,Barbaraanne,Shakespear,bshakespearbo@jimdo.com
422,Norina,Monroe,nmonroebp@so-net.ne.jp
423,Dante,Tregent,dtregentbq@dagondesign.com
424,Giacinta,Thormann,gthormannbr@barnesandnoble.com
425,Tiena,Gibard,tgibardbs@who.int
426,Randy,Worssam,rworssambt@nsw.gov.au
427,Donella,Ambroz,dambrozbu@google.co.uk
428,Micheal,Opfer,mopferbv@sourceforge.net
429,Geno,Dorward,gdorwardbw@clickbank.net
430,Ronnie,Ostick,rostickbx@gnu.org
431,Simonette,Di Nisco,sdiniscoby@comsenz.com
432,Shurlocke,Lenz,slenzbz@wikispaces.com
433,Lukas,Kohring,lkohringc0@123-reg.co.uk
434,Reagan,Hagston,rhagstonc1@hao123.com
435,Mellisent,Tow,mtowc2@home.pl
436,Penni,Farfull,pfarfullc3@mit.edu
437,Vere,Stabbins,vstabbinsc4@usda.gov
438,Durward,Stodd,dstoddc5@xinhuanet.com
439,Jobina,Rodenborch,jrodenborchc6@posterous.com
440,Miran,Chalcraft,mchalcraftc7@alexa.com
441,Rennie,Raynton,rrayntonc8@baidu.com
442,Cinderella,Catlow,ccatlowc9@virginia.edu
443,Eddie,Srutton,esruttonca@wordpress.com
444,Kathi,Pifford,kpiffordcb@berkeley.edu
445,Lorinda,Heigl,lheiglcc@tamu.edu
446,Talya,Frostick,tfrostickcd@ow.ly
447,Aurelie,Oldroyde,aoldroydece@tinyurl.com
448,Orelle,Lindsay,olindsaycf@google.com
449,Justin,Philippault,jphilippaultcg@purevolume.com
450,Andrew,Dawby,adawbych@washingtonpost.com
451,Ambrosi,Briggs,abriggsci@baidu.com
452,Beverlee,Horsey,bhorseycj@gov.uk
453,Mike,Tallman,mtallmanck@shop-pro.jp
454,Claudian,Chatterton,cchattertoncl@privacy.gov.au
455,Laraine,Murrill,lmurrillcm@tamu.edu
456,Ad,Monksfield,amonksfieldcn@1688.com
457,Rance,Streak,rstreakco@goodreads.com
458,Randy,Gilkes,rgilkescp@canalblog.com
459,Darius,Collicott,dcollicottcq@engadget.com
460,Edie,Dowry,edowrycr@nationalgeographic.com
461,Lorri,Scrivinor,lscrivinorcs@mayoclinic.com
462,Alix,Cubbino,acubbinoct@pinterest.com
463,Roxy,Brooker,rbrookercu@oracle.com
464,Mathilde,Faldoe,mfaldoecv@geocities.com
465,Maris,Sangwin,msangwincw@weebly.com
466,Richmond,Poppy,rpoppycx@123-reg.co.uk
467,Darsey,Malcolm,dmalcolmcy@opensource.org
468,Catlee,Mickelwright,cmickelwrightcz@salon.com
469,Janith,Bulcroft,jbulcroftd0@51.la
470,Constancia,Ceschi,cceschid1@hexun.com
471,Dukie,Mattisson,dmattissond2@bigcartel.com
472,Cherlyn,Gladtbach,cgladtbachd3@sciencedaily.com
473,Cosme,Crosby,ccrosbyd4@vkontakte.ru
474,Sebastien,Hanmer,shanmerd5@adobe.com
475,Carrissa,Soaper,csoaperd6@usnews.com
476,Mariya,Tabourin,mtabourind7@a8.net
477,Max,Shadrach,mshadrachd8@reddit.com
478,Rochell,Beal,rbeald9@skyrock.com
479,Caria,Spelwood,cspelwoodda@army.mil
480,Clary,Folkes,cfolkesdb@mayoclinic.com
481,Cindelyn,Hamfleet,chamfleetdc@cmu.edu
482,Emlynne,Dearnaly,edearnalydd@themeforest.net
483,Nananne,Liven,nlivende@typepad.com
484,Ardeen,Deighan,adeighandf@ucsd.edu
485,Angelina,Ibbett,aibbettdg@elegantthemes.com
486,Erminia,Freeland,efreelanddh@nasa.gov
487,Shem,Scritch,sscritchdi@usgs.gov
488,Bevan,Lorenzo,blorenzodj@multiply.com
489,Bellina,Maryska,bmaryskadk@rambler.ru
490,Christopher,Ambrogioni,cambrogionidl@seesaa.net
491,Leonie,Patrono,lpatronodm@godaddy.com
492,Maible,Marushak,mmarushakdn@comsenz.com
493,Missy,Loxston,mloxstondo@oracle.com
494,Lyn,Panter,lpanterdp@altervista.org
495,Josy,Saing,jsaingdq@ning.com
496,Nonie,Rigglesford,nrigglesforddr@hhs.gov
497,Gerianne,Asch,gaschds@ustream.tv
498,Pearline,Nellen,pnellendt@who.int
499,Egor,Timperley,etimperleydu@biglobe.ne.jp
500,Maryanne,Ginnelly,mginnellydv@ft.com
501,Kiel,Brian,kbriandw@goodreads.com
502,Donni,Borland,dborlanddx@mozilla.com
503,Thaxter,Keepin,tkeepindy@harvard.edu
504,Romola,Elner,relnerdz@scientificamerican.com
505,Shaun,Kleinhausen,skleinhausene0@fc2.com
506,Winifield,Armistead,warmisteade1@google.nl
507,Kylie,Lynnett,klynnette2@people.com.cn
508,Chester,Peer,cpeere3@merriam-webster.com
509,Corbin,Nenci,cnencie4@telegraph.co.uk
510,Witty,Stormouth,wstormouthe5@ameblo.jp
511,Trip,McNaughton,tmcnaughtone6@ftc.gov
512,Carolan,Grundell,cgrundelle7@virginia.edu
513,Corrina,Filipic,cfilipice8@yellowpages.com
514,Munroe,Lighterness,mlighternesse9@wisc.edu
515,Sabra,Monger,smongerea@opera.com
516,Melinde,Drewes,mdreweseb@myspace.com
517,Lucias,McMahon,lmcmahonec@google.de
518,Marve,Cradoc,mcradoced@google.com.au
519,Guillemette,Steaning,gsteaningee@posterous.com
520,Jarrad,Gissing,jgissingef@noaa.gov
521,Hewie,Garbutt,hgarbutteg@nydailynews.com
522,Trina,Howsin,thowsineh@vkontakte.ru
523,Filberto,Janman,fjanmanei@mtv.com
524,Jonathon,Freyn,jfreynej@spotify.com
525,Bernardina,Hartle,bhartleek@toplist.cz
526,Jo,Tofanini,jtofaniniel@skyrock.com
527,Ki,Lumb,klumbem@unc.edu
528,Hetty,Ajsik,hajsiken@economist.com
529,Latisha,Bricklebank,lbricklebankeo@usgs.gov
530,Bess,Goodayle,bgoodayleep@g.co
531,Teddi,Ritchie,tritchieeq@cisco.com
532,Dodi,Watsam,dwatsamer@parallels.com
533,Courtney,Preble,cpreblees@so-net.ne.jp
534,Carlos,Haycox,chaycoxet@biblegateway.com
535,Larissa,Lumox,llumoxeu@issuu.com
536,Sherye,MacMeanma,smacmeanmaev@blinklist.com
537,Bernie,Cranston,bcranstonew@sciencedirect.com
538,Ebeneser,Stendell,estendellex@deviantart.com
539,Hodge,Bramwich,hbramwichey@twitpic.com
540,Chelsey,Lansdowne,clansdowneez@google.co.uk
541,Otis,Seedhouse,oseedhousef0@irs.gov
542,Juliann,Shingfield,jshingfieldf1@hugedomains.com
543,Carson,Rambadt,crambadtf2@usnews.com
544,Anetta,Giberd,agiberdf3@who.int
545,Randy,McEllen,rmcellenf4@topsy.com
546,Florian,Garard,fgarardf5@ed.gov
547,Ciel,St Clair,cstclairf6@bigcartel.com
548,Evanne,Haythorne,ehaythornef7@linkedin.com
549,Gannon,Thomesson,gthomessonf8@usa.gov
550,Joela,Crut,jcrutf9@nifty.com
551,Alexandr,Rodder,arodderfa@vkontakte.ru
552,Fifi,Savell,fsavellfb@forbes.com
553,Tedd,Mannakee,tmannakeefc@wordpress.com
554,Ashia,Umney,aumneyfd@examiner.com
555,Riane,Mackison,rmackisonfe@fc2.com
556,Cyril,Milkin,cmilkinff@4shared.com
557,Suzy,Jan,sjanfg@desdev.cn
558,Claudelle,Brind,cbrindfh@soup.io
559,Cornie,O'Gavin,cogavinfi@pbs.org
560,Mufinella,Rooson,mroosonfj@washingtonpost.com
561,Jacquenette,Harbor,jharborfk@diigo.com
562,Clo,MacKibbon,cmackibbonfl@ning.com
563,Johann,Stuart,jstuartfm@time.com
564,Isabel,Ralph,iralphfn@who.int
565,Layton,Gerant,lgerantfo@shop-pro.jp
566,Irv,Serrurier,iserrurierfp@sakura.ne.jp
567,Robbert,Montfort,rmontfortfq@gmpg.org
568,Edgardo,Bartley,ebartleyfr@umich.edu
569,Jens,Drezzer,jdrezzerfs@youtu.be
570,Codie,Vinsen,cvinsenft@bloomberg.com
571,Briny,Linthead,blintheadfu@printfriendly.com
572,Trixie,Watts,twattsfv@gmpg.org
573,Frieda,Sholl,fshollfw@phpbb.com
574,Amby,Snowdon,asnowdonfx@ovh.net
575,Kent,Fellgate,kfellgatefy@comcast.net
576,Arline,Doulton,adoultonfz@dyndns.org
577,Glendon,Loch,glochg0@usnews.com
578,Martelle,Santori,msantorig1@indiatimes.com
579,Valentijn,Oels,voelsg2@lycos.com
580,Brigid,Genery,bgeneryg3@gnu.org
581,Nada,Blockey,nblockeyg4@wordpress.org
582,Jerrylee,Denny,jdennyg5@bizjournals.com
583,Ezechiel,Cicci,eciccig6@mayoclinic.com
584,Brien,Hukin,bhuking7@paypal.com
585,Rozanna,Castilljo,rcastilljog8@tinypic.com
586,Hesther,Mathis,hmathisg9@php.net
587,Alejandrina,Speechly,aspeechlyga@amazon.de
588,Fina,Likely,flikelygb@yellowbook.com
589,Gabby,Gemlbett,ggemlbettgc@google.it
590,Bride,Vezey,bvezeygd@geocities.com
591,Galina,Slite,gslitege@indiatimes.com
592,Izak,Dyne,idynegf@blogs.com
593,Maxie,Yakunchikov,myakunchikovgg@dyndns.org
594,Ree,Bourthouloume,rbourthouloumegh@wikispaces.com
595,Elnore,de Aguirre,edeaguirregi@cloudflare.com
596,Ervin,Chinnick,echinnickgj@yolasite.com
597,Constantino,Raynes,craynesgk@economist.com
598,Rayna,Meece,rmeecegl@utexas.edu
599,Raina,Duplain,rduplaingm@google.co.jp
600,Farris,Tincey,ftinceygn@blogger.com
601,Almire,Metzke,ametzkego@oaic.gov.au
602,Gabrila,Top,gtopgp@comcast.net
603,Dode,Espinheira,despinheiragq@ibm.com
604,Ware,Berrygun,wberrygungr@irs.gov
605,Julee,Escale,jescalegs@hp.com
606,Benito,Bee,bbeegt@stanford.edu
607,Lil,Anfosso,lanfossogu@zdnet.com
608,Laetitia,Dessaur,ldessaurgv@reference.com
609,Denice,Donwell,ddonwellgw@desdev.cn
610,Perren,Carlill,pcarlillgx@hp.com
611,Priscilla,Hugo,phugogy@reference.com
612,Bryanty,Jerdein,bjerdeingz@oaic.gov.au
613,Shelley,Truckett,strucketth0@elpais.com
614,Carita,Ebertz,cebertzh1@fc2.com
615,Augie,Donett,adonetth2@aol.com
616,Aube,Burfoot,aburfooth3@techcrunch.com
617,Red,Thoresbie,rthoresbieh4@hubpages.com
618,Devi,Ollie,dollieh5@icio.us
619,Codie,Jowers,cjowersh6@github.com
620,Marshall,Hagyard,mhagyardh7@amazon.co.uk
621,Nealy,Ailmer,nailmerh8@cpanel.net
622,Pierson,Huyge,phuygeh9@freewebs.com
623,Jasper,Menel,jmenelha@pen.io
624,Amandy,Commucci,acommuccihb@zimbio.com
625,Irwinn,Gantzman,igantzmanhc@earthlink.net
626,Devan,Antonov,dantonovhd@wikia.com
627,Maia,Gallyon,mgallyonhe@google.pl
628,Sterling,Gilder,sgilderhf@pcworld.com
629,Aundrea,Lis,alishg@4shared.com
630,Dickie,Topley,dtopleyhh@devhub.com
631,Sherwin,Phin,sphinhi@newyorker.com
632,Prudi,Willingham,pwillinghamhj@buzzfeed.com
633,Katalin,Autrie,kautriehk@youtu.be
634,Wynn,Sarfat,wsarfathl@github.com
635,Rees,Davenport,rdavenporthm@ezinearticles.com
636,Caesar,Honacker,chonackerhn@free.fr
637,Grayce,Bendelow,gbendelowho@bing.com
638,Deana,Spread,dspreadhp@discovery.com
639,Artemis,Woodwind,awoodwindhq@goodreads.com
640,Happy,Yateman,hyatemanhr@wufoo.com
641,Raimund,Pach,rpachhs@msu.edu
642,Archibald,Beddoe,abeddoeht@ucoz.ru
643,Simonette,Olivari,solivarihu@mozilla.com
644,Nancee,Drinkel,ndrinkelhv@slate.com
645,Jolie,Rosendale,jrosendalehw@blogger.com
646,Evin,Klemmt,eklemmthx@nymag.com
647,Gerick,Vagges,gvaggeshy@thetimes.co.uk
648,Rosalinde,Shevels,rshevelshz@bloglovin.com
649,Giavani,Chazier,gchazieri0@nps.gov
650,Reena,Renackowna,rrenackownai1@bigcartel.com
651,Sax,McCroft,smccrofti2@purevolume.com
652,Fredelia,Gallear,fgalleari3@upenn.edu
653,Abby,Westley,awestleyi4@google.pl
654,Germayne,Leggott,gleggotti5@toplist.cz
655,Marielle,Craister,mcraisteri6@clickbank.net
656,Courtenay,Kersaw,ckersawi7@youtu.be
657,Chanda,Stones,cstonesi8@wikimedia.org
658,Caddric,Leibold,cleiboldi9@yandex.ru
659,Ellissa,Dennert,edennertia@yolasite.com
660,Erasmus,Hacon,ehaconib@earthlink.net
661,Janeta,Press,jpressic@nydailynews.com
662,Arni,Raulin,araulinid@oracle.com
663,Geri,Longhorne,glonghorneie@house.gov
664,Gabbie,Sofe,gsofeif@bravesites.com
665,Chet,Janson,cjansonig@indiatimes.com
666,Brett,Carwithim,bcarwithimih@google.co.jp
667,Pattin,Crake,pcrakeii@dion.ne.jp
668,Mahmud,Papis,mpapisij@sbwire.com
669,Pedro,Corzon,pcorzonik@symantec.com
670,Bradly,Dakers,bdakersil@icq.com
671,Shepard,Parysiak,sparysiakim@pinterest.com
672,Eugine,Bail,ebailin@usnews.com
673,Zack,Meddings,zmeddingsio@wufoo.com
674,Demetria,O'Toole,dotooleip@sfgate.com
675,Berti,Slaymaker,bslaymakeriq@unicef.org
676,Lelah,McEachern,lmceachernir@prnewswire.com
677,Amandi,Menichi,amenichiis@bandcamp.com
678,Conrad,Filde,cfildeit@usda.gov
679,Merwin,Vedekhov,mvedekhoviu@xinhuanet.com
680,Haley,Garton,hgartoniv@biglobe.ne.jp
681,Garvy,Scullin,gsculliniw@squarespace.com
682,Jayme,Oag,joagix@google.ru
683,Avril,Maffei,amaffeiiy@cnbc.com
684,Webb,Searsby,wsearsbyiz@unblog.fr
685,Jon,Onele,jonelej0@aboutads.info
686,Niccolo,Crowson,ncrowsonj1@wisc.edu
687,Meaghan,Malden,mmaldenj2@over-blog.com
688,Cordelia,Jozefczak,cjozefczakj3@tripadvisor.com
689,Jerrome,Kiehnlt,jkiehnltj4@admin.ch
690,Inglis,Lucus,ilucusj5@google.fr
691,Nobe,Augur,naugurj6@psu.edu
692,Thedrick,Metzel,tmetzelj7@princeton.edu
693,Nathanael,Malyon,nmalyonj8@senate.gov
694,See,Denisovo,sdenisovoj9@nytimes.com
695,Marti,Edlin,medlinja@delicious.com
696,Emelda,Lupton,eluptonjb@prnewswire.com
697,Leese,Buglass,lbuglassjc@netscape.com
698,Nevsa,Grimmert,ngrimmertjd@sfgate.com
699,Filip,Corke,fcorkeje@tmall.com
700,Whitby,Borrow,wborrowjf@nih.gov
701,Karalynn,Openshaw,kopenshawjg@businessinsider.com
702,Aila,Cuming,acumingjh@google.it
703,Lulu,Huebner,lhuebnerji@utexas.edu
704,Darrelle,Durnford,ddurnfordjj@yandex.ru
705,Clayborn,Henzley,chenzleyjk@mediafire.com
706,Brook,Hattoe,bhattoejl@privacy.gov.au
707,Ninnetta,Gowthorpe,ngowthorpejm@blogspot.com
708,Powell,Beiderbecke,pbeiderbeckejn@nih.gov
709,Justinn,Prichet,jprichetjo@t-online.de
710,Rafferty,Melley,rmelleyjp@google.com.hk
711,Agnola,Franzolini,afranzolinijq@gravatar.com
712,Orly,Huygen,ohuygenjr@google.ru
713,Malia,McGettrick,mmcgettrickjs@geocities.com
714,Tam,Brockley,tbrockleyjt@bizjournals.com
715,Abby,Matyatin,amatyatinju@ucoz.com
716,Mathilde,Clemerson,mclemersonjv@gov.uk
717,Wilmer,Hartus,whartusjw@slashdot.org
718,Kippie,McBayne,kmcbaynejx@redcross.org
719,Adey,Manion,amanionjy@surveymonkey.com
720,Esmeralda,de Clerc,edeclercjz@google.com.hk
721,Gillie,Wyllis,gwyllisk0@ovh.net
722,Emanuel,Goldson,egoldsonk1@businessweek.com
723,Alta,O'Shevlin,aoshevlink2@technorati.com
724,Obidiah,Demoge,odemogek3@simplemachines.org
725,Ives,Ley,ileyk4@earthlink.net
726,Hamid,Brinson,hbrinsonk5@studiopress.com
727,Hortensia,Collinge,hcollingek6@epa.gov
728,Carmela,Khalid,ckhalidk7@mit.edu
729,Nehemiah,Trayton,ntraytonk8@smugmug.com
730,Paddie,Dillestone,pdillestonek9@alexa.com
731,Laural,Llewellen,lllewellenka@sitemeter.com
732,Kinna,Morrieson,kmorriesonkb@blogs.com
733,Bonny,Abrahmson,babrahmsonkc@independent.co.uk
734,Sabra,Oxby,soxbykd@stumbleupon.com
735,Myer,Alldre,malldreke@livejournal.com
736,Michaelina,Bonnar,mbonnarkf@state.gov
737,Cilka,Tilbrook,ctilbrookkg@fema.gov
738,Sharron,Rucklidge,srucklidgekh@technorati.com
739,Shaun,Smethurst,ssmethurstki@yale.edu
740,Constantina,Gazzard,cgazzardkj@sciencedirect.com
741,Amie,Knowling,aknowlingkk@facebook.com
742,Zaria,Colloff,zcolloffkl@163.com
743,Alfie,Surguine,asurguinekm@businessinsider.com
744,Carmela,Dominichetti,cdominichettikn@nhs.uk
745,Alfonso,Coburn,acoburnko@gizmodo.com
746,Ida,Hatch,ihatchkp@dagondesign.com
747,Gerard,Goodwin,ggoodwinkq@reuters.com
748,Giacinta,Jewett,gjewettkr@washington.edu
749,Alanna,Wolfer,awolferks@pinterest.com
750,Alyss,Voller,avollerkt@desdev.cn
751,Aube,O Mullen,aomullenku@live.com
752,Chrissy,Fall,cfallkv@cloudflare.com
753,Ardisj,Shakspeare,ashakspearekw@angelfire.com
754,Alvin,Wearne,awearnekx@ameblo.jp
755,Byrom,Biddulph,bbiddulphky@blogs.com
756,Rock,Gilstoun,rgilstounkz@live.com
757,Alford,Lindelof,alindelofl0@vistaprint.com
758,Keely,Manktelow,kmanktelowl1@storify.com
759,Branden,Emanuelli,bemanuellil2@freewebs.com
760,Sella,Edeson,sedesonl3@arizona.edu
761,Engracia,Furbank,efurbankl4@taobao.com
762,Iorgos,Lathleiff,ilathleiffl5@google.com.br
763,Skell,Schimaschke,sschimaschkel6@list-manage.com
764,Malchy,Syfax,msyfaxl7@canalblog.com
765,Bertie,McGeady,bmcgeadyl8@microsoft.com
766,Cyrill,Logie,clogiel9@dailymail.co.uk
767,Tildy,McEnery,tmceneryla@blogger.com
768,Early,Beeching,ebeechinglb@npr.org
769,Brander,Ivanitsa,bivanitsalc@twitter.com
770,Darya,Browning,dbrowningld@123-reg.co.uk
771,Kizzee,Scocroft,kscocroftle@independent.co.uk
772,Xylia,Pembry,xpembrylf@nhs.uk
773,Colman,McPartling,cmcpartlinglg@wordpress.org
774,Raf,Skule,rskulelh@a8.net
775,Shaun,Vargas,svargasli@parallels.com
776,Nedda,Humbatch,nhumbatchlj@is.gd
777,Auroora,Ferreira,aferreiralk@joomla.org
778,Virgie,Armand,varmandll@netscape.com
779,Shannan,Skeats,sskeatslm@pinterest.com
780,Laurie,Haddow,lhaddowln@tinyurl.com
781,Chery,Newall,cnewalllo@msu.edu
782,Lyndsie,Navarijo,lnavarijolp@hao123.com
783,Davis,Colvill,dcolvilllq@cmu.edu
784,Else,Dowty,edowtylr@fema.gov
785,Ranice,Grimwood,rgrimwoodls@nydailynews.com
786,Curr,Van Der Vlies,cvandervlieslt@goo.gl
787,Elli,Whorf,ewhorflu@google.it
788,Jamima,Hinchon,jhinchonlv@webeden.co.uk
789,Tim,Trime,ttrimelw@tripadvisor.com
790,Aeriell,Scarce,ascarcelx@archive.org
791,Billy,Prendiville,bprendivillely@4shared.com
792,Georgy,Biggin,gbigginlz@i2i.jp
793,Olly,O'Donnell,oodonnellm0@wufoo.com
794,Alasdair,Entreis,aentreism1@123-reg.co.uk
795,Dante,Corstan,dcorstanm2@fastcompany.com
796,Harald,Ramsdale,hramsdalem3@apache.org
797,Ahmad,Coundley,acoundleym4@lulu.com
798,Sybil,Kehri,skehrim5@nasa.gov
799,Engelbert,Stivey,estiveym6@who.int
800,Kamillah,McGreay,kmcgreaym7@tumblr.com
801,Adlai,Ivashintsov,aivashintsovm8@netvibes.com
802,Timi,Ashtonhurst,tashtonhurstm9@delicious.com
803,Dwayne,Willard,dwillardma@ocn.ne.jp
804,Myrtle,Sumpton,msumptonmb@google.it
805,Bail,McGenn,bmcgennmc@mac.com
806,Zelda,Atwill,zatwillmd@over-blog.com
807,Teodoor,Ughelli,tughellime@eventbrite.com
808,Farris,Skally,fskallymf@blogger.com
809,Klaus,Driffill,kdriffillmg@cloudflare.com
810,Dinah,Joscelyne,djoscelynemh@github.io
811,Brien,Klimshuk,bklimshukmi@phpbb.com
812,Leda,Dallicott,ldallicottmj@newyorker.com
813,Marji,Henlon,mhenlonmk@csmonitor.com
814,Josiah,Milington,jmilingtonml@timesonline.co.uk
815,Averyl,Tunnick,atunnickmm@123-reg.co.uk
816,Aloin,Sprigings,asprigingsmn@nih.gov
817,Mollee,Leyban,mleybanmo@mayoclinic.com
818,Breena,Beeble,bbeeblemp@google.com.au
819,Otis,Miche,omichemq@netscape.com
820,Lila,Stolberger,lstolbergermr@w3.org
821,Xaviera,Towne,xtownems@flickr.com
822,Boris,Loos,bloosmt@bing.com
823,Adda,Cowthard,acowthardmu@boston.com
824,Hayley,January,hjanuarymv@scribd.com
825,Zelma,Andreuzzi,zandreuzzimw@google.com.hk
826,Harlan,Blasgen,hblasgenmx@deliciousdays.com
827,Lawrence,Fairhead,lfairheadmy@about.com
828,Balduin,Moyle,bmoylemz@feedburner.com
829,Harriett,Syddie,hsyddien0@elegantthemes.com
830,Cathy,Rizzolo,crizzolon1@soup.io
831,Tildi,Yeulet,tyeuletn2@nbcnews.com
832,Carma,Stollman,cstollmann3@woothemes.com
833,Clair,Timmis,ctimmisn4@eventbrite.com
834,Sally,Pounsett,spounsettn5@webeden.co.uk
835,Harli,Ragot,hragotn6@huffingtonpost.com
836,Krystle,Greenacre,kgreenacren7@pbs.org
837,Myrtia,Braune,mbraunen8@ox.ac.uk
838,Sherye,Romaines,sromainesn9@bravesites.com
839,Elsy,M'Barron,embarronna@barnesandnoble.com
840,Kariotta,Fordy,kfordynb@pbs.org
841,Lancelot,Mayhew,lmayhewnc@theguardian.com
842,Stevie,Kenyon,skenyonnd@nhs.uk
843,Zorine,Tolan,ztolanne@com.com
844,Elmer,Bolland,ebollandnf@free.fr
845,Stormy,Tomicki,stomicking@ovh.net
846,Phillipe,Howieson,phowiesonnh@fda.gov
847,Ruthy,Gammel,rgammelni@free.fr
848,Leena,McAster,lmcasternj@rediff.com
849,Emlen,Metzel,emetzelnk@w3.org
850,Diane,Lorentzen,dlorentzennl@vimeo.com
851,Myrta,Barnewall,mbarnewallnm@de.vu
852,Ericha,Mosedill,emosedillnn@imageshack.us
853,Lucretia,Fennessy,lfennessyno@edublogs.org
854,Denny,Dionisetto,ddionisettonp@sogou.com
855,Ulric,Shallow,ushallownq@bloglines.com
856,Hildy,Matteotti,hmatteottinr@yolasite.com
857,Jermayne,Hachette,jhachettens@google.nl
858,Jacynth,Leatt,jleattnt@360.cn
859,Betteann,Volks,bvolksnu@about.me
860,Sianna,Steele,ssteelenv@pcworld.com
861,Marijn,Abrahmovici,mabrahmovicinw@imdb.com
862,Sandro,Halhead,shalheadnx@bizjournals.com
863,Josias,Lichtfoth,jlichtfothny@disqus.com
864,Biddie,Winmill,bwinmillnz@state.gov
865,Mar,Robe,mrobeo0@163.com
866,Danica,Quainton,dquaintono1@bing.com
867,Sharyl,Duce,sduceo2@usatoday.com
868,Lois,Domerq,ldomerqo3@gravatar.com
869,Bobinette,Reuven,breuveno4@biblegateway.com
870,Stoddard,Kenright,skenrighto5@washingtonpost.com
871,Amii,Senecaux,asenecauxo6@elegantthemes.com
872,Natasha,Glendenning,nglendenningo7@creativecommons.org
873,Beverley,Littlefair,blittlefairo8@jigsy.com
874,Grayce,Cherry Holme,gcherryholmeo9@friendfeed.com
875,Joan,Klima,jklimaoa@apple.com
876,Mikel,Bonome,mbonomeob@diigo.com
877,Chantal,Trolley,ctrolleyoc@cisco.com
878,Cordell,Hardwicke,chardwickeod@parallels.com
879,Suzette,Loggie,sloggieoe@arstechnica.com
880,Shane,Brocking,sbrockingof@washington.edu
881,Melisent,Conklin,mconklinog@gmpg.org
882,Rebeca,Buesden,rbuesdenoh@hc360.com
883,Nichols,Lumbly,nlumblyoi@icio.us
884,Leanora,Gerold,lgeroldoj@mapquest.com
885,Augusta,Emmot,aemmotok@tamu.edu
886,Margi,Killby,mkillbyol@bing.com
887,Flossie,Fazan,ffazanom@dailymail.co.uk
888,Evy,Aizik,eaizikon@symantec.com
889,William,Ellwood,wellwoodoo@berkeley.edu
890,Ardelle,Rayment,araymentop@chronoengine.com
891,Karrie,Osbidston,kosbidstonoq@wikimedia.org
892,Esme,Mannin,emanninor@house.gov
893,Ricky,McPhillimey,rmcphillimeyos@uiuc.edu
894,Albie,Coldbreath,acoldbreathot@yolasite.com
895,Stacee,Carillo,scarilloou@redcross.org
896,Heather,Barenski,hbarenskiov@cnbc.com
897,Ulrick,Dudleston,ududlestonow@cmu.edu
898,Myra,Manclark,mmanclarkox@nymag.com
899,Fulvia,Wanless,fwanlessoy@mayoclinic.com
900,Phil,Leather,pleatheroz@hud.gov
901,Mikaela,Brimblecomb,mbrimblecombp0@sina.com.cn
902,Hugo,Beardsley,hbeardsleyp1@hostgator.com
903,Eustace,Orviss,eorvissp2@flickr.com
904,Eleonora,Winborn,ewinbornp3@google.de
905,Falito,Sibly,fsiblyp4@chronoengine.com
906,Serena,Lipsett,slipsettp5@latimes.com
907,Hugues,Horribine,hhorribinep6@usgs.gov
908,Valerye,Cohr,vcohrp7@gizmodo.com
909,Stanislaus,Voelker,svoelkerp8@ustream.tv
910,Gustaf,Waberer,gwabererp9@home.pl
911,Evonne,Stokes,estokespa@devhub.com
912,Hirsch,Caress,hcaresspb@state.tx.us
913,Tabbi,Andreucci,tandreuccipc@google.it
914,Carine,Pelos,cpelospd@ihg.com
915,Cliff,Kellart,ckellartpe@linkedin.com
916,Desmond,Cranke,dcrankepf@wordpress.org
917,Camey,Legate,clegatepg@squidoo.com
918,Cirilo,Merwede,cmerwedeph@mtv.com
919,Nathalia,Jovis,njovispi@illinois.edu
920,Doroteya,Rohlfing,drohlfingpj@bandcamp.com
921,Stewart,Okker,sokkerpk@eventbrite.com
922,Lelah,Casserley,lcasserleypl@spotify.com
923,Vinnie,Chugg,vchuggpm@oracle.com
924,Marlena,Dootson,mdootsonpn@sciencedaily.com
925,Godart,Siss,gsisspo@livejournal.com
926,Romonda,Lipson,rlipsonpp@plala.or.jp
927,Brew,Guiness,bguinesspq@psu.edu
928,Abigail,Lipscomb,alipscombpr@samsung.com
929,Leontyne,Rimbault,lrimbaultps@cisco.com
930,Joannes,Maudson,jmaudsonpt@reference.com
931,Matthieu,Mangenot,mmangenotpu@istockphoto.com
932,Goddart,Gamil,ggamilpv@biblegateway.com
933,Myriam,Comben,mcombenpw@china.com.cn
934,Hernando,Antoniazzi,hantoniazzipx@google.de
935,Madelaine,Deluze,mdeluzepy@omniture.com
936,Orson,Tomankiewicz,otomankiewiczpz@last.fm
937,Feodor,Greeson,fgreesonq0@google.com
938,Antonina,Covey,acoveyq1@smugmug.com
939,Eulalie,Sagg,esaggq2@flavors.me
940,Wilmar,Juliff,wjuliffq3@theatlantic.com
941,Jeane,Lenox,jlenoxq4@disqus.com
942,Evanne,Bart,ebartq5@paypal.com
943,Sammy,Stinson,sstinsonq6@hugedomains.com
944,Kippie,Wickrath,kwickrathq7@vkontakte.ru
945,Katleen,Tredgold,ktredgoldq8@illinois.edu
946,De witt,Stubbings,dstubbingsq9@squidoo.com
947,Costa,Mulvey,cmulveyqa@about.me
948,Almeria,Kestell,akestellqb@nydailynews.com
949,Corny,Linskill,clinskillqc@51.la
950,Cyndie,Lyptrit,clyptritqd@alibaba.com
951,Rafael,Hamor,rhamorqe@marriott.com
952,Linell,Kisar,lkisarqf@google.es
953,Drucy,McCarron,dmccarronqg@discuz.net
954,Nadeen,Ascrofte,nascrofteqh@trellian.com
955,Magdalena,Brougham,mbroughamqi@princeton.edu
956,Berton,Crockatt,bcrockattqj@photobucket.com
957,Herve,Ipsly,hipslyqk@shinystat.com
958,Abbie,McAlister,amcalisterql@wunderground.com
959,Barty,Jonuzi,bjonuziqm@goodreads.com
960,Bobette,Kingwell,bkingwellqn@miitbeian.gov.cn
961,Mathian,Purser,mpurserqo@ted.com
962,Hilarius,Youngman,hyoungmanqp@shutterfly.com
963,Pamelina,Belf,pbelfqq@gizmodo.com
964,Donny,Rourke,drourkeqr@hatena.ne.jp
965,Vernice,Antunes,vantunesqs@pen.io
966,Levy,Cogley,lcogleyqt@guardian.co.uk
967,Marsha,Follan,mfollanqu@a8.net
968,Gwenneth,Cawood,gcawoodqv@vinaora.com
969,Sandye,Burdikin,sburdikinqw@rakuten.co.jp
970,Nessy,Goneau,ngoneauqx@is.gd
971,Emmeline,Hall,ehallqy@youku.com
972,Romy,Flobert,rflobertqz@twitter.com
973,Lance,Stoggles,lstogglesr0@mayoclinic.com
974,Marinna,Finnick,mfinnickr1@hibu.com
975,Manny,Swindles,mswindlesr2@engadget.com
976,Charil,Birdsall,cbirdsallr3@wordpress.com
977,Carma,Leser,cleserr4@squarespace.com
978,Leupold,Ketteringham,lketteringhamr5@com.com
979,Sherlocke,Norgan,snorganr6@wikispaces.com
980,Walton,Redfern,wredfernr7@google.com
981,Kaycee,Brosio,kbrosior8@narod.ru
982,Galvan,MacElharge,gmacelharger9@sciencedirect.com
983,Marthena,Khristoforov,mkhristoforovra@abc.net.au
984,Grazia,Cockburn,gcockburnrb@ox.ac.uk
985,Bary,Luca,blucarc@army.mil
986,Padgett,Cowden,pcowdenrd@guardian.co.uk
987,Madelaine,Ruben,mrubenre@ftc.gov
988,Jackqueline,Whelan,jwhelanrf@domainmarket.com
989,Clarie,Thynne,cthynnerg@symantec.com
990,Roscoe,Blampy,rblampyrh@etsy.com
991,Bernardo,Chisnell,bchisnellri@guardian.co.uk
992,Barbee,Reach,breachrj@sina.com.cn
993,Tirrell,Salthouse,tsalthouserk@fastcompany.com
994,Natale,Peddie,npeddierl@addtoany.com
995,Bear,Matitiaho,bmatitiahorm@typepad.com
996,Norman,Kliemke,nkliemkern@vinaora.com
997,Lia,Munn,lmunnro@tripod.com
998,Hatti,Bedbury,hbedburyrp@yellowbook.com
999,Angie,Tillett,atillettrq@woothemes.com
1000,Odell,Geeson,ogeesonrr@tuttocitta.it
