id,first_name,last_name,email
1,Sylas,Loughton,sloughton0@wikia.com
2,Drucy,Shory,dshory1@technorati.com
3,Wright,Bellocht,wbellocht2@go.com
4,Heddi,Maryman,hmaryman3@state.tx.us
5,Stacey,Kocher,skocher4@ed.gov
6,Vida,Jelleman,vjelleman5@symantec.com
7,Margalit,Speerman,mspeerman6@hc360.com
8,Margaret,Titlow,mtitlow7@homestead.com
9,Gray,Eskriett,geskriett8@infoseek.co.jp
10,Luce,Berr,lberr9@zdnet.com
11,Baxie,Tilbrook,btilbrooka@constantcontact.com
12,Zak,Mabbutt,zmabbuttb@businessinsider.com
13,Iain,McQuarrie,imcquarriec@dailymail.co.uk
14,Benjy,Padson,bpadsond@army.mil
15,Crissy,Binnell,cbinnelle@chicagotribune.com
16,Cyrillus,Buyers,cbuyersf@mapy.cz
17,Thurstan,Miner,tminerg@buzzfeed.com
18,Minda,Hatcliffe,mhatcliffeh@sakura.ne.jp
19,Lori,Cavan,lcavani@multiply.com
20,Bernhard,Coaker,bcoakerj@ucoz.ru
21,Ursala,Kenwyn,ukenwynk@foxnews.com
22,Kiele,Eyckelberg,keyckelbergl@europa.eu
23,Sigrid,Fordham,sfordhamm@oakley.com
24,Dona,Wraighte,dwraighten@vistaprint.com
25,Fawnia,Gumly,fgumlyo@bandcamp.com
26,Lanny,Clements,lclementsp@about.me
27,Essie,Camerana,ecameranaq@chron.com
28,Karmen,Ludewig,kludewigr@irs.gov
29,Staci,Barnhart,sbarnharts@nifty.com
30,Zia,Elham,zelhamt@jalbum.net
31,Matt,Tissington,mtissingtonu@stanford.edu
32,Denice,Rablin,drablinv@ifeng.com
33,Yehudi,Dorrington,ydorringtonw@wix.com
34,Vergil,Myford,vmyfordx@rakuten.co.jp
35,Ilario,Sheaf,isheafy@answers.com
36,Rona,Balcombe,rbalcombez@barnesandnoble.com
37,Meara,Cota,mcota10@liveinternet.ru
38,Carolann,Crowter,ccrowter11@hugedomains.com
39,Tootsie,Hurl,thurl12@live.com
40,Christian,Hachette,chachette13@biglobe.ne.jp
41,Jan,Orcas,jorcas14@lulu.com
42,Rene,Bisacre,rbisacre15@ycombinator.com
43,Hillary,Tayloe,htayloe16@seesaa.net
44,Car,Ianiello,cianiello17@npr.org
45,Lanita,Mila,lmila18@jugem.jp
46,Quentin,Du Fray,qdufray19@deliciousdays.com
47,Merrill,Craigmyle,mcraigmyle1a@nytimes.com
48,Marcel,Matheson,mmatheson1b@nhs.uk
49,Jazmin,Cahalin,jcahalin1c@xinhuanet.com
50,Katee,Amiranda,kamiranda1d@printfriendly.com
51,Norina,Webb-Bowen,nwebbbowen1e@google.com.br
52,Roanna,Gazzard,rgazzard1f@state.tx.us
53,Cassondra,Tweedle,ctweedle1g@photobucket.com
54,Cybill,Sedgman,csedgman1h@alexa.com
55,Flor,Simko,fsimko1i@tmall.com
56,Willa,Dowding,wdowding1j@examiner.com
57,Lusa,Inott,linott1k@woothemes.com
58,Jeffrey,Bryan,jbryan1l@com.com
59,Christoffer,Jacox,cjacox1m@time.com
60,Monroe,Scothern,mscothern1n@cocolog-nifty.com
61,Pattie,Jaffrey,pjaffrey1o@rakuten.co.jp
62,Gard,Durward,gdurward1p@icq.com
63,Mace,Refford,mrefford1q@123-reg.co.uk
64,Rosemarie,Purchon,rpurchon1r@sina.com.cn
65,Harriott,Stancliffe,hstancliffe1s@live.com
66,Bo,Doumic,bdoumic1t@hubpages.com
67,Rikki,Sebborn,rsebborn1u@exblog.jp
68,Kirby,McSkeagan,kmcskeagan1v@tinyurl.com
69,Jack,Cottell,jcottell1w@mysql.com
70,Bili,Gaskell,bgaskell1x@amazon.de
71,Winnie,Kayser,wkayser1y@unicef.org
72,Bari,Byass,bbyass1z@domainmarket.com
73,Chrisse,Yeardley,cyeardley20@acquirethisname.com
74,Wolf,Blune,wblune21@com.com
75,Reiko,Hamblington,rhamblington22@google.co.jp
76,Lyndsay,Ivanyushkin,livanyushkin23@cloudflare.com
77,Kelcey,Hamly,khamly24@ning.com
78,Netty,MacDowal,nmacdowal25@google.ru
79,Pauletta,Lindenberg,plindenberg26@sitemeter.com
80,Rahel,Matthieson,rmatthieson27@xing.com
81,Worthington,Keeney,wkeeney28@nps.gov
82,Rodney,Cadogan,rcadogan29@examiner.com
83,Fanya,Rizzillo,frizzillo2a@japanpost.jp
84,Miltie,Green,mgreen2b@is.gd
85,Barbara,Float,bfloat2c@moonfruit.com
86,Simone,De Atta,sdeatta2d@samsung.com
87,Austen,Butte,abutte2e@berkeley.edu
88,Beck,Mingo,bmingo2f@gizmodo.com
89,Tonye,Peery,tpeery2g@adobe.com
90,Venus,McTrustie,vmctrustie2h@adobe.com
91,Consuela,Ringrose,cringrose2i@theguardian.com
92,Thorn,Millmoe,tmillmoe2j@elpais.com
93,Alex,Goodier,agoodier2k@scientificamerican.com
94,Yoshiko,Astupenas,yastupenas2l@reference.com
95,Anderson,Winfrey,awinfrey2m@hhs.gov
96,Lanita,Stockle,lstockle2n@phoca.cz
97,Malchy,Dolohunty,mdolohunty2o@usnews.com
98,Brianna,Holton,bholton2p@sakura.ne.jp
99,Lannie,Kneafsey,lkneafsey2q@unc.edu
100,Carmencita,Sheppey,csheppey2r@netvibes.com
101,Joanie,Fearneley,jfearneley2s@harvard.edu
102,Jemie,Phelip,jphelip2t@acquirethisname.com
103,Manfred,Menloe,mmenloe2u@cyberchimps.com
104,Sarene,Dowthwaite,sdowthwaite2v@posterous.com
105,Marcia,Vlach,mvlach2w@umich.edu
106,Tull,Laidler,tlaidler2x@comsenz.com
107,Ede,Kytter,ekytter2y@dailymail.co.uk
108,Petunia,Cannaway,pcannaway2z@examiner.com
109,Berta,Bedell,bbedell30@amazon.com
110,Shaughn,Tomkies,stomkies31@census.gov
111,Ileana,Pinks,ipinks32@elpais.com
112,Lief,Parsley,lparsley33@thetimes.co.uk
113,Sella,Zamorano,szamorano34@cdbaby.com
114,Binny,Rameaux,brameaux35@utexas.edu
115,Woodie,Coltman,wcoltman36@ed.gov
116,Garvey,Purselowe,gpurselowe37@msn.com
117,Willie,Peasee,wpeasee38@123-reg.co.uk
118,Louis,McGauhy,lmcgauhy39@psu.edu
119,Martica,Cotsford,mcotsford3a@cam.ac.uk
120,Micheal,Mangam,mmangam3b@amazon.co.jp
121,Billye,Lound,blound3c@gov.uk
122,Darleen,Mora,dmora3d@google.nl
123,Bruno,Laurance,blaurance3e@angelfire.com
124,Maryrose,Utridge,mutridge3f@army.mil
125,Desi,Jankowski,djankowski3g@epa.gov
126,Gusta,Cardinal,gcardinal3h@about.me
127,Doroteya,Loyd,dloyd3i@cdbaby.com
128,Tab,Rose,trose3j@drupal.org
129,Asa,Tomaszczyk,atomaszczyk3k@dedecms.com
130,Gary,Lettice,glettice3l@ifeng.com
131,Lorita,Guiver,lguiver3m@furl.net
132,Laverne,Dundon,ldundon3n@nationalgeographic.com
133,Glennis,Whitebread,gwhitebread3o@weibo.com
134,Way,Fretson,wfretson3p@list-manage.com
135,Zena,Begent,zbegent3q@wiley.com
136,Temple,Landes,tlandes3r@dmoz.org
137,Bale,Kingett,bkingett3s@mail.ru
138,Concettina,Collabine,ccollabine3t@skype.com
139,Ekaterina,Dmych,edmych3u@trellian.com
140,Jeanelle,Phayre,jphayre3v@miibeian.gov.cn
141,Kev,McNutt,kmcnutt3w@naver.com
142,Gian,Bingley,gbingley3x@gravatar.com
143,Weider,Lamperd,wlamperd3y@tuttocitta.it
144,Mohammed,Odda,modda3z@fc2.com
145,Nels,Allnatt,nallnatt40@reference.com
146,Dolley,Nast,dnast41@geocities.jp
147,Hettie,Fransewich,hfransewich42@yahoo.com
148,Beaufort,Pichmann,bpichmann43@adobe.com
149,Lisle,Treske,ltreske44@g.co
150,Walton,Severy,wsevery45@ucla.edu
151,Arlette,Bain,abain46@canalblog.com
152,Kim,Gottelier,kgottelier47@gravatar.com
153,Doralynne,Towlson,dtowlson48@nsw.gov.au
154,Kerianne,McVaugh,kmcvaugh49@usa.gov
155,Donnie,Welland,dwelland4a@army.mil
156,Leoline,Rives,lrives4b@bbc.co.uk
157,Retha,Brummitt,rbrummitt4c@pinterest.com
158,Katee,Tockell,ktockell4d@walmart.com
159,Junina,Dundredge,jdundredge4e@biglobe.ne.jp
160,Stillman,Probbin,sprobbin4f@friendfeed.com
161,Aleen,Lenaghen,alenaghen4g@biblegateway.com
162,Cori,Trodden,ctrodden4h@over-blog.com
163,Rosetta,Stoade,rstoade4i@slashdot.org
164,Aldrich,Westwick,awestwick4j@bravesites.com
165,Viola,Fillary,vfillary4k@upenn.edu
166,Shanie,Ivimey,sivimey4l@themeforest.net
167,Konstanze,Novis,knovis4m@de.vu
168,Grethel,Haresign,gharesign4n@theglobeandmail.com
169,Meghann,Schowenburg,mschowenburg4o@eepurl.com
170,Shane,Anthiftle,santhiftle4p@addthis.com
171,Andie,Fundell,afundell4q@purevolume.com
172,Isador,Ingree,iingree4r@ycombinator.com
173,Teddie,Lendrem,tlendrem4s@cmu.edu
174,Rossie,Nudds,rnudds4t@independent.co.uk
175,Irving,Eringey,ieringey4u@youtube.com
176,Maribeth,Gerrey,mgerrey4v@meetup.com
177,Aggie,McRinn,amcrinn4w@ucla.edu
178,Mathilde,MacFarlan,mmacfarlan4x@amazon.com
179,Kamillah,Stickland,kstickland4y@dailymail.co.uk
180,Bailey,Tett,btett4z@intel.com
181,Mignonne,Chillistone,mchillistone50@nifty.com
182,Morgun,Vasser,mvasser51@arizona.edu
183,Ester,Brooke,ebrooke52@vk.com
184,Teddi,Von Oertzen,tvonoertzen53@sogou.com
185,Ilene,Gaddesby,igaddesby54@theatlantic.com
186,Malachi,Wraighte,mwraighte55@networkadvertising.org
187,Blakeley,Beig,bbeig56@youku.com
188,Ferd,Sallenger,fsallenger57@slideshare.net
189,Maud,McLeoid,mmcleoid58@gmpg.org
190,Lanna,Salmond,lsalmond59@sogou.com
191,Meggi,Ammer,mammer5a@dailymotion.com
192,Rosa,Dussy,rdussy5b@marketwatch.com
193,Tatum,Renac,trenac5c@yahoo.co.jp
194,Candide,Lain,clain5d@example.com
195,Francesco,Garken,fgarken5e@cbc.ca
196,Hailey,Castillou,hcastillou5f@privacy.gov.au
197,Welch,O'Donnell,wodonnell5g@cocolog-nifty.com
198,Arlyne,Binnes,abinnes5h@java.com
199,Elsy,Prescott,eprescott5i@google.nl
200,Constancy,Monck,cmonck5j@squarespace.com
201,Babara,Ryce,bryce5k@stanford.edu
202,Hinze,Pitchers,hpitchers5l@slideshare.net
203,Aleen,Fockes,afockes5m@nationalgeographic.com
204,Dacey,Cowland,dcowland5n@youku.com
205,Lorianne,Nuzzi,lnuzzi5o@seattletimes.com
206,Bruis,Ivatt,bivatt5p@google.pl
207,Vinnie,Richel,vrichel5q@skyrock.com
208,Corena,Gauchier,cgauchier5r@microsoft.com
209,Newton,McAuliffe,nmcauliffe5s@ustream.tv
210,Rafael,Wellman,rwellman5t@t.co
211,Lorri,Pinard,lpinard5u@unc.edu
212,Ruttger,Mouth,rmouth5v@wikispaces.com
213,Gallagher,Yegorkov,gyegorkov5w@smugmug.com
214,Dara,Stiffell,dstiffell5x@china.com.cn
215,Manuel,Proffitt,mproffitt5y@twitpic.com
216,Giuditta,Holson,gholson5z@bandcamp.com
217,My,Willarton,mwillarton60@behance.net
218,Bartholomeo,Sowrah,bsowrah61@blogger.com
219,Collen,Shaul,cshaul62@51.la
220,Malia,Eglin,meglin63@umn.edu
221,Art,Bungey,abungey64@businesswire.com
222,Kermit,Hinckes,khinckes65@aol.com
223,Zacherie,Vassay,zvassay66@google.com.hk
224,Sherwin,Justun,sjustun67@washingtonpost.com
225,Fairleigh,Premble,fpremble68@ebay.com
226,Malvin,Suston,msuston69@nymag.com
227,Barry,Teasdale,bteasdale6a@lulu.com
228,Drud,Hehl,dhehl6b@europa.eu
229,Saul,Darbey,sdarbey6c@joomla.org
230,Thomasina,Shakshaft,tshakshaft6d@eepurl.com
231,Lonee,Creek,lcreek6e@webmd.com
232,Tanny,De Souza,tdesouza6f@digg.com
233,Ada,Petrie,apetrie6g@blogtalkradio.com
234,Glenna,Knightley,gknightley6h@woothemes.com
235,Dacia,Wrathmall,dwrathmall6i@cornell.edu
236,Gene,Baish,gbaish6j@moonfruit.com
237,Buffy,Schuck,bschuck6k@microsoft.com
238,Lu,De Cleen,ldecleen6l@themeforest.net
239,David,Mateja,dmateja6m@craigslist.org
240,Averil,Parcall,aparcall6n@archive.org
241,Imojean,Franzolini,ifranzolini6o@mayoclinic.com
242,Maren,Lentsch,mlentsch6p@china.com.cn
243,Manolo,Burbidge,mburbidge6q@so-net.ne.jp
244,Rufus,Harbard,rharbard6r@slate.com
245,Prentiss,Juggins,pjuggins6s@facebook.com
246,Aylmer,Swaile,aswaile6t@twitter.com
247,Cort,Fullerd,cfullerd6u@weather.com
248,Devlin,Renshell,drenshell6v@mapy.cz
249,Susann,Canner,scanner6w@marriott.com
250,Marcelle,Hagwood,mhagwood6x@fastcompany.com
251,Xymenes,Tennock,xtennock6y@instagram.com
252,Marlyn,Hebdon,mhebdon6z@nba.com
253,Casey,Roblou,croblou70@yolasite.com
254,Caye,Edyson,cedyson71@reference.com
255,Dinny,Wiltshire,dwiltshire72@nasa.gov
256,Neile,Sliman,nsliman73@domainmarket.com
257,Derick,Joscelin,djoscelin74@soup.io
258,Avivah,Ranscome,aranscome75@gravatar.com
259,Steffie,Littefair,slittefair76@issuu.com
260,Rolland,Feldbau,rfeldbau77@printfriendly.com
261,Bliss,Fraser,bfraser78@google.es
262,Maddie,Maddick,mmaddick79@wp.com
263,Dannie,Cariss,dcariss7a@google.ca
264,Tiffani,Blinman,tblinman7b@aboutads.info
265,Kirstin,Jelfs,kjelfs7c@vistaprint.com
266,Eydie,Ilyenko,eilyenko7d@jugem.jp
267,Consalve,Michal,cmichal7e@whitehouse.gov
268,Karyn,Matityahu,kmatityahu7f@technorati.com
269,Lise,Cavet,lcavet7g@i2i.jp
270,Philomena,Meaders,pmeaders7h@ibm.com
271,Dulcia,Pannett,dpannett7i@ebay.com
272,Vyky,Chewter,vchewter7j@dailymail.co.uk
273,Shirley,Ishak,sishak7k@google.com.au
274,Ambrosio,Ruddoch,aruddoch7l@instagram.com
275,Hilde,Noad,hnoad7m@un.org
276,Audrye,Claque,aclaque7n@photobucket.com
277,Emelita,Domenc,edomenc7o@google.com
278,Paulita,Swaysland,pswaysland7p@microsoft.com
279,Udale,McMurrugh,umcmurrugh7q@comsenz.com
280,Burch,Abriani,babriani7r@geocities.jp
281,Dorelia,Alexsandrovich,dalexsandrovich7s@unicef.org
282,Bailie,Leebeter,bleebeter7t@istockphoto.com
283,Chanda,Falkous,cfalkous7u@amazon.de
284,Marten,Mattiessen,mmattiessen7v@topsy.com
285,Kelley,Borer,kborer7w@jimdo.com
286,Hayward,Sonley,hsonley7x@sciencedirect.com
287,Rita,Moth,rmoth7y@liveinternet.ru
288,Stacey,Ghirardi,sghirardi7z@cdc.gov
289,Barnebas,Wanka,bwanka80@barnesandnoble.com
290,Oswald,Parlot,oparlot81@hubpages.com
291,Lise,Hamner,lhamner82@wsj.com
292,Dominica,Crotty,dcrotty83@prlog.org
293,Haslett,Chatan,hchatan84@so-net.ne.jp
294,Ermengarde,Buxcey,ebuxcey85@google.co.uk
295,Delmer,Murrock,dmurrock86@about.com
296,Burg,Kinnard,bkinnard87@joomla.org
297,Eliot,Nelsey,enelsey88@paginegialle.it
298,Kala,Kusick,kkusick89@live.com
299,Winthrop,Addionisio,waddionisio8a@tripadvisor.com
300,Jard,Challicum,jchallicum8b@goodreads.com
301,Elwood,Kiltie,ekiltie8c@theatlantic.com
302,Mathilde,Dukes,mdukes8d@ovh.net
303,Ottilie,Guyot,oguyot8e@utexas.edu
304,Tremayne,Montes,tmontes8f@pbs.org
305,Tabbitha,Redhouse,tredhouse8g@timesonline.co.uk
306,Betty,Poncet,bponcet8h@cbc.ca
307,Alanson,Gourlie,agourlie8i@latimes.com
308,Any,MacCaghan,amaccaghan8j@technorati.com
309,Rosetta,Grieswood,rgrieswood8k@pbs.org
310,Barnabe,Reddoch,breddoch8l@sourceforge.net
311,Silva,Wedge,swedge8m@php.net
312,Gerrard,Krzysztof,gkrzysztof8n@nsw.gov.au
313,Kaitlyn,Stirley,kstirley8o@cornell.edu
314,Phil,D'Enrico,pdenrico8p@netvibes.com
315,Alida,Goney,agoney8q@altervista.org
316,Elaina,Konneke,ekonneke8r@themeforest.net
317,Druci,Kubacki,dkubacki8s@archive.org
318,Mac,Goman,mgoman8t@dedecms.com
319,Wilfred,Shinner,wshinner8u@google.it
320,Ronny,Bugg,rbugg8v@dropbox.com
321,Madelle,Collumbell,mcollumbell8w@mediafire.com
322,Nikita,Weight,nweight8x@webmd.com
323,Lynnette,Jeacock,ljeacock8y@nhs.uk
324,Bourke,O'Doherty,bodoherty8z@salon.com
325,Augusto,Lude,alude90@gravatar.com
326,Karalynn,Andreix,kandreix91@cafepress.com
327,Archie,Brient,abrient92@nymag.com
328,Kinsley,Stops,kstops93@webmd.com
329,Petrina,Whales,pwhales94@posterous.com
330,Carla,Emloch,cemloch95@paypal.com
331,Clarke,Dikle,cdikle96@printfriendly.com
332,Berna,Spinke,bspinke97@prnewswire.com
333,Sherwood,Roalfe,sroalfe98@tuttocitta.it
334,Alfi,Newcome,anewcome99@flavors.me
335,Lonnard,Schout,lschout9a@list-manage.com
336,Vinny,Strangeways,vstrangeways9b@newsvine.com
337,Tamas,Jakubiak,tjakubiak9c@census.gov
338,Krispin,Lyes,klyes9d@twitter.com
339,Dorie,Cornwall,dcornwall9e@apache.org
340,Simmonds,Twinbrow,stwinbrow9f@ox.ac.uk
341,Clair,Gres,cgres9g@yale.edu
342,Torey,Trussell,ttrussell9h@slideshare.net
343,Lovell,Brickwood,lbrickwood9i@addthis.com
344,Norrie,Reimer,nreimer9j@domainmarket.com
345,Norrie,Oppy,noppy9k@google.co.jp
346,Augusto,Boncore,aboncore9l@xinhuanet.com
347,Arden,Keech,akeech9m@time.com
348,Maurizia,Grigoliis,mgrigoliis9n@columbia.edu
349,Ginnie,Sidden,gsidden9o@jiathis.com
350,Norbert,Tolputt,ntolputt9p@jigsy.com
351,Gaspard,Doe,gdoe9q@virginia.edu
352,Sindee,Casella,scasella9r@microsoft.com
353,Karlen,Rush,krush9s@infoseek.co.jp
354,Jandy,Odger,jodger9t@tinypic.com
355,Arabelle,Paoletti,apaoletti9u@eventbrite.com
356,Lorain,Blaby,lblaby9v@ftc.gov
357,Millicent,Exrol,mexrol9w@ibm.com
358,Gar,Perrone,gperrone9x@ifeng.com
359,Ricca,Voules,rvoules9y@4shared.com
360,Donnajean,Slimme,dslimme9z@spiegel.de
361,Sella,Saphir,ssaphira0@cpanel.net
362,Ted,Mart,tmarta1@nbcnews.com
363,Ulrica,Cholerton,ucholertona2@statcounter.com
364,Glennis,Reedman,greedmana3@disqus.com
365,Travus,Scholl,tscholla4@jigsy.com
366,Wilburt,Kiendl,wkiendla5@wordpress.com
367,Ludvig,Pepin,lpepina6@slate.com
368,Wyndham,Johnigan,wjohnigana7@army.mil
369,Manon,Josephsen,mjosephsena8@yandex.ru
370,Theodor,Rivel,trivela9@unesco.org
371,Ramon,Coombs,rcoombsaa@bloglines.com
372,Hallie,Pedican,hpedicanab@blog.com
373,Redd,Diben,rdibenac@va.gov
374,Vaughan,Regorz,vregorzad@hp.com
375,Marchelle,Gettins,mgettinsae@unc.edu
376,Brandea,Birdis,bbirdisaf@google.com.hk
377,Millicent,Greeding,mgreedingag@opera.com
378,Julianne,Mercy,jmercyah@linkedin.com
379,Garvey,Towsey,gtowseyai@nasa.gov
380,Shel,Dullaghan,sdullaghanaj@earthlink.net
381,Cristionna,Mohamed,cmohamedak@aboutads.info
382,Ariadne,Dhillon,adhillonal@imgur.com
383,Merlina,McLeoid,mmcleoidam@domainmarket.com
384,Laurent,Edworthie,ledworthiean@soup.io
385,Armstrong,Spowart,aspowartao@reference.com
386,Jeramie,Wickling,jwicklingap@seesaa.net
387,Garret,Primarolo,gprimaroloaq@gov.uk
388,Ricoriki,Romayn,rromaynar@ucsd.edu
389,Winnie,Coundley,wcoundleyas@smh.com.au
390,Cecilla,Ashburner,cashburnerat@ezinearticles.com
391,Shelby,Hinrichsen,shinrichsenau@domainmarket.com
392,Harv,Dunhill,hdunhillav@posterous.com
393,Angelina,Luetkemeyers,aluetkemeyersaw@homestead.com
394,Barron,McCaster,bmccasterax@berkeley.edu
395,Corabel,Oakley,coakleyay@nps.gov
396,Zonnya,Rubinsky,zrubinskyaz@goo.gl
397,Carney,Dutson,cdutsonb0@bing.com
398,Henderson,Lenihan,hlenihanb1@yelp.com
399,Glendon,De Dei,gdedeib2@netvibes.com
400,Gretal,Branwhite,gbranwhiteb3@blogspot.com
401,Fanechka,Kopacek,fkopacekb4@blog.com
402,Leeanne,Eldin,leldinb5@mlb.com
403,Bernelle,Ellsom,bellsomb6@dailymail.co.uk
404,Hetty,O'Shesnan,hoshesnanb7@nba.com
405,Eilis,Gilburt,egilburtb8@chronoengine.com
406,Annie,Squeers,asqueersb9@blinklist.com
407,Wilhelm,Toxell,wtoxellba@scribd.com
408,Jesus,Fladgate,jfladgatebb@ucsd.edu
409,Bell,Huntly,bhuntlybc@buzzfeed.com
410,Ronny,Brunon,rbrunonbd@bing.com
411,Leonore,Napoleon,lnapoleonbe@narod.ru
412,Isaak,Antcliff,iantcliffbf@edublogs.org
413,Devland,Kershaw,dkershawbg@ustream.tv
414,Creight,Orton,cortonbh@cbsnews.com
415,Javier,Braybrooke,jbraybrookebi@1und1.de
416,Edin,McCool,emccoolbj@networksolutions.com
417,Ruperto,Linkleter,rlinkleterbk@columbia.edu
418,Kirbee,Tirte,ktirtebl@sakura.ne.jp
419,Minne,Harvard,mharvardbm@forbes.com
420,Trescha,Thorington,tthoringtonbn@marriott.com
421,Minnaminnie,Norster,mnorsterbo@nydailynews.com
422,Jessamine,Tutsell,jtutsellbp@abc.net.au
423,Merle,Ives,mivesbq@dailymail.co.uk
424,Lilla,Myford,lmyfordbr@php.net
425,Hughie,Bracchi,hbracchibs@jimdo.com
426,Edy,Butterworth,ebutterworthbt@businessinsider.com
427,Burt,Deaves,bdeavesbu@weebly.com
428,Shirlee,Van,svanbv@dedecms.com
429,Aguste,Haughian,ahaughianbw@xing.com
430,Lynsey,Perett,lperettbx@merriam-webster.com
431,Gipsy,Fairrie,gfairrieby@freewebs.com
432,Porter,Ginty,pgintybz@google.cn
433,Patric,Alwood,palwoodc0@wunderground.com
434,Juieta,Malpass,jmalpassc1@cnn.com
435,Otha,Wardingley,owardingleyc2@china.com.cn
436,Forbes,Vivien,fvivienc3@boston.com
437,Dulcea,Orrin,dorrinc4@hhs.gov
438,Dode,Jacks,djacksc5@icq.com
439,Sophia,Szimoni,sszimonic6@ning.com
440,Alejandrina,Tathacott,atathacottc7@google.ca
441,Cindelyn,Marris,cmarrisc8@acquirethisname.com
442,Eberto,Lody,elodyc9@google.cn
443,Arleyne,Babinski,ababinskica@state.gov
444,Haley,Brandolini,hbrandolinicb@state.gov
445,Fredek,Kelwaybamber,fkelwaybambercc@linkedin.com
446,Bianca,Dillon,bdilloncd@cafepress.com
447,Burke,Flemming,bflemmingce@networkadvertising.org
448,Dixie,Neward,dnewardcf@taobao.com
449,Pattin,Pickton,ppicktoncg@ow.ly
450,Cheston,Hirsthouse,chirsthousech@elpais.com
451,Gerti,Kilshaw,gkilshawci@alexa.com
452,Philip,Murrock,pmurrockcj@hubpages.com
453,Abbey,Norheny,anorhenyck@delicious.com
454,Trude,Spraging,tspragingcl@nhs.uk
455,Milton,Dunbobbin,mdunbobbincm@google.co.uk
456,Brandais,Bisacre,bbisacrecn@typepad.com
457,Myrtie,Swiffin,mswiffinco@cdbaby.com
458,Janetta,Penley,jpenleycp@cyberchimps.com
459,Rance,Kettridge,rkettridgecq@hubpages.com
460,Joannes,Pancoust,jpancoustcr@bloglovin.com
461,Sophie,MacCleay,smaccleaycs@wikimedia.org
462,Rudd,Hursthouse,rhursthousect@eepurl.com
463,Laurette,Wildt,lwildtcu@a8.net
464,Andeee,Haste,ahastecv@comcast.net
465,Micky,Raeburn,mraeburncw@sohu.com
466,Bartie,Giuron,bgiuroncx@fastcompany.com
467,Erena,Marven,emarvency@npr.org
468,Burlie,Yarnell,byarnellcz@slashdot.org
469,Dalenna,Dillet,ddilletd0@globo.com
470,Nevsa,Swett,nswettd1@sourceforge.net
471,Dre,Deam,ddeamd2@pinterest.com
472,Marie,Emons,memonsd3@narod.ru
473,Tiena,Gregory,tgregoryd4@amazon.co.uk
474,Eugenie,Trudgeon,etrudgeond5@census.gov
475,Lucien,Jamot,ljamotd6@google.ca
476,Janot,Pringer,jpringerd7@over-blog.com
477,Gilligan,McChesney,gmcchesneyd8@patch.com
478,Sherrie,Johncey,sjohnceyd9@alexa.com
479,Edik,Ryson,erysonda@deviantart.com
480,Bibi,Soldi,bsoldidb@examiner.com
481,Elsa,Moakes,emoakesdc@biglobe.ne.jp
482,Simone,Oatley,soatleydd@parallels.com
483,Carolan,Collyear,ccollyearde@cocolog-nifty.com
484,Franky,Winkett,fwinkettdf@home.pl
485,Barb,Serjent,bserjentdg@gizmodo.com
486,Geno,Moss,gmossdh@webmd.com
487,Thatcher,Wohlers,twohlersdi@1und1.de
488,Conn,Quirk,cquirkdj@latimes.com
489,Leigh,Borlease,lborleasedk@t.co
490,Nial,Brownscombe,nbrownscombedl@livejournal.com
491,Jae,Stigger,jstiggerdm@icq.com
492,Almeda,Rolley,arolleydn@disqus.com
493,Filippa,Gullyes,fgullyesdo@mlb.com
494,Niel,Haensel,nhaenseldp@dailymotion.com
495,Trumaine,Ebbutt,tebbuttdq@yahoo.com
496,Benjy,Earl,bearldr@ask.com
497,Dee,Fountaine,dfountaineds@cisco.com
498,Dedra,Roden,drodendt@washington.edu
499,Lanae,Baguley,lbaguleydu@auda.org.au
500,Alisa,Bordiss,abordissdv@1und1.de
501,Anastasie,Seabrooke,aseabrookedw@meetup.com
502,Earvin,Ravenscroft,eravenscroftdx@a8.net
503,Davin,Sollars,dsollarsdy@sciencedirect.com
504,Mei,De Roberto,mderobertodz@cloudflare.com
505,Madelena,Behnecke,mbehneckee0@clickbank.net
506,Gail,Diss,gdisse1@addtoany.com
507,Catlaina,Nerval,cnervale2@topsy.com
508,Llewellyn,Attrey,lattreye3@cocolog-nifty.com
509,Wrennie,Gian,wgiane4@meetup.com
510,Urban,Vanns,uvannse5@nydailynews.com
511,Appolonia,Babin,ababine6@apple.com
512,Fransisco,Thorogood,fthorogoode7@mit.edu
513,Isidora,MacVagh,imacvaghe8@privacy.gov.au
514,Anita,Cape,acapee9@theatlantic.com
515,Valerye,Hailwood,vhailwoodea@cnn.com
516,Tarah,McTerrelly,tmcterrellyeb@tamu.edu
517,Orin,Minker,ominkerec@latimes.com
518,Chrysler,Seeking,cseekinged@mit.edu
519,Amitie,Maton,amatonee@mediafire.com
520,Ulrick,Romeril,uromerilef@technorati.com
521,Killy,Beaufoy,kbeaufoyeg@chron.com
522,Goraud,Kneller,gknellereh@walmart.com
523,Diarmid,Raccio,draccioei@state.gov
524,Sam,Newstead,snewsteadej@acquirethisname.com
525,Franky,Devereux,fdevereuxek@cnbc.com
526,Arabele,Heinschke,aheinschkeel@skyrock.com
527,Heloise,Edgeller,hedgellerem@fema.gov
528,Urson,Ough,uoughen@ezinearticles.com
529,Rosemary,Tonna,rtonnaeo@amazon.co.jp
530,Desdemona,Schrei,dschreiep@flavors.me
531,Gram,Vaskov,gvaskoveq@opensource.org
532,Rolf,Normanvill,rnormanviller@unblog.fr
533,Jock,Goodere,jgooderees@unblog.fr
534,Robby,Aughton,raughtonet@spotify.com
535,Richmound,Whyatt,rwhyatteu@blogspot.com
536,Terra,Fishbie,tfishbieev@hexun.com
537,Kellina,Kalberer,kkalbererew@wordpress.org
538,Dawn,Soppit,dsoppitex@pbs.org
539,Carmelia,Dow,cdowey@bigcartel.com
540,Titus,Dorning,tdorningez@squidoo.com
541,Brady,Cornner,bcornnerf0@thetimes.co.uk
542,Tomas,Stuckes,tstuckesf1@mail.ru
543,Tate,Zute,tzutef2@homestead.com
544,Richard,Hallgath,rhallgathf3@stanford.edu
545,Olenka,Lanney,olanneyf4@4shared.com
546,Karleen,Schirach,kschirachf5@gmpg.org
547,Niels,Perocci,nperoccif6@barnesandnoble.com
548,Alaric,Stanfield,astanfieldf7@trellian.com
549,Mendel,Wentworth,mwentworthf8@cnbc.com
550,Anet,Sparkes,asparkesf9@amazon.co.jp
551,Benedicto,Onion,bonionfa@blogger.com
552,Buddy,Ekins,bekinsfb@mozilla.com
553,Maryjane,Bonfield,mbonfieldfc@facebook.com
554,Flory,Umbers,fumbersfd@pinterest.com
555,Kailey,Mandrier,kmandrierfe@gizmodo.com
556,Ulric,O' Dooley,uodooleyff@ucoz.com
557,Falkner,Clewlow,fclewlowfg@netvibes.com
558,Aldo,Innot,ainnotfh@amazon.com
559,Osborne,Locket,olocketfi@huffingtonpost.com
560,Nathanael,Demeza,ndemezafj@jigsy.com
561,Sergei,Le Fleming,sleflemingfk@adobe.com
562,Domeniga,Cahill,dcahillfl@youku.com
563,Sibby,Tather,statherfm@icio.us
564,Kim,Prestner,kprestnerfn@nature.com
565,Adriane,Clausen-Thue,aclausenthuefo@biblegateway.com
566,Audi,Boulton,aboultonfp@naver.com
567,Claus,Somerville,csomervillefq@redcross.org
568,Dannie,Ortelt,dorteltfr@example.com
569,Ella,Onge,eongefs@moonfruit.com
570,Gal,Bagnold,gbagnoldft@mayoclinic.com
571,Nilson,Farron,nfarronfu@themeforest.net
572,Nancee,Sherville,nshervillefv@reference.com
573,Tiertza,Lethibridge,tlethibridgefw@flickr.com
574,Casey,Queenborough,cqueenboroughfx@wunderground.com
575,Celeste,Brunt,cbruntfy@cnn.com
576,Cordelie,Kerrane,ckerranefz@eepurl.com
577,Noni,Cota,ncotag0@reference.com
578,Stacy,Begley,sbegleyg1@nhs.uk
579,Kirbee,Batty,kbattyg2@oakley.com
580,Shara,Baraclough,sbaracloughg3@sohu.com
581,Jyoti,Baysting,jbaystingg4@pcworld.com
582,Pearle,Stoppe,pstoppeg5@wsj.com
583,Lynsey,Huet,lhuetg6@marriott.com
584,Valli,Ginity,vginityg7@google.co.jp
585,Meaghan,Mellor,mmellorg8@homestead.com
586,Marybelle,Joddens,mjoddensg9@youku.com
587,Paquito,Januszewicz,pjanuszewiczga@constantcontact.com
588,Benjy,Henke,bhenkegb@discovery.com
589,Mela,Stranieri,mstranierigc@who.int
590,Shaun,Togher,stoghergd@tmall.com
591,Ros,Kovnot,rkovnotge@nps.gov
592,Ferdy,Mattheeuw,fmattheeuwgf@ifeng.com
593,Iormina,Schukert,ischukertgg@marketwatch.com
594,Janean,Gobeaux,jgobeauxgh@washingtonpost.com
595,Ferris,McKibbin,fmckibbingi@ftc.gov
596,Rurik,Pride,rpridegj@pinterest.com
597,Anatole,McGaffey,amcgaffeygk@people.com.cn
598,Corbet,Oertzen,coertzengl@domainmarket.com
599,Appolonia,Tims,atimsgm@ocn.ne.jp
600,Ashlie,Creighton,acreightongn@paypal.com
601,Titus,Londesborough,tlondesboroughgo@usnews.com
602,Hubey,Macauley,hmacauleygp@gnu.org
603,Nelly,Bussen,nbussengq@cbsnews.com
604,Shea,Sowden,ssowdengr@deliciousdays.com
605,Helyn,Cabrales,hcabralesgs@deliciousdays.com
606,Lydia,Redbourn,lredbourngt@github.com
607,Blane,Tinghill,btinghillgu@addthis.com
608,Pauly,Gosnall,pgosnallgv@umn.edu
609,Garrot,Drennan,gdrennangw@ibm.com
610,Broddy,Rentoll,brentollgx@wsj.com
611,Ganny,Timothy,gtimothygy@dell.com
612,Aldo,Duke,adukegz@live.com
613,Blondelle,Rigmand,brigmandh0@statcounter.com
614,Stanley,Lanchbery,slanchberyh1@ibm.com
615,Lyndsay,Vella,lvellah2@typepad.com
616,Shandeigh,Smittoune,ssmittouneh3@miitbeian.gov.cn
617,Gilemette,Kender,gkenderh4@macromedia.com
618,Cris,Brookbank,cbrookbankh5@wordpress.org
619,Jessie,Lorryman,jlorrymanh6@jalbum.net
620,Sterne,Lanfear,slanfearh7@barnesandnoble.com
621,Siward,Aldins,saldinsh8@wikia.com
622,Lem,Exroll,lexrollh9@nba.com
623,Shoshana,Lant,slantha@simplemachines.org
624,Eda,Bubbins,ebubbinshb@topsy.com
625,Jesus,Bilverstone,jbilverstonehc@purevolume.com
626,Logan,Hobbing,lhobbinghd@weebly.com
627,Eddy,Kobes,ekobeshe@psu.edu
628,Hallie,Stockey,hstockeyhf@tiny.cc
629,Zia,Masdon,zmasdonhg@illinois.edu
630,Chanda,Parbrook,cparbrookhh@canalblog.com
631,Lenette,Hankard,lhankardhi@vk.com
632,Reiko,Aluard,raluardhj@seesaa.net
633,Selia,McLinden,smclindenhk@netlog.com
634,Myra,Grimsditch,mgrimsditchhl@who.int
635,Dante,Dowrey,ddowreyhm@wikispaces.com
636,Garwin,Cottingham,gcottinghamhn@prweb.com
637,Odette,McCalum,omccalumho@cbc.ca
638,Jacquenette,Reuven,jreuvenhp@ca.gov
639,Briano,Conant,bconanthq@squarespace.com
640,Kimmie,Barfitt,kbarfitthr@microsoft.com
641,Emera,Colleran,ecolleranhs@hugedomains.com
642,Victor,Segot,vsegotht@economist.com
643,Rasla,Graal,rgraalhu@nhs.uk
644,Webb,Reast,wreasthv@reverbnation.com
645,Bunny,Huddart,bhuddarthw@examiner.com
646,Tore,Lisamore,tlisamorehx@people.com.cn
647,Marissa,Kenninghan,mkenninghanhy@loc.gov
648,Yvonne,Clears,yclearshz@google.co.uk
649,Merrel,Manske,mmanskei0@bloomberg.com
650,Wanids,Tall,wtalli1@deviantart.com
651,Janaya,Ebdin,jebdini2@apple.com
652,Angela,Nolte,anoltei3@unicef.org
653,Colene,Tommei,ctommeii4@umich.edu
654,Sylas,Udall,sudalli5@topsy.com
655,Griffith,Tomei,gtomeii6@so-net.ne.jp
656,Kaela,Muscroft,kmuscrofti7@cocolog-nifty.com
657,Ema,Ferbrache,eferbrachei8@taobao.com
658,Zachariah,Weedon,zweedoni9@e-recht24.de
659,Timi,Gutridge,tgutridgeia@gmpg.org
660,Lemmy,Folca,lfolcaib@csmonitor.com
661,Nisse,Stanman,nstanmanic@elegantthemes.com
662,Dolley,Freear,dfreearid@unicef.org
663,Brigid,Gilcriest,bgilcriestie@issuu.com
664,Dory,Sickert,dsickertif@pagesperso-orange.fr
665,Lemmie,Foffano,lfoffanoig@hatena.ne.jp
666,Giana,Cater,gcaterih@indiegogo.com
667,Onofredo,Rowlstone,orowlstoneii@reverbnation.com
668,Bondon,O'Lennachain,bolennachainij@e-recht24.de
669,Emelda,Coppin,ecoppinik@nature.com
670,Corey,Swanborough,cswanboroughil@si.edu
671,Griz,Legges,gleggesim@about.com
672,Charmine,O'Deoran,codeoranin@uiuc.edu
673,Alphonse,Husthwaite,ahusthwaiteio@google.co.jp
674,Dell,Haswall,dhaswallip@bloglovin.com
675,Jennee,Jakubovits,jjakubovitsiq@reverbnation.com
676,Martin,Waren,mwarenir@google.com.hk
677,Barn,Gellier,bgellieris@usda.gov
678,Sigismundo,Scrivin,sscrivinit@samsung.com
679,Elisabeth,Struther,estrutheriu@people.com.cn
680,Gayle,Orrocks,gorrocksiv@vinaora.com
681,Gui,Mattinson,gmattinsoniw@symantec.com
682,Edithe,Padden,epaddenix@cyberchimps.com
683,Minnaminnie,Mallabund,mmallabundiy@si.edu
684,Henrietta,Toderbrugge,htoderbruggeiz@com.com
685,Lyndsay,Englishby,lenglishbyj0@pen.io
686,Gladi,Lander,glanderj1@youtu.be
687,Elsey,Oleshunin,eoleshuninj2@nih.gov
688,Justine,Cleverly,jcleverlyj3@csmonitor.com
689,Reinald,Olin,rolinj4@gmpg.org
690,Frederich,Hallums,fhallumsj5@census.gov
691,Maddy,Binfield,mbinfieldj6@posterous.com
692,Ambur,Shucksmith,ashucksmithj7@liveinternet.ru
693,Ruy,Philliphs,rphilliphsj8@fotki.com
694,Rowe,Whitworth,rwhitworthj9@wp.com
695,Dena,Scardafield,dscardafieldja@businessinsider.com
696,Brigid,Biglin,bbiglinjb@cnn.com
697,Lara,Beckham,lbeckhamjc@ocn.ne.jp
698,Sholom,Salerno,ssalernojd@zdnet.com
699,Douglas,Folger,dfolgerje@icq.com
700,Pamelina,Le Marquand,plemarquandjf@nationalgeographic.com
701,Clarice,Bramelt,cbrameltjg@ameblo.jp
702,Farlay,Iverson,fiversonjh@yolasite.com
703,Diahann,Brunesco,dbrunescoji@jimdo.com
704,Tobias,MacMakin,tmacmakinjj@freewebs.com
705,Derron,Gabby,dgabbyjk@e-recht24.de
706,Nappie,Eyeington,neyeingtonjl@list-manage.com
707,Maitilde,Tejada,mtejadajm@columbia.edu
708,Madel,Larkins,mlarkinsjn@google.com.au
709,Noll,Roels,nroelsjo@prweb.com
710,Iago,Rosenbusch,irosenbuschjp@about.com
711,Raquela,Sapsed,rsapsedjq@ovh.net
712,Dorette,Leap,dleapjr@bing.com
713,Dar,Timpany,dtimpanyjs@ehow.com
714,Hope,Glasbey,hglasbeyjt@bluehost.com
715,Katalin,Hook,khookju@about.com
716,Darda,Mac Giolla Pheadair,dmacgiollapheadairjv@fda.gov
717,Mariette,Creser,mcreserjw@fda.gov
718,Gusta,Ciccerale,gcicceralejx@miibeian.gov.cn
719,Ada,Pipet,apipetjy@ovh.net
720,Arv,Busfield,abusfieldjz@engadget.com
721,Tilda,Ullett,tullettk0@g.co
722,Bank,Delf,bdelfk1@theatlantic.com
723,Abba,Blunderfield,ablunderfieldk2@artisteer.com
724,Lee,Maskall,lmaskallk3@go.com
725,Coretta,Cossell,ccossellk4@go.com
726,Elianore,Such,esuchk5@noaa.gov
727,Lynn,Farloe,lfarloek6@hc360.com
728,Olympie,Farady,ofaradyk7@theguardian.com
729,Fairlie,Connechie,fconnechiek8@stanford.edu
730,Bryana,Behnen,bbehnenk9@epa.gov
731,Mellisent,Boscott,mboscottka@ask.com
732,Rene,Hucker,rhuckerkb@vistaprint.com
733,Anatole,Lies,alieskc@nationalgeographic.com
734,Janeta,Drewes,jdreweskd@devhub.com
735,Dulsea,Gatcliff,dgatcliffke@cbsnews.com
736,Henrieta,Rhymes,hrhymeskf@dagondesign.com
737,Gale,Streater,gstreaterkg@washingtonpost.com
738,Beverley,Artingstall,bartingstallkh@chron.com
739,Brian,Kearley,bkearleyki@cargocollective.com
740,Fabiano,Entwistle,fentwistlekj@wordpress.org
741,Sheelah,Stimson,sstimsonkk@jalbum.net
742,Kenton,Helbeck,khelbeckkl@cmu.edu
743,Nerte,Mapplethorpe,nmapplethorpekm@sina.com.cn
744,Wang,Myrie,wmyriekn@mit.edu
745,Micky,Goslin,mgoslinko@qq.com
746,Kip,Pluvier,kpluvierkp@zimbio.com
747,Natalee,Lush,nlushkq@goo.gl
748,Clayson,Lauridsen,clauridsenkr@themeforest.net
749,Benedikt,Sheryne,bsheryneks@bloglovin.com
750,Judi,Wedlake,jwedlakekt@bigcartel.com
751,Pedro,Swinburn,pswinburnku@friendfeed.com
752,Storm,Houson,shousonkv@blogtalkradio.com
753,Natalya,Tondeur,ntondeurkw@telegraph.co.uk
754,Noel,Fearnside,nfearnsidekx@census.gov
755,Meghann,Carvil,mcarvilky@last.fm
756,Jermain,Treby,jtrebykz@cafepress.com
757,Ernesto,O'Hengerty,eohengertyl0@harvard.edu
758,Beilul,Simoncelli,bsimoncellil1@java.com
759,Elfrieda,Bonsale,ebonsalel2@opera.com
760,Pepillo,Pitcher,ppitcherl3@techcrunch.com
761,Rhiamon,Earpe,rearpel4@irs.gov
762,Benedicto,Sterte,bstertel5@mapy.cz
763,Chere,Diben,cdibenl6@tmall.com
764,Verena,Almack,valmackl7@over-blog.com
765,Timothee,Wall,twalll8@howstuffworks.com
766,Kimberley,Domingues,kdominguesl9@mit.edu
767,Janos,Knightley,jknightleyla@webnode.com
768,Ralina,Grosier,rgrosierlb@bravesites.com
769,Rycca,Schubbert,rschubbertlc@npr.org
770,Hana,McDuffy,hmcduffyld@tinyurl.com
771,Zuzana,Biggar,zbiggarle@addtoany.com
772,Breena,Arrighetti,barrighettilf@latimes.com
773,Locke,Schimann,lschimannlg@parallels.com
774,Florette,Fitzhenry,ffitzhenrylh@com.com
775,Nedi,Millward,nmillwardli@ebay.com
776,Gaylord,Gumn,ggumnlj@si.edu
777,Reagen,Mosby,rmosbylk@taobao.com
778,Gus,Ryman,grymanll@yahoo.com
779,Alf,Whiteson,awhitesonlm@bbb.org
780,Ingrim,Halworth,ihalworthln@google.nl
781,Peyter,Brockie,pbrockielo@github.com
782,Gilles,Quinnette,gquinnettelp@com.com
783,Rodrique,Hrinchishin,rhrinchishinlq@tinyurl.com
784,Fredrika,Glinde,fglindelr@europa.eu
785,Meaghan,Detoile,mdetoilels@guardian.co.uk
786,Gertrudis,Watford,gwatfordlt@apple.com
787,Jared,MacAloren,jmacalorenlu@yellowpages.com
788,Carr,Sparling,csparlinglv@mashable.com
789,Grannie,Oldford,goldfordlw@patch.com
790,Gypsy,Brighty,gbrightylx@last.fm
791,Karlene,Martill,kmartillly@xrea.com
792,Clevey,Benduhn,cbenduhnlz@zimbio.com
793,Barnabe,Daldry,bdaldrym0@foxnews.com
794,Miran,Lilley,mlilleym1@goo.ne.jp
795,Robbyn,Pearsall,rpearsallm2@yahoo.com
796,Dorelle,Millican,dmillicanm3@goodreads.com
797,Adair,Gerant,agerantm4@artisteer.com
798,Nert,Patriche,npatrichem5@irs.gov
799,Imelda,Harkness,iharknessm6@hugedomains.com
800,Nicolea,Ghirardi,nghirardim7@umich.edu
801,Cecile,Cullin,ccullinm8@rambler.ru
802,Henrieta,Uttridge,huttridgem9@twitpic.com
803,Bianka,Glencrosche,bglencroschema@youtu.be
804,Wilfrid,Dovinson,wdovinsonmb@omniture.com
805,Harley,Bodham,hbodhammc@netscape.com
806,Clint,Rickert,crickertmd@cocolog-nifty.com
807,Dyana,Litster,dlitsterme@who.int
808,Ilyssa,Wetherick,iwetherickmf@answers.com
809,Esma,MacDunleavy,emacdunleavymg@unicef.org
810,Inez,Ghelerdini,ighelerdinimh@soundcloud.com
811,Delbert,Cackett,dcackettmi@imgur.com
812,Salvatore,Hamlet,shamletmj@usnews.com
813,Cris,Bolsover,cbolsovermk@tripod.com
814,Marietta,Trevor,mtrevorml@pagesperso-orange.fr
815,Ezmeralda,Primrose,eprimrosemm@vk.com
816,Prudence,Sackett,psackettmn@npr.org
817,Phyllida,Giovannini,pgiovanninimo@ask.com
818,Darcy,Stoyles,dstoylesmp@reuters.com
819,Caye,Gori,cgorimq@sciencedaily.com
820,Devin,Loughrey,dloughreymr@wiley.com
821,Laney,Lawther,llawtherms@mayoclinic.com
822,Mark,d' Eye,mdeyemt@4shared.com
823,Glori,Paddy,gpaddymu@seesaa.net
824,Mercie,Samber,msambermv@ovh.net
825,Celene,Fuentez,cfuentezmw@yandex.ru
826,Joell,Cassely,jcasselymx@wikipedia.org
827,Dionisio,Sibbson,dsibbsonmy@va.gov
828,Lotty,Farriar,lfarriarmz@si.edu
829,Dougy,Poulglais,dpoulglaisn0@google.co.uk
830,Michell,Casillas,mcasillasn1@opera.com
831,Shayne,Shickle,sshicklen2@businessinsider.com
832,Luciana,Dawtre,ldawtren3@zdnet.com
833,Paola,D'Ambrogi,pdambrogin4@globo.com
834,Lavinia,Stockings,lstockingsn5@loc.gov
835,Tamar,Thomasset,tthomassetn6@indiegogo.com
836,Briant,Bertelet,bberteletn7@bloglovin.com
837,Caleb,Trembey,ctrembeyn8@e-recht24.de
838,Forbes,Wiseman,fwisemann9@msu.edu
839,Ameline,Asch,aaschna@epa.gov
840,Arlette,O' Cloney,aocloneynb@seesaa.net
841,Costanza,Leeke,cleekenc@google.fr
842,Lock,Gotcher,lgotchernd@salon.com
843,Letty,Btham,lbthamne@unicef.org
844,Sharla,Kuban,skubannf@blogs.com
845,Ferd,Jansie,fjansieng@ucla.edu
846,Findlay,Darycott,fdarycottnh@berkeley.edu
847,Zsa zsa,Suttling,zsuttlingni@rediff.com
848,Sammy,Woolgar,swoolgarnj@usa.gov
849,Bamby,Saunderson,bsaundersonnk@example.com
850,Ozzy,Betun,obetunnl@constantcontact.com
851,Sibylle,Ruttgers,sruttgersnm@elpais.com
852,Theo,St Louis,tstlouisnn@walmart.com
853,Ikey,Spedding,ispeddingno@dmoz.org
854,Kelsi,Merry,kmerrynp@vinaora.com
855,Fabio,Blencowe,fblencowenq@yolasite.com
856,Myrwyn,Ramplee,mrampleenr@reference.com
857,Alick,Arlt,aarltns@dmoz.org
858,Rena,Vondrak,rvondraknt@blinklist.com
859,Rodrique,McCloughlin,rmccloughlinnu@buzzfeed.com
860,Hashim,Zecchii,hzecchiinv@joomla.org
861,Uri,Fenning,ufenningnw@etsy.com
862,Freemon,Balderson,fbaldersonnx@cocolog-nifty.com
863,Trumaine,Grassett,tgrassettny@github.com
864,Quintus,Drew,qdrewnz@deviantart.com
865,Camila,Presho,cpreshoo0@webnode.com
866,Bertine,Cumbers,bcumberso1@indiatimes.com
867,Chrystel,Skryne,cskryneo2@eventbrite.com
868,Danika,Brosnan,dbrosnano3@house.gov
869,Artus,Gibbons,agibbonso4@si.edu
870,Westley,Chasmer,wchasmero5@java.com
871,Rawley,Shakelady,rshakeladyo6@si.edu
872,Ulysses,Bubb,ububbo7@miibeian.gov.cn
873,Tobe,Danielsohn,tdanielsohno8@multiply.com
874,Manolo,Tunnicliff,mtunnicliffo9@disqus.com
875,Belva,Howood,bhowoodoa@opensource.org
876,Christoph,Saye,csayeob@wunderground.com
877,Shep,Pink,spinkoc@smugmug.com
878,Philipa,Tumility,ptumilityod@sbwire.com
879,Cacilia,Morson,cmorsonoe@istockphoto.com
880,Arabella,Mitton,amittonof@unblog.fr
881,Emlyn,Grigorey,egrigoreyog@columbia.edu
882,Geraldine,Conyers,gconyersoh@imdb.com
883,Pet,Valdes,pvaldesoi@bbc.co.uk
884,Adan,Livings,alivingsoj@noaa.gov
885,Hazel,Dillingham,hdillinghamok@wiley.com
886,Deny,Jemmett,djemmettol@wikimedia.org
887,Steffie,Cowles,scowlesom@nih.gov
888,Robinet,Smewing,rsmewingon@washingtonpost.com
889,Linnet,Guerra,lguerraoo@sogou.com
890,Dory,Benam,dbenamop@foxnews.com
891,Pattie,Bagge,pbaggeoq@yale.edu
892,Tabbie,Southerns,tsouthernsor@cnet.com
893,Baillie,Brenton,bbrentonos@opera.com
894,Ingaborg,Nesbitt,inesbittot@wp.com
895,Francesca,Bearcock,fbearcockou@sohu.com
896,Mikaela,McGraffin,mmcgraffinov@de.vu
897,Ethel,Yurmanovev,eyurmanovevow@slate.com
898,Sherm,Jobbing,sjobbingox@cocolog-nifty.com
899,Marni,Calwell,mcalwelloy@flavors.me
900,Bowie,Greening,bgreeningoz@wired.com
901,Lorrin,Risebarer,lrisebarerp0@about.com
902,Harli,Joule,hjoulep1@hatena.ne.jp
903,Toni,Binch,tbinchp2@amazon.co.jp
904,Che,Littlecote,clittlecotep3@cafepress.com
905,Rolf,Tindley,rtindleyp4@cpanel.net
906,Malena,Geale,mgealep5@cpanel.net
907,Arden,Clifton,acliftonp6@icio.us
908,Pansy,Mattheeuw,pmattheeuwp7@deliciousdays.com
909,Anne-corinne,Emons,aemonsp8@nationalgeographic.com
910,Brittaney,Wann,bwannp9@biblegateway.com
911,Chloe,Fetters,cfetterspa@nydailynews.com
912,Mignon,Leipold,mleipoldpb@si.edu
913,Amerigo,O'Doherty,aodohertypc@mapy.cz
914,Evey,Kingscote,ekingscotepd@posterous.com
915,Ashlen,Redsull,aredsullpe@shareasale.com
916,Vivian,Belison,vbelisonpf@mapy.cz
917,Mable,Downs,mdownspg@phpbb.com
918,Jonis,Leinster,jleinsterph@npr.org
919,Juli,Lucus,jlucuspi@utexas.edu
920,Avrit,Samworth,asamworthpj@mapquest.com
921,Gaylene,Cree,gcreepk@illinois.edu
922,Jayne,Renault,jrenaultpl@stumbleupon.com
923,Salvidor,Rattery,sratterypm@comcast.net
924,Nicol,Bonde,nbondepn@lycos.com
925,Nichole,Lukins,nlukinspo@domainmarket.com
926,Durward,Hickisson,dhickissonpp@nationalgeographic.com
927,Letti,Spottiswood,lspottiswoodpq@histats.com
928,Vyky,Meriott,vmeriottpr@amazon.de
929,Buiron,Dumbreck,bdumbreckps@1und1.de
930,Gorden,Domonkos,gdomonkospt@sohu.com
931,Gustav,Lansdowne,glansdownepu@uol.com.br
932,Salvidor,MacMurray,smacmurraypv@taobao.com
933,Rebbecca,Mattedi,rmattedipw@webs.com
934,Annnora,Wadie,awadiepx@census.gov
935,Rubie,Durbin,rdurbinpy@ox.ac.uk
936,Terrie,Ansell,tansellpz@twitpic.com
937,Emmett,Alpes,ealpesq0@soup.io
938,Claudine,Bernardeschi,cbernardeschiq1@tinyurl.com
939,Marjie,Diaper,mdiaperq2@symantec.com
940,Jabez,Kleinhaut,jkleinhautq3@prweb.com
941,Daven,O'Dempsey,dodempseyq4@house.gov
942,Cory,Ritchings,critchingsq5@utexas.edu
943,Portie,Crecy,pcrecyq6@ehow.com
944,Latrina,Pizzey,lpizzeyq7@foxnews.com
945,Leigh,Findlay,lfindlayq8@comsenz.com
946,Jewelle,Wasmuth,jwasmuthq9@shutterfly.com
947,Tudor,Tugman,ttugmanqa@etsy.com
948,Logan,Peyro,lpeyroqb@yale.edu
949,Marco,Spores,msporesqc@time.com
950,Barty,Derricoat,bderricoatqd@weebly.com
951,Nils,O'Shevlin,noshevlinqe@icio.us
952,Dorine,Godley,dgodleyqf@google.com.hk
953,Merrile,Tomet,mtometqg@wikipedia.org
954,Sigmund,Chattey,schatteyqh@yahoo.com
955,Clerkclaude,Handke,chandkeqi@stanford.edu
956,Roxine,Ambrodi,rambrodiqj@wp.com
957,Maure,Kinvan,mkinvanqk@mysql.com
958,Bernarr,Lovart,blovartql@livejournal.com
959,Tammie,Kenrick,tkenrickqm@bloglovin.com
960,Colas,Oolahan,coolahanqn@dailymail.co.uk
961,Bernete,Mariet,bmarietqo@sakura.ne.jp
962,Eldon,Mouat,emouatqp@sfgate.com
963,Cleveland,Clulee,ccluleeqq@microsoft.com
964,Bree,Kastel,bkastelqr@fda.gov
965,Ellie,O'Gormley,eogormleyqs@paginegialle.it
966,Aila,Sebley,asebleyqt@topsy.com
967,Adelheid,Atwell,aatwellqu@ameblo.jp
968,Lethia,Brok,lbrokqv@uiuc.edu
969,Maryanna,Jillions,mjillionsqw@nba.com
970,Ailene,Fealty,afealtyqx@nhs.uk
971,Babbette,Pauleit,bpauleitqy@ask.com
972,Dominik,Paaso,dpaasoqz@uiuc.edu
973,Jehu,Lavis,jlavisr0@time.com
974,Jacinta,Ramel,jramelr1@linkedin.com
975,Delinda,Flacke,dflacker2@surveymonkey.com
976,Adelina,Gero,ageror3@ning.com
977,Benetta,Welfare,bwelfarer4@webs.com
978,Allard,Hulson,ahulsonr5@constantcontact.com
979,Crissie,Olrenshaw,colrenshawr6@wisc.edu
980,Dreddy,Arrol,darrolr7@arizona.edu
981,Sigmund,Shuard,sshuardr8@mashable.com
982,Stesha,Bonellie,sbonellier9@devhub.com
983,Amelia,Warsop,awarsopra@microsoft.com
984,Tanney,Wilmot,twilmotrb@pbs.org
985,Codie,Snar,csnarrc@symantec.com
986,Tonnie,Matula,tmatulard@goo.ne.jp
987,Karola,Hechlin,khechlinre@reuters.com
988,Glenden,Brazenor,gbrazenorrf@livejournal.com
989,Eveline,Chasemore,echasemorerg@simplemachines.org
990,Gauthier,Yankin,gyankinrh@mlb.com
991,Bentlee,Weepers,bweepersri@economist.com
992,Tiff,Heads,theadsrj@dion.ne.jp
993,Jaymee,Dack,jdackrk@istockphoto.com
994,Wanda,Habbin,whabbinrl@abc.net.au
995,Freda,Bourgaize,fbourgaizerm@accuweather.com
996,Nicki,Northover,nnorthoverrn@lulu.com
997,Marin,Nice,mnicero@amazon.co.uk
998,Lyell,Jutson,ljutsonrp@blogtalkradio.com
999,Arman,Highton,ahightonrq@va.gov
1000,Goraud,Haywood,ghaywoodrr@marriott.com
